source_table,matrix,iteration,changed_rate,mean_abs_rcs_shift
Table_Weight_Perturbation_Sensitivity,fluid,1,0,0.0201730245962711
Table_Weight_Perturbation_Sensitivity,fluid,2,0,0.0402274728831872
Table_Weight_Perturbation_Sensitivity,fluid,3,0,0.0597331154352023
Table_Weight_Perturbation_Sensitivity,fluid,4,0,0.0346205751723018
Table_Weight_Perturbation_Sensitivity,fluid,5,0,0.0478587943098303
Table_Weight_Perturbation_Sensitivity,fluid,6,0,0.0323205576628035
Table_Weight_Perturbation_Sensitivity,fluid,7,0,0.0262606114907682
Table_Weight_Perturbation_Sensitivity,fluid,8,0,0.0370485131951521
Table_Weight_Perturbation_Sensitivity,fluid,9,0,0.0343101830661778
Table_Weight_Perturbation_Sensitivity,fluid,10,0,0.0720392045694879
Table_Weight_Perturbation_Sensitivity,fluid,11,0,0.0268362030464761
Table_Weight_Perturbation_Sensitivity,fluid,12,0,0.0243669241134963
Table_Weight_Perturbation_Sensitivity,fluid,13,0,0.0123474708783278
Table_Weight_Perturbation_Sensitivity,fluid,14,0,0.0391503892781542
Table_Weight_Perturbation_Sensitivity,fluid,15,0,0.0501254952452778
Table_Weight_Perturbation_Sensitivity,fluid,16,0,0.0482551861972001
Table_Weight_Perturbation_Sensitivity,fluid,17,0,0.0529976972668415
Table_Weight_Perturbation_Sensitivity,fluid,18,0,0.0345984549370697
Table_Weight_Perturbation_Sensitivity,fluid,19,0,0.0515033344242187
Table_Weight_Perturbation_Sensitivity,fluid,20,0,0.0872520475789396
Table_Weight_Perturbation_Sensitivity,fluid,21,0,0.0637929599172348
Table_Weight_Perturbation_Sensitivity,fluid,22,0,0.0432681424379458
Table_Weight_Perturbation_Sensitivity,fluid,23,0,0.0354259118945254
Table_Weight_Perturbation_Sensitivity,fluid,24,0,0.0295477004166752
Table_Weight_Perturbation_Sensitivity,fluid,25,0,0.0424955265507454
Table_Weight_Perturbation_Sensitivity,fluid,26,0,0.0263438152193873
Table_Weight_Perturbation_Sensitivity,fluid,27,0,0.0613440477022051
Table_Weight_Perturbation_Sensitivity,fluid,28,0,0.0455522572048467
Table_Weight_Perturbation_Sensitivity,fluid,29,0,0.060177180711126
Table_Weight_Perturbation_Sensitivity,fluid,30,0,0.0312702890437098
Table_Weight_Perturbation_Sensitivity,fluid,31,0,0.0520945250700592
Table_Weight_Perturbation_Sensitivity,fluid,32,0,0.0252109605674622
Table_Weight_Perturbation_Sensitivity,fluid,33,0,0.0498537258942535
Table_Weight_Perturbation_Sensitivity,fluid,34,0,0.0545816416203795
Table_Weight_Perturbation_Sensitivity,fluid,35,0,0.0612298508597848
Table_Weight_Perturbation_Sensitivity,fluid,36,0,0.0589125755513317
Table_Weight_Perturbation_Sensitivity,fluid,37,0,0.0250158198589578
Table_Weight_Perturbation_Sensitivity,fluid,38,0,0.023533031189563
Table_Weight_Perturbation_Sensitivity,fluid,39,0,0.0305790272754725
Table_Weight_Perturbation_Sensitivity,fluid,40,0,0.0486403601609155
Table_Weight_Perturbation_Sensitivity,fluid,41,0,0.0260544140220924
Table_Weight_Perturbation_Sensitivity,fluid,42,0,0.0502893340825939
Table_Weight_Perturbation_Sensitivity,fluid,43,0,0.0333247894791499
Table_Weight_Perturbation_Sensitivity,fluid,44,0,0.068467533062127
Table_Weight_Perturbation_Sensitivity,fluid,45,0,0.032040599586356
Table_Weight_Perturbation_Sensitivity,fluid,46,0,0.0339040281513257
Table_Weight_Perturbation_Sensitivity,fluid,47,0,0.041602259620737
Table_Weight_Perturbation_Sensitivity,fluid,48,0,0.0259441738635114
Table_Weight_Perturbation_Sensitivity,fluid,49,0,0.0501896022229226
Table_Weight_Perturbation_Sensitivity,fluid,50,0,0.0557042184776597
Table_Weight_Perturbation_Sensitivity,fluid,51,0,0.0393483250370721
Table_Weight_Perturbation_Sensitivity,fluid,52,0,0.0758992396157728
Table_Weight_Perturbation_Sensitivity,fluid,53,0,0.0328804903990008
Table_Weight_Perturbation_Sensitivity,fluid,54,0,0.0943755516948296
Table_Weight_Perturbation_Sensitivity,fluid,55,0,0.0573983528526901
Table_Weight_Perturbation_Sensitivity,fluid,56,0,0.0454415178785389
Table_Weight_Perturbation_Sensitivity,fluid,57,0,0.0530497566963593
Table_Weight_Perturbation_Sensitivity,fluid,58,0,0.0466816738560513
Table_Weight_Perturbation_Sensitivity,fluid,59,0,0.0720514914929097
Table_Weight_Perturbation_Sensitivity,fluid,60,0,0.0536846641460328
Table_Weight_Perturbation_Sensitivity,fluid,61,0,0.0689639661786398
Table_Weight_Perturbation_Sensitivity,fluid,62,0,0.0353309201908166
Table_Weight_Perturbation_Sensitivity,fluid,63,0,0.0730725799308021
Table_Weight_Perturbation_Sensitivity,fluid,64,0,0.044622970781181
Table_Weight_Perturbation_Sensitivity,fluid,65,0,0.0517441726399904
Table_Weight_Perturbation_Sensitivity,fluid,66,0,0.0260421995898101
Table_Weight_Perturbation_Sensitivity,fluid,67,0,0.0468045157049688
Table_Weight_Perturbation_Sensitivity,fluid,68,0,0.057430477096079
Table_Weight_Perturbation_Sensitivity,fluid,69,0,0.0320251803974356
Table_Weight_Perturbation_Sensitivity,fluid,70,0,0.0293086278534867
Table_Weight_Perturbation_Sensitivity,fluid,71,0,0.0298647173843352
Table_Weight_Perturbation_Sensitivity,fluid,72,0,0.0590108568855924
Table_Weight_Perturbation_Sensitivity,fluid,73,0,0.0339808037613721
Table_Weight_Perturbation_Sensitivity,fluid,74,0,0.0203227763707622
Table_Weight_Perturbation_Sensitivity,fluid,75,0,0.0474382952385711
Table_Weight_Perturbation_Sensitivity,fluid,76,0,0.0378914479400929
Table_Weight_Perturbation_Sensitivity,fluid,77,0,0.0387313078624907
Table_Weight_Perturbation_Sensitivity,fluid,78,0,0.0678299626164772
Table_Weight_Perturbation_Sensitivity,fluid,79,0,0.0456508504654712
Table_Weight_Perturbation_Sensitivity,fluid,80,0,0.0448132895248485
Table_Weight_Perturbation_Sensitivity,fluid,81,0,0.0467123186750639
Table_Weight_Perturbation_Sensitivity,fluid,82,0,0.0408696999639388
Table_Weight_Perturbation_Sensitivity,fluid,83,0,0.0619931152859372
Table_Weight_Perturbation_Sensitivity,fluid,84,0,0.0355272925969713
Table_Weight_Perturbation_Sensitivity,fluid,85,0,0.0721275158867544
Table_Weight_Perturbation_Sensitivity,fluid,86,0,0.0351497045567472
Table_Weight_Perturbation_Sensitivity,fluid,87,0,0.080162803687104
Table_Weight_Perturbation_Sensitivity,fluid,88,0,0.0343106911910826
Table_Weight_Perturbation_Sensitivity,fluid,89,0,0.0471433474738744
Table_Weight_Perturbation_Sensitivity,fluid,90,0,0.0430682910574635
Table_Weight_Perturbation_Sensitivity,fluid,91,0,0.0356611987592552
Table_Weight_Perturbation_Sensitivity,fluid,92,0,0.028672186365442
Table_Weight_Perturbation_Sensitivity,fluid,93,0,0.0505645484516081
Table_Weight_Perturbation_Sensitivity,fluid,94,0,0.038346801968172
Table_Weight_Perturbation_Sensitivity,fluid,95,0,0.0695750832787223
Table_Weight_Perturbation_Sensitivity,fluid,96,0,0.0542218110788771
Table_Weight_Perturbation_Sensitivity,fluid,97,0,0.0665473167066774
Table_Weight_Perturbation_Sensitivity,fluid,98,0,0.0581687069202582
Table_Weight_Perturbation_Sensitivity,fluid,99,0,0.0472287347681942
Table_Weight_Perturbation_Sensitivity,fluid,100,0,0.0436555361905731
Table_Weight_Perturbation_Sensitivity,fluid,101,0,0.0328952735963123
Table_Weight_Perturbation_Sensitivity,fluid,102,0,0.0367286924912887
Table_Weight_Perturbation_Sensitivity,fluid,103,0,0.0356685232975088
Table_Weight_Perturbation_Sensitivity,fluid,104,0,0.0483153185396095
Table_Weight_Perturbation_Sensitivity,fluid,105,0,0.0633851747103176
Table_Weight_Perturbation_Sensitivity,fluid,106,0,0.047770021517591
Table_Weight_Perturbation_Sensitivity,fluid,107,0,0.0776484879991443
Table_Weight_Perturbation_Sensitivity,fluid,108,0,0.0450144102875681
Table_Weight_Perturbation_Sensitivity,fluid,109,0,0.0250032777483753
Table_Weight_Perturbation_Sensitivity,fluid,110,0,0.0761038368818801
Table_Weight_Perturbation_Sensitivity,fluid,111,0,0.0615607905951579
Table_Weight_Perturbation_Sensitivity,fluid,112,0,0.0567166412370492
Table_Weight_Perturbation_Sensitivity,fluid,113,0,0.0741741242589008
Table_Weight_Perturbation_Sensitivity,fluid,114,0,0.0541025586527926
Table_Weight_Perturbation_Sensitivity,fluid,115,0,0.0789115148185232
Table_Weight_Perturbation_Sensitivity,fluid,116,0,0.0398694709486338
Table_Weight_Perturbation_Sensitivity,fluid,117,0,0.077176275254874
Table_Weight_Perturbation_Sensitivity,fluid,118,0,0.0404873034749058
Table_Weight_Perturbation_Sensitivity,fluid,119,0,0.031107329112325
Table_Weight_Perturbation_Sensitivity,fluid,120,0,0.100126916418414
Table_Weight_Perturbation_Sensitivity,fluid,121,0,0.0378677785653791
Table_Weight_Perturbation_Sensitivity,fluid,122,0,0.0359733508082385
Table_Weight_Perturbation_Sensitivity,fluid,123,0,0.0248627510138651
Table_Weight_Perturbation_Sensitivity,fluid,124,0,0.0263536774647315
Table_Weight_Perturbation_Sensitivity,fluid,125,0,0.0597632033456615
Table_Weight_Perturbation_Sensitivity,fluid,126,0,0.0510366743371558
Table_Weight_Perturbation_Sensitivity,fluid,127,0,0.103747482783491
Table_Weight_Perturbation_Sensitivity,fluid,128,0,0.036391421480757
Table_Weight_Perturbation_Sensitivity,fluid,129,0,0.022715654850517
Table_Weight_Perturbation_Sensitivity,fluid,130,0,0.0373459958702914
Table_Weight_Perturbation_Sensitivity,fluid,131,0,0.0692972495822312
Table_Weight_Perturbation_Sensitivity,fluid,132,0,0.0413217654257095
Table_Weight_Perturbation_Sensitivity,fluid,133,0,0.0866519143370707
Table_Weight_Perturbation_Sensitivity,fluid,134,0,0.0363690986608656
Table_Weight_Perturbation_Sensitivity,fluid,135,0,0.0582198434516946
Table_Weight_Perturbation_Sensitivity,fluid,136,0,0.0614587101427687
Table_Weight_Perturbation_Sensitivity,fluid,137,0,0.0216189904533669
Table_Weight_Perturbation_Sensitivity,fluid,138,0,0.0414918744229757
Table_Weight_Perturbation_Sensitivity,fluid,139,0,0.0531116667506416
Table_Weight_Perturbation_Sensitivity,fluid,140,0,0.0336091793116735
Table_Weight_Perturbation_Sensitivity,fluid,141,0,0.0422401444120153
Table_Weight_Perturbation_Sensitivity,fluid,142,0,0.0470839357406618
Table_Weight_Perturbation_Sensitivity,fluid,143,0,0.0494404927282894
Table_Weight_Perturbation_Sensitivity,fluid,144,0,0.103023142244622
Table_Weight_Perturbation_Sensitivity,fluid,145,0,0.0442076620693323
Table_Weight_Perturbation_Sensitivity,fluid,146,0,0.0616940359190124
Table_Weight_Perturbation_Sensitivity,fluid,147,0,0.0380098430030866
Table_Weight_Perturbation_Sensitivity,fluid,148,0,0.0554756956615434
Table_Weight_Perturbation_Sensitivity,fluid,149,0,0.0369797336046012
Table_Weight_Perturbation_Sensitivity,fluid,150,0,0.0319957532799269
Table_Weight_Perturbation_Sensitivity,fluid,151,0,0.0219809447267797
Table_Weight_Perturbation_Sensitivity,fluid,152,0,0.08433047734984
Table_Weight_Perturbation_Sensitivity,fluid,153,0,0.022026351658598
Table_Weight_Perturbation_Sensitivity,fluid,154,0,0.0286547887724481
Table_Weight_Perturbation_Sensitivity,fluid,155,0,0.051478215655101
Table_Weight_Perturbation_Sensitivity,fluid,156,0,0.0490663108911121
Table_Weight_Perturbation_Sensitivity,fluid,157,0,0.0523182390796454
Table_Weight_Perturbation_Sensitivity,fluid,158,0,0.0492320817329103
Table_Weight_Perturbation_Sensitivity,fluid,159,0,0.0195072137819231
Table_Weight_Perturbation_Sensitivity,fluid,160,0,0.033289105847894
Table_Weight_Perturbation_Sensitivity,fluid,161,0,0.032105175760659
Table_Weight_Perturbation_Sensitivity,fluid,162,0,0.0287952314396702
Table_Weight_Perturbation_Sensitivity,fluid,163,0,0.0688275897135978
Table_Weight_Perturbation_Sensitivity,fluid,164,0,0.0378677316416327
Table_Weight_Perturbation_Sensitivity,fluid,165,0,0.0685614257007456
Table_Weight_Perturbation_Sensitivity,fluid,166,0,0.0532587791395336
Table_Weight_Perturbation_Sensitivity,fluid,167,0,0.0542097649448342
Table_Weight_Perturbation_Sensitivity,fluid,168,0,0.0240279885465707
Table_Weight_Perturbation_Sensitivity,fluid,169,0,0.040529456685772
Table_Weight_Perturbation_Sensitivity,fluid,170,0,0.0511628529162382
Table_Weight_Perturbation_Sensitivity,fluid,171,0,0.0250150089275554
Table_Weight_Perturbation_Sensitivity,fluid,172,0,0.0611321583318675
Table_Weight_Perturbation_Sensitivity,fluid,173,0,0.08149996906503
Table_Weight_Perturbation_Sensitivity,fluid,174,0,0.0296379981047019
Table_Weight_Perturbation_Sensitivity,fluid,175,0,0.0886281076470194
Table_Weight_Perturbation_Sensitivity,fluid,176,0,0.0411712771814573
Table_Weight_Perturbation_Sensitivity,fluid,177,0,0.0233762634702029
Table_Weight_Perturbation_Sensitivity,fluid,178,0,0.0648312238494991
Table_Weight_Perturbation_Sensitivity,fluid,179,0,0.0314332993138101
Table_Weight_Perturbation_Sensitivity,fluid,180,0,0.0448100139541473
Table_Weight_Perturbation_Sensitivity,fluid,181,0,0.0401639564219684
Table_Weight_Perturbation_Sensitivity,fluid,182,0,0.0397260180397584
Table_Weight_Perturbation_Sensitivity,fluid,183,0,0.0412130711146442
Table_Weight_Perturbation_Sensitivity,fluid,184,0,0.0291243501446807
Table_Weight_Perturbation_Sensitivity,fluid,185,0,0.0356740769760381
Table_Weight_Perturbation_Sensitivity,fluid,186,0,0.0256333778039596
Table_Weight_Perturbation_Sensitivity,fluid,187,0,0.0405709045483533
Table_Weight_Perturbation_Sensitivity,fluid,188,0,0.0488057424091649
Table_Weight_Perturbation_Sensitivity,fluid,189,0,0.0191050274873502
Table_Weight_Perturbation_Sensitivity,fluid,190,0,0.0460618163454724
Table_Weight_Perturbation_Sensitivity,fluid,191,0,0.0336062385014717
Table_Weight_Perturbation_Sensitivity,fluid,192,0,0.0279909700896963
Table_Weight_Perturbation_Sensitivity,fluid,193,0,0.0195690414363137
Table_Weight_Perturbation_Sensitivity,fluid,194,0,0.0179133764217294
Table_Weight_Perturbation_Sensitivity,fluid,195,0,0.0450200033246154
Table_Weight_Perturbation_Sensitivity,fluid,196,0,0.0583848265412025
Table_Weight_Perturbation_Sensitivity,fluid,197,0,0.0327408214721479
Table_Weight_Perturbation_Sensitivity,fluid,198,0,0.0699875532954189
Table_Weight_Perturbation_Sensitivity,fluid,199,0,0.0342484607676675
Table_Weight_Perturbation_Sensitivity,fluid,200,0,0.0302823114812352
Table_Weight_Perturbation_Sensitivity,fluid,201,0,0.0709281433322454
Table_Weight_Perturbation_Sensitivity,fluid,202,0,0.0658047332771474
Table_Weight_Perturbation_Sensitivity,fluid,203,0,0.0361250555298616
Table_Weight_Perturbation_Sensitivity,fluid,204,0,0.0475140501893537
Table_Weight_Perturbation_Sensitivity,fluid,205,0,0.0660531533359492
Table_Weight_Perturbation_Sensitivity,fluid,206,0,0.0554384648575524
Table_Weight_Perturbation_Sensitivity,fluid,207,0,0.014192262769818
Table_Weight_Perturbation_Sensitivity,fluid,208,0,0.0390412663888313
Table_Weight_Perturbation_Sensitivity,fluid,209,0,0.0959097025811278
Table_Weight_Perturbation_Sensitivity,fluid,210,0,0.0569724871723772
Table_Weight_Perturbation_Sensitivity,fluid,211,0,0.0496543416388975
Table_Weight_Perturbation_Sensitivity,fluid,212,0,0.0474971355120554
Table_Weight_Perturbation_Sensitivity,fluid,213,0,0.05111164307646
Table_Weight_Perturbation_Sensitivity,fluid,214,0,0.0604047570433163
Table_Weight_Perturbation_Sensitivity,fluid,215,0,0.0313017233744386
Table_Weight_Perturbation_Sensitivity,fluid,216,0,0.0755095602264541
Table_Weight_Perturbation_Sensitivity,fluid,217,0,0.0333386877433603
Table_Weight_Perturbation_Sensitivity,fluid,218,0,0.0715886062298206
Table_Weight_Perturbation_Sensitivity,fluid,219,0,0.030823788164008
Table_Weight_Perturbation_Sensitivity,fluid,220,0,0.0443436845530872
Table_Weight_Perturbation_Sensitivity,fluid,221,0,0.0492019113474048
Table_Weight_Perturbation_Sensitivity,fluid,222,0,0.0344788848394424
Table_Weight_Perturbation_Sensitivity,fluid,223,0,0.0618765006792757
Table_Weight_Perturbation_Sensitivity,fluid,224,0,0.0212234417119371
Table_Weight_Perturbation_Sensitivity,fluid,225,0,0.0470467665021606
Table_Weight_Perturbation_Sensitivity,fluid,226,0,0.0519726149533302
Table_Weight_Perturbation_Sensitivity,fluid,227,0,0.0345916597750604
Table_Weight_Perturbation_Sensitivity,fluid,228,0,0.0416022729221072
Table_Weight_Perturbation_Sensitivity,fluid,229,0,0.0302564941809093
Table_Weight_Perturbation_Sensitivity,fluid,230,0,0.0437240522398727
Table_Weight_Perturbation_Sensitivity,fluid,231,0,0.040160292164359
Table_Weight_Perturbation_Sensitivity,fluid,232,0,0.0514337895972777
Table_Weight_Perturbation_Sensitivity,fluid,233,0,0.03359322040726
Table_Weight_Perturbation_Sensitivity,fluid,234,0,0.0331507493041779
Table_Weight_Perturbation_Sensitivity,fluid,235,0,0.0520898647146657
Table_Weight_Perturbation_Sensitivity,fluid,236,0,0.0902985152681197
Table_Weight_Perturbation_Sensitivity,fluid,237,0,0.035581109512548
Table_Weight_Perturbation_Sensitivity,fluid,238,0,0.0477838670493353
Table_Weight_Perturbation_Sensitivity,fluid,239,0,0.0373263683508663
Table_Weight_Perturbation_Sensitivity,fluid,240,0,0.0483359994614969
Table_Weight_Perturbation_Sensitivity,fluid,241,0,0.0737092348295024
Table_Weight_Perturbation_Sensitivity,fluid,242,0,0.0758456861056345
Table_Weight_Perturbation_Sensitivity,fluid,243,0,0.0348591903071763
Table_Weight_Perturbation_Sensitivity,fluid,244,0,0.0447409178178191
Table_Weight_Perturbation_Sensitivity,fluid,245,0,0.0378890270818915
Table_Weight_Perturbation_Sensitivity,fluid,246,0,0.054773939750378
Table_Weight_Perturbation_Sensitivity,fluid,247,0,0.0311645330401614
Table_Weight_Perturbation_Sensitivity,fluid,248,0,0.0531432737037782
Table_Weight_Perturbation_Sensitivity,fluid,249,0,0.0279948536966885
Table_Weight_Perturbation_Sensitivity,fluid,250,0,0.0685218663423311
Table_Weight_Perturbation_Sensitivity,fluid,251,0,0.0335474171240831
Table_Weight_Perturbation_Sensitivity,fluid,252,0,0.0300463033757811
Table_Weight_Perturbation_Sensitivity,fluid,253,0,0.0346267477342982
Table_Weight_Perturbation_Sensitivity,fluid,254,0,0.02706912453063
Table_Weight_Perturbation_Sensitivity,fluid,255,0,0.0537422961642282
Table_Weight_Perturbation_Sensitivity,fluid,256,0,0.0370453773943364
Table_Weight_Perturbation_Sensitivity,fluid,257,0,0.0211904970813316
Table_Weight_Perturbation_Sensitivity,fluid,258,0,0.0178795257445802
Table_Weight_Perturbation_Sensitivity,fluid,259,0,0.0419764377544206
Table_Weight_Perturbation_Sensitivity,fluid,260,0,0.0427882242131392
Table_Weight_Perturbation_Sensitivity,fluid,261,0,0.0628026839361256
Table_Weight_Perturbation_Sensitivity,fluid,262,0,0.0297971750692626
Table_Weight_Perturbation_Sensitivity,fluid,263,0,0.0525122944620031
Table_Weight_Perturbation_Sensitivity,fluid,264,0,0.0372306900314445
Table_Weight_Perturbation_Sensitivity,fluid,265,0,0.0455637973127018
Table_Weight_Perturbation_Sensitivity,fluid,266,0,0.0337059234209421
Table_Weight_Perturbation_Sensitivity,fluid,267,0,0.0413936008516489
Table_Weight_Perturbation_Sensitivity,fluid,268,0,0.0547058386569825
Table_Weight_Perturbation_Sensitivity,fluid,269,0,0.0421099493111185
Table_Weight_Perturbation_Sensitivity,fluid,270,0,0.0493966174826133
Table_Weight_Perturbation_Sensitivity,fluid,271,0,0.0509457944195484
Table_Weight_Perturbation_Sensitivity,fluid,272,0,0.100131796595205
Table_Weight_Perturbation_Sensitivity,fluid,273,0,0.0680769099874
Table_Weight_Perturbation_Sensitivity,fluid,274,0,0.0642442872338308
Table_Weight_Perturbation_Sensitivity,fluid,275,0,0.0344630012130618
Table_Weight_Perturbation_Sensitivity,fluid,276,0,0.0328031867071958
Table_Weight_Perturbation_Sensitivity,fluid,277,0,0.0539652570331279
Table_Weight_Perturbation_Sensitivity,fluid,278,0,0.0396519053103209
Table_Weight_Perturbation_Sensitivity,fluid,279,0,0.0435629029413803
Table_Weight_Perturbation_Sensitivity,fluid,280,0,0.0624407343171052
Table_Weight_Perturbation_Sensitivity,fluid,281,0,0.0522342247253686
Table_Weight_Perturbation_Sensitivity,fluid,282,0,0.0347703152616147
Table_Weight_Perturbation_Sensitivity,fluid,283,0,0.0939211771610264
Table_Weight_Perturbation_Sensitivity,fluid,284,0,0.0515382498684296
Table_Weight_Perturbation_Sensitivity,fluid,285,0,0.0326908317234234
Table_Weight_Perturbation_Sensitivity,fluid,286,0,0.0783057571142282
Table_Weight_Perturbation_Sensitivity,fluid,287,0,0.0507470430768741
Table_Weight_Perturbation_Sensitivity,fluid,288,0,0.0614721839591641
Table_Weight_Perturbation_Sensitivity,fluid,289,0,0.0647722160729845
Table_Weight_Perturbation_Sensitivity,fluid,290,0,0.0319536755335907
Table_Weight_Perturbation_Sensitivity,fluid,291,0,0.110321018759756
Table_Weight_Perturbation_Sensitivity,fluid,292,0,0.0531490080061865
Table_Weight_Perturbation_Sensitivity,fluid,293,0,0.0700897628184479
Table_Weight_Perturbation_Sensitivity,fluid,294,0,0.020347982837674
Table_Weight_Perturbation_Sensitivity,fluid,295,0,0.0588975052603559
Table_Weight_Perturbation_Sensitivity,fluid,296,0,0.0743967255813327
Table_Weight_Perturbation_Sensitivity,fluid,297,0,0.0330714758900365
Table_Weight_Perturbation_Sensitivity,fluid,298,0,0.0571867444081588
Table_Weight_Perturbation_Sensitivity,fluid,299,0,0.0537638917659518
Table_Weight_Perturbation_Sensitivity,fluid,300,0,0.0292596537554378
Table_Weight_Perturbation_Sensitivity,fluid,301,0,0.0360672192041014
Table_Weight_Perturbation_Sensitivity,fluid,302,0,0.0676046058483132
Table_Weight_Perturbation_Sensitivity,fluid,303,0,0.0206396683675668
Table_Weight_Perturbation_Sensitivity,fluid,304,0,0.0393058119146596
Table_Weight_Perturbation_Sensitivity,fluid,305,0,0.0193929314598006
Table_Weight_Perturbation_Sensitivity,fluid,306,0,0.0326820180485109
Table_Weight_Perturbation_Sensitivity,fluid,307,0,0.0316835017292401
Table_Weight_Perturbation_Sensitivity,fluid,308,0,0.0686780450309566
Table_Weight_Perturbation_Sensitivity,fluid,309,0,0.0385662895542997
Table_Weight_Perturbation_Sensitivity,fluid,310,0,0.0466756552598912
Table_Weight_Perturbation_Sensitivity,fluid,311,0,0.0401392613951667
Table_Weight_Perturbation_Sensitivity,fluid,312,0,0.0201309977206607
Table_Weight_Perturbation_Sensitivity,fluid,313,0,0.029259415929328
Table_Weight_Perturbation_Sensitivity,fluid,314,0,0.0349290577281097
Table_Weight_Perturbation_Sensitivity,fluid,315,0,0.0385955036134501
Table_Weight_Perturbation_Sensitivity,fluid,316,0,0.05027042709323
Table_Weight_Perturbation_Sensitivity,fluid,317,0,0.0603273207933412
Table_Weight_Perturbation_Sensitivity,fluid,318,0,0.0375778320838907
Table_Weight_Perturbation_Sensitivity,fluid,319,0,0.0370946302356178
Table_Weight_Perturbation_Sensitivity,fluid,320,0,0.0628803183996308
Table_Weight_Perturbation_Sensitivity,fluid,321,0,0.032054452593873
Table_Weight_Perturbation_Sensitivity,fluid,322,0,0.0324447274925529
Table_Weight_Perturbation_Sensitivity,fluid,323,0,0.0255607012110155
Table_Weight_Perturbation_Sensitivity,fluid,324,0,0.0352502453046296
Table_Weight_Perturbation_Sensitivity,fluid,325,0,0.0495850914847445
Table_Weight_Perturbation_Sensitivity,fluid,326,0,0.0232223746469291
Table_Weight_Perturbation_Sensitivity,fluid,327,0,0.0620098440788636
Table_Weight_Perturbation_Sensitivity,fluid,328,0,0.0299833116444419
Table_Weight_Perturbation_Sensitivity,fluid,329,0,0.0246958673079701
Table_Weight_Perturbation_Sensitivity,fluid,330,0,0.0663390935100989
Table_Weight_Perturbation_Sensitivity,fluid,331,0,0.0331557597177769
Table_Weight_Perturbation_Sensitivity,fluid,332,0,0.0674920381541167
Table_Weight_Perturbation_Sensitivity,fluid,333,0,0.0533601668448021
Table_Weight_Perturbation_Sensitivity,fluid,334,0,0.0528169097117057
Table_Weight_Perturbation_Sensitivity,fluid,335,0,0.0443828835578174
Table_Weight_Perturbation_Sensitivity,fluid,336,0,0.0355570576713734
Table_Weight_Perturbation_Sensitivity,fluid,337,0,0.0378493126095075
Table_Weight_Perturbation_Sensitivity,fluid,338,0,0.046227400922104
Table_Weight_Perturbation_Sensitivity,fluid,339,0,0.0365133735197774
Table_Weight_Perturbation_Sensitivity,fluid,340,0,0.0464563111659212
Table_Weight_Perturbation_Sensitivity,fluid,341,0,0.0691170944977559
Table_Weight_Perturbation_Sensitivity,fluid,342,0,0.0624214621711285
Table_Weight_Perturbation_Sensitivity,fluid,343,0,0.0435044138100247
Table_Weight_Perturbation_Sensitivity,fluid,344,0,0.05880652530613
Table_Weight_Perturbation_Sensitivity,fluid,345,0,0.00986438964977608
Table_Weight_Perturbation_Sensitivity,fluid,346,0,0.0457222653545299
Table_Weight_Perturbation_Sensitivity,fluid,347,0,0.0704449528699327
Table_Weight_Perturbation_Sensitivity,fluid,348,0,0.031056536595033
Table_Weight_Perturbation_Sensitivity,fluid,349,0,0.00963914209185458
Table_Weight_Perturbation_Sensitivity,fluid,350,0,0.0195361635131071
Table_Weight_Perturbation_Sensitivity,fluid,351,0,0.0416321603976334
Table_Weight_Perturbation_Sensitivity,fluid,352,0,0.0339048911087392
Table_Weight_Perturbation_Sensitivity,fluid,353,0,0.0445025098408044
Table_Weight_Perturbation_Sensitivity,fluid,354,0,0.0050833562725777
Table_Weight_Perturbation_Sensitivity,fluid,355,0,0.0236039005550744
Table_Weight_Perturbation_Sensitivity,fluid,356,0,0.0607392602765143
Table_Weight_Perturbation_Sensitivity,fluid,357,0,0.0739698384309639
Table_Weight_Perturbation_Sensitivity,fluid,358,0,0.0394573066571427
Table_Weight_Perturbation_Sensitivity,fluid,359,0,0.0301858898822112
Table_Weight_Perturbation_Sensitivity,fluid,360,0,0.0284312302971763
Table_Weight_Perturbation_Sensitivity,fluid,361,0,0.0572090170816213
Table_Weight_Perturbation_Sensitivity,fluid,362,0,0.0340327916277792
Table_Weight_Perturbation_Sensitivity,fluid,363,0,0.0535297111055062
Table_Weight_Perturbation_Sensitivity,fluid,364,0,0.0731629674545039
Table_Weight_Perturbation_Sensitivity,fluid,365,0,0.0462001593094953
Table_Weight_Perturbation_Sensitivity,fluid,366,0,0.0601876087989196
Table_Weight_Perturbation_Sensitivity,fluid,367,0,0.0461173091691555
Table_Weight_Perturbation_Sensitivity,fluid,368,0,0.0391087193369788
Table_Weight_Perturbation_Sensitivity,fluid,369,0,0.0253289558433208
Table_Weight_Perturbation_Sensitivity,fluid,370,0,0.0239934396858438
Table_Weight_Perturbation_Sensitivity,fluid,371,0,0.0271192402576058
Table_Weight_Perturbation_Sensitivity,fluid,372,0,0.0456215749194236
Table_Weight_Perturbation_Sensitivity,fluid,373,0,0.0237715673501572
Table_Weight_Perturbation_Sensitivity,fluid,374,0,0.0683499266352832
Table_Weight_Perturbation_Sensitivity,fluid,375,0,0.0395270276941986
Table_Weight_Perturbation_Sensitivity,fluid,376,0,0.0789322563468345
Table_Weight_Perturbation_Sensitivity,fluid,377,0,0.00719015301710331
Table_Weight_Perturbation_Sensitivity,fluid,378,0,0.039501985024154
Table_Weight_Perturbation_Sensitivity,fluid,379,0,0.0337577064200202
Table_Weight_Perturbation_Sensitivity,fluid,380,0,0.0372125494432159
Table_Weight_Perturbation_Sensitivity,fluid,381,0,0.0551448051249826
Table_Weight_Perturbation_Sensitivity,fluid,382,0,0.0394428157459949
Table_Weight_Perturbation_Sensitivity,fluid,383,0,0.0351076537618397
Table_Weight_Perturbation_Sensitivity,fluid,384,0,0.0157000333458311
Table_Weight_Perturbation_Sensitivity,fluid,385,0,0.0423673557884904
Table_Weight_Perturbation_Sensitivity,fluid,386,0,0.0359218857126593
Table_Weight_Perturbation_Sensitivity,fluid,387,0,0.033744751519754
Table_Weight_Perturbation_Sensitivity,fluid,388,0,0.0150377809566655
Table_Weight_Perturbation_Sensitivity,fluid,389,0,0.0255300159445837
Table_Weight_Perturbation_Sensitivity,fluid,390,0,0.0637192552407713
Table_Weight_Perturbation_Sensitivity,fluid,391,0,0.0695471787867174
Table_Weight_Perturbation_Sensitivity,fluid,392,0,0.0602814836234893
Table_Weight_Perturbation_Sensitivity,fluid,393,0,0.035904902021327
Table_Weight_Perturbation_Sensitivity,fluid,394,0,0.0724311569891931
Table_Weight_Perturbation_Sensitivity,fluid,395,0,0.0227014620383053
Table_Weight_Perturbation_Sensitivity,fluid,396,0,0.0554841065122054
Table_Weight_Perturbation_Sensitivity,fluid,397,0,0.0539675638949513
Table_Weight_Perturbation_Sensitivity,fluid,398,0,0.021863549944655
Table_Weight_Perturbation_Sensitivity,fluid,399,0,0.0485779930747795
Table_Weight_Perturbation_Sensitivity,fluid,400,0,0.0458224846989935
Table_Weight_Perturbation_Sensitivity,fluid,401,0,0.0350638456778576
Table_Weight_Perturbation_Sensitivity,fluid,402,0,0.0465346291711548
Table_Weight_Perturbation_Sensitivity,fluid,403,0,0.0521034527919341
Table_Weight_Perturbation_Sensitivity,fluid,404,0,0.00810015243883926
Table_Weight_Perturbation_Sensitivity,fluid,405,0,0.0166734433091869
Table_Weight_Perturbation_Sensitivity,fluid,406,0,0.0386502681333793
Table_Weight_Perturbation_Sensitivity,fluid,407,0,0.0443270735756222
Table_Weight_Perturbation_Sensitivity,fluid,408,0,0.0231219104799825
Table_Weight_Perturbation_Sensitivity,fluid,409,0,0.0407096024827669
Table_Weight_Perturbation_Sensitivity,fluid,410,0,0.0216934450272379
Table_Weight_Perturbation_Sensitivity,fluid,411,0,0.0704884555670961
Table_Weight_Perturbation_Sensitivity,fluid,412,0,0.0334960376544227
Table_Weight_Perturbation_Sensitivity,fluid,413,0,0.0376392649448352
Table_Weight_Perturbation_Sensitivity,fluid,414,0,0.0246825587425328
Table_Weight_Perturbation_Sensitivity,fluid,415,0,0.0485756404972039
Table_Weight_Perturbation_Sensitivity,fluid,416,0,0.0688833949425207
Table_Weight_Perturbation_Sensitivity,fluid,417,0,0.0795391327271712
Table_Weight_Perturbation_Sensitivity,fluid,418,0,0.0419119744704935
Table_Weight_Perturbation_Sensitivity,fluid,419,0,0.0425387776256886
Table_Weight_Perturbation_Sensitivity,fluid,420,0,0.0833990101584229
Table_Weight_Perturbation_Sensitivity,fluid,421,0,0.0190074215507617
Table_Weight_Perturbation_Sensitivity,fluid,422,0,0.0355535919357946
Table_Weight_Perturbation_Sensitivity,fluid,423,0,0.0356709746549034
Table_Weight_Perturbation_Sensitivity,fluid,424,0,0.0823685682359984
Table_Weight_Perturbation_Sensitivity,fluid,425,0,0.0538267272011503
Table_Weight_Perturbation_Sensitivity,fluid,426,0,0.10417688755649
Table_Weight_Perturbation_Sensitivity,fluid,427,0,0.0394500320746737
Table_Weight_Perturbation_Sensitivity,fluid,428,0,0.0139035236549971
Table_Weight_Perturbation_Sensitivity,fluid,429,0,0.0460442110503474
Table_Weight_Perturbation_Sensitivity,fluid,430,0,0.0555547423190508
Table_Weight_Perturbation_Sensitivity,fluid,431,0,0.029202772500116
Table_Weight_Perturbation_Sensitivity,fluid,432,0,0.037195217723704
Table_Weight_Perturbation_Sensitivity,fluid,433,0,0.0564614049110705
Table_Weight_Perturbation_Sensitivity,fluid,434,0,0.117326186619401
Table_Weight_Perturbation_Sensitivity,fluid,435,0,0.0373638537149394
Table_Weight_Perturbation_Sensitivity,fluid,436,0,0.0288819136656831
Table_Weight_Perturbation_Sensitivity,fluid,437,0,0.0865266663119624
Table_Weight_Perturbation_Sensitivity,fluid,438,0,0.0724568223112834
Table_Weight_Perturbation_Sensitivity,fluid,439,0,0.0320840744048404
Table_Weight_Perturbation_Sensitivity,fluid,440,0,0.0563189382568126
Table_Weight_Perturbation_Sensitivity,fluid,441,0,0.045668601907748
Table_Weight_Perturbation_Sensitivity,fluid,442,0,0.0276346687912104
Table_Weight_Perturbation_Sensitivity,fluid,443,0,0.0310227559323014
Table_Weight_Perturbation_Sensitivity,fluid,444,0,0.0546499806934161
Table_Weight_Perturbation_Sensitivity,fluid,445,0,0.0446999966882468
Table_Weight_Perturbation_Sensitivity,fluid,446,0,0.0383632471349896
Table_Weight_Perturbation_Sensitivity,fluid,447,0,0.0323136924364069
Table_Weight_Perturbation_Sensitivity,fluid,448,0,0.0504722892908993
Table_Weight_Perturbation_Sensitivity,fluid,449,0,0.0343143678892667
Table_Weight_Perturbation_Sensitivity,fluid,450,0,0.039289225395717
Table_Weight_Perturbation_Sensitivity,fluid,451,0,0.0396532982921297
Table_Weight_Perturbation_Sensitivity,fluid,452,0,0.0399137277719614
Table_Weight_Perturbation_Sensitivity,fluid,453,0,0.0316251674782336
Table_Weight_Perturbation_Sensitivity,fluid,454,0,0.0308543184899904
Table_Weight_Perturbation_Sensitivity,fluid,455,0,0.0339682165270731
Table_Weight_Perturbation_Sensitivity,fluid,456,0,0.0414348266040117
Table_Weight_Perturbation_Sensitivity,fluid,457,0,0.0393398199578741
Table_Weight_Perturbation_Sensitivity,fluid,458,0,0.02469570477606
Table_Weight_Perturbation_Sensitivity,fluid,459,0,0.0691585839344429
Table_Weight_Perturbation_Sensitivity,fluid,460,0,0.057388459871204
Table_Weight_Perturbation_Sensitivity,fluid,461,0,0.0915195214058704
Table_Weight_Perturbation_Sensitivity,fluid,462,0,0.0434672681143349
Table_Weight_Perturbation_Sensitivity,fluid,463,0,0.0780326524981733
Table_Weight_Perturbation_Sensitivity,fluid,464,0,0.0593480023619829
Table_Weight_Perturbation_Sensitivity,fluid,465,0,0.076320479762793
Table_Weight_Perturbation_Sensitivity,fluid,466,0,0.0259161518886073
Table_Weight_Perturbation_Sensitivity,fluid,467,0,0.0539545438722155
Table_Weight_Perturbation_Sensitivity,fluid,468,0,0.0816965799742736
Table_Weight_Perturbation_Sensitivity,fluid,469,0,0.0158055431357411
Table_Weight_Perturbation_Sensitivity,fluid,470,0,0.0384019080740059
Table_Weight_Perturbation_Sensitivity,fluid,471,0,0.0238633888532698
Table_Weight_Perturbation_Sensitivity,fluid,472,0,0.0346006634004364
Table_Weight_Perturbation_Sensitivity,fluid,473,0,0.0474546945946681
Table_Weight_Perturbation_Sensitivity,fluid,474,0,0.0304928030170413
Table_Weight_Perturbation_Sensitivity,fluid,475,0,0.0461593474933022
Table_Weight_Perturbation_Sensitivity,fluid,476,0,0.0679384211760916
Table_Weight_Perturbation_Sensitivity,fluid,477,0,0.0584535436134258
Table_Weight_Perturbation_Sensitivity,fluid,478,0,0.0319493210350014
Table_Weight_Perturbation_Sensitivity,fluid,479,0,0.0336443839879935
Table_Weight_Perturbation_Sensitivity,fluid,480,0,0.0733108522255733
Table_Weight_Perturbation_Sensitivity,fluid,481,0,0.0295024523122597
Table_Weight_Perturbation_Sensitivity,fluid,482,0,0.0547329724545895
Table_Weight_Perturbation_Sensitivity,fluid,483,0,0.0411606983252904
Table_Weight_Perturbation_Sensitivity,fluid,484,0,0.0451082307168198
Table_Weight_Perturbation_Sensitivity,fluid,485,0,0.0733516994613756
Table_Weight_Perturbation_Sensitivity,fluid,486,0,0.0731184246821722
Table_Weight_Perturbation_Sensitivity,fluid,487,0,0.0300455314351429
Table_Weight_Perturbation_Sensitivity,fluid,488,0,0.0582316236449108
Table_Weight_Perturbation_Sensitivity,fluid,489,0,0.0428732818598518
Table_Weight_Perturbation_Sensitivity,fluid,490,0,0.0398856549980585
Table_Weight_Perturbation_Sensitivity,fluid,491,0,0.0594444218227273
Table_Weight_Perturbation_Sensitivity,fluid,492,0,0.0619068717567628
Table_Weight_Perturbation_Sensitivity,fluid,493,0,0.0454660397525183
Table_Weight_Perturbation_Sensitivity,fluid,494,0,0.055361971285698
Table_Weight_Perturbation_Sensitivity,fluid,495,0,0.0320466598186957
Table_Weight_Perturbation_Sensitivity,fluid,496,0,0.0216365096494337
Table_Weight_Perturbation_Sensitivity,fluid,497,0,0.0554021969565058
Table_Weight_Perturbation_Sensitivity,fluid,498,0,0.011817092815038
Table_Weight_Perturbation_Sensitivity,fluid,499,0,0.0471747143721967
Table_Weight_Perturbation_Sensitivity,fluid,500,0,0.0337668169435316
Table_Weight_Perturbation_Sensitivity,fluid,501,0,0.0168229128876077
Table_Weight_Perturbation_Sensitivity,fluid,502,0,0.0371267822103704
Table_Weight_Perturbation_Sensitivity,fluid,503,0,0.0282772192533311
Table_Weight_Perturbation_Sensitivity,fluid,504,0,0.0201236025792146
Table_Weight_Perturbation_Sensitivity,fluid,505,0,0.0322709120130067
Table_Weight_Perturbation_Sensitivity,fluid,506,0,0.0357086149593546
Table_Weight_Perturbation_Sensitivity,fluid,507,0,0.0574734783251714
Table_Weight_Perturbation_Sensitivity,fluid,508,0,0.0595378058878285
Table_Weight_Perturbation_Sensitivity,fluid,509,0,0.0407627550730728
Table_Weight_Perturbation_Sensitivity,fluid,510,0,0.0354304367315859
Table_Weight_Perturbation_Sensitivity,fluid,511,0,0.0663174532247484
Table_Weight_Perturbation_Sensitivity,fluid,512,0,0.0338943905665187
Table_Weight_Perturbation_Sensitivity,fluid,513,0,0.0342332500533373
Table_Weight_Perturbation_Sensitivity,fluid,514,0,0.0768370354994633
Table_Weight_Perturbation_Sensitivity,fluid,515,0,0.0824109803643985
Table_Weight_Perturbation_Sensitivity,fluid,516,0,0.0250209483649092
Table_Weight_Perturbation_Sensitivity,fluid,517,0,0.0688851721853367
Table_Weight_Perturbation_Sensitivity,fluid,518,0,0.0379989298462111
Table_Weight_Perturbation_Sensitivity,fluid,519,0,0.0851274267409472
Table_Weight_Perturbation_Sensitivity,fluid,520,0,0.027380086360445
Table_Weight_Perturbation_Sensitivity,fluid,521,0,0.0684219915451813
Table_Weight_Perturbation_Sensitivity,fluid,522,0,0.0600794387427802
Table_Weight_Perturbation_Sensitivity,fluid,523,0,0.0445043894352585
Table_Weight_Perturbation_Sensitivity,fluid,524,0,0.0236320724712026
Table_Weight_Perturbation_Sensitivity,fluid,525,0,0.0586110882902137
Table_Weight_Perturbation_Sensitivity,fluid,526,0,0.0411988677216235
Table_Weight_Perturbation_Sensitivity,fluid,527,0,0.0691487908338647
Table_Weight_Perturbation_Sensitivity,fluid,528,0,0.0651212092676758
Table_Weight_Perturbation_Sensitivity,fluid,529,0,0.0187816634520822
Table_Weight_Perturbation_Sensitivity,fluid,530,0,0.063052164511027
Table_Weight_Perturbation_Sensitivity,fluid,531,0,0.0322911561329928
Table_Weight_Perturbation_Sensitivity,fluid,532,0,0.038327204262912
Table_Weight_Perturbation_Sensitivity,fluid,533,0,0.0519786874896999
Table_Weight_Perturbation_Sensitivity,fluid,534,0,0.0615260304894225
Table_Weight_Perturbation_Sensitivity,fluid,535,0,0.0316045007787435
Table_Weight_Perturbation_Sensitivity,fluid,536,0,0.0455746612804501
Table_Weight_Perturbation_Sensitivity,fluid,537,0,0.0519441193749333
Table_Weight_Perturbation_Sensitivity,fluid,538,0,0.0352951903596262
Table_Weight_Perturbation_Sensitivity,fluid,539,0,0.039476326736756
Table_Weight_Perturbation_Sensitivity,fluid,540,0,0.0696297517654372
Table_Weight_Perturbation_Sensitivity,fluid,541,0,0.0412477189094253
Table_Weight_Perturbation_Sensitivity,fluid,542,0,0.0691285020591028
Table_Weight_Perturbation_Sensitivity,fluid,543,0,0.0437249291629957
Table_Weight_Perturbation_Sensitivity,fluid,544,0,0.0528091348894502
Table_Weight_Perturbation_Sensitivity,fluid,545,0,0.0219844205818744
Table_Weight_Perturbation_Sensitivity,fluid,546,0,0.0186360813320062
Table_Weight_Perturbation_Sensitivity,fluid,547,0,0.0219998101884066
Table_Weight_Perturbation_Sensitivity,fluid,548,0,0.0290372966213664
Table_Weight_Perturbation_Sensitivity,fluid,549,0,0.0391036091801605
Table_Weight_Perturbation_Sensitivity,fluid,550,0,0.0404828418478601
Table_Weight_Perturbation_Sensitivity,fluid,551,0,0.0323615869148583
Table_Weight_Perturbation_Sensitivity,fluid,552,0,0.0236257791028194
Table_Weight_Perturbation_Sensitivity,fluid,553,0,0.0202668327124514
Table_Weight_Perturbation_Sensitivity,fluid,554,0,0.0177050172908435
Table_Weight_Perturbation_Sensitivity,fluid,555,0,0.0248894702784008
Table_Weight_Perturbation_Sensitivity,fluid,556,0,0.0652900032783723
Table_Weight_Perturbation_Sensitivity,fluid,557,0,0.0171081220864939
Table_Weight_Perturbation_Sensitivity,fluid,558,0,0.0120696963600236
Table_Weight_Perturbation_Sensitivity,fluid,559,0,0.062293442479619
Table_Weight_Perturbation_Sensitivity,fluid,560,0,0.0787219163113457
Table_Weight_Perturbation_Sensitivity,fluid,561,0,0.0542035786352275
Table_Weight_Perturbation_Sensitivity,fluid,562,0,0.0577941558631025
Table_Weight_Perturbation_Sensitivity,fluid,563,0,0.0350385708455845
Table_Weight_Perturbation_Sensitivity,fluid,564,0,0.0528286314268282
Table_Weight_Perturbation_Sensitivity,fluid,565,0,0.0626923887795979
Table_Weight_Perturbation_Sensitivity,fluid,566,0,0.0573809460894847
Table_Weight_Perturbation_Sensitivity,fluid,567,0,0.0388190654984685
Table_Weight_Perturbation_Sensitivity,fluid,568,0,0.0402096074834918
Table_Weight_Perturbation_Sensitivity,fluid,569,0,0.0249931507320794
Table_Weight_Perturbation_Sensitivity,fluid,570,0,0.044751348628579
Table_Weight_Perturbation_Sensitivity,fluid,571,0,0.0241693449512278
Table_Weight_Perturbation_Sensitivity,fluid,572,0,0.0415230172015863
Table_Weight_Perturbation_Sensitivity,fluid,573,0,0.0401223323191809
Table_Weight_Perturbation_Sensitivity,fluid,574,0,0.0532862275166923
Table_Weight_Perturbation_Sensitivity,fluid,575,0,0.0367605607761569
Table_Weight_Perturbation_Sensitivity,fluid,576,0,0.0578745892969659
Table_Weight_Perturbation_Sensitivity,fluid,577,0,0.0804053785214586
Table_Weight_Perturbation_Sensitivity,fluid,578,0,0.0297838916072795
Table_Weight_Perturbation_Sensitivity,fluid,579,0,0.0469886557233088
Table_Weight_Perturbation_Sensitivity,fluid,580,0,0.0631619388529858
Table_Weight_Perturbation_Sensitivity,fluid,581,0,0.0365610536783255
Table_Weight_Perturbation_Sensitivity,fluid,582,0,0.0726546637469399
Table_Weight_Perturbation_Sensitivity,fluid,583,0,0.0456262061684809
Table_Weight_Perturbation_Sensitivity,fluid,584,0,0.0576039665476218
Table_Weight_Perturbation_Sensitivity,fluid,585,0,0.0642886599408212
Table_Weight_Perturbation_Sensitivity,fluid,586,0,0.0502813457556913
Table_Weight_Perturbation_Sensitivity,fluid,587,0,0.0778539885133899
Table_Weight_Perturbation_Sensitivity,fluid,588,0,0.0487337784020533
Table_Weight_Perturbation_Sensitivity,fluid,589,0,0.063976464450259
Table_Weight_Perturbation_Sensitivity,fluid,590,0,0.0430708357311971
Table_Weight_Perturbation_Sensitivity,fluid,591,0,0.0393650650674967
Table_Weight_Perturbation_Sensitivity,fluid,592,0,0.0625546884523118
Table_Weight_Perturbation_Sensitivity,fluid,593,0,0.0596196298025458
Table_Weight_Perturbation_Sensitivity,fluid,594,0,0.0428175328237218
Table_Weight_Perturbation_Sensitivity,fluid,595,0,0.0692161340451372
Table_Weight_Perturbation_Sensitivity,fluid,596,0,0.0226376843714227
Table_Weight_Perturbation_Sensitivity,fluid,597,0,0.0560987969650517
Table_Weight_Perturbation_Sensitivity,fluid,598,0,0.0733011868047255
Table_Weight_Perturbation_Sensitivity,fluid,599,0,0.0237828658402971
Table_Weight_Perturbation_Sensitivity,fluid,600,0,0.0496743469670499
Table_Weight_Perturbation_Sensitivity,fluid,601,0,0.0463071771627826
Table_Weight_Perturbation_Sensitivity,fluid,602,0,0.0426242237620518
Table_Weight_Perturbation_Sensitivity,fluid,603,0,0.0304512219533953
Table_Weight_Perturbation_Sensitivity,fluid,604,0,0.0459523895005984
Table_Weight_Perturbation_Sensitivity,fluid,605,0,0.0304514661376546
Table_Weight_Perturbation_Sensitivity,fluid,606,0,0.0420146937984833
Table_Weight_Perturbation_Sensitivity,fluid,607,0,0.0446393629183216
Table_Weight_Perturbation_Sensitivity,fluid,608,0,0.0273742439181606
Table_Weight_Perturbation_Sensitivity,fluid,609,0,0.0279727151820897
Table_Weight_Perturbation_Sensitivity,fluid,610,0,0.0711866446931881
Table_Weight_Perturbation_Sensitivity,fluid,611,0,0.0784735957748483
Table_Weight_Perturbation_Sensitivity,fluid,612,0,0.039839486478331
Table_Weight_Perturbation_Sensitivity,fluid,613,0,0.041885476530579
Table_Weight_Perturbation_Sensitivity,fluid,614,0,0.0419680730460019
Table_Weight_Perturbation_Sensitivity,fluid,615,0,0.0466332473671329
Table_Weight_Perturbation_Sensitivity,fluid,616,0,0.0446037834562403
Table_Weight_Perturbation_Sensitivity,fluid,617,0,0.0572609378191443
Table_Weight_Perturbation_Sensitivity,fluid,618,0,0.0675002228245014
Table_Weight_Perturbation_Sensitivity,fluid,619,0,0.0714304626242449
Table_Weight_Perturbation_Sensitivity,fluid,620,0,0.0462025886386145
Table_Weight_Perturbation_Sensitivity,fluid,621,0,0.0629890050440174
Table_Weight_Perturbation_Sensitivity,fluid,622,0,0.053556410561369
Table_Weight_Perturbation_Sensitivity,fluid,623,0,0.044694002499349
Table_Weight_Perturbation_Sensitivity,fluid,624,0,0.0555433397778993
Table_Weight_Perturbation_Sensitivity,fluid,625,0,0.0483778628253216
Table_Weight_Perturbation_Sensitivity,fluid,626,0,0.0486431223634834
Table_Weight_Perturbation_Sensitivity,fluid,627,0,0.0262093672254563
Table_Weight_Perturbation_Sensitivity,fluid,628,0,0.0541715564136927
Table_Weight_Perturbation_Sensitivity,fluid,629,0,0.054226911752225
Table_Weight_Perturbation_Sensitivity,fluid,630,0,0.0339586804940603
Table_Weight_Perturbation_Sensitivity,fluid,631,0,0.055604133350949
Table_Weight_Perturbation_Sensitivity,fluid,632,0,0.0330195397437266
Table_Weight_Perturbation_Sensitivity,fluid,633,0,0.0699948404568542
Table_Weight_Perturbation_Sensitivity,fluid,634,0,0.0311977664876362
Table_Weight_Perturbation_Sensitivity,fluid,635,0,0.0672016916834921
Table_Weight_Perturbation_Sensitivity,fluid,636,0,0.069234860371106
Table_Weight_Perturbation_Sensitivity,fluid,637,0,0.0434097625689885
Table_Weight_Perturbation_Sensitivity,fluid,638,0,0.0551382911349162
Table_Weight_Perturbation_Sensitivity,fluid,639,0,0.0521401939831785
Table_Weight_Perturbation_Sensitivity,fluid,640,0,0.048237280208909
Table_Weight_Perturbation_Sensitivity,fluid,641,0,0.0639291664656058
Table_Weight_Perturbation_Sensitivity,fluid,642,0,0.0220025696893278
Table_Weight_Perturbation_Sensitivity,fluid,643,0,0.0264938776771712
Table_Weight_Perturbation_Sensitivity,fluid,644,0,0.0265323938857165
Table_Weight_Perturbation_Sensitivity,fluid,645,0,0.0181052833069184
Table_Weight_Perturbation_Sensitivity,fluid,646,0,0.0330484290527432
Table_Weight_Perturbation_Sensitivity,fluid,647,0,0.0599668683174497
Table_Weight_Perturbation_Sensitivity,fluid,648,0,0.0368613664893048
Table_Weight_Perturbation_Sensitivity,fluid,649,0,0.0430554269785353
Table_Weight_Perturbation_Sensitivity,fluid,650,0,0.0432857964604859
Table_Weight_Perturbation_Sensitivity,fluid,651,0,0.0162328530104147
Table_Weight_Perturbation_Sensitivity,fluid,652,0,0.0314453353503715
Table_Weight_Perturbation_Sensitivity,fluid,653,0,0.0606280225986952
Table_Weight_Perturbation_Sensitivity,fluid,654,0,0.068431243276646
Table_Weight_Perturbation_Sensitivity,fluid,655,0,0.0365149285271928
Table_Weight_Perturbation_Sensitivity,fluid,656,0,0.0403436887534434
Table_Weight_Perturbation_Sensitivity,fluid,657,0,0.0430414369830503
Table_Weight_Perturbation_Sensitivity,fluid,658,0,0.0330208950000332
Table_Weight_Perturbation_Sensitivity,fluid,659,0,0.0303196425748552
Table_Weight_Perturbation_Sensitivity,fluid,660,0,0.037780453006671
Table_Weight_Perturbation_Sensitivity,fluid,661,0,0.0491561419465493
Table_Weight_Perturbation_Sensitivity,fluid,662,0,0.0419724925075566
Table_Weight_Perturbation_Sensitivity,fluid,663,0,0.0297052192169765
Table_Weight_Perturbation_Sensitivity,fluid,664,0,0.0467073332238447
Table_Weight_Perturbation_Sensitivity,fluid,665,0,0.0453008561932389
Table_Weight_Perturbation_Sensitivity,fluid,666,0,0.0802090371305997
Table_Weight_Perturbation_Sensitivity,fluid,667,0,0.0281413905863674
Table_Weight_Perturbation_Sensitivity,fluid,668,0,0.0375795761185779
Table_Weight_Perturbation_Sensitivity,fluid,669,0,0.0251892688506465
Table_Weight_Perturbation_Sensitivity,fluid,670,0,0.0620055094978194
Table_Weight_Perturbation_Sensitivity,fluid,671,0,0.0351588992985614
Table_Weight_Perturbation_Sensitivity,fluid,672,0,0.0484623360779062
Table_Weight_Perturbation_Sensitivity,fluid,673,0,0.0229513362272307
Table_Weight_Perturbation_Sensitivity,fluid,674,0,0.0650835398387425
Table_Weight_Perturbation_Sensitivity,fluid,675,0,0.0215891573096202
Table_Weight_Perturbation_Sensitivity,fluid,676,0,0.0376453915508798
Table_Weight_Perturbation_Sensitivity,fluid,677,0,0.0430348316073299
Table_Weight_Perturbation_Sensitivity,fluid,678,0,0.0595127613134813
Table_Weight_Perturbation_Sensitivity,fluid,679,0,0.0611984541743686
Table_Weight_Perturbation_Sensitivity,fluid,680,0,0.0867511617851647
Table_Weight_Perturbation_Sensitivity,fluid,681,0,0.0466968665818974
Table_Weight_Perturbation_Sensitivity,fluid,682,0,0.0433133316925763
Table_Weight_Perturbation_Sensitivity,fluid,683,0,0.0509416887103527
Table_Weight_Perturbation_Sensitivity,fluid,684,0,0.042914811483971
Table_Weight_Perturbation_Sensitivity,fluid,685,0,0.0271354633597172
Table_Weight_Perturbation_Sensitivity,fluid,686,0,0.0490130682580596
Table_Weight_Perturbation_Sensitivity,fluid,687,0,0.0747379914191655
Table_Weight_Perturbation_Sensitivity,fluid,688,0,0.0282428943502542
Table_Weight_Perturbation_Sensitivity,fluid,689,0,0.0298569090976327
Table_Weight_Perturbation_Sensitivity,fluid,690,0,0.058094902533391
Table_Weight_Perturbation_Sensitivity,fluid,691,0,0.0435517423685346
Table_Weight_Perturbation_Sensitivity,fluid,692,0,0.05845962235664
Table_Weight_Perturbation_Sensitivity,fluid,693,0,0.0301050492828486
Table_Weight_Perturbation_Sensitivity,fluid,694,0,0.0501570760237066
Table_Weight_Perturbation_Sensitivity,fluid,695,0,0.0746963068284205
Table_Weight_Perturbation_Sensitivity,fluid,696,0,0.0555951182858253
Table_Weight_Perturbation_Sensitivity,fluid,697,0,0.0774739784041705
Table_Weight_Perturbation_Sensitivity,fluid,698,0,0.0656794515789642
Table_Weight_Perturbation_Sensitivity,fluid,699,0,0.0531803825786852
Table_Weight_Perturbation_Sensitivity,fluid,700,0,0.0649705038479409
Table_Weight_Perturbation_Sensitivity,fluid,701,0,0.034374183723975
Table_Weight_Perturbation_Sensitivity,fluid,702,0,0.0214460139043798
Table_Weight_Perturbation_Sensitivity,fluid,703,0,0.0400813529857931
Table_Weight_Perturbation_Sensitivity,fluid,704,0,0.0443230525412016
Table_Weight_Perturbation_Sensitivity,fluid,705,0,0.0465258875783588
Table_Weight_Perturbation_Sensitivity,fluid,706,0,0.0405559766477445
Table_Weight_Perturbation_Sensitivity,fluid,707,0,0.065282654880689
Table_Weight_Perturbation_Sensitivity,fluid,708,0,0.0274769291446244
Table_Weight_Perturbation_Sensitivity,fluid,709,0,0.0512661037643363
Table_Weight_Perturbation_Sensitivity,fluid,710,0,0.0912769472881045
Table_Weight_Perturbation_Sensitivity,fluid,711,0,0.0255741998173656
Table_Weight_Perturbation_Sensitivity,fluid,712,0,0.0352672304153038
Table_Weight_Perturbation_Sensitivity,fluid,713,0,0.0391990366494601
Table_Weight_Perturbation_Sensitivity,fluid,714,0,0.0611727782554855
Table_Weight_Perturbation_Sensitivity,fluid,715,0,0.0380376869066388
Table_Weight_Perturbation_Sensitivity,fluid,716,0,0.0485403476940455
Table_Weight_Perturbation_Sensitivity,fluid,717,0,0.057942138341233
Table_Weight_Perturbation_Sensitivity,fluid,718,0,0.022861068120532
Table_Weight_Perturbation_Sensitivity,fluid,719,0,0.020317776016753
Table_Weight_Perturbation_Sensitivity,fluid,720,0,0.0301419398417786
Table_Weight_Perturbation_Sensitivity,fluid,721,0,0.0478184785967938
Table_Weight_Perturbation_Sensitivity,fluid,722,0,0.047309524599606
Table_Weight_Perturbation_Sensitivity,fluid,723,0,0.0254201641225972
Table_Weight_Perturbation_Sensitivity,fluid,724,0,0.0663439287784916
Table_Weight_Perturbation_Sensitivity,fluid,725,0,0.0596180572734915
Table_Weight_Perturbation_Sensitivity,fluid,726,0,0.0262892826902967
Table_Weight_Perturbation_Sensitivity,fluid,727,0,0.0332744597372131
Table_Weight_Perturbation_Sensitivity,fluid,728,0,0.0442237310251994
Table_Weight_Perturbation_Sensitivity,fluid,729,0,0.0100633743830853
Table_Weight_Perturbation_Sensitivity,fluid,730,0,0.0383391120824315
Table_Weight_Perturbation_Sensitivity,fluid,731,0,0.0218468116121122
Table_Weight_Perturbation_Sensitivity,fluid,732,0,0.055489269820685
Table_Weight_Perturbation_Sensitivity,fluid,733,0,0.0730856450918121
Table_Weight_Perturbation_Sensitivity,fluid,734,0,0.0576891368458734
Table_Weight_Perturbation_Sensitivity,fluid,735,0,0.0243476778757606
Table_Weight_Perturbation_Sensitivity,fluid,736,0,0.042168982630011
Table_Weight_Perturbation_Sensitivity,fluid,737,0,0.0480273854781958
Table_Weight_Perturbation_Sensitivity,fluid,738,0,0.0560518421029795
Table_Weight_Perturbation_Sensitivity,fluid,739,0,0.0417455659318911
Table_Weight_Perturbation_Sensitivity,fluid,740,0,0.044041333951605
Table_Weight_Perturbation_Sensitivity,fluid,741,0,0.0723689627754253
Table_Weight_Perturbation_Sensitivity,fluid,742,0,0.0731292519098106
Table_Weight_Perturbation_Sensitivity,fluid,743,0,0.0528595889008942
Table_Weight_Perturbation_Sensitivity,fluid,744,0,0.0222908383782085
Table_Weight_Perturbation_Sensitivity,fluid,745,0,0.0310529875484691
Table_Weight_Perturbation_Sensitivity,fluid,746,0,0.0406687589841132
Table_Weight_Perturbation_Sensitivity,fluid,747,0,0.0790999981404719
Table_Weight_Perturbation_Sensitivity,fluid,748,0,0.0316417541144004
Table_Weight_Perturbation_Sensitivity,fluid,749,0,0.0160668356843607
Table_Weight_Perturbation_Sensitivity,fluid,750,0,0.0416252629647227
Table_Weight_Perturbation_Sensitivity,fluid,751,0,0.0494266778926526
Table_Weight_Perturbation_Sensitivity,fluid,752,0,0.021905844263021
Table_Weight_Perturbation_Sensitivity,fluid,753,0,0.0265385312141734
Table_Weight_Perturbation_Sensitivity,fluid,754,0,0.0501925762397354
Table_Weight_Perturbation_Sensitivity,fluid,755,0,0.0331328892717459
Table_Weight_Perturbation_Sensitivity,fluid,756,0,0.0442661738690984
Table_Weight_Perturbation_Sensitivity,fluid,757,0,0.0569257508871042
Table_Weight_Perturbation_Sensitivity,fluid,758,0,0.0370613969645739
Table_Weight_Perturbation_Sensitivity,fluid,759,0,0.0298192060752781
Table_Weight_Perturbation_Sensitivity,fluid,760,0,0.0714864171703741
Table_Weight_Perturbation_Sensitivity,fluid,761,0,0.0808636007235318
Table_Weight_Perturbation_Sensitivity,fluid,762,0,0.0406240489835663
Table_Weight_Perturbation_Sensitivity,fluid,763,0,0.0344324665037426
Table_Weight_Perturbation_Sensitivity,fluid,764,0,0.0710739339586268
Table_Weight_Perturbation_Sensitivity,fluid,765,0,0.0717188665740246
Table_Weight_Perturbation_Sensitivity,fluid,766,0,0.0419161411125167
Table_Weight_Perturbation_Sensitivity,fluid,767,0,0.0630496336891515
Table_Weight_Perturbation_Sensitivity,fluid,768,0,0.0253036525857938
Table_Weight_Perturbation_Sensitivity,fluid,769,0,0.0701900075656464
Table_Weight_Perturbation_Sensitivity,fluid,770,0,0.031869591899777
Table_Weight_Perturbation_Sensitivity,fluid,771,0,0.0466395190825944
Table_Weight_Perturbation_Sensitivity,fluid,772,0,0.0568437728701534
Table_Weight_Perturbation_Sensitivity,fluid,773,0,0.0498930579708069
Table_Weight_Perturbation_Sensitivity,fluid,774,0,0.0522903539229768
Table_Weight_Perturbation_Sensitivity,fluid,775,0,0.0194735873730376
Table_Weight_Perturbation_Sensitivity,fluid,776,0,0.0444167205722791
Table_Weight_Perturbation_Sensitivity,fluid,777,0,0.0346577283050607
Table_Weight_Perturbation_Sensitivity,fluid,778,0,0.101419932722679
Table_Weight_Perturbation_Sensitivity,fluid,779,0,0.0399580960129918
Table_Weight_Perturbation_Sensitivity,fluid,780,0,0.0061131073087828
Table_Weight_Perturbation_Sensitivity,fluid,781,0,0.0499401808033031
Table_Weight_Perturbation_Sensitivity,fluid,782,0,0.0597789193302212
Table_Weight_Perturbation_Sensitivity,fluid,783,0,0.0139560490256165
Table_Weight_Perturbation_Sensitivity,fluid,784,0,0.022258159983054
Table_Weight_Perturbation_Sensitivity,fluid,785,0,0.0596993627004949
Table_Weight_Perturbation_Sensitivity,fluid,786,0,0.0915836776326611
Table_Weight_Perturbation_Sensitivity,fluid,787,0,0.0258782110648367
Table_Weight_Perturbation_Sensitivity,fluid,788,0,0.030255410359661
Table_Weight_Perturbation_Sensitivity,fluid,789,0,0.047454403506682
Table_Weight_Perturbation_Sensitivity,fluid,790,0,0.0535785897436808
Table_Weight_Perturbation_Sensitivity,fluid,791,0,0.0648477483768725
Table_Weight_Perturbation_Sensitivity,fluid,792,0,0.0647308076137817
Table_Weight_Perturbation_Sensitivity,fluid,793,0,0.0428519177192115
Table_Weight_Perturbation_Sensitivity,fluid,794,0,0.0656570084583869
Table_Weight_Perturbation_Sensitivity,fluid,795,0,0.0324018801254532
Table_Weight_Perturbation_Sensitivity,fluid,796,0,0.02188239039533
Table_Weight_Perturbation_Sensitivity,fluid,797,0,0.0501497653241336
Table_Weight_Perturbation_Sensitivity,fluid,798,0,0.0302566368752759
Table_Weight_Perturbation_Sensitivity,fluid,799,0,0.0441179116631192
Table_Weight_Perturbation_Sensitivity,fluid,800,0,0.0234132099907813
Table_Weight_Perturbation_Sensitivity,fluid,801,0,0.0265570588410874
Table_Weight_Perturbation_Sensitivity,fluid,802,0,0.0175452163803637
Table_Weight_Perturbation_Sensitivity,fluid,803,0,0.0710113072612404
Table_Weight_Perturbation_Sensitivity,fluid,804,0,0.0781568698221495
Table_Weight_Perturbation_Sensitivity,fluid,805,0,0.0394531719727913
Table_Weight_Perturbation_Sensitivity,fluid,806,0,0.0564238995202994
Table_Weight_Perturbation_Sensitivity,fluid,807,0,0.072992878476155
Table_Weight_Perturbation_Sensitivity,fluid,808,0,0.0176040295936369
Table_Weight_Perturbation_Sensitivity,fluid,809,0,0.0375012625602685
Table_Weight_Perturbation_Sensitivity,fluid,810,0,0.0978526853439318
Table_Weight_Perturbation_Sensitivity,fluid,811,0,0.0686696383760715
Table_Weight_Perturbation_Sensitivity,fluid,812,0,0.0496327338491615
Table_Weight_Perturbation_Sensitivity,fluid,813,0,0.0718530059405049
Table_Weight_Perturbation_Sensitivity,fluid,814,0,0.0624285019121867
Table_Weight_Perturbation_Sensitivity,fluid,815,0,0.0273894090839043
Table_Weight_Perturbation_Sensitivity,fluid,816,0,0.0340193820244314
Table_Weight_Perturbation_Sensitivity,fluid,817,0,0.0476257450029302
Table_Weight_Perturbation_Sensitivity,fluid,818,0,0.0511869466886185
Table_Weight_Perturbation_Sensitivity,fluid,819,0,0.0743407543693433
Table_Weight_Perturbation_Sensitivity,fluid,820,0,0.0446502243808945
Table_Weight_Perturbation_Sensitivity,fluid,821,0,0.0388064750901185
Table_Weight_Perturbation_Sensitivity,fluid,822,0,0.0438888967037147
Table_Weight_Perturbation_Sensitivity,fluid,823,0,0.0471002340682622
Table_Weight_Perturbation_Sensitivity,fluid,824,0,0.0358817128064491
Table_Weight_Perturbation_Sensitivity,fluid,825,0,0.0325585130700015
Table_Weight_Perturbation_Sensitivity,fluid,826,0,0.0396641472799299
Table_Weight_Perturbation_Sensitivity,fluid,827,0,0.0477870464266334
Table_Weight_Perturbation_Sensitivity,fluid,828,0,0.0491942033216891
Table_Weight_Perturbation_Sensitivity,fluid,829,0,0.0639809424296062
Table_Weight_Perturbation_Sensitivity,fluid,830,0,0.0761253067268647
Table_Weight_Perturbation_Sensitivity,fluid,831,0,0.0307368828680924
Table_Weight_Perturbation_Sensitivity,fluid,832,0,0.0436998208074572
Table_Weight_Perturbation_Sensitivity,fluid,833,0,0.0252822560188586
Table_Weight_Perturbation_Sensitivity,fluid,834,0,0.0638503629235189
Table_Weight_Perturbation_Sensitivity,fluid,835,0,0.0228738385353219
Table_Weight_Perturbation_Sensitivity,fluid,836,0,0.0373205843259638
Table_Weight_Perturbation_Sensitivity,fluid,837,0,0.0371351850439513
Table_Weight_Perturbation_Sensitivity,fluid,838,0,0.0396764598453904
Table_Weight_Perturbation_Sensitivity,fluid,839,0,0.0287616430489922
Table_Weight_Perturbation_Sensitivity,fluid,840,0,0.04972465988266
Table_Weight_Perturbation_Sensitivity,fluid,841,0,0.0584519497061218
Table_Weight_Perturbation_Sensitivity,fluid,842,0,0.046143819338264
Table_Weight_Perturbation_Sensitivity,fluid,843,0,0.0598741958339309
Table_Weight_Perturbation_Sensitivity,fluid,844,0,0.0857887095688686
Table_Weight_Perturbation_Sensitivity,fluid,845,0,0.0317432182426826
Table_Weight_Perturbation_Sensitivity,fluid,846,0,0.0538753380086476
Table_Weight_Perturbation_Sensitivity,fluid,847,0,0.0341147219684538
Table_Weight_Perturbation_Sensitivity,fluid,848,0,0.0330824697599931
Table_Weight_Perturbation_Sensitivity,fluid,849,0,0.0177097004052435
Table_Weight_Perturbation_Sensitivity,fluid,850,0,0.045847508189199
Table_Weight_Perturbation_Sensitivity,fluid,851,0,0.0422101695585816
Table_Weight_Perturbation_Sensitivity,fluid,852,0,0.0350428109237573
Table_Weight_Perturbation_Sensitivity,fluid,853,0,0.0422844155325146
Table_Weight_Perturbation_Sensitivity,fluid,854,0,0.0152028554206833
Table_Weight_Perturbation_Sensitivity,fluid,855,0,0.0663569036870245
Table_Weight_Perturbation_Sensitivity,fluid,856,0,0.0548742611485074
Table_Weight_Perturbation_Sensitivity,fluid,857,0,0.0733919851233064
Table_Weight_Perturbation_Sensitivity,fluid,858,0,0.0276842730470138
Table_Weight_Perturbation_Sensitivity,fluid,859,0,0.0607718317969191
Table_Weight_Perturbation_Sensitivity,fluid,860,0,0.0222326214001297
Table_Weight_Perturbation_Sensitivity,fluid,861,0,0.0770545969240693
Table_Weight_Perturbation_Sensitivity,fluid,862,0,0.045171348082224
Table_Weight_Perturbation_Sensitivity,fluid,863,0,0.0722225760477467
Table_Weight_Perturbation_Sensitivity,fluid,864,0,0.0192162311298143
Table_Weight_Perturbation_Sensitivity,fluid,865,0,0.0706641677062882
Table_Weight_Perturbation_Sensitivity,fluid,866,0,0.0226929939774737
Table_Weight_Perturbation_Sensitivity,fluid,867,0,0.0644563262087157
Table_Weight_Perturbation_Sensitivity,fluid,868,0,0.0449337963651431
Table_Weight_Perturbation_Sensitivity,fluid,869,0,0.0402826852940165
Table_Weight_Perturbation_Sensitivity,fluid,870,0,0.125031723101785
Table_Weight_Perturbation_Sensitivity,fluid,871,0,0.0587196661439212
Table_Weight_Perturbation_Sensitivity,fluid,872,0,0.0483354884333078
Table_Weight_Perturbation_Sensitivity,fluid,873,0,0.0344096125752555
Table_Weight_Perturbation_Sensitivity,fluid,874,0,0.0512055765230056
Table_Weight_Perturbation_Sensitivity,fluid,875,0,0.0282813546456904
Table_Weight_Perturbation_Sensitivity,fluid,876,0,0.0375762211022678
Table_Weight_Perturbation_Sensitivity,fluid,877,0,0.0393963046955074
Table_Weight_Perturbation_Sensitivity,fluid,878,0,0.0201832723451826
Table_Weight_Perturbation_Sensitivity,fluid,879,0,0.029198384940701
Table_Weight_Perturbation_Sensitivity,fluid,880,0,0.0387841763243142
Table_Weight_Perturbation_Sensitivity,fluid,881,0,0.0200075390159472
Table_Weight_Perturbation_Sensitivity,fluid,882,0,0.0148121036179076
Table_Weight_Perturbation_Sensitivity,fluid,883,0,0.0452258364166781
Table_Weight_Perturbation_Sensitivity,fluid,884,0,0.0671105340842631
Table_Weight_Perturbation_Sensitivity,fluid,885,0,0.0775797966997581
Table_Weight_Perturbation_Sensitivity,fluid,886,0,0.0764739510595807
Table_Weight_Perturbation_Sensitivity,fluid,887,0,0.0392568745011715
Table_Weight_Perturbation_Sensitivity,fluid,888,0,0.0352577807186468
Table_Weight_Perturbation_Sensitivity,fluid,889,0,0.0428347001889596
Table_Weight_Perturbation_Sensitivity,fluid,890,0,0.072826425482584
Table_Weight_Perturbation_Sensitivity,fluid,891,0,0.0201381398783187
Table_Weight_Perturbation_Sensitivity,fluid,892,0,0.0368348361075707
Table_Weight_Perturbation_Sensitivity,fluid,893,0,0.0643742593197683
Table_Weight_Perturbation_Sensitivity,fluid,894,0,0.0380714495217695
Table_Weight_Perturbation_Sensitivity,fluid,895,0,0.0285875909132023
Table_Weight_Perturbation_Sensitivity,fluid,896,0,0.0288667793681688
Table_Weight_Perturbation_Sensitivity,fluid,897,0,0.0502436215829118
Table_Weight_Perturbation_Sensitivity,fluid,898,0,0.0410152396193041
Table_Weight_Perturbation_Sensitivity,fluid,899,0,0.0415316526121466
Table_Weight_Perturbation_Sensitivity,fluid,900,0,0.0485831332032334
Table_Weight_Perturbation_Sensitivity,fluid,901,0,0.0439324676012514
Table_Weight_Perturbation_Sensitivity,fluid,902,0,0.0362059183245319
Table_Weight_Perturbation_Sensitivity,fluid,903,0,0.0373574102148888
Table_Weight_Perturbation_Sensitivity,fluid,904,0,0.0863870965180639
Table_Weight_Perturbation_Sensitivity,fluid,905,0,0.0347750131939789
Table_Weight_Perturbation_Sensitivity,fluid,906,0,0.0545441777447482
Table_Weight_Perturbation_Sensitivity,fluid,907,0,0.0469921428081258
Table_Weight_Perturbation_Sensitivity,fluid,908,0,0.0720945261717565
Table_Weight_Perturbation_Sensitivity,fluid,909,0,0.0209203692092847
Table_Weight_Perturbation_Sensitivity,fluid,910,0,0.0544690124264178
Table_Weight_Perturbation_Sensitivity,fluid,911,0,0.0408383979981597
Table_Weight_Perturbation_Sensitivity,fluid,912,0,0.021257232711958
Table_Weight_Perturbation_Sensitivity,fluid,913,0,0.0875704148985006
Table_Weight_Perturbation_Sensitivity,fluid,914,0,0.0414709697709775
Table_Weight_Perturbation_Sensitivity,fluid,915,0,0.0811625133536946
Table_Weight_Perturbation_Sensitivity,fluid,916,0,0.0740489143494975
Table_Weight_Perturbation_Sensitivity,fluid,917,0,0.0267796636464736
Table_Weight_Perturbation_Sensitivity,fluid,918,0,0.0425617076139746
Table_Weight_Perturbation_Sensitivity,fluid,919,0,0.0400488444057499
Table_Weight_Perturbation_Sensitivity,fluid,920,0,0.082626588853658
Table_Weight_Perturbation_Sensitivity,fluid,921,0,0.0342531015937472
Table_Weight_Perturbation_Sensitivity,fluid,922,0,0.0358465109812097
Table_Weight_Perturbation_Sensitivity,fluid,923,0,0.0493670105080819
Table_Weight_Perturbation_Sensitivity,fluid,924,0,0.0397671114435395
Table_Weight_Perturbation_Sensitivity,fluid,925,0,0.0378429756974311
Table_Weight_Perturbation_Sensitivity,fluid,926,0,0.0271959047144142
Table_Weight_Perturbation_Sensitivity,fluid,927,0,0.075525024895628
Table_Weight_Perturbation_Sensitivity,fluid,928,0,0.0327644451899785
Table_Weight_Perturbation_Sensitivity,fluid,929,0,0.0407864220517567
Table_Weight_Perturbation_Sensitivity,fluid,930,0,0.0437873041549923
Table_Weight_Perturbation_Sensitivity,fluid,931,0,0.033783266097752
Table_Weight_Perturbation_Sensitivity,fluid,932,0,0.0730137133263588
Table_Weight_Perturbation_Sensitivity,fluid,933,0,0.0540355405988031
Table_Weight_Perturbation_Sensitivity,fluid,934,0,0.0329139179149623
Table_Weight_Perturbation_Sensitivity,fluid,935,0,0.0948781734651821
Table_Weight_Perturbation_Sensitivity,fluid,936,0,0.0849132881741523
Table_Weight_Perturbation_Sensitivity,fluid,937,0,0.0558680594583141
Table_Weight_Perturbation_Sensitivity,fluid,938,0,0.0535479161992482
Table_Weight_Perturbation_Sensitivity,fluid,939,0,0.0413562777391365
Table_Weight_Perturbation_Sensitivity,fluid,940,0,0.0145872759973505
Table_Weight_Perturbation_Sensitivity,fluid,941,0,0.0416927803468835
Table_Weight_Perturbation_Sensitivity,fluid,942,0,0.040987140641889
Table_Weight_Perturbation_Sensitivity,fluid,943,0,0.0725256385554548
Table_Weight_Perturbation_Sensitivity,fluid,944,0,0.0631585938466483
Table_Weight_Perturbation_Sensitivity,fluid,945,0,0.0880415412358748
Table_Weight_Perturbation_Sensitivity,fluid,946,0,0.0326165402364483
Table_Weight_Perturbation_Sensitivity,fluid,947,0,0.0290226340410476
Table_Weight_Perturbation_Sensitivity,fluid,948,0,0.0266147184664132
Table_Weight_Perturbation_Sensitivity,fluid,949,0,0.0733373826848621
Table_Weight_Perturbation_Sensitivity,fluid,950,0,0.0295309875718697
Table_Weight_Perturbation_Sensitivity,fluid,951,0,0.0136921244877607
Table_Weight_Perturbation_Sensitivity,fluid,952,0,0.0642901512288639
Table_Weight_Perturbation_Sensitivity,fluid,953,0,0.0577368825906524
Table_Weight_Perturbation_Sensitivity,fluid,954,0,0.0516304963695221
Table_Weight_Perturbation_Sensitivity,fluid,955,0,0.0622288944414983
Table_Weight_Perturbation_Sensitivity,fluid,956,0,0.0839113922170531
Table_Weight_Perturbation_Sensitivity,fluid,957,0,0.0410915573818503
Table_Weight_Perturbation_Sensitivity,fluid,958,0,0.075132980144566
Table_Weight_Perturbation_Sensitivity,fluid,959,0,0.0857001350671583
Table_Weight_Perturbation_Sensitivity,fluid,960,0,0.04190844872214
Table_Weight_Perturbation_Sensitivity,fluid,961,0,0.0326624526606809
Table_Weight_Perturbation_Sensitivity,fluid,962,0,0.0522636772114348
Table_Weight_Perturbation_Sensitivity,fluid,963,0,0.025809703787357
Table_Weight_Perturbation_Sensitivity,fluid,964,0,0.0332784744537941
Table_Weight_Perturbation_Sensitivity,fluid,965,0,0.026780934486471
Table_Weight_Perturbation_Sensitivity,fluid,966,0,0.0439813107757897
Table_Weight_Perturbation_Sensitivity,fluid,967,0,0.0376459089796292
Table_Weight_Perturbation_Sensitivity,fluid,968,0,0.0472265684581053
Table_Weight_Perturbation_Sensitivity,fluid,969,0,0.0449736422462277
Table_Weight_Perturbation_Sensitivity,fluid,970,0,0.0318651912674746
Table_Weight_Perturbation_Sensitivity,fluid,971,0,0.0402863665457786
Table_Weight_Perturbation_Sensitivity,fluid,972,0,0.0719661223469971
Table_Weight_Perturbation_Sensitivity,fluid,973,0,0.0265467190478671
Table_Weight_Perturbation_Sensitivity,fluid,974,0,0.0888127379965913
Table_Weight_Perturbation_Sensitivity,fluid,975,0,0.0627454784580145
Table_Weight_Perturbation_Sensitivity,fluid,976,0,0.0127197285061242
Table_Weight_Perturbation_Sensitivity,fluid,977,0,0.0473291905744984
Table_Weight_Perturbation_Sensitivity,fluid,978,0,0.0493039509213582
Table_Weight_Perturbation_Sensitivity,fluid,979,0,0.0377040827320687
Table_Weight_Perturbation_Sensitivity,fluid,980,0,0.0355630726100925
Table_Weight_Perturbation_Sensitivity,fluid,981,0,0.033499441654194
Table_Weight_Perturbation_Sensitivity,fluid,982,0,0.0423181012628169
Table_Weight_Perturbation_Sensitivity,fluid,983,0,0.0343266688330862
Table_Weight_Perturbation_Sensitivity,fluid,984,0,0.0486049125928762
Table_Weight_Perturbation_Sensitivity,fluid,985,0,0.0254925383335863
Table_Weight_Perturbation_Sensitivity,fluid,986,0,0.0149128147924999
Table_Weight_Perturbation_Sensitivity,fluid,987,0,0.00558479640192365
Table_Weight_Perturbation_Sensitivity,fluid,988,0,0.0429753464670584
Table_Weight_Perturbation_Sensitivity,fluid,989,0,0.0430393704323312
Table_Weight_Perturbation_Sensitivity,fluid,990,0,0.0372318812192765
Table_Weight_Perturbation_Sensitivity,fluid,991,0,0.0415224477444516
Table_Weight_Perturbation_Sensitivity,fluid,992,0,0.0288359941067098
Table_Weight_Perturbation_Sensitivity,fluid,993,0,0.0719769604131756
Table_Weight_Perturbation_Sensitivity,fluid,994,0,0.0735654882595019
Table_Weight_Perturbation_Sensitivity,fluid,995,0,0.0768374433542828
Table_Weight_Perturbation_Sensitivity,fluid,996,0,0.0880442174540561
Table_Weight_Perturbation_Sensitivity,fluid,997,0,0.0258183443658872
Table_Weight_Perturbation_Sensitivity,fluid,998,0,0.0252873597087144
Table_Weight_Perturbation_Sensitivity,fluid,999,0,0.0491794643747665
Table_Weight_Perturbation_Sensitivity,fluid,1000,0,0.0433229978916878
Table_Weight_Perturbation_Sensitivity,solid,1,0,0.0300040575685605
Table_Weight_Perturbation_Sensitivity,solid,2,0.002,0.0670328339641998
Table_Weight_Perturbation_Sensitivity,solid,3,0,0.0515692172034943
Table_Weight_Perturbation_Sensitivity,solid,4,0.002,0.0519396684897974
Table_Weight_Perturbation_Sensitivity,solid,5,0.002,0.0486738759034222
Table_Weight_Perturbation_Sensitivity,solid,6,0.002,0.0418953488850842
Table_Weight_Perturbation_Sensitivity,solid,7,0,0.035711087480777
Table_Weight_Perturbation_Sensitivity,solid,8,0,0.0219136281016339
Table_Weight_Perturbation_Sensitivity,solid,9,0,0.0321693225790984
Table_Weight_Perturbation_Sensitivity,solid,10,0,0.0274200350462297
Table_Weight_Perturbation_Sensitivity,solid,11,0,0.0531954118303165
Table_Weight_Perturbation_Sensitivity,solid,12,0.002,0.0221047006165205
Table_Weight_Perturbation_Sensitivity,solid,13,0,0.0258981290596568
Table_Weight_Perturbation_Sensitivity,solid,14,0.002,0.0405102867683
Table_Weight_Perturbation_Sensitivity,solid,15,0,0.0484375982192476
Table_Weight_Perturbation_Sensitivity,solid,16,0,0.0294707279507543
Table_Weight_Perturbation_Sensitivity,solid,17,0.002,0.0483620507225381
Table_Weight_Perturbation_Sensitivity,solid,18,0,0.0540745564406222
Table_Weight_Perturbation_Sensitivity,solid,19,0.002,0.024180317391156
Table_Weight_Perturbation_Sensitivity,solid,20,0.002,0.0526653327258023
Table_Weight_Perturbation_Sensitivity,solid,21,0,0.0347268554047957
Table_Weight_Perturbation_Sensitivity,solid,22,0.002,0.0404573921963192
Table_Weight_Perturbation_Sensitivity,solid,23,0,0.0342749066447835
Table_Weight_Perturbation_Sensitivity,solid,24,0.002,0.0680530152544653
Table_Weight_Perturbation_Sensitivity,solid,25,0.002,0.0340137175831801
Table_Weight_Perturbation_Sensitivity,solid,26,0,0.0529638374908697
Table_Weight_Perturbation_Sensitivity,solid,27,0,0.0437952089538692
Table_Weight_Perturbation_Sensitivity,solid,28,0.002,0.059510573425522
Table_Weight_Perturbation_Sensitivity,solid,29,0,0.0722665114770227
Table_Weight_Perturbation_Sensitivity,solid,30,0,0.0354957755659783
Table_Weight_Perturbation_Sensitivity,solid,31,0,0.0278439237499144
Table_Weight_Perturbation_Sensitivity,solid,32,0.002,0.0264643977527908
Table_Weight_Perturbation_Sensitivity,solid,33,0,0.0684006562264897
Table_Weight_Perturbation_Sensitivity,solid,34,0,0.0630809481686777
Table_Weight_Perturbation_Sensitivity,solid,35,0,0.0270950413312943
Table_Weight_Perturbation_Sensitivity,solid,36,0,0.0257124421328102
Table_Weight_Perturbation_Sensitivity,solid,37,0.002,0.053890195629187
Table_Weight_Perturbation_Sensitivity,solid,38,0,0.0459519179253372
Table_Weight_Perturbation_Sensitivity,solid,39,0.002,0.038483648539053
Table_Weight_Perturbation_Sensitivity,solid,40,0.002,0.053241568476998
Table_Weight_Perturbation_Sensitivity,solid,41,0.002,0.0312347574878336
Table_Weight_Perturbation_Sensitivity,solid,42,0.002,0.0461670133127538
Table_Weight_Perturbation_Sensitivity,solid,43,0,0.0418932712505733
Table_Weight_Perturbation_Sensitivity,solid,44,0,0.0718301896578366
Table_Weight_Perturbation_Sensitivity,solid,45,0.002,0.0431895163179673
Table_Weight_Perturbation_Sensitivity,solid,46,0,0.0507590859529544
Table_Weight_Perturbation_Sensitivity,solid,47,0,0.0521234740533491
Table_Weight_Perturbation_Sensitivity,solid,48,0,0.0485503106655469
Table_Weight_Perturbation_Sensitivity,solid,49,0,0.0363703122535303
Table_Weight_Perturbation_Sensitivity,solid,50,0,0.0316063124367828
Table_Weight_Perturbation_Sensitivity,solid,51,0.002,0.0455020870603821
Table_Weight_Perturbation_Sensitivity,solid,52,0,0.0696840029980319
Table_Weight_Perturbation_Sensitivity,solid,53,0.002,0.0756775472936319
Table_Weight_Perturbation_Sensitivity,solid,54,0,0.0450906645388518
Table_Weight_Perturbation_Sensitivity,solid,55,0,0.0211547077751975
Table_Weight_Perturbation_Sensitivity,solid,56,0.002,0.0319404993848309
Table_Weight_Perturbation_Sensitivity,solid,57,0.002,0.059758457309664
Table_Weight_Perturbation_Sensitivity,solid,58,0.002,0.0680749141764829
Table_Weight_Perturbation_Sensitivity,solid,59,0.002,0.078905467150089
Table_Weight_Perturbation_Sensitivity,solid,60,0,0.0496438501294162
Table_Weight_Perturbation_Sensitivity,solid,61,0,0.0606120057484005
Table_Weight_Perturbation_Sensitivity,solid,62,0.002,0.0415973812653459
Table_Weight_Perturbation_Sensitivity,solid,63,0.002,0.0827933369596198
Table_Weight_Perturbation_Sensitivity,solid,64,0,0.0418771651721332
Table_Weight_Perturbation_Sensitivity,solid,65,0,0.0273357015001925
Table_Weight_Perturbation_Sensitivity,solid,66,0,0.05157561618735
Table_Weight_Perturbation_Sensitivity,solid,67,0,0.0645110074032703
Table_Weight_Perturbation_Sensitivity,solid,68,0.002,0.0665566862062153
Table_Weight_Perturbation_Sensitivity,solid,69,0,0.0369784625335441
Table_Weight_Perturbation_Sensitivity,solid,70,0.002,0.0521107749045415
Table_Weight_Perturbation_Sensitivity,solid,71,0.002,0.0696821098416015
Table_Weight_Perturbation_Sensitivity,solid,72,0,0.0464163671404062
Table_Weight_Perturbation_Sensitivity,solid,73,0.002,0.0409159323021731
Table_Weight_Perturbation_Sensitivity,solid,74,0,0.0598352194161729
Table_Weight_Perturbation_Sensitivity,solid,75,0,0.0530338408757694
Table_Weight_Perturbation_Sensitivity,solid,76,0.002,0.0490895493581483
Table_Weight_Perturbation_Sensitivity,solid,77,0.002,0.0436419514905777
Table_Weight_Perturbation_Sensitivity,solid,78,0.004,0.0870023908405481
Table_Weight_Perturbation_Sensitivity,solid,79,0.002,0.0768399030979439
Table_Weight_Perturbation_Sensitivity,solid,80,0.002,0.0412529995420923
Table_Weight_Perturbation_Sensitivity,solid,81,0.002,0.0357852890696619
Table_Weight_Perturbation_Sensitivity,solid,82,0,0.0317511744705545
Table_Weight_Perturbation_Sensitivity,solid,83,0.002,0.0782231675119557
Table_Weight_Perturbation_Sensitivity,solid,84,0.002,0.0309736053789399
Table_Weight_Perturbation_Sensitivity,solid,85,0,0.0222590807584647
Table_Weight_Perturbation_Sensitivity,solid,86,0,0.0326681502764227
Table_Weight_Perturbation_Sensitivity,solid,87,0,0.0407767656438014
Table_Weight_Perturbation_Sensitivity,solid,88,0,0.0429333643588935
Table_Weight_Perturbation_Sensitivity,solid,89,0.002,0.0572578513914602
Table_Weight_Perturbation_Sensitivity,solid,90,0,0.0450846588904819
Table_Weight_Perturbation_Sensitivity,solid,91,0,0.0299642724651259
Table_Weight_Perturbation_Sensitivity,solid,92,0,0.0358913542591473
Table_Weight_Perturbation_Sensitivity,solid,93,0,0.0584453687324614
Table_Weight_Perturbation_Sensitivity,solid,94,0,0.0453437580014968
Table_Weight_Perturbation_Sensitivity,solid,95,0,0.0226805869432613
Table_Weight_Perturbation_Sensitivity,solid,96,0,0.0253037928746257
Table_Weight_Perturbation_Sensitivity,solid,97,0.002,0.0737248005147973
Table_Weight_Perturbation_Sensitivity,solid,98,0.002,0.0306250749317968
Table_Weight_Perturbation_Sensitivity,solid,99,0.002,0.0172283352814565
Table_Weight_Perturbation_Sensitivity,solid,100,0,0.0156090056615991
Table_Weight_Perturbation_Sensitivity,solid,101,0.002,0.05271913882335
Table_Weight_Perturbation_Sensitivity,solid,102,0,0.0551446944949227
Table_Weight_Perturbation_Sensitivity,solid,103,0,0.0461518772396547
Table_Weight_Perturbation_Sensitivity,solid,104,0.002,0.0489570987245397
Table_Weight_Perturbation_Sensitivity,solid,105,0.002,0.0288697397694784
Table_Weight_Perturbation_Sensitivity,solid,106,0.002,0.0564929048524857
Table_Weight_Perturbation_Sensitivity,solid,107,0,0.0470005477004268
Table_Weight_Perturbation_Sensitivity,solid,108,0.002,0.0676448721923397
Table_Weight_Perturbation_Sensitivity,solid,109,0,0.0701272012245447
Table_Weight_Perturbation_Sensitivity,solid,110,0.002,0.0427422956001778
Table_Weight_Perturbation_Sensitivity,solid,111,0.002,0.0218547675254699
Table_Weight_Perturbation_Sensitivity,solid,112,0.002,0.0612243635213464
Table_Weight_Perturbation_Sensitivity,solid,113,0,0.0341871312551474
Table_Weight_Perturbation_Sensitivity,solid,114,0.002,0.0802075138680174
Table_Weight_Perturbation_Sensitivity,solid,115,0,0.041402430494472
Table_Weight_Perturbation_Sensitivity,solid,116,0.002,0.0518718547736669
Table_Weight_Perturbation_Sensitivity,solid,117,0,0.0293579354636062
Table_Weight_Perturbation_Sensitivity,solid,118,0.002,0.0272365332195033
Table_Weight_Perturbation_Sensitivity,solid,119,0,0.0623364716607697
Table_Weight_Perturbation_Sensitivity,solid,120,0.002,0.047630008747896
Table_Weight_Perturbation_Sensitivity,solid,121,0.002,0.057036020098876
Table_Weight_Perturbation_Sensitivity,solid,122,0,0.0585245653151571
Table_Weight_Perturbation_Sensitivity,solid,123,0.002,0.0534480568036966
Table_Weight_Perturbation_Sensitivity,solid,124,0,0.0256228286087584
Table_Weight_Perturbation_Sensitivity,solid,125,0.002,0.0256079224286237
Table_Weight_Perturbation_Sensitivity,solid,126,0,0.0336857069270306
Table_Weight_Perturbation_Sensitivity,solid,127,0,0.0608689241367386
Table_Weight_Perturbation_Sensitivity,solid,128,0.002,0.0717008218857174
Table_Weight_Perturbation_Sensitivity,solid,129,0,0.0548849975614889
Table_Weight_Perturbation_Sensitivity,solid,130,0.002,0.031674388860263
Table_Weight_Perturbation_Sensitivity,solid,131,0,0.0647211329729722
Table_Weight_Perturbation_Sensitivity,solid,132,0.002,0.0237334319605239
Table_Weight_Perturbation_Sensitivity,solid,133,0,0.0260971986937206
Table_Weight_Perturbation_Sensitivity,solid,134,0.002,0.0388568458102624
Table_Weight_Perturbation_Sensitivity,solid,135,0,0.0317402706964806
Table_Weight_Perturbation_Sensitivity,solid,136,0,0.0217882499374743
Table_Weight_Perturbation_Sensitivity,solid,137,0.002,0.0255209440098227
Table_Weight_Perturbation_Sensitivity,solid,138,0,0.054989849857477
Table_Weight_Perturbation_Sensitivity,solid,139,0.002,0.0426566452803283
Table_Weight_Perturbation_Sensitivity,solid,140,0,0.0291252108343387
Table_Weight_Perturbation_Sensitivity,solid,141,0,0.0586746101670188
Table_Weight_Perturbation_Sensitivity,solid,142,0.002,0.0267113717741158
Table_Weight_Perturbation_Sensitivity,solid,143,0.002,0.0498034115842354
Table_Weight_Perturbation_Sensitivity,solid,144,0,0.0461644797528641
Table_Weight_Perturbation_Sensitivity,solid,145,0,0.0232986495029075
Table_Weight_Perturbation_Sensitivity,solid,146,0,0.0331872718563682
Table_Weight_Perturbation_Sensitivity,solid,147,0.002,0.0331732711050461
Table_Weight_Perturbation_Sensitivity,solid,148,0,0.0745335619298371
Table_Weight_Perturbation_Sensitivity,solid,149,0,0.0700684137233171
Table_Weight_Perturbation_Sensitivity,solid,150,0.002,0.0245242720577831
Table_Weight_Perturbation_Sensitivity,solid,151,0.002,0.0277286833985593
Table_Weight_Perturbation_Sensitivity,solid,152,0,0.0318836545160252
Table_Weight_Perturbation_Sensitivity,solid,153,0,0.0121983336095599
Table_Weight_Perturbation_Sensitivity,solid,154,0.002,0.0682398105137558
Table_Weight_Perturbation_Sensitivity,solid,155,0.002,0.044169279379016
Table_Weight_Perturbation_Sensitivity,solid,156,0.002,0.0234226551933163
Table_Weight_Perturbation_Sensitivity,solid,157,0.002,0.03560249051295
Table_Weight_Perturbation_Sensitivity,solid,158,0.002,0.0335392752602298
Table_Weight_Perturbation_Sensitivity,solid,159,0,0.0404512218895234
Table_Weight_Perturbation_Sensitivity,solid,160,0,0.0366462653304215
Table_Weight_Perturbation_Sensitivity,solid,161,0.002,0.0268321969735539
Table_Weight_Perturbation_Sensitivity,solid,162,0,0.0156108947896872
Table_Weight_Perturbation_Sensitivity,solid,163,0,0.0541944089133477
Table_Weight_Perturbation_Sensitivity,solid,164,0,0.0612407169827389
Table_Weight_Perturbation_Sensitivity,solid,165,0,0.0480933848571881
Table_Weight_Perturbation_Sensitivity,solid,166,0.002,0.0451100307267252
Table_Weight_Perturbation_Sensitivity,solid,167,0,0.0404823548259728
Table_Weight_Perturbation_Sensitivity,solid,168,0.002,0.0486558579931684
Table_Weight_Perturbation_Sensitivity,solid,169,0,0.0124445794964514
Table_Weight_Perturbation_Sensitivity,solid,170,0,0.0610515233913283
Table_Weight_Perturbation_Sensitivity,solid,171,0.002,0.0638706138801835
Table_Weight_Perturbation_Sensitivity,solid,172,0.002,0.064288940650564
Table_Weight_Perturbation_Sensitivity,solid,173,0,0.0529725490366729
Table_Weight_Perturbation_Sensitivity,solid,174,0.002,0.0645144559949104
Table_Weight_Perturbation_Sensitivity,solid,175,0,0.0460337241637838
Table_Weight_Perturbation_Sensitivity,solid,176,0.002,0.0357029047339777
Table_Weight_Perturbation_Sensitivity,solid,177,0.002,0.0575808544580617
Table_Weight_Perturbation_Sensitivity,solid,178,0,0.0483262699794701
Table_Weight_Perturbation_Sensitivity,solid,179,0,0.0264009900043095
Table_Weight_Perturbation_Sensitivity,solid,180,0,0.0477406859060188
Table_Weight_Perturbation_Sensitivity,solid,181,0,0.0723702791521824
Table_Weight_Perturbation_Sensitivity,solid,182,0.002,0.0532860708591223
Table_Weight_Perturbation_Sensitivity,solid,183,0,0.0241430712848555
Table_Weight_Perturbation_Sensitivity,solid,184,0.002,0.0110740400954526
Table_Weight_Perturbation_Sensitivity,solid,185,0.002,0.0560657019477458
Table_Weight_Perturbation_Sensitivity,solid,186,0.002,0.0336435003285564
Table_Weight_Perturbation_Sensitivity,solid,187,0.002,0.0651585818728826
Table_Weight_Perturbation_Sensitivity,solid,188,0.002,0.0427502971368594
Table_Weight_Perturbation_Sensitivity,solid,189,0,0.0287724305931863
Table_Weight_Perturbation_Sensitivity,solid,190,0,0.0496126915495759
Table_Weight_Perturbation_Sensitivity,solid,191,0.002,0.0280747611766709
Table_Weight_Perturbation_Sensitivity,solid,192,0,0.0644828151377357
Table_Weight_Perturbation_Sensitivity,solid,193,0.002,0.015184570831162
Table_Weight_Perturbation_Sensitivity,solid,194,0.002,0.0331437255736342
Table_Weight_Perturbation_Sensitivity,solid,195,0,0.0458984915897284
Table_Weight_Perturbation_Sensitivity,solid,196,0.002,0.0523048320886335
Table_Weight_Perturbation_Sensitivity,solid,197,0,0.0257868063271154
Table_Weight_Perturbation_Sensitivity,solid,198,0,0.0352988151847073
Table_Weight_Perturbation_Sensitivity,solid,199,0,0.0336375875305317
Table_Weight_Perturbation_Sensitivity,solid,200,0,0.0377714341958451
Table_Weight_Perturbation_Sensitivity,solid,201,0.002,0.0704257525850048
Table_Weight_Perturbation_Sensitivity,solid,202,0.002,0.0150304135720687
Table_Weight_Perturbation_Sensitivity,solid,203,0.002,0.0575652972901299
Table_Weight_Perturbation_Sensitivity,solid,204,0,0.0551084656740709
Table_Weight_Perturbation_Sensitivity,solid,205,0,0.0250480169500738
Table_Weight_Perturbation_Sensitivity,solid,206,0,0.0308263895615709
Table_Weight_Perturbation_Sensitivity,solid,207,0.002,0.0647218900012126
Table_Weight_Perturbation_Sensitivity,solid,208,0,0.0494814177652326
Table_Weight_Perturbation_Sensitivity,solid,209,0.002,0.036090573092811
Table_Weight_Perturbation_Sensitivity,solid,210,0.002,0.0275487746983793
Table_Weight_Perturbation_Sensitivity,solid,211,0.002,0.038951041729899
Table_Weight_Perturbation_Sensitivity,solid,212,0,0.0425642724235985
Table_Weight_Perturbation_Sensitivity,solid,213,0,0.0734739172976658
Table_Weight_Perturbation_Sensitivity,solid,214,0.002,0.0218350013813391
Table_Weight_Perturbation_Sensitivity,solid,215,0,0.0545237524301554
Table_Weight_Perturbation_Sensitivity,solid,216,0,0.0392363286581932
Table_Weight_Perturbation_Sensitivity,solid,217,0.002,0.0475496686353347
Table_Weight_Perturbation_Sensitivity,solid,218,0.002,0.0232074962161332
Table_Weight_Perturbation_Sensitivity,solid,219,0.002,0.0291332281215988
Table_Weight_Perturbation_Sensitivity,solid,220,0.002,0.0590435391668821
Table_Weight_Perturbation_Sensitivity,solid,221,0,0.0645382159206635
Table_Weight_Perturbation_Sensitivity,solid,222,0.002,0.0468715405819919
Table_Weight_Perturbation_Sensitivity,solid,223,0.002,0.0387037539090535
Table_Weight_Perturbation_Sensitivity,solid,224,0,0.0504770248198172
Table_Weight_Perturbation_Sensitivity,solid,225,0.002,0.046511691740881
Table_Weight_Perturbation_Sensitivity,solid,226,0,0.0321665572165894
Table_Weight_Perturbation_Sensitivity,solid,227,0.002,0.0353436390904615
Table_Weight_Perturbation_Sensitivity,solid,228,0.002,0.0160635609893981
Table_Weight_Perturbation_Sensitivity,solid,229,0,0.044626169644153
Table_Weight_Perturbation_Sensitivity,solid,230,0,0.0299211397520641
Table_Weight_Perturbation_Sensitivity,solid,231,0,0.0344635464809753
Table_Weight_Perturbation_Sensitivity,solid,232,0,0.0503603586392769
Table_Weight_Perturbation_Sensitivity,solid,233,0.002,0.0198601902098623
Table_Weight_Perturbation_Sensitivity,solid,234,0,0.0381981692809091
Table_Weight_Perturbation_Sensitivity,solid,235,0.002,0.0567918654445906
Table_Weight_Perturbation_Sensitivity,solid,236,0.002,0.0402807473602745
Table_Weight_Perturbation_Sensitivity,solid,237,0,0.0313058527894926
Table_Weight_Perturbation_Sensitivity,solid,238,0.002,0.0466154148230233
Table_Weight_Perturbation_Sensitivity,solid,239,0.002,0.0415897684807836
Table_Weight_Perturbation_Sensitivity,solid,240,0.002,0.043915676929988
Table_Weight_Perturbation_Sensitivity,solid,241,0.002,0.0874729726042536
Table_Weight_Perturbation_Sensitivity,solid,242,0.002,0.0740765645877749
Table_Weight_Perturbation_Sensitivity,solid,243,0,0.0496641414702455
Table_Weight_Perturbation_Sensitivity,solid,244,0.002,0.0367801808450356
Table_Weight_Perturbation_Sensitivity,solid,245,0,0.0336537805375772
Table_Weight_Perturbation_Sensitivity,solid,246,0.002,0.0409343585142279
Table_Weight_Perturbation_Sensitivity,solid,247,0,0.0586759942315403
Table_Weight_Perturbation_Sensitivity,solid,248,0.002,0.0304992146473035
Table_Weight_Perturbation_Sensitivity,solid,249,0,0.0769957359204155
Table_Weight_Perturbation_Sensitivity,solid,250,0.002,0.0343332758252465
Table_Weight_Perturbation_Sensitivity,solid,251,0.002,0.0434250496721625
Table_Weight_Perturbation_Sensitivity,solid,252,0.002,0.033852899476565
Table_Weight_Perturbation_Sensitivity,solid,253,0.002,0.0137305197520502
Table_Weight_Perturbation_Sensitivity,solid,254,0,0.0581801067344952
Table_Weight_Perturbation_Sensitivity,solid,255,0,0.0106640782013266
Table_Weight_Perturbation_Sensitivity,solid,256,0.002,0.043350586098318
Table_Weight_Perturbation_Sensitivity,solid,257,0.002,0.0485591991788105
Table_Weight_Perturbation_Sensitivity,solid,258,0,0.0225932428833214
Table_Weight_Perturbation_Sensitivity,solid,259,0.002,0.0445845142740315
Table_Weight_Perturbation_Sensitivity,solid,260,0,0.0497185841464927
Table_Weight_Perturbation_Sensitivity,solid,261,0.002,0.0849978629839246
Table_Weight_Perturbation_Sensitivity,solid,262,0,0.0330820098262587
Table_Weight_Perturbation_Sensitivity,solid,263,0,0.085879062309792
Table_Weight_Perturbation_Sensitivity,solid,264,0.002,0.0574627892292289
Table_Weight_Perturbation_Sensitivity,solid,265,0.002,0.0423790100216042
Table_Weight_Perturbation_Sensitivity,solid,266,0.002,0.0396996576601163
Table_Weight_Perturbation_Sensitivity,solid,267,0,0.0534557683112313
Table_Weight_Perturbation_Sensitivity,solid,268,0.002,0.0187660396306194
Table_Weight_Perturbation_Sensitivity,solid,269,0.002,0.0546252553441482
Table_Weight_Perturbation_Sensitivity,solid,270,0.002,0.0562936597007464
Table_Weight_Perturbation_Sensitivity,solid,271,0,0.0477998344023652
Table_Weight_Perturbation_Sensitivity,solid,272,0,0.0606254473082477
Table_Weight_Perturbation_Sensitivity,solid,273,0,0.0513764566192767
Table_Weight_Perturbation_Sensitivity,solid,274,0.002,0.0836357851810603
Table_Weight_Perturbation_Sensitivity,solid,275,0,0.0265154753589451
Table_Weight_Perturbation_Sensitivity,solid,276,0.002,0.0599639905307516
Table_Weight_Perturbation_Sensitivity,solid,277,0,0.0620218576238325
Table_Weight_Perturbation_Sensitivity,solid,278,0,0.0475523242760844
Table_Weight_Perturbation_Sensitivity,solid,279,0.002,0.0648224618087724
Table_Weight_Perturbation_Sensitivity,solid,280,0,0.0467159305939435
Table_Weight_Perturbation_Sensitivity,solid,281,0.002,0.0230227736827257
Table_Weight_Perturbation_Sensitivity,solid,282,0,0.042065789760003
Table_Weight_Perturbation_Sensitivity,solid,283,0.002,0.0467288958520048
Table_Weight_Perturbation_Sensitivity,solid,284,0.002,0.0386968434060717
Table_Weight_Perturbation_Sensitivity,solid,285,0,0.0328635336203326
Table_Weight_Perturbation_Sensitivity,solid,286,0.002,0.0570820465299409
Table_Weight_Perturbation_Sensitivity,solid,287,0.002,0.0569794025143423
Table_Weight_Perturbation_Sensitivity,solid,288,0.002,0.0272760667108988
Table_Weight_Perturbation_Sensitivity,solid,289,0,0.0416409829979289
Table_Weight_Perturbation_Sensitivity,solid,290,0.002,0.0456387213777662
Table_Weight_Perturbation_Sensitivity,solid,291,0,0.0444624016729364
Table_Weight_Perturbation_Sensitivity,solid,292,0,0.069193617256154
Table_Weight_Perturbation_Sensitivity,solid,293,0.002,0.0398978091199052
Table_Weight_Perturbation_Sensitivity,solid,294,0,0.0503617608550316
Table_Weight_Perturbation_Sensitivity,solid,295,0.002,0.0254174113744687
Table_Weight_Perturbation_Sensitivity,solid,296,0.002,0.0631494387735329
Table_Weight_Perturbation_Sensitivity,solid,297,0,0.0271112719613244
Table_Weight_Perturbation_Sensitivity,solid,298,0.002,0.0763921487392989
Table_Weight_Perturbation_Sensitivity,solid,299,0.002,0.091783027913501
Table_Weight_Perturbation_Sensitivity,solid,300,0.002,0.0417404673777806
Table_Weight_Perturbation_Sensitivity,solid,301,0,0.0438144426318414
Table_Weight_Perturbation_Sensitivity,solid,302,0,0.0528828811048584
Table_Weight_Perturbation_Sensitivity,solid,303,0,0.0314531409408496
Table_Weight_Perturbation_Sensitivity,solid,304,0,0.0363278250319107
Table_Weight_Perturbation_Sensitivity,solid,305,0,0.0619663404819116
Table_Weight_Perturbation_Sensitivity,solid,306,0.002,0.0426385922595629
Table_Weight_Perturbation_Sensitivity,solid,307,0,0.0144664655191909
Table_Weight_Perturbation_Sensitivity,solid,308,0.002,0.0587902843230329
Table_Weight_Perturbation_Sensitivity,solid,309,0,0.0266756176166238
Table_Weight_Perturbation_Sensitivity,solid,310,0.002,0.0628873351589204
Table_Weight_Perturbation_Sensitivity,solid,311,0,0.0193198918054379
Table_Weight_Perturbation_Sensitivity,solid,312,0,0.0290528888978
Table_Weight_Perturbation_Sensitivity,solid,313,0.002,0.0471933557532292
Table_Weight_Perturbation_Sensitivity,solid,314,0.002,0.0304187726772817
Table_Weight_Perturbation_Sensitivity,solid,315,0.002,0.0356338261982212
Table_Weight_Perturbation_Sensitivity,solid,316,0,0.0455382978187933
Table_Weight_Perturbation_Sensitivity,solid,317,0.002,0.0238978748642137
Table_Weight_Perturbation_Sensitivity,solid,318,0,0.0307732042733103
Table_Weight_Perturbation_Sensitivity,solid,319,0,0.0526128065711218
Table_Weight_Perturbation_Sensitivity,solid,320,0,0.0289823818145701
Table_Weight_Perturbation_Sensitivity,solid,321,0,0.0117233635113269
Table_Weight_Perturbation_Sensitivity,solid,322,0,0.0367967853577641
Table_Weight_Perturbation_Sensitivity,solid,323,0.002,0.0514004438983232
Table_Weight_Perturbation_Sensitivity,solid,324,0,0.0712460558128555
Table_Weight_Perturbation_Sensitivity,solid,325,0.002,0.049483734378274
Table_Weight_Perturbation_Sensitivity,solid,326,0,0.0252642166784153
Table_Weight_Perturbation_Sensitivity,solid,327,0,0.0348999610733202
Table_Weight_Perturbation_Sensitivity,solid,328,0.002,0.0422306163099934
Table_Weight_Perturbation_Sensitivity,solid,329,0,0.0307015085572025
Table_Weight_Perturbation_Sensitivity,solid,330,0,0.0245698991367308
Table_Weight_Perturbation_Sensitivity,solid,331,0.002,0.0542620902425062
Table_Weight_Perturbation_Sensitivity,solid,332,0.002,0.0226908147582617
Table_Weight_Perturbation_Sensitivity,solid,333,0.002,0.0372392494740105
Table_Weight_Perturbation_Sensitivity,solid,334,0,0.0642455273496989
Table_Weight_Perturbation_Sensitivity,solid,335,0,0.0292880828000702
Table_Weight_Perturbation_Sensitivity,solid,336,0.002,0.0369780468278698
Table_Weight_Perturbation_Sensitivity,solid,337,0.002,0.0225722469609414
Table_Weight_Perturbation_Sensitivity,solid,338,0,0.0505567020753907
Table_Weight_Perturbation_Sensitivity,solid,339,0.002,0.0715937108697894
Table_Weight_Perturbation_Sensitivity,solid,340,0.002,0.0355042003498254
Table_Weight_Perturbation_Sensitivity,solid,341,0.002,0.0260614784635121
Table_Weight_Perturbation_Sensitivity,solid,342,0.002,0.0378630928979518
Table_Weight_Perturbation_Sensitivity,solid,343,0,0.0377558986680953
Table_Weight_Perturbation_Sensitivity,solid,344,0.002,0.0278595914276591
Table_Weight_Perturbation_Sensitivity,solid,345,0,0.0590542833094396
Table_Weight_Perturbation_Sensitivity,solid,346,0.002,0.0795092966489006
Table_Weight_Perturbation_Sensitivity,solid,347,0.002,0.0425470209888625
Table_Weight_Perturbation_Sensitivity,solid,348,0,0.0445334355132063
Table_Weight_Perturbation_Sensitivity,solid,349,0.002,0.0547018775436874
Table_Weight_Perturbation_Sensitivity,solid,350,0.002,0.0364483220790203
Table_Weight_Perturbation_Sensitivity,solid,351,0,0.044716704597545
Table_Weight_Perturbation_Sensitivity,solid,352,0.002,0.0461762427880887
Table_Weight_Perturbation_Sensitivity,solid,353,0.002,0.0451530538100295
Table_Weight_Perturbation_Sensitivity,solid,354,0,0.0504175252675293
Table_Weight_Perturbation_Sensitivity,solid,355,0.002,0.0278116267297279
Table_Weight_Perturbation_Sensitivity,solid,356,0,0.0128870115853992
Table_Weight_Perturbation_Sensitivity,solid,357,0,0.0473954961915857
Table_Weight_Perturbation_Sensitivity,solid,358,0,0.0536575915317703
Table_Weight_Perturbation_Sensitivity,solid,359,0,0.0599765699500434
Table_Weight_Perturbation_Sensitivity,solid,360,0.002,0.0410770120937055
Table_Weight_Perturbation_Sensitivity,solid,361,0,0.0489865978499467
Table_Weight_Perturbation_Sensitivity,solid,362,0.002,0.0425271499964402
Table_Weight_Perturbation_Sensitivity,solid,363,0,0.044612404419571
Table_Weight_Perturbation_Sensitivity,solid,364,0.002,0.0238838299705302
Table_Weight_Perturbation_Sensitivity,solid,365,0,0.0168899821594949
Table_Weight_Perturbation_Sensitivity,solid,366,0,0.0464528923882038
Table_Weight_Perturbation_Sensitivity,solid,367,0,0.0117016486980917
Table_Weight_Perturbation_Sensitivity,solid,368,0.002,0.0387639748598747
Table_Weight_Perturbation_Sensitivity,solid,369,0,0.0582844957632839
Table_Weight_Perturbation_Sensitivity,solid,370,0,0.0813860067182116
Table_Weight_Perturbation_Sensitivity,solid,371,0,0.0483122053693062
Table_Weight_Perturbation_Sensitivity,solid,372,0,0.0498690033165287
Table_Weight_Perturbation_Sensitivity,solid,373,0,0.0335087293195716
Table_Weight_Perturbation_Sensitivity,solid,374,0,0.0283058552363552
Table_Weight_Perturbation_Sensitivity,solid,375,0,0.0328714037719544
Table_Weight_Perturbation_Sensitivity,solid,376,0,0.00915600419364528
Table_Weight_Perturbation_Sensitivity,solid,377,0,0.0162650066779816
Table_Weight_Perturbation_Sensitivity,solid,378,0.002,0.0301159717516239
Table_Weight_Perturbation_Sensitivity,solid,379,0,0.034625466493276
Table_Weight_Perturbation_Sensitivity,solid,380,0.002,0.0445001055215635
Table_Weight_Perturbation_Sensitivity,solid,381,0.002,0.0524528674083689
Table_Weight_Perturbation_Sensitivity,solid,382,0,0.0305685669905102
Table_Weight_Perturbation_Sensitivity,solid,383,0.002,0.067370623156341
Table_Weight_Perturbation_Sensitivity,solid,384,0,0.0401083046136106
Table_Weight_Perturbation_Sensitivity,solid,385,0.002,0.0421689541833436
Table_Weight_Perturbation_Sensitivity,solid,386,0,0.037648043257048
Table_Weight_Perturbation_Sensitivity,solid,387,0,0.038711924234294
Table_Weight_Perturbation_Sensitivity,solid,388,0.002,0.0411061997930986
Table_Weight_Perturbation_Sensitivity,solid,389,0,0.036154311551619
Table_Weight_Perturbation_Sensitivity,solid,390,0,0.0384944366977484
Table_Weight_Perturbation_Sensitivity,solid,391,0,0.0551876974183387
Table_Weight_Perturbation_Sensitivity,solid,392,0,0.0610528756754999
Table_Weight_Perturbation_Sensitivity,solid,393,0,0.0558696710114229
Table_Weight_Perturbation_Sensitivity,solid,394,0,0.0307852105349291
Table_Weight_Perturbation_Sensitivity,solid,395,0,0.0228908896184021
Table_Weight_Perturbation_Sensitivity,solid,396,0,0.0340011297557721
Table_Weight_Perturbation_Sensitivity,solid,397,0,0.029337495449651
Table_Weight_Perturbation_Sensitivity,solid,398,0,0.0380617801452256
Table_Weight_Perturbation_Sensitivity,solid,399,0,0.0444137337131939
Table_Weight_Perturbation_Sensitivity,solid,400,0,0.0549108595171126
Table_Weight_Perturbation_Sensitivity,solid,401,0,0.0455319962468862
Table_Weight_Perturbation_Sensitivity,solid,402,0.002,0.0694803087631068
Table_Weight_Perturbation_Sensitivity,solid,403,0.002,0.0403125871616961
Table_Weight_Perturbation_Sensitivity,solid,404,0.002,0.0697173259101563
Table_Weight_Perturbation_Sensitivity,solid,405,0,0.0328629436296208
Table_Weight_Perturbation_Sensitivity,solid,406,0.002,0.0401118420111774
Table_Weight_Perturbation_Sensitivity,solid,407,0.002,0.0405452705502126
Table_Weight_Perturbation_Sensitivity,solid,408,0,0.0462998180548921
Table_Weight_Perturbation_Sensitivity,solid,409,0.002,0.0427531996056742
Table_Weight_Perturbation_Sensitivity,solid,410,0,0.0309106948007438
Table_Weight_Perturbation_Sensitivity,solid,411,0.002,0.0420255510139757
Table_Weight_Perturbation_Sensitivity,solid,412,0,0.0506428148553357
Table_Weight_Perturbation_Sensitivity,solid,413,0,0.055857202471569
Table_Weight_Perturbation_Sensitivity,solid,414,0.002,0.0319461490443398
Table_Weight_Perturbation_Sensitivity,solid,415,0.002,0.0677691272683746
Table_Weight_Perturbation_Sensitivity,solid,416,0.002,0.0348823427604166
Table_Weight_Perturbation_Sensitivity,solid,417,0.002,0.0436680511766499
Table_Weight_Perturbation_Sensitivity,solid,418,0,0.0385156328463942
Table_Weight_Perturbation_Sensitivity,solid,419,0,0.0807503109910817
Table_Weight_Perturbation_Sensitivity,solid,420,0,0.0376404202342503
Table_Weight_Perturbation_Sensitivity,solid,421,0.002,0.0493655954105542
Table_Weight_Perturbation_Sensitivity,solid,422,0,0.0601773868240244
Table_Weight_Perturbation_Sensitivity,solid,423,0.002,0.018607426526219
Table_Weight_Perturbation_Sensitivity,solid,424,0,0.0495901472769418
Table_Weight_Perturbation_Sensitivity,solid,425,0,0.0468126200368431
Table_Weight_Perturbation_Sensitivity,solid,426,0,0.0580244461007387
Table_Weight_Perturbation_Sensitivity,solid,427,0.002,0.0929551163286342
Table_Weight_Perturbation_Sensitivity,solid,428,0.002,0.0489199961988907
Table_Weight_Perturbation_Sensitivity,solid,429,0,0.0534118210845915
Table_Weight_Perturbation_Sensitivity,solid,430,0,0.0508302014257189
Table_Weight_Perturbation_Sensitivity,solid,431,0,0.0776646438196397
Table_Weight_Perturbation_Sensitivity,solid,432,0,0.0160539359204463
Table_Weight_Perturbation_Sensitivity,solid,433,0.002,0.0393481309270817
Table_Weight_Perturbation_Sensitivity,solid,434,0.002,0.0443893545677496
Table_Weight_Perturbation_Sensitivity,solid,435,0,0.034499198589122
Table_Weight_Perturbation_Sensitivity,solid,436,0.002,0.0349528070511404
Table_Weight_Perturbation_Sensitivity,solid,437,0,0.0456698630781199
Table_Weight_Perturbation_Sensitivity,solid,438,0.002,0.0345914171529606
Table_Weight_Perturbation_Sensitivity,solid,439,0,0.0636618127989066
Table_Weight_Perturbation_Sensitivity,solid,440,0.002,0.0566701985550964
Table_Weight_Perturbation_Sensitivity,solid,441,0,0.0191564563584165
Table_Weight_Perturbation_Sensitivity,solid,442,0,0.0751671366208536
Table_Weight_Perturbation_Sensitivity,solid,443,0,0.0338595044085308
Table_Weight_Perturbation_Sensitivity,solid,444,0,0.0433364916825222
Table_Weight_Perturbation_Sensitivity,solid,445,0.002,0.0565859497350885
Table_Weight_Perturbation_Sensitivity,solid,446,0.002,0.0577362146567926
Table_Weight_Perturbation_Sensitivity,solid,447,0.002,0.0489485869643783
Table_Weight_Perturbation_Sensitivity,solid,448,0,0.0591989016194283
Table_Weight_Perturbation_Sensitivity,solid,449,0.002,0.0234408640394679
Table_Weight_Perturbation_Sensitivity,solid,450,0.002,0.0483180330146167
Table_Weight_Perturbation_Sensitivity,solid,451,0.002,0.0229796565791109
Table_Weight_Perturbation_Sensitivity,solid,452,0,0.0415869755604065
Table_Weight_Perturbation_Sensitivity,solid,453,0,0.0612687124608005
Table_Weight_Perturbation_Sensitivity,solid,454,0,0.0516992763449717
Table_Weight_Perturbation_Sensitivity,solid,455,0.002,0.0314867421083931
Table_Weight_Perturbation_Sensitivity,solid,456,0.002,0.053190705069986
Table_Weight_Perturbation_Sensitivity,solid,457,0.002,0.0600943599919965
Table_Weight_Perturbation_Sensitivity,solid,458,0,0.0407979442319606
Table_Weight_Perturbation_Sensitivity,solid,459,0,0.0392589889380808
Table_Weight_Perturbation_Sensitivity,solid,460,0.002,0.0236596584110449
Table_Weight_Perturbation_Sensitivity,solid,461,0.002,0.0240093407412022
Table_Weight_Perturbation_Sensitivity,solid,462,0.002,0.0885131508806769
Table_Weight_Perturbation_Sensitivity,solid,463,0.002,0.0308548790357643
Table_Weight_Perturbation_Sensitivity,solid,464,0.002,0.0318103612441626
Table_Weight_Perturbation_Sensitivity,solid,465,0,0.0503059387844132
Table_Weight_Perturbation_Sensitivity,solid,466,0,0.0498713347334898
Table_Weight_Perturbation_Sensitivity,solid,467,0,0.0322825394808077
Table_Weight_Perturbation_Sensitivity,solid,468,0,0.0294592486654939
Table_Weight_Perturbation_Sensitivity,solid,469,0,0.0272062041595742
Table_Weight_Perturbation_Sensitivity,solid,470,0,0.0416846413105776
Table_Weight_Perturbation_Sensitivity,solid,471,0,0.0198506496179815
Table_Weight_Perturbation_Sensitivity,solid,472,0,0.065149087418894
Table_Weight_Perturbation_Sensitivity,solid,473,0,0.0236021476944075
Table_Weight_Perturbation_Sensitivity,solid,474,0.002,0.0498252917657034
Table_Weight_Perturbation_Sensitivity,solid,475,0.002,0.0254948261791742
Table_Weight_Perturbation_Sensitivity,solid,476,0,0.0373570917476866
Table_Weight_Perturbation_Sensitivity,solid,477,0.002,0.0478727952375199
Table_Weight_Perturbation_Sensitivity,solid,478,0,0.0259314326514175
Table_Weight_Perturbation_Sensitivity,solid,479,0,0.0353442814406349
Table_Weight_Perturbation_Sensitivity,solid,480,0,0.0429677558234772
Table_Weight_Perturbation_Sensitivity,solid,481,0.002,0.060677555879849
Table_Weight_Perturbation_Sensitivity,solid,482,0,0.0664000493231312
Table_Weight_Perturbation_Sensitivity,solid,483,0.002,0.042361156880225
Table_Weight_Perturbation_Sensitivity,solid,484,0.002,0.0266452277043113
Table_Weight_Perturbation_Sensitivity,solid,485,0,0.0510525045480647
Table_Weight_Perturbation_Sensitivity,solid,486,0.002,0.023166046115702
Table_Weight_Perturbation_Sensitivity,solid,487,0,0.0552243759428215
Table_Weight_Perturbation_Sensitivity,solid,488,0,0.0621452024778094
Table_Weight_Perturbation_Sensitivity,solid,489,0.002,0.0353510462920388
Table_Weight_Perturbation_Sensitivity,solid,490,0.002,0.0453184862698604
Table_Weight_Perturbation_Sensitivity,solid,491,0.002,0.0525884959126074
Table_Weight_Perturbation_Sensitivity,solid,492,0,0.0336860573187771
Table_Weight_Perturbation_Sensitivity,solid,493,0.002,0.0221527543241429
Table_Weight_Perturbation_Sensitivity,solid,494,0.002,0.0356997052856527
Table_Weight_Perturbation_Sensitivity,solid,495,0.002,0.0244361861295504
Table_Weight_Perturbation_Sensitivity,solid,496,0.002,0.103924359099749
Table_Weight_Perturbation_Sensitivity,solid,497,0.002,0.0810459897778292
Table_Weight_Perturbation_Sensitivity,solid,498,0,0.05916346147822
Table_Weight_Perturbation_Sensitivity,solid,499,0.002,0.0264623068295591
Table_Weight_Perturbation_Sensitivity,solid,500,0,0.0504704090904368
Table_Weight_Perturbation_Sensitivity,solid,501,0.002,0.0538615331508792
Table_Weight_Perturbation_Sensitivity,solid,502,0.002,0.0468031520175099
Table_Weight_Perturbation_Sensitivity,solid,503,0.002,0.020813296840148
Table_Weight_Perturbation_Sensitivity,solid,504,0.002,0.0512430843359225
Table_Weight_Perturbation_Sensitivity,solid,505,0,0.025004031362002
Table_Weight_Perturbation_Sensitivity,solid,506,0,0.0713127603025467
Table_Weight_Perturbation_Sensitivity,solid,507,0,0.0513746256100202
Table_Weight_Perturbation_Sensitivity,solid,508,0,0.0866940124584935
Table_Weight_Perturbation_Sensitivity,solid,509,0,0.0501441250622851
Table_Weight_Perturbation_Sensitivity,solid,510,0,0.0384688380085169
Table_Weight_Perturbation_Sensitivity,solid,511,0,0.0228649933844352
Table_Weight_Perturbation_Sensitivity,solid,512,0.002,0.064249162417044
Table_Weight_Perturbation_Sensitivity,solid,513,0,0.0737779797637578
Table_Weight_Perturbation_Sensitivity,solid,514,0,0.0198916428403298
Table_Weight_Perturbation_Sensitivity,solid,515,0.002,0.0222572135884455
Table_Weight_Perturbation_Sensitivity,solid,516,0.002,0.0457688247030994
Table_Weight_Perturbation_Sensitivity,solid,517,0.002,0.0384412669033084
Table_Weight_Perturbation_Sensitivity,solid,518,0.002,0.0377354572621655
Table_Weight_Perturbation_Sensitivity,solid,519,0.002,0.0271802269519659
Table_Weight_Perturbation_Sensitivity,solid,520,0,0.0250874902728791
Table_Weight_Perturbation_Sensitivity,solid,521,0,0.0642475506491389
Table_Weight_Perturbation_Sensitivity,solid,522,0,0.0723666984225114
Table_Weight_Perturbation_Sensitivity,solid,523,0.002,0.0406812649514846
Table_Weight_Perturbation_Sensitivity,solid,524,0,0.0803098260837861
Table_Weight_Perturbation_Sensitivity,solid,525,0,0.0410373298167772
Table_Weight_Perturbation_Sensitivity,solid,526,0,0.0549235882583528
Table_Weight_Perturbation_Sensitivity,solid,527,0.002,0.0395273318806812
Table_Weight_Perturbation_Sensitivity,solid,528,0.002,0.0329026929340909
Table_Weight_Perturbation_Sensitivity,solid,529,0.002,0.0488719524433154
Table_Weight_Perturbation_Sensitivity,solid,530,0,0.0480125043619877
Table_Weight_Perturbation_Sensitivity,solid,531,0.002,0.0482444450594586
Table_Weight_Perturbation_Sensitivity,solid,532,0.002,0.0478105424843586
Table_Weight_Perturbation_Sensitivity,solid,533,0.002,0.0299654147450578
Table_Weight_Perturbation_Sensitivity,solid,534,0.002,0.0754587644416646
Table_Weight_Perturbation_Sensitivity,solid,535,0,0.0314528020359154
Table_Weight_Perturbation_Sensitivity,solid,536,0.002,0.0630752227122644
Table_Weight_Perturbation_Sensitivity,solid,537,0,0.0424917257630523
Table_Weight_Perturbation_Sensitivity,solid,538,0.002,0.0442900260166256
Table_Weight_Perturbation_Sensitivity,solid,539,0,0.0430397756584508
Table_Weight_Perturbation_Sensitivity,solid,540,0,0.0388163481581025
Table_Weight_Perturbation_Sensitivity,solid,541,0,0.0577440835423371
Table_Weight_Perturbation_Sensitivity,solid,542,0,0.0333745413107616
Table_Weight_Perturbation_Sensitivity,solid,543,0.002,0.0351476671905692
Table_Weight_Perturbation_Sensitivity,solid,544,0.002,0.0126759796046151
Table_Weight_Perturbation_Sensitivity,solid,545,0,0.0472679858688738
Table_Weight_Perturbation_Sensitivity,solid,546,0,0.0634056955220079
Table_Weight_Perturbation_Sensitivity,solid,547,0.002,0.0668477434858895
Table_Weight_Perturbation_Sensitivity,solid,548,0,0.0453120475107444
Table_Weight_Perturbation_Sensitivity,solid,549,0.002,0.0300777672241983
Table_Weight_Perturbation_Sensitivity,solid,550,0,0.0559741716031048
Table_Weight_Perturbation_Sensitivity,solid,551,0,0.0529399064644619
Table_Weight_Perturbation_Sensitivity,solid,552,0,0.0405514842680461
Table_Weight_Perturbation_Sensitivity,solid,553,0.002,0.0706663391440566
Table_Weight_Perturbation_Sensitivity,solid,554,0,0.0449723560370325
Table_Weight_Perturbation_Sensitivity,solid,555,0,0.0352201634563864
Table_Weight_Perturbation_Sensitivity,solid,556,0,0.0392554021183882
Table_Weight_Perturbation_Sensitivity,solid,557,0,0.0634516460694227
Table_Weight_Perturbation_Sensitivity,solid,558,0.002,0.0697331919682041
Table_Weight_Perturbation_Sensitivity,solid,559,0,0.0211872735693041
Table_Weight_Perturbation_Sensitivity,solid,560,0,0.0285160275082233
Table_Weight_Perturbation_Sensitivity,solid,561,0.002,0.0596301833413081
Table_Weight_Perturbation_Sensitivity,solid,562,0.002,0.0458238062596061
Table_Weight_Perturbation_Sensitivity,solid,563,0.002,0.0436273089796865
Table_Weight_Perturbation_Sensitivity,solid,564,0.002,0.03559607697448
Table_Weight_Perturbation_Sensitivity,solid,565,0.002,0.038012658600312
Table_Weight_Perturbation_Sensitivity,solid,566,0,0.0406196054023239
Table_Weight_Perturbation_Sensitivity,solid,567,0.002,0.0408513040831224
Table_Weight_Perturbation_Sensitivity,solid,568,0,0.0497784750092082
Table_Weight_Perturbation_Sensitivity,solid,569,0.002,0.0247962229935162
Table_Weight_Perturbation_Sensitivity,solid,570,0,0.0652625466524459
Table_Weight_Perturbation_Sensitivity,solid,571,0,0.0317932991423508
Table_Weight_Perturbation_Sensitivity,solid,572,0.002,0.0975147479355749
Table_Weight_Perturbation_Sensitivity,solid,573,0,0.0421601387786346
Table_Weight_Perturbation_Sensitivity,solid,574,0.002,0.0232988677605051
Table_Weight_Perturbation_Sensitivity,solid,575,0.002,0.0680073868964119
Table_Weight_Perturbation_Sensitivity,solid,576,0.002,0.0306351127006855
Table_Weight_Perturbation_Sensitivity,solid,577,0.002,0.0478585836288815
Table_Weight_Perturbation_Sensitivity,solid,578,0,0.0594613742934867
Table_Weight_Perturbation_Sensitivity,solid,579,0.002,0.0588072370107249
Table_Weight_Perturbation_Sensitivity,solid,580,0,0.0228837867448907
Table_Weight_Perturbation_Sensitivity,solid,581,0,0.0437312549002132
Table_Weight_Perturbation_Sensitivity,solid,582,0.002,0.0580173957939981
Table_Weight_Perturbation_Sensitivity,solid,583,0.002,0.0481448948596553
Table_Weight_Perturbation_Sensitivity,solid,584,0.002,0.0670980446910554
Table_Weight_Perturbation_Sensitivity,solid,585,0.002,0.0326634012735756
Table_Weight_Perturbation_Sensitivity,solid,586,0.002,0.0302779526724277
Table_Weight_Perturbation_Sensitivity,solid,587,0,0.040868502126992
Table_Weight_Perturbation_Sensitivity,solid,588,0,0.0706447309993343
Table_Weight_Perturbation_Sensitivity,solid,589,0.002,0.0281955601152132
Table_Weight_Perturbation_Sensitivity,solid,590,0,0.0302078453992786
Table_Weight_Perturbation_Sensitivity,solid,591,0.002,0.0469461494692639
Table_Weight_Perturbation_Sensitivity,solid,592,0.002,0.0758700795061377
Table_Weight_Perturbation_Sensitivity,solid,593,0.002,0.0726823259382051
Table_Weight_Perturbation_Sensitivity,solid,594,0.002,0.0607118131938254
Table_Weight_Perturbation_Sensitivity,solid,595,0.002,0.0859708266462603
Table_Weight_Perturbation_Sensitivity,solid,596,0,0.0450974949172702
Table_Weight_Perturbation_Sensitivity,solid,597,0,0.0197948988880677
Table_Weight_Perturbation_Sensitivity,solid,598,0,0.019033428612958
Table_Weight_Perturbation_Sensitivity,solid,599,0.002,0.0789784156739431
Table_Weight_Perturbation_Sensitivity,solid,600,0.002,0.0641400190723677
Table_Weight_Perturbation_Sensitivity,solid,601,0.002,0.0288536018731683
Table_Weight_Perturbation_Sensitivity,solid,602,0,0.032160172884477
Table_Weight_Perturbation_Sensitivity,solid,603,0.002,0.0310649085740511
Table_Weight_Perturbation_Sensitivity,solid,604,0,0.0297730799867167
Table_Weight_Perturbation_Sensitivity,solid,605,0.002,0.0678280371918729
Table_Weight_Perturbation_Sensitivity,solid,606,0.002,0.0603813640802191
Table_Weight_Perturbation_Sensitivity,solid,607,0,0.0260411304702381
Table_Weight_Perturbation_Sensitivity,solid,608,0.002,0.0505383477257717
Table_Weight_Perturbation_Sensitivity,solid,609,0.002,0.0493019531289674
Table_Weight_Perturbation_Sensitivity,solid,610,0,0.0381841159882765
Table_Weight_Perturbation_Sensitivity,solid,611,0,0.0478524939009522
Table_Weight_Perturbation_Sensitivity,solid,612,0,0.0559443692595963
Table_Weight_Perturbation_Sensitivity,solid,613,0.002,0.0306392687549366
Table_Weight_Perturbation_Sensitivity,solid,614,0,0.0358057759303613
Table_Weight_Perturbation_Sensitivity,solid,615,0.002,0.0298178688387588
Table_Weight_Perturbation_Sensitivity,solid,616,0.002,0.03365956917003
Table_Weight_Perturbation_Sensitivity,solid,617,0,0.0348358275643874
Table_Weight_Perturbation_Sensitivity,solid,618,0,0.0209707182338853
Table_Weight_Perturbation_Sensitivity,solid,619,0.002,0.052694673282128
Table_Weight_Perturbation_Sensitivity,solid,620,0.002,0.0647369896907078
Table_Weight_Perturbation_Sensitivity,solid,621,0,0.0494290677079482
Table_Weight_Perturbation_Sensitivity,solid,622,0,0.0481241582730185
Table_Weight_Perturbation_Sensitivity,solid,623,0.002,0.019465330504912
Table_Weight_Perturbation_Sensitivity,solid,624,0.002,0.0492232790997826
Table_Weight_Perturbation_Sensitivity,solid,625,0.002,0.0605321058775286
Table_Weight_Perturbation_Sensitivity,solid,626,0.002,0.0427525408477687
Table_Weight_Perturbation_Sensitivity,solid,627,0.002,0.0553058754455001
Table_Weight_Perturbation_Sensitivity,solid,628,0,0.042019784552999
Table_Weight_Perturbation_Sensitivity,solid,629,0,0.0312287516599816
Table_Weight_Perturbation_Sensitivity,solid,630,0,0.06900321752624
Table_Weight_Perturbation_Sensitivity,solid,631,0,0.0587929333600567
Table_Weight_Perturbation_Sensitivity,solid,632,0.002,0.0822117901644859
Table_Weight_Perturbation_Sensitivity,solid,633,0,0.0480290714900119
Table_Weight_Perturbation_Sensitivity,solid,634,0.002,0.0399902239936232
Table_Weight_Perturbation_Sensitivity,solid,635,0.002,0.0576374694535296
Table_Weight_Perturbation_Sensitivity,solid,636,0,0.0802298619180254
Table_Weight_Perturbation_Sensitivity,solid,637,0.002,0.033825722419437
Table_Weight_Perturbation_Sensitivity,solid,638,0,0.0472115774314472
Table_Weight_Perturbation_Sensitivity,solid,639,0,0.0685612840544726
Table_Weight_Perturbation_Sensitivity,solid,640,0,0.0471059053106934
Table_Weight_Perturbation_Sensitivity,solid,641,0,0.067982911066549
Table_Weight_Perturbation_Sensitivity,solid,642,0,0.0147988463471392
Table_Weight_Perturbation_Sensitivity,solid,643,0.002,0.0676109865478773
Table_Weight_Perturbation_Sensitivity,solid,644,0.002,0.0576416006328262
Table_Weight_Perturbation_Sensitivity,solid,645,0.002,0.0802170941618372
Table_Weight_Perturbation_Sensitivity,solid,646,0,0.052772207390106
Table_Weight_Perturbation_Sensitivity,solid,647,0,0.0145640515918136
Table_Weight_Perturbation_Sensitivity,solid,648,0,0.0493992039807667
Table_Weight_Perturbation_Sensitivity,solid,649,0.002,0.0481065476545156
Table_Weight_Perturbation_Sensitivity,solid,650,0,0.0440003770439378
Table_Weight_Perturbation_Sensitivity,solid,651,0.002,0.0246228888904609
Table_Weight_Perturbation_Sensitivity,solid,652,0,0.0621779985816842
Table_Weight_Perturbation_Sensitivity,solid,653,0.002,0.0364161023495076
Table_Weight_Perturbation_Sensitivity,solid,654,0.002,0.0419361169307376
Table_Weight_Perturbation_Sensitivity,solid,655,0.002,0.0591877114586043
Table_Weight_Perturbation_Sensitivity,solid,656,0,0.0599824344177447
Table_Weight_Perturbation_Sensitivity,solid,657,0,0.0569786397671054
Table_Weight_Perturbation_Sensitivity,solid,658,0.002,0.0570899216377323
Table_Weight_Perturbation_Sensitivity,solid,659,0.002,0.0483147561395754
Table_Weight_Perturbation_Sensitivity,solid,660,0.002,0.0266192184176815
Table_Weight_Perturbation_Sensitivity,solid,661,0,0.0359770720994804
Table_Weight_Perturbation_Sensitivity,solid,662,0.002,0.0373987862854086
Table_Weight_Perturbation_Sensitivity,solid,663,0,0.0436381068773628
Table_Weight_Perturbation_Sensitivity,solid,664,0.002,0.0719007599743087
Table_Weight_Perturbation_Sensitivity,solid,665,0.002,0.0719742359739423
Table_Weight_Perturbation_Sensitivity,solid,666,0,0.0333097130153323
Table_Weight_Perturbation_Sensitivity,solid,667,0.002,0.0454419296870811
Table_Weight_Perturbation_Sensitivity,solid,668,0,0.0423818125790261
Table_Weight_Perturbation_Sensitivity,solid,669,0.002,0.021675142906356
Table_Weight_Perturbation_Sensitivity,solid,670,0.002,0.0347716316532189
Table_Weight_Perturbation_Sensitivity,solid,671,0.002,0.0596999396608903
Table_Weight_Perturbation_Sensitivity,solid,672,0.002,0.0290244522204907
Table_Weight_Perturbation_Sensitivity,solid,673,0.002,0.0317644756974834
Table_Weight_Perturbation_Sensitivity,solid,674,0.002,0.0337684753115026
Table_Weight_Perturbation_Sensitivity,solid,675,0,0.0634856660751971
Table_Weight_Perturbation_Sensitivity,solid,676,0,0.038199374175323
Table_Weight_Perturbation_Sensitivity,solid,677,0,0.0511195213297604
Table_Weight_Perturbation_Sensitivity,solid,678,0,0.0531562280632196
Table_Weight_Perturbation_Sensitivity,solid,679,0,0.023281981825814
Table_Weight_Perturbation_Sensitivity,solid,680,0.002,0.0445248848621101
Table_Weight_Perturbation_Sensitivity,solid,681,0.002,0.0604644110894406
Table_Weight_Perturbation_Sensitivity,solid,682,0,0.016542222794014
Table_Weight_Perturbation_Sensitivity,solid,683,0,0.0373415644919666
Table_Weight_Perturbation_Sensitivity,solid,684,0.002,0.0202682889579606
Table_Weight_Perturbation_Sensitivity,solid,685,0,0.0207699896490503
Table_Weight_Perturbation_Sensitivity,solid,686,0,0.0470482444860072
Table_Weight_Perturbation_Sensitivity,solid,687,0,0.0377932748773023
Table_Weight_Perturbation_Sensitivity,solid,688,0,0.0263685650992944
Table_Weight_Perturbation_Sensitivity,solid,689,0,0.0573323655047434
Table_Weight_Perturbation_Sensitivity,solid,690,0.002,0.057339539646697
Table_Weight_Perturbation_Sensitivity,solid,691,0.002,0.0187178008994246
Table_Weight_Perturbation_Sensitivity,solid,692,0,0.0392241711271665
Table_Weight_Perturbation_Sensitivity,solid,693,0.002,0.0256376339386486
Table_Weight_Perturbation_Sensitivity,solid,694,0,0.0561781594030355
Table_Weight_Perturbation_Sensitivity,solid,695,0,0.0219622957671325
Table_Weight_Perturbation_Sensitivity,solid,696,0,0.0445580221236655
Table_Weight_Perturbation_Sensitivity,solid,697,0,0.0505858498823065
Table_Weight_Perturbation_Sensitivity,solid,698,0,0.0246678459046452
Table_Weight_Perturbation_Sensitivity,solid,699,0.002,0.055367273499042
Table_Weight_Perturbation_Sensitivity,solid,700,0.002,0.0757305243914061
Table_Weight_Perturbation_Sensitivity,solid,701,0,0.0430677192349364
Table_Weight_Perturbation_Sensitivity,solid,702,0,0.029012837538339
Table_Weight_Perturbation_Sensitivity,solid,703,0.002,0.0364293147442783
Table_Weight_Perturbation_Sensitivity,solid,704,0.002,0.0331619588624161
Table_Weight_Perturbation_Sensitivity,solid,705,0.002,0.0412714170950019
Table_Weight_Perturbation_Sensitivity,solid,706,0.002,0.0595992504180245
Table_Weight_Perturbation_Sensitivity,solid,707,0.002,0.0340954079254997
Table_Weight_Perturbation_Sensitivity,solid,708,0.002,0.0257148169618814
Table_Weight_Perturbation_Sensitivity,solid,709,0.002,0.051112348138034
Table_Weight_Perturbation_Sensitivity,solid,710,0.002,0.0646766226516311
Table_Weight_Perturbation_Sensitivity,solid,711,0,0.0386454902232824
Table_Weight_Perturbation_Sensitivity,solid,712,0,0.0771944421907757
Table_Weight_Perturbation_Sensitivity,solid,713,0.002,0.0388079076855259
Table_Weight_Perturbation_Sensitivity,solid,714,0,0.0742946610172944
Table_Weight_Perturbation_Sensitivity,solid,715,0,0.0802095044677258
Table_Weight_Perturbation_Sensitivity,solid,716,0.002,0.0385960757198128
Table_Weight_Perturbation_Sensitivity,solid,717,0,0.0915205813438268
Table_Weight_Perturbation_Sensitivity,solid,718,0,0.032873396227486
Table_Weight_Perturbation_Sensitivity,solid,719,0,0.0226520207536597
Table_Weight_Perturbation_Sensitivity,solid,720,0.002,0.0463220582364458
Table_Weight_Perturbation_Sensitivity,solid,721,0,0.017237425334953
Table_Weight_Perturbation_Sensitivity,solid,722,0.002,0.0528932223746819
Table_Weight_Perturbation_Sensitivity,solid,723,0,0.0379511639080038
Table_Weight_Perturbation_Sensitivity,solid,724,0,0.0631726128903483
Table_Weight_Perturbation_Sensitivity,solid,725,0.002,0.037904177664309
Table_Weight_Perturbation_Sensitivity,solid,726,0,0.0262426171744763
Table_Weight_Perturbation_Sensitivity,solid,727,0.002,0.039135413019348
Table_Weight_Perturbation_Sensitivity,solid,728,0.002,0.0327550383538575
Table_Weight_Perturbation_Sensitivity,solid,729,0.002,0.0600955800043452
Table_Weight_Perturbation_Sensitivity,solid,730,0,0.0241173672500524
Table_Weight_Perturbation_Sensitivity,solid,731,0,0.0379611578516824
Table_Weight_Perturbation_Sensitivity,solid,732,0,0.0515756317221156
Table_Weight_Perturbation_Sensitivity,solid,733,0,0.0706279403028075
Table_Weight_Perturbation_Sensitivity,solid,734,0,0.0727881961324618
Table_Weight_Perturbation_Sensitivity,solid,735,0,0.0704533866449647
Table_Weight_Perturbation_Sensitivity,solid,736,0.002,0.0543794785434521
Table_Weight_Perturbation_Sensitivity,solid,737,0,0.0451867966579117
Table_Weight_Perturbation_Sensitivity,solid,738,0,0.0439069713931039
Table_Weight_Perturbation_Sensitivity,solid,739,0,0.0281302773973465
Table_Weight_Perturbation_Sensitivity,solid,740,0.002,0.0453190726460427
Table_Weight_Perturbation_Sensitivity,solid,741,0,0.0272702300356018
Table_Weight_Perturbation_Sensitivity,solid,742,0,0.0649570018977582
Table_Weight_Perturbation_Sensitivity,solid,743,0.002,0.0517252458032239
Table_Weight_Perturbation_Sensitivity,solid,744,0.002,0.0840754256786738
Table_Weight_Perturbation_Sensitivity,solid,745,0,0.0318923684124803
Table_Weight_Perturbation_Sensitivity,solid,746,0,0.0358919193621269
Table_Weight_Perturbation_Sensitivity,solid,747,0,0.0422375324124714
Table_Weight_Perturbation_Sensitivity,solid,748,0.002,0.0417965509553603
Table_Weight_Perturbation_Sensitivity,solid,749,0.002,0.0293708738227475
Table_Weight_Perturbation_Sensitivity,solid,750,0.002,0.0464822404729033
Table_Weight_Perturbation_Sensitivity,solid,751,0.002,0.0559059079767039
Table_Weight_Perturbation_Sensitivity,solid,752,0.002,0.0465924951575245
Table_Weight_Perturbation_Sensitivity,solid,753,0.002,0.028979120212088
Table_Weight_Perturbation_Sensitivity,solid,754,0.002,0.0399558817794883
Table_Weight_Perturbation_Sensitivity,solid,755,0.002,0.0175594443935444
Table_Weight_Perturbation_Sensitivity,solid,756,0,0.0447217700174768
Table_Weight_Perturbation_Sensitivity,solid,757,0.002,0.0207593842677882
Table_Weight_Perturbation_Sensitivity,solid,758,0,0.0572713425840015
Table_Weight_Perturbation_Sensitivity,solid,759,0.002,0.0371498941171222
Table_Weight_Perturbation_Sensitivity,solid,760,0.002,0.0616807742715736
Table_Weight_Perturbation_Sensitivity,solid,761,0,0.0471789529700386
Table_Weight_Perturbation_Sensitivity,solid,762,0,0.077819003175723
Table_Weight_Perturbation_Sensitivity,solid,763,0,0.010116244088931
Table_Weight_Perturbation_Sensitivity,solid,764,0.002,0.0313617064252047
Table_Weight_Perturbation_Sensitivity,solid,765,0,0.0616989481900371
Table_Weight_Perturbation_Sensitivity,solid,766,0.002,0.0190662138495003
Table_Weight_Perturbation_Sensitivity,solid,767,0.002,0.0410885980808235
Table_Weight_Perturbation_Sensitivity,solid,768,0.002,0.0327746224089096
Table_Weight_Perturbation_Sensitivity,solid,769,0,0.0475668147639338
Table_Weight_Perturbation_Sensitivity,solid,770,0.002,0.0147464135937279
Table_Weight_Perturbation_Sensitivity,solid,771,0,0.0275811049678703
Table_Weight_Perturbation_Sensitivity,solid,772,0,0.0337779166440128
Table_Weight_Perturbation_Sensitivity,solid,773,0.002,0.0461532375615708
Table_Weight_Perturbation_Sensitivity,solid,774,0.002,0.0591346181846078
Table_Weight_Perturbation_Sensitivity,solid,775,0.002,0.0341998495171299
Table_Weight_Perturbation_Sensitivity,solid,776,0.002,0.0684855109398587
Table_Weight_Perturbation_Sensitivity,solid,777,0,0.0405520347881649
Table_Weight_Perturbation_Sensitivity,solid,778,0.002,0.0521861696571567
Table_Weight_Perturbation_Sensitivity,solid,779,0.002,0.067492034143856
Table_Weight_Perturbation_Sensitivity,solid,780,0.002,0.0475928502722495
Table_Weight_Perturbation_Sensitivity,solid,781,0,0.0160403129802678
Table_Weight_Perturbation_Sensitivity,solid,782,0.002,0.0536689708664172
Table_Weight_Perturbation_Sensitivity,solid,783,0,0.0756788826303492
Table_Weight_Perturbation_Sensitivity,solid,784,0.002,0.0297650231103233
Table_Weight_Perturbation_Sensitivity,solid,785,0,0.0609968972437556
Table_Weight_Perturbation_Sensitivity,solid,786,0,0.044966042257858
Table_Weight_Perturbation_Sensitivity,solid,787,0,0.048565979155679
Table_Weight_Perturbation_Sensitivity,solid,788,0.002,0.0195953622644374
Table_Weight_Perturbation_Sensitivity,solid,789,0.002,0.025073638173543
Table_Weight_Perturbation_Sensitivity,solid,790,0,0.0704935418366469
Table_Weight_Perturbation_Sensitivity,solid,791,0,0.0450007732472159
Table_Weight_Perturbation_Sensitivity,solid,792,0.002,0.0229381704043262
Table_Weight_Perturbation_Sensitivity,solid,793,0.002,0.0237061972631085
Table_Weight_Perturbation_Sensitivity,solid,794,0,0.0326554585401043
Table_Weight_Perturbation_Sensitivity,solid,795,0.002,0.0229655574291984
Table_Weight_Perturbation_Sensitivity,solid,796,0.002,0.0258574022568079
Table_Weight_Perturbation_Sensitivity,solid,797,0,0.0215863422551762
Table_Weight_Perturbation_Sensitivity,solid,798,0,0.069905951414773
Table_Weight_Perturbation_Sensitivity,solid,799,0.002,0.0648939591685649
Table_Weight_Perturbation_Sensitivity,solid,800,0.002,0.0418771543443295
Table_Weight_Perturbation_Sensitivity,solid,801,0.002,0.0256979679789914
Table_Weight_Perturbation_Sensitivity,solid,802,0,0.033770647820909
Table_Weight_Perturbation_Sensitivity,solid,803,0,0.0481488042642972
Table_Weight_Perturbation_Sensitivity,solid,804,0,0.0572623213848439
Table_Weight_Perturbation_Sensitivity,solid,805,0.002,0.039145088272157
Table_Weight_Perturbation_Sensitivity,solid,806,0,0.0529970519569007
Table_Weight_Perturbation_Sensitivity,solid,807,0,0.0662648927190153
Table_Weight_Perturbation_Sensitivity,solid,808,0.002,0.050014674219168
Table_Weight_Perturbation_Sensitivity,solid,809,0.002,0.0477168772183018
Table_Weight_Perturbation_Sensitivity,solid,810,0,0.0475343449958071
Table_Weight_Perturbation_Sensitivity,solid,811,0.002,0.0735795499614805
Table_Weight_Perturbation_Sensitivity,solid,812,0.002,0.0693319810742655
Table_Weight_Perturbation_Sensitivity,solid,813,0.002,0.0683581944395889
Table_Weight_Perturbation_Sensitivity,solid,814,0.002,0.024804682396688
Table_Weight_Perturbation_Sensitivity,solid,815,0.002,0.0300222182261746
Table_Weight_Perturbation_Sensitivity,solid,816,0,0.0326518738241191
Table_Weight_Perturbation_Sensitivity,solid,817,0,0.0233305452930969
Table_Weight_Perturbation_Sensitivity,solid,818,0.002,0.0461784336717054
Table_Weight_Perturbation_Sensitivity,solid,819,0.002,0.0415121732613608
Table_Weight_Perturbation_Sensitivity,solid,820,0,0.0674921650882924
Table_Weight_Perturbation_Sensitivity,solid,821,0,0.0809566155611993
Table_Weight_Perturbation_Sensitivity,solid,822,0.002,0.0409197397499829
Table_Weight_Perturbation_Sensitivity,solid,823,0,0.0748637596606539
Table_Weight_Perturbation_Sensitivity,solid,824,0,0.0271740665851163
Table_Weight_Perturbation_Sensitivity,solid,825,0,0.0499908440048049
Table_Weight_Perturbation_Sensitivity,solid,826,0,0.0502210445177188
Table_Weight_Perturbation_Sensitivity,solid,827,0,0.0350903824549866
Table_Weight_Perturbation_Sensitivity,solid,828,0,0.0593044622678608
Table_Weight_Perturbation_Sensitivity,solid,829,0.002,0.0466233060897519
Table_Weight_Perturbation_Sensitivity,solid,830,0.002,0.0396912669031861
Table_Weight_Perturbation_Sensitivity,solid,831,0.002,0.0389645417569145
Table_Weight_Perturbation_Sensitivity,solid,832,0.002,0.0515013749267699
Table_Weight_Perturbation_Sensitivity,solid,833,0.002,0.0458007610163177
Table_Weight_Perturbation_Sensitivity,solid,834,0.002,0.0444253283511295
Table_Weight_Perturbation_Sensitivity,solid,835,0.002,0.0318527904391412
Table_Weight_Perturbation_Sensitivity,solid,836,0.002,0.061688949167945
Table_Weight_Perturbation_Sensitivity,solid,837,0.002,0.027517079985843
Table_Weight_Perturbation_Sensitivity,solid,838,0.002,0.0551494523975034
Table_Weight_Perturbation_Sensitivity,solid,839,0,0.0196292223462151
Table_Weight_Perturbation_Sensitivity,solid,840,0,0.0270881560119921
Table_Weight_Perturbation_Sensitivity,solid,841,0,0.021258993236911
Table_Weight_Perturbation_Sensitivity,solid,842,0,0.0747429207961661
Table_Weight_Perturbation_Sensitivity,solid,843,0.002,0.0480046209564991
Table_Weight_Perturbation_Sensitivity,solid,844,0.002,0.041899007452284
Table_Weight_Perturbation_Sensitivity,solid,845,0.002,0.0403546517160944
Table_Weight_Perturbation_Sensitivity,solid,846,0,0.0666318178430313
Table_Weight_Perturbation_Sensitivity,solid,847,0.002,0.00765341949776099
Table_Weight_Perturbation_Sensitivity,solid,848,0.002,0.00766676560685277
Table_Weight_Perturbation_Sensitivity,solid,849,0,0.0428979646951547
Table_Weight_Perturbation_Sensitivity,solid,850,0.002,0.0320288897116992
Table_Weight_Perturbation_Sensitivity,solid,851,0.002,0.03773639836248
Table_Weight_Perturbation_Sensitivity,solid,852,0,0.079655907685658
Table_Weight_Perturbation_Sensitivity,solid,853,0.002,0.0515201026710017
Table_Weight_Perturbation_Sensitivity,solid,854,0,0.0263844802994311
Table_Weight_Perturbation_Sensitivity,solid,855,0.002,0.069579701837026
Table_Weight_Perturbation_Sensitivity,solid,856,0,0.027140116525875
Table_Weight_Perturbation_Sensitivity,solid,857,0.002,0.041741658477832
Table_Weight_Perturbation_Sensitivity,solid,858,0,0.048148439317606
Table_Weight_Perturbation_Sensitivity,solid,859,0.002,0.0126821375682847
Table_Weight_Perturbation_Sensitivity,solid,860,0.002,0.0197096875796219
Table_Weight_Perturbation_Sensitivity,solid,861,0.002,0.0408681080245845
Table_Weight_Perturbation_Sensitivity,solid,862,0,0.0309628115681655
Table_Weight_Perturbation_Sensitivity,solid,863,0,0.0348292565962911
Table_Weight_Perturbation_Sensitivity,solid,864,0.002,0.0586807989212903
Table_Weight_Perturbation_Sensitivity,solid,865,0,0.0485641526983505
Table_Weight_Perturbation_Sensitivity,solid,866,0.002,0.0255956155466742
Table_Weight_Perturbation_Sensitivity,solid,867,0.002,0.0591631686863289
Table_Weight_Perturbation_Sensitivity,solid,868,0.002,0.0395077452944871
Table_Weight_Perturbation_Sensitivity,solid,869,0,0.0392394958855028
Table_Weight_Perturbation_Sensitivity,solid,870,0.002,0.0435275706539598
Table_Weight_Perturbation_Sensitivity,solid,871,0.002,0.0226996708264545
Table_Weight_Perturbation_Sensitivity,solid,872,0.002,0.0691957938104649
Table_Weight_Perturbation_Sensitivity,solid,873,0.002,0.044634994368804
Table_Weight_Perturbation_Sensitivity,solid,874,0.002,0.0437656566475487
Table_Weight_Perturbation_Sensitivity,solid,875,0.002,0.0810152027974668
Table_Weight_Perturbation_Sensitivity,solid,876,0,0.0716947540935817
Table_Weight_Perturbation_Sensitivity,solid,877,0,0.109270379844569
Table_Weight_Perturbation_Sensitivity,solid,878,0.002,0.0534338519748789
Table_Weight_Perturbation_Sensitivity,solid,879,0,0.0494629871629361
Table_Weight_Perturbation_Sensitivity,solid,880,0.002,0.0606689478663843
Table_Weight_Perturbation_Sensitivity,solid,881,0.002,0.0709296417337839
Table_Weight_Perturbation_Sensitivity,solid,882,0.002,0.0467406474850294
Table_Weight_Perturbation_Sensitivity,solid,883,0.002,0.0614427485385534
Table_Weight_Perturbation_Sensitivity,solid,884,0,0.0490185896689741
Table_Weight_Perturbation_Sensitivity,solid,885,0,0.0259300856196108
Table_Weight_Perturbation_Sensitivity,solid,886,0,0.0366569588281229
Table_Weight_Perturbation_Sensitivity,solid,887,0.002,0.0519953088088541
Table_Weight_Perturbation_Sensitivity,solid,888,0.002,0.0492651040351719
Table_Weight_Perturbation_Sensitivity,solid,889,0.002,0.0273959390874199
Table_Weight_Perturbation_Sensitivity,solid,890,0.002,0.0644647067787026
Table_Weight_Perturbation_Sensitivity,solid,891,0,0.0358974771668411
Table_Weight_Perturbation_Sensitivity,solid,892,0,0.0679627812678311
Table_Weight_Perturbation_Sensitivity,solid,893,0,0.0566513356718596
Table_Weight_Perturbation_Sensitivity,solid,894,0.002,0.0330012296081985
Table_Weight_Perturbation_Sensitivity,solid,895,0.002,0.0659655042328945
Table_Weight_Perturbation_Sensitivity,solid,896,0.002,0.073195417746945
Table_Weight_Perturbation_Sensitivity,solid,897,0,0.0468498832898859
Table_Weight_Perturbation_Sensitivity,solid,898,0.002,0.0323983952786897
Table_Weight_Perturbation_Sensitivity,solid,899,0,0.0658233822601564
Table_Weight_Perturbation_Sensitivity,solid,900,0.002,0.049588651797114
Table_Weight_Perturbation_Sensitivity,solid,901,0.002,0.0400133918900486
Table_Weight_Perturbation_Sensitivity,solid,902,0,0.0364125611649402
Table_Weight_Perturbation_Sensitivity,solid,903,0,0.0332908673764483
Table_Weight_Perturbation_Sensitivity,solid,904,0,0.0744864204906318
Table_Weight_Perturbation_Sensitivity,solid,905,0,0.0285570526881046
Table_Weight_Perturbation_Sensitivity,solid,906,0.002,0.0427115623724483
Table_Weight_Perturbation_Sensitivity,solid,907,0,0.0461491224305933
Table_Weight_Perturbation_Sensitivity,solid,908,0,0.0690372023166833
Table_Weight_Perturbation_Sensitivity,solid,909,0,0.0521064096662944
Table_Weight_Perturbation_Sensitivity,solid,910,0,0.0523759268607249
Table_Weight_Perturbation_Sensitivity,solid,911,0,0.0237429822916208
Table_Weight_Perturbation_Sensitivity,solid,912,0.002,0.0849721606673357
Table_Weight_Perturbation_Sensitivity,solid,913,0.002,0.0285947805712378
Table_Weight_Perturbation_Sensitivity,solid,914,0,0.0446493971345469
Table_Weight_Perturbation_Sensitivity,solid,915,0,0.0208011888707065
Table_Weight_Perturbation_Sensitivity,solid,916,0.002,0.0565713564280824
Table_Weight_Perturbation_Sensitivity,solid,917,0,0.0214777078851142
Table_Weight_Perturbation_Sensitivity,solid,918,0,0.0371594811115668
Table_Weight_Perturbation_Sensitivity,solid,919,0.002,0.0801183327870423
Table_Weight_Perturbation_Sensitivity,solid,920,0.002,0.0504280746408951
Table_Weight_Perturbation_Sensitivity,solid,921,0.002,0.051508049377208
Table_Weight_Perturbation_Sensitivity,solid,922,0.002,0.0487742443886561
Table_Weight_Perturbation_Sensitivity,solid,923,0,0.0522074547659036
Table_Weight_Perturbation_Sensitivity,solid,924,0,0.0360484940446163
Table_Weight_Perturbation_Sensitivity,solid,925,0.002,0.0286000023387088
Table_Weight_Perturbation_Sensitivity,solid,926,0,0.0517868900103902
Table_Weight_Perturbation_Sensitivity,solid,927,0,0.0314140710187439
Table_Weight_Perturbation_Sensitivity,solid,928,0,0.0524139669468985
Table_Weight_Perturbation_Sensitivity,solid,929,0,0.0675807981549093
Table_Weight_Perturbation_Sensitivity,solid,930,0,0.0172891766111502
Table_Weight_Perturbation_Sensitivity,solid,931,0,0.0492904067158019
Table_Weight_Perturbation_Sensitivity,solid,932,0.002,0.0491873744840937
Table_Weight_Perturbation_Sensitivity,solid,933,0,0.0281006528939212
Table_Weight_Perturbation_Sensitivity,solid,934,0,0.0458521452487924
Table_Weight_Perturbation_Sensitivity,solid,935,0,0.0742755356433032
Table_Weight_Perturbation_Sensitivity,solid,936,0,0.0239462126217878
Table_Weight_Perturbation_Sensitivity,solid,937,0,0.0597046071090676
Table_Weight_Perturbation_Sensitivity,solid,938,0,0.08279038274382
Table_Weight_Perturbation_Sensitivity,solid,939,0,0.069204236730161
Table_Weight_Perturbation_Sensitivity,solid,940,0,0.0241197391819835
Table_Weight_Perturbation_Sensitivity,solid,941,0.002,0.0172379789230669
Table_Weight_Perturbation_Sensitivity,solid,942,0,0.0517840933952569
Table_Weight_Perturbation_Sensitivity,solid,943,0,0.0545040178560362
Table_Weight_Perturbation_Sensitivity,solid,944,0,0.0239698562528252
Table_Weight_Perturbation_Sensitivity,solid,945,0.002,0.0483298940197406
Table_Weight_Perturbation_Sensitivity,solid,946,0,0.0450486258710861
Table_Weight_Perturbation_Sensitivity,solid,947,0,0.0723352348334324
Table_Weight_Perturbation_Sensitivity,solid,948,0.002,0.0216466206872644
Table_Weight_Perturbation_Sensitivity,solid,949,0.002,0.0255048654049835
Table_Weight_Perturbation_Sensitivity,solid,950,0,0.0492523188408564
Table_Weight_Perturbation_Sensitivity,solid,951,0,0.0530064590896956
Table_Weight_Perturbation_Sensitivity,solid,952,0,0.0373759563843441
Table_Weight_Perturbation_Sensitivity,solid,953,0,0.0604380834455219
Table_Weight_Perturbation_Sensitivity,solid,954,0,0.0460029301937578
Table_Weight_Perturbation_Sensitivity,solid,955,0,0.0435216951611006
Table_Weight_Perturbation_Sensitivity,solid,956,0,0.0598329827379502
Table_Weight_Perturbation_Sensitivity,solid,957,0,0.061012214342249
Table_Weight_Perturbation_Sensitivity,solid,958,0,0.0415005934450262
Table_Weight_Perturbation_Sensitivity,solid,959,0.002,0.0136157187035072
Table_Weight_Perturbation_Sensitivity,solid,960,0.002,0.0252700173829389
Table_Weight_Perturbation_Sensitivity,solid,961,0,0.0666059464957806
Table_Weight_Perturbation_Sensitivity,solid,962,0.002,0.0262900780177909
Table_Weight_Perturbation_Sensitivity,solid,963,0.002,0.0709149119986664
Table_Weight_Perturbation_Sensitivity,solid,964,0.002,0.0664301350018569
Table_Weight_Perturbation_Sensitivity,solid,965,0.002,0.0909860446715498
Table_Weight_Perturbation_Sensitivity,solid,966,0.002,0.064305318258852
Table_Weight_Perturbation_Sensitivity,solid,967,0,0.0146056286719621
Table_Weight_Perturbation_Sensitivity,solid,968,0,0.0437462216203399
Table_Weight_Perturbation_Sensitivity,solid,969,0.002,0.0616071501926611
Table_Weight_Perturbation_Sensitivity,solid,970,0.002,0.0437528192875
Table_Weight_Perturbation_Sensitivity,solid,971,0,0.027813210971118
Table_Weight_Perturbation_Sensitivity,solid,972,0.002,0.0632608977298391
Table_Weight_Perturbation_Sensitivity,solid,973,0,0.0307588502881365
Table_Weight_Perturbation_Sensitivity,solid,974,0,0.0804945350620163
Table_Weight_Perturbation_Sensitivity,solid,975,0.002,0.061886270942086
Table_Weight_Perturbation_Sensitivity,solid,976,0.002,0.0605472283584141
Table_Weight_Perturbation_Sensitivity,solid,977,0,0.0267559619581099
Table_Weight_Perturbation_Sensitivity,solid,978,0.002,0.0408590943486702
Table_Weight_Perturbation_Sensitivity,solid,979,0,0.0688062135095579
Table_Weight_Perturbation_Sensitivity,solid,980,0.002,0.0430947756524184
Table_Weight_Perturbation_Sensitivity,solid,981,0,0.0603273506962271
Table_Weight_Perturbation_Sensitivity,solid,982,0.002,0.0171268375768968
Table_Weight_Perturbation_Sensitivity,solid,983,0,0.0361857970228306
Table_Weight_Perturbation_Sensitivity,solid,984,0,0.0535689500347789
Table_Weight_Perturbation_Sensitivity,solid,985,0,0.0646296305630552
Table_Weight_Perturbation_Sensitivity,solid,986,0.002,0.0323524510116183
Table_Weight_Perturbation_Sensitivity,solid,987,0.002,0.0472955360170254
Table_Weight_Perturbation_Sensitivity,solid,988,0,0.0780315845086921
Table_Weight_Perturbation_Sensitivity,solid,989,0,0.0247300029196249
Table_Weight_Perturbation_Sensitivity,solid,990,0.002,0.0456362024744374
Table_Weight_Perturbation_Sensitivity,solid,991,0.002,0.0472161402895053
Table_Weight_Perturbation_Sensitivity,solid,992,0.002,0.0372159625878474
Table_Weight_Perturbation_Sensitivity,solid,993,0,0.0679189370736083
Table_Weight_Perturbation_Sensitivity,solid,994,0.002,0.0411520479317163
Table_Weight_Perturbation_Sensitivity,solid,995,0,0.0337762979623266
Table_Weight_Perturbation_Sensitivity,solid,996,0.002,0.0769719846939819
Table_Weight_Perturbation_Sensitivity,solid,997,0,0.0671829484066676
Table_Weight_Perturbation_Sensitivity,solid,998,0.002,0.0764211832509585
Table_Weight_Perturbation_Sensitivity,solid,999,0,0.0411524294927953
Table_Weight_Perturbation_Sensitivity,solid,1000,0.002,0.0510287704462972
