matrix,P_pre_severity,P_cent1_severity,P_cent2_severity,P_post_severity,P_store_severity,metadata_complete,terminology_valid,traceability_ok,monitoring_ok,documentation_ok,semantic_compatible,G_gov,P_warm_severity,P_cold_severity,P_fix_severity,P_fixTime_severity,P_bio,RCS,score_based_grade,final_grade,grade_route,nearest_threshold,threshold_margin
fluid,0,0,0,0,0,TRUE,TRUE,TRUE,TRUE,TRUE,TRUE,1,NA,NA,NA,NA,0,100,Grade A,Grade A,Score-based certification,10,10
fluid,0.25,0,0,0,0,TRUE,TRUE,TRUE,TRUE,TRUE,TRUE,1,NA,NA,NA,NA,7.5,92.5,Grade A,Grade A,Score-based certification,10,2.5
fluid,0.5,0,0,0,0,TRUE,TRUE,TRUE,TRUE,TRUE,TRUE,1,NA,NA,NA,NA,15,85,Grade B,Grade B,Score-based certification,10,5
fluid,0.75,0,0,0,0,TRUE,TRUE,TRUE,TRUE,TRUE,TRUE,1,NA,NA,NA,NA,22.5,77.5,Grade C,Grade C,Score-based certification,20,2.5
fluid,1,0,0,0,0,TRUE,TRUE,TRUE,TRUE,TRUE,TRUE,1,NA,NA,NA,NA,30,70,Grade C,Grade C,Score-based certification,35,5
fluid,0,0.25,0,0,0,TRUE,TRUE,TRUE,TRUE,TRUE,TRUE,1,NA,NA,NA,NA,3.75,96.25,Grade A,Grade A,Score-based certification,10,6.25
fluid,0.25,0.25,0,0,0,TRUE,TRUE,TRUE,TRUE,TRUE,TRUE,1,NA,NA,NA,NA,11.25,88.75,Grade B,Grade B,Score-based certification,10,1.25
fluid,0.5,0.25,0,0,0,TRUE,TRUE,TRUE,TRUE,TRUE,TRUE,1,NA,NA,NA,NA,18.75,81.25,Grade B,Grade B,Score-based certification,20,1.25
fluid,0.75,0.25,0,0,0,TRUE,TRUE,TRUE,TRUE,TRUE,TRUE,1,NA,NA,NA,NA,26.25,73.75,Grade C,Grade C,Score-based certification,20,6.25
fluid,1,0.25,0,0,0,TRUE,TRUE,TRUE,TRUE,TRUE,TRUE,1,NA,NA,NA,NA,33.75,66.25,Grade C,Grade C,Score-based certification,35,1.25
fluid,0,0.5,0,0,0,TRUE,TRUE,TRUE,TRUE,TRUE,TRUE,1,NA,NA,NA,NA,7.5,92.5,Grade A,Grade A,Score-based certification,10,2.5
fluid,0.25,0.5,0,0,0,TRUE,TRUE,TRUE,TRUE,TRUE,TRUE,1,NA,NA,NA,NA,15,85,Grade B,Grade B,Score-based certification,10,5
fluid,0.5,0.5,0,0,0,TRUE,TRUE,TRUE,TRUE,TRUE,TRUE,1,NA,NA,NA,NA,22.5,77.5,Grade C,Grade C,Score-based certification,20,2.5
fluid,0.75,0.5,0,0,0,TRUE,TRUE,TRUE,TRUE,TRUE,TRUE,1,NA,NA,NA,NA,30,70,Grade C,Grade C,Score-based certification,35,5
fluid,1,0.5,0,0,0,TRUE,TRUE,TRUE,TRUE,TRUE,TRUE,1,NA,NA,NA,NA,37.5,62.5,Grade D,Grade D,Score-based certification,35,2.5
fluid,0,0.75,0,0,0,TRUE,TRUE,TRUE,TRUE,TRUE,TRUE,1,NA,NA,NA,NA,11.25,88.75,Grade B,Grade B,Score-based certification,10,1.25
fluid,0.25,0.75,0,0,0,TRUE,TRUE,TRUE,TRUE,TRUE,TRUE,1,NA,NA,NA,NA,18.75,81.25,Grade B,Grade B,Score-based certification,20,1.25
fluid,0.5,0.75,0,0,0,TRUE,TRUE,TRUE,TRUE,TRUE,TRUE,1,NA,NA,NA,NA,26.25,73.75,Grade C,Grade C,Score-based certification,20,6.25
fluid,0.75,0.75,0,0,0,TRUE,TRUE,TRUE,TRUE,TRUE,TRUE,1,NA,NA,NA,NA,33.75,66.25,Grade C,Grade C,Score-based certification,35,1.25
fluid,1,0.75,0,0,0,TRUE,TRUE,TRUE,TRUE,TRUE,TRUE,1,NA,NA,NA,NA,41.25,58.75,Grade D,Grade D,Score-based certification,35,6.25
fluid,0,1,0,0,0,TRUE,TRUE,TRUE,TRUE,TRUE,TRUE,1,NA,NA,NA,NA,15,85,Grade B,Grade B,Score-based certification,10,5
fluid,0.25,1,0,0,0,TRUE,TRUE,TRUE,TRUE,TRUE,TRUE,1,NA,NA,NA,NA,22.5,77.5,Grade C,Grade C,Score-based certification,20,2.5
fluid,0.5,1,0,0,0,TRUE,TRUE,TRUE,TRUE,TRUE,TRUE,1,NA,NA,NA,NA,30,70,Grade C,Grade C,Score-based certification,35,5
fluid,0.75,1,0,0,0,TRUE,TRUE,TRUE,TRUE,TRUE,TRUE,1,NA,NA,NA,NA,37.5,62.5,Grade D,Grade D,Score-based certification,35,2.5
fluid,1,1,0,0,0,TRUE,TRUE,TRUE,TRUE,TRUE,TRUE,1,NA,NA,NA,NA,45,55,Grade D,Grade D,Score-based certification,50,5
fluid,0,0,0.25,0,0,TRUE,TRUE,TRUE,TRUE,TRUE,TRUE,1,NA,NA,NA,NA,2.5,97.5,Grade A,Grade A,Score-based certification,10,7.5
fluid,0.25,0,0.25,0,0,TRUE,TRUE,TRUE,TRUE,TRUE,TRUE,1,NA,NA,NA,NA,10,90,Grade A,Grade A,Score-based certification,10,0
fluid,0.5,0,0.25,0,0,TRUE,TRUE,TRUE,TRUE,TRUE,TRUE,1,NA,NA,NA,NA,17.5,82.5,Grade B,Grade B,Score-based certification,20,2.5
fluid,0.75,0,0.25,0,0,TRUE,TRUE,TRUE,TRUE,TRUE,TRUE,1,NA,NA,NA,NA,25,75,Grade C,Grade C,Score-based certification,20,5
fluid,1,0,0.25,0,0,TRUE,TRUE,TRUE,TRUE,TRUE,TRUE,1,NA,NA,NA,NA,32.5,67.5,Grade C,Grade C,Score-based certification,35,2.5
fluid,0,0.25,0.25,0,0,TRUE,TRUE,TRUE,TRUE,TRUE,TRUE,1,NA,NA,NA,NA,6.25,93.75,Grade A,Grade A,Score-based certification,10,3.75
fluid,0.25,0.25,0.25,0,0,TRUE,TRUE,TRUE,TRUE,TRUE,TRUE,1,NA,NA,NA,NA,13.75,86.25,Grade B,Grade B,Score-based certification,10,3.75
fluid,0.5,0.25,0.25,0,0,TRUE,TRUE,TRUE,TRUE,TRUE,TRUE,1,NA,NA,NA,NA,21.25,78.75,Grade C,Grade C,Score-based certification,20,1.25
fluid,0.75,0.25,0.25,0,0,TRUE,TRUE,TRUE,TRUE,TRUE,TRUE,1,NA,NA,NA,NA,28.75,71.25,Grade C,Grade C,Score-based certification,35,6.25
fluid,1,0.25,0.25,0,0,TRUE,TRUE,TRUE,TRUE,TRUE,TRUE,1,NA,NA,NA,NA,36.25,63.75,Grade D,Grade D,Score-based certification,35,1.25
fluid,0,0.5,0.25,0,0,TRUE,TRUE,TRUE,TRUE,TRUE,TRUE,1,NA,NA,NA,NA,10,90,Grade A,Grade A,Score-based certification,10,0
fluid,0.25,0.5,0.25,0,0,TRUE,TRUE,TRUE,TRUE,TRUE,TRUE,1,NA,NA,NA,NA,17.5,82.5,Grade B,Grade B,Score-based certification,20,2.5
fluid,0.5,0.5,0.25,0,0,TRUE,TRUE,TRUE,TRUE,TRUE,TRUE,1,NA,NA,NA,NA,25,75,Grade C,Grade C,Score-based certification,20,5
fluid,0.75,0.5,0.25,0,0,TRUE,TRUE,TRUE,TRUE,TRUE,TRUE,1,NA,NA,NA,NA,32.5,67.5,Grade C,Grade C,Score-based certification,35,2.5
fluid,1,0.5,0.25,0,0,TRUE,TRUE,TRUE,TRUE,TRUE,TRUE,1,NA,NA,NA,NA,40,60,Grade D,Grade D,Score-based certification,35,5
fluid,0,0.75,0.25,0,0,TRUE,TRUE,TRUE,TRUE,TRUE,TRUE,1,NA,NA,NA,NA,13.75,86.25,Grade B,Grade B,Score-based certification,10,3.75
fluid,0.25,0.75,0.25,0,0,TRUE,TRUE,TRUE,TRUE,TRUE,TRUE,1,NA,NA,NA,NA,21.25,78.75,Grade C,Grade C,Score-based certification,20,1.25
fluid,0.5,0.75,0.25,0,0,TRUE,TRUE,TRUE,TRUE,TRUE,TRUE,1,NA,NA,NA,NA,28.75,71.25,Grade C,Grade C,Score-based certification,35,6.25
fluid,0.75,0.75,0.25,0,0,TRUE,TRUE,TRUE,TRUE,TRUE,TRUE,1,NA,NA,NA,NA,36.25,63.75,Grade D,Grade D,Score-based certification,35,1.25
fluid,1,0.75,0.25,0,0,TRUE,TRUE,TRUE,TRUE,TRUE,TRUE,1,NA,NA,NA,NA,43.75,56.25,Grade D,Grade D,Score-based certification,50,6.25
fluid,0,1,0.25,0,0,TRUE,TRUE,TRUE,TRUE,TRUE,TRUE,1,NA,NA,NA,NA,17.5,82.5,Grade B,Grade B,Score-based certification,20,2.5
fluid,0.25,1,0.25,0,0,TRUE,TRUE,TRUE,TRUE,TRUE,TRUE,1,NA,NA,NA,NA,25,75,Grade C,Grade C,Score-based certification,20,5
fluid,0.5,1,0.25,0,0,TRUE,TRUE,TRUE,TRUE,TRUE,TRUE,1,NA,NA,NA,NA,32.5,67.5,Grade C,Grade C,Score-based certification,35,2.5
fluid,0.75,1,0.25,0,0,TRUE,TRUE,TRUE,TRUE,TRUE,TRUE,1,NA,NA,NA,NA,40,60,Grade D,Grade D,Score-based certification,35,5
fluid,1,1,0.25,0,0,TRUE,TRUE,TRUE,TRUE,TRUE,TRUE,1,NA,NA,NA,NA,47.5,52.5,Grade D,Grade D,Score-based certification,50,2.5
fluid,0,0,0.5,0,0,TRUE,TRUE,TRUE,TRUE,TRUE,TRUE,1,NA,NA,NA,NA,5,95,Grade A,Grade A,Score-based certification,10,5
fluid,0.25,0,0.5,0,0,TRUE,TRUE,TRUE,TRUE,TRUE,TRUE,1,NA,NA,NA,NA,12.5,87.5,Grade B,Grade B,Score-based certification,10,2.5
fluid,0.5,0,0.5,0,0,TRUE,TRUE,TRUE,TRUE,TRUE,TRUE,1,NA,NA,NA,NA,20,80,Grade B,Grade B,Score-based certification,20,0
fluid,0.75,0,0.5,0,0,TRUE,TRUE,TRUE,TRUE,TRUE,TRUE,1,NA,NA,NA,NA,27.5,72.5,Grade C,Grade C,Score-based certification,20,7.5
fluid,1,0,0.5,0,0,TRUE,TRUE,TRUE,TRUE,TRUE,TRUE,1,NA,NA,NA,NA,35,65,Grade C,Grade C,Score-based certification,35,0
fluid,0,0.25,0.5,0,0,TRUE,TRUE,TRUE,TRUE,TRUE,TRUE,1,NA,NA,NA,NA,8.75,91.25,Grade A,Grade A,Score-based certification,10,1.25
fluid,0.25,0.25,0.5,0,0,TRUE,TRUE,TRUE,TRUE,TRUE,TRUE,1,NA,NA,NA,NA,16.25,83.75,Grade B,Grade B,Score-based certification,20,3.75
fluid,0.5,0.25,0.5,0,0,TRUE,TRUE,TRUE,TRUE,TRUE,TRUE,1,NA,NA,NA,NA,23.75,76.25,Grade C,Grade C,Score-based certification,20,3.75
fluid,0.75,0.25,0.5,0,0,TRUE,TRUE,TRUE,TRUE,TRUE,TRUE,1,NA,NA,NA,NA,31.25,68.75,Grade C,Grade C,Score-based certification,35,3.75
fluid,1,0.25,0.5,0,0,TRUE,TRUE,TRUE,TRUE,TRUE,TRUE,1,NA,NA,NA,NA,38.75,61.25,Grade D,Grade D,Score-based certification,35,3.75
fluid,0,0.5,0.5,0,0,TRUE,TRUE,TRUE,TRUE,TRUE,TRUE,1,NA,NA,NA,NA,12.5,87.5,Grade B,Grade B,Score-based certification,10,2.5
fluid,0.25,0.5,0.5,0,0,TRUE,TRUE,TRUE,TRUE,TRUE,TRUE,1,NA,NA,NA,NA,20,80,Grade B,Grade B,Score-based certification,20,0
fluid,0.5,0.5,0.5,0,0,TRUE,TRUE,TRUE,TRUE,TRUE,TRUE,1,NA,NA,NA,NA,27.5,72.5,Grade C,Grade C,Score-based certification,20,7.5
fluid,0.75,0.5,0.5,0,0,TRUE,TRUE,TRUE,TRUE,TRUE,TRUE,1,NA,NA,NA,NA,35,65,Grade C,Grade C,Score-based certification,35,0
fluid,1,0.5,0.5,0,0,TRUE,TRUE,TRUE,TRUE,TRUE,TRUE,1,NA,NA,NA,NA,42.5,57.5,Grade D,Grade D,Score-based certification,35,7.5
fluid,0,0.75,0.5,0,0,TRUE,TRUE,TRUE,TRUE,TRUE,TRUE,1,NA,NA,NA,NA,16.25,83.75,Grade B,Grade B,Score-based certification,20,3.75
fluid,0.25,0.75,0.5,0,0,TRUE,TRUE,TRUE,TRUE,TRUE,TRUE,1,NA,NA,NA,NA,23.75,76.25,Grade C,Grade C,Score-based certification,20,3.75
fluid,0.5,0.75,0.5,0,0,TRUE,TRUE,TRUE,TRUE,TRUE,TRUE,1,NA,NA,NA,NA,31.25,68.75,Grade C,Grade C,Score-based certification,35,3.75
fluid,0.75,0.75,0.5,0,0,TRUE,TRUE,TRUE,TRUE,TRUE,TRUE,1,NA,NA,NA,NA,38.75,61.25,Grade D,Grade D,Score-based certification,35,3.75
fluid,1,0.75,0.5,0,0,TRUE,TRUE,TRUE,TRUE,TRUE,TRUE,1,NA,NA,NA,NA,46.25,53.75,Grade D,Grade D,Score-based certification,50,3.75
fluid,0,1,0.5,0,0,TRUE,TRUE,TRUE,TRUE,TRUE,TRUE,1,NA,NA,NA,NA,20,80,Grade B,Grade B,Score-based certification,20,0
fluid,0.25,1,0.5,0,0,TRUE,TRUE,TRUE,TRUE,TRUE,TRUE,1,NA,NA,NA,NA,27.5,72.5,Grade C,Grade C,Score-based certification,20,7.5
fluid,0.5,1,0.5,0,0,TRUE,TRUE,TRUE,TRUE,TRUE,TRUE,1,NA,NA,NA,NA,35,65,Grade C,Grade C,Score-based certification,35,0
fluid,0.75,1,0.5,0,0,TRUE,TRUE,TRUE,TRUE,TRUE,TRUE,1,NA,NA,NA,NA,42.5,57.5,Grade D,Grade D,Score-based certification,35,7.5
fluid,1,1,0.5,0,0,TRUE,TRUE,TRUE,TRUE,TRUE,TRUE,1,NA,NA,NA,NA,50,50,Grade D,Grade D,Score-based certification,50,0
fluid,0,0,0.75,0,0,TRUE,TRUE,TRUE,TRUE,TRUE,TRUE,1,NA,NA,NA,NA,7.5,92.5,Grade A,Grade A,Score-based certification,10,2.5
fluid,0.25,0,0.75,0,0,TRUE,TRUE,TRUE,TRUE,TRUE,TRUE,1,NA,NA,NA,NA,15,85,Grade B,Grade B,Score-based certification,10,5
fluid,0.5,0,0.75,0,0,TRUE,TRUE,TRUE,TRUE,TRUE,TRUE,1,NA,NA,NA,NA,22.5,77.5,Grade C,Grade C,Score-based certification,20,2.5
fluid,0.75,0,0.75,0,0,TRUE,TRUE,TRUE,TRUE,TRUE,TRUE,1,NA,NA,NA,NA,30,70,Grade C,Grade C,Score-based certification,35,5
fluid,1,0,0.75,0,0,TRUE,TRUE,TRUE,TRUE,TRUE,TRUE,1,NA,NA,NA,NA,37.5,62.5,Grade D,Grade D,Score-based certification,35,2.5
fluid,0,0.25,0.75,0,0,TRUE,TRUE,TRUE,TRUE,TRUE,TRUE,1,NA,NA,NA,NA,11.25,88.75,Grade B,Grade B,Score-based certification,10,1.25
fluid,0.25,0.25,0.75,0,0,TRUE,TRUE,TRUE,TRUE,TRUE,TRUE,1,NA,NA,NA,NA,18.75,81.25,Grade B,Grade B,Score-based certification,20,1.25
fluid,0.5,0.25,0.75,0,0,TRUE,TRUE,TRUE,TRUE,TRUE,TRUE,1,NA,NA,NA,NA,26.25,73.75,Grade C,Grade C,Score-based certification,20,6.25
fluid,0.75,0.25,0.75,0,0,TRUE,TRUE,TRUE,TRUE,TRUE,TRUE,1,NA,NA,NA,NA,33.75,66.25,Grade C,Grade C,Score-based certification,35,1.25
fluid,1,0.25,0.75,0,0,TRUE,TRUE,TRUE,TRUE,TRUE,TRUE,1,NA,NA,NA,NA,41.25,58.75,Grade D,Grade D,Score-based certification,35,6.25
fluid,0,0.5,0.75,0,0,TRUE,TRUE,TRUE,TRUE,TRUE,TRUE,1,NA,NA,NA,NA,15,85,Grade B,Grade B,Score-based certification,10,5
fluid,0.25,0.5,0.75,0,0,TRUE,TRUE,TRUE,TRUE,TRUE,TRUE,1,NA,NA,NA,NA,22.5,77.5,Grade C,Grade C,Score-based certification,20,2.5
fluid,0.5,0.5,0.75,0,0,TRUE,TRUE,TRUE,TRUE,TRUE,TRUE,1,NA,NA,NA,NA,30,70,Grade C,Grade C,Score-based certification,35,5
fluid,0.75,0.5,0.75,0,0,TRUE,TRUE,TRUE,TRUE,TRUE,TRUE,1,NA,NA,NA,NA,37.5,62.5,Grade D,Grade D,Score-based certification,35,2.5
fluid,1,0.5,0.75,0,0,TRUE,TRUE,TRUE,TRUE,TRUE,TRUE,1,NA,NA,NA,NA,45,55,Grade D,Grade D,Score-based certification,50,5
fluid,0,0.75,0.75,0,0,TRUE,TRUE,TRUE,TRUE,TRUE,TRUE,1,NA,NA,NA,NA,18.75,81.25,Grade B,Grade B,Score-based certification,20,1.25
fluid,0.25,0.75,0.75,0,0,TRUE,TRUE,TRUE,TRUE,TRUE,TRUE,1,NA,NA,NA,NA,26.25,73.75,Grade C,Grade C,Score-based certification,20,6.25
fluid,0.5,0.75,0.75,0,0,TRUE,TRUE,TRUE,TRUE,TRUE,TRUE,1,NA,NA,NA,NA,33.75,66.25,Grade C,Grade C,Score-based certification,35,1.25
fluid,0.75,0.75,0.75,0,0,TRUE,TRUE,TRUE,TRUE,TRUE,TRUE,1,NA,NA,NA,NA,41.25,58.75,Grade D,Grade D,Score-based certification,35,6.25
fluid,1,0.75,0.75,0,0,TRUE,TRUE,TRUE,TRUE,TRUE,TRUE,1,NA,NA,NA,NA,48.75,51.25,Grade D,Grade D,Score-based certification,50,1.25
fluid,0,1,0.75,0,0,TRUE,TRUE,TRUE,TRUE,TRUE,TRUE,1,NA,NA,NA,NA,22.5,77.5,Grade C,Grade C,Score-based certification,20,2.5
fluid,0.25,1,0.75,0,0,TRUE,TRUE,TRUE,TRUE,TRUE,TRUE,1,NA,NA,NA,NA,30,70,Grade C,Grade C,Score-based certification,35,5
fluid,0.5,1,0.75,0,0,TRUE,TRUE,TRUE,TRUE,TRUE,TRUE,1,NA,NA,NA,NA,37.5,62.5,Grade D,Grade D,Score-based certification,35,2.5
fluid,0.75,1,0.75,0,0,TRUE,TRUE,TRUE,TRUE,TRUE,TRUE,1,NA,NA,NA,NA,45,55,Grade D,Grade D,Score-based certification,50,5
fluid,1,1,0.75,0,0,TRUE,TRUE,TRUE,TRUE,TRUE,TRUE,1,NA,NA,NA,NA,52.5,47.5,Grade E,Grade E,Critical penalty burden,50,2.5
fluid,0,0,1,0,0,TRUE,TRUE,TRUE,TRUE,TRUE,TRUE,1,NA,NA,NA,NA,10,90,Grade A,Grade A,Score-based certification,10,0
fluid,0.25,0,1,0,0,TRUE,TRUE,TRUE,TRUE,TRUE,TRUE,1,NA,NA,NA,NA,17.5,82.5,Grade B,Grade B,Score-based certification,20,2.5
fluid,0.5,0,1,0,0,TRUE,TRUE,TRUE,TRUE,TRUE,TRUE,1,NA,NA,NA,NA,25,75,Grade C,Grade C,Score-based certification,20,5
fluid,0.75,0,1,0,0,TRUE,TRUE,TRUE,TRUE,TRUE,TRUE,1,NA,NA,NA,NA,32.5,67.5,Grade C,Grade C,Score-based certification,35,2.5
fluid,1,0,1,0,0,TRUE,TRUE,TRUE,TRUE,TRUE,TRUE,1,NA,NA,NA,NA,40,60,Grade D,Grade D,Score-based certification,35,5
fluid,0,0.25,1,0,0,TRUE,TRUE,TRUE,TRUE,TRUE,TRUE,1,NA,NA,NA,NA,13.75,86.25,Grade B,Grade B,Score-based certification,10,3.75
fluid,0.25,0.25,1,0,0,TRUE,TRUE,TRUE,TRUE,TRUE,TRUE,1,NA,NA,NA,NA,21.25,78.75,Grade C,Grade C,Score-based certification,20,1.25
fluid,0.5,0.25,1,0,0,TRUE,TRUE,TRUE,TRUE,TRUE,TRUE,1,NA,NA,NA,NA,28.75,71.25,Grade C,Grade C,Score-based certification,35,6.25
fluid,0.75,0.25,1,0,0,TRUE,TRUE,TRUE,TRUE,TRUE,TRUE,1,NA,NA,NA,NA,36.25,63.75,Grade D,Grade D,Score-based certification,35,1.25
fluid,1,0.25,1,0,0,TRUE,TRUE,TRUE,TRUE,TRUE,TRUE,1,NA,NA,NA,NA,43.75,56.25,Grade D,Grade D,Score-based certification,50,6.25
fluid,0,0.5,1,0,0,TRUE,TRUE,TRUE,TRUE,TRUE,TRUE,1,NA,NA,NA,NA,17.5,82.5,Grade B,Grade B,Score-based certification,20,2.5
fluid,0.25,0.5,1,0,0,TRUE,TRUE,TRUE,TRUE,TRUE,TRUE,1,NA,NA,NA,NA,25,75,Grade C,Grade C,Score-based certification,20,5
fluid,0.5,0.5,1,0,0,TRUE,TRUE,TRUE,TRUE,TRUE,TRUE,1,NA,NA,NA,NA,32.5,67.5,Grade C,Grade C,Score-based certification,35,2.5
fluid,0.75,0.5,1,0,0,TRUE,TRUE,TRUE,TRUE,TRUE,TRUE,1,NA,NA,NA,NA,40,60,Grade D,Grade D,Score-based certification,35,5
fluid,1,0.5,1,0,0,TRUE,TRUE,TRUE,TRUE,TRUE,TRUE,1,NA,NA,NA,NA,47.5,52.5,Grade D,Grade D,Score-based certification,50,2.5
fluid,0,0.75,1,0,0,TRUE,TRUE,TRUE,TRUE,TRUE,TRUE,1,NA,NA,NA,NA,21.25,78.75,Grade C,Grade C,Score-based certification,20,1.25
fluid,0.25,0.75,1,0,0,TRUE,TRUE,TRUE,TRUE,TRUE,TRUE,1,NA,NA,NA,NA,28.75,71.25,Grade C,Grade C,Score-based certification,35,6.25
fluid,0.5,0.75,1,0,0,TRUE,TRUE,TRUE,TRUE,TRUE,TRUE,1,NA,NA,NA,NA,36.25,63.75,Grade D,Grade D,Score-based certification,35,1.25
fluid,0.75,0.75,1,0,0,TRUE,TRUE,TRUE,TRUE,TRUE,TRUE,1,NA,NA,NA,NA,43.75,56.25,Grade D,Grade D,Score-based certification,50,6.25
fluid,1,0.75,1,0,0,TRUE,TRUE,TRUE,TRUE,TRUE,TRUE,1,NA,NA,NA,NA,51.25,48.75,Grade E,Grade E,Critical penalty burden,50,1.25
fluid,0,1,1,0,0,TRUE,TRUE,TRUE,TRUE,TRUE,TRUE,1,NA,NA,NA,NA,25,75,Grade C,Grade C,Score-based certification,20,5
fluid,0.25,1,1,0,0,TRUE,TRUE,TRUE,TRUE,TRUE,TRUE,1,NA,NA,NA,NA,32.5,67.5,Grade C,Grade C,Score-based certification,35,2.5
fluid,0.5,1,1,0,0,TRUE,TRUE,TRUE,TRUE,TRUE,TRUE,1,NA,NA,NA,NA,40,60,Grade D,Grade D,Score-based certification,35,5
fluid,0.75,1,1,0,0,TRUE,TRUE,TRUE,TRUE,TRUE,TRUE,1,NA,NA,NA,NA,47.5,52.5,Grade D,Grade D,Score-based certification,50,2.5
fluid,1,1,1,0,0,TRUE,TRUE,TRUE,TRUE,TRUE,TRUE,1,NA,NA,NA,NA,55,45,Grade E,Grade E,Critical penalty burden,50,5
fluid,0,0,0,0.25,0,TRUE,TRUE,TRUE,TRUE,TRUE,TRUE,1,NA,NA,NA,NA,5,95,Grade A,Grade A,Score-based certification,10,5
fluid,0.25,0,0,0.25,0,TRUE,TRUE,TRUE,TRUE,TRUE,TRUE,1,NA,NA,NA,NA,12.5,87.5,Grade B,Grade B,Score-based certification,10,2.5
fluid,0.5,0,0,0.25,0,TRUE,TRUE,TRUE,TRUE,TRUE,TRUE,1,NA,NA,NA,NA,20,80,Grade B,Grade B,Score-based certification,20,0
fluid,0.75,0,0,0.25,0,TRUE,TRUE,TRUE,TRUE,TRUE,TRUE,1,NA,NA,NA,NA,27.5,72.5,Grade C,Grade C,Score-based certification,20,7.5
fluid,1,0,0,0.25,0,TRUE,TRUE,TRUE,TRUE,TRUE,TRUE,1,NA,NA,NA,NA,35,65,Grade C,Grade C,Score-based certification,35,0
fluid,0,0.25,0,0.25,0,TRUE,TRUE,TRUE,TRUE,TRUE,TRUE,1,NA,NA,NA,NA,8.75,91.25,Grade A,Grade A,Score-based certification,10,1.25
fluid,0.25,0.25,0,0.25,0,TRUE,TRUE,TRUE,TRUE,TRUE,TRUE,1,NA,NA,NA,NA,16.25,83.75,Grade B,Grade B,Score-based certification,20,3.75
fluid,0.5,0.25,0,0.25,0,TRUE,TRUE,TRUE,TRUE,TRUE,TRUE,1,NA,NA,NA,NA,23.75,76.25,Grade C,Grade C,Score-based certification,20,3.75
fluid,0.75,0.25,0,0.25,0,TRUE,TRUE,TRUE,TRUE,TRUE,TRUE,1,NA,NA,NA,NA,31.25,68.75,Grade C,Grade C,Score-based certification,35,3.75
fluid,1,0.25,0,0.25,0,TRUE,TRUE,TRUE,TRUE,TRUE,TRUE,1,NA,NA,NA,NA,38.75,61.25,Grade D,Grade D,Score-based certification,35,3.75
fluid,0,0.5,0,0.25,0,TRUE,TRUE,TRUE,TRUE,TRUE,TRUE,1,NA,NA,NA,NA,12.5,87.5,Grade B,Grade B,Score-based certification,10,2.5
fluid,0.25,0.5,0,0.25,0,TRUE,TRUE,TRUE,TRUE,TRUE,TRUE,1,NA,NA,NA,NA,20,80,Grade B,Grade B,Score-based certification,20,0
fluid,0.5,0.5,0,0.25,0,TRUE,TRUE,TRUE,TRUE,TRUE,TRUE,1,NA,NA,NA,NA,27.5,72.5,Grade C,Grade C,Score-based certification,20,7.5
fluid,0.75,0.5,0,0.25,0,TRUE,TRUE,TRUE,TRUE,TRUE,TRUE,1,NA,NA,NA,NA,35,65,Grade C,Grade C,Score-based certification,35,0
fluid,1,0.5,0,0.25,0,TRUE,TRUE,TRUE,TRUE,TRUE,TRUE,1,NA,NA,NA,NA,42.5,57.5,Grade D,Grade D,Score-based certification,35,7.5
fluid,0,0.75,0,0.25,0,TRUE,TRUE,TRUE,TRUE,TRUE,TRUE,1,NA,NA,NA,NA,16.25,83.75,Grade B,Grade B,Score-based certification,20,3.75
fluid,0.25,0.75,0,0.25,0,TRUE,TRUE,TRUE,TRUE,TRUE,TRUE,1,NA,NA,NA,NA,23.75,76.25,Grade C,Grade C,Score-based certification,20,3.75
fluid,0.5,0.75,0,0.25,0,TRUE,TRUE,TRUE,TRUE,TRUE,TRUE,1,NA,NA,NA,NA,31.25,68.75,Grade C,Grade C,Score-based certification,35,3.75
fluid,0.75,0.75,0,0.25,0,TRUE,TRUE,TRUE,TRUE,TRUE,TRUE,1,NA,NA,NA,NA,38.75,61.25,Grade D,Grade D,Score-based certification,35,3.75
fluid,1,0.75,0,0.25,0,TRUE,TRUE,TRUE,TRUE,TRUE,TRUE,1,NA,NA,NA,NA,46.25,53.75,Grade D,Grade D,Score-based certification,50,3.75
fluid,0,1,0,0.25,0,TRUE,TRUE,TRUE,TRUE,TRUE,TRUE,1,NA,NA,NA,NA,20,80,Grade B,Grade B,Score-based certification,20,0
fluid,0.25,1,0,0.25,0,TRUE,TRUE,TRUE,TRUE,TRUE,TRUE,1,NA,NA,NA,NA,27.5,72.5,Grade C,Grade C,Score-based certification,20,7.5
fluid,0.5,1,0,0.25,0,TRUE,TRUE,TRUE,TRUE,TRUE,TRUE,1,NA,NA,NA,NA,35,65,Grade C,Grade C,Score-based certification,35,0
fluid,0.75,1,0,0.25,0,TRUE,TRUE,TRUE,TRUE,TRUE,TRUE,1,NA,NA,NA,NA,42.5,57.5,Grade D,Grade D,Score-based certification,35,7.5
fluid,1,1,0,0.25,0,TRUE,TRUE,TRUE,TRUE,TRUE,TRUE,1,NA,NA,NA,NA,50,50,Grade D,Grade D,Score-based certification,50,0
fluid,0,0,0.25,0.25,0,TRUE,TRUE,TRUE,TRUE,TRUE,TRUE,1,NA,NA,NA,NA,7.5,92.5,Grade A,Grade A,Score-based certification,10,2.5
fluid,0.25,0,0.25,0.25,0,TRUE,TRUE,TRUE,TRUE,TRUE,TRUE,1,NA,NA,NA,NA,15,85,Grade B,Grade B,Score-based certification,10,5
fluid,0.5,0,0.25,0.25,0,TRUE,TRUE,TRUE,TRUE,TRUE,TRUE,1,NA,NA,NA,NA,22.5,77.5,Grade C,Grade C,Score-based certification,20,2.5
fluid,0.75,0,0.25,0.25,0,TRUE,TRUE,TRUE,TRUE,TRUE,TRUE,1,NA,NA,NA,NA,30,70,Grade C,Grade C,Score-based certification,35,5
fluid,1,0,0.25,0.25,0,TRUE,TRUE,TRUE,TRUE,TRUE,TRUE,1,NA,NA,NA,NA,37.5,62.5,Grade D,Grade D,Score-based certification,35,2.5
fluid,0,0.25,0.25,0.25,0,TRUE,TRUE,TRUE,TRUE,TRUE,TRUE,1,NA,NA,NA,NA,11.25,88.75,Grade B,Grade B,Score-based certification,10,1.25
fluid,0.25,0.25,0.25,0.25,0,TRUE,TRUE,TRUE,TRUE,TRUE,TRUE,1,NA,NA,NA,NA,18.75,81.25,Grade B,Grade B,Score-based certification,20,1.25
fluid,0.5,0.25,0.25,0.25,0,TRUE,TRUE,TRUE,TRUE,TRUE,TRUE,1,NA,NA,NA,NA,26.25,73.75,Grade C,Grade C,Score-based certification,20,6.25
fluid,0.75,0.25,0.25,0.25,0,TRUE,TRUE,TRUE,TRUE,TRUE,TRUE,1,NA,NA,NA,NA,33.75,66.25,Grade C,Grade C,Score-based certification,35,1.25
fluid,1,0.25,0.25,0.25,0,TRUE,TRUE,TRUE,TRUE,TRUE,TRUE,1,NA,NA,NA,NA,41.25,58.75,Grade D,Grade D,Score-based certification,35,6.25
fluid,0,0.5,0.25,0.25,0,TRUE,TRUE,TRUE,TRUE,TRUE,TRUE,1,NA,NA,NA,NA,15,85,Grade B,Grade B,Score-based certification,10,5
fluid,0.25,0.5,0.25,0.25,0,TRUE,TRUE,TRUE,TRUE,TRUE,TRUE,1,NA,NA,NA,NA,22.5,77.5,Grade C,Grade C,Score-based certification,20,2.5
fluid,0.5,0.5,0.25,0.25,0,TRUE,TRUE,TRUE,TRUE,TRUE,TRUE,1,NA,NA,NA,NA,30,70,Grade C,Grade C,Score-based certification,35,5
fluid,0.75,0.5,0.25,0.25,0,TRUE,TRUE,TRUE,TRUE,TRUE,TRUE,1,NA,NA,NA,NA,37.5,62.5,Grade D,Grade D,Score-based certification,35,2.5
fluid,1,0.5,0.25,0.25,0,TRUE,TRUE,TRUE,TRUE,TRUE,TRUE,1,NA,NA,NA,NA,45,55,Grade D,Grade D,Score-based certification,50,5
fluid,0,0.75,0.25,0.25,0,TRUE,TRUE,TRUE,TRUE,TRUE,TRUE,1,NA,NA,NA,NA,18.75,81.25,Grade B,Grade B,Score-based certification,20,1.25
fluid,0.25,0.75,0.25,0.25,0,TRUE,TRUE,TRUE,TRUE,TRUE,TRUE,1,NA,NA,NA,NA,26.25,73.75,Grade C,Grade C,Score-based certification,20,6.25
fluid,0.5,0.75,0.25,0.25,0,TRUE,TRUE,TRUE,TRUE,TRUE,TRUE,1,NA,NA,NA,NA,33.75,66.25,Grade C,Grade C,Score-based certification,35,1.25
fluid,0.75,0.75,0.25,0.25,0,TRUE,TRUE,TRUE,TRUE,TRUE,TRUE,1,NA,NA,NA,NA,41.25,58.75,Grade D,Grade D,Score-based certification,35,6.25
fluid,1,0.75,0.25,0.25,0,TRUE,TRUE,TRUE,TRUE,TRUE,TRUE,1,NA,NA,NA,NA,48.75,51.25,Grade D,Grade D,Score-based certification,50,1.25
fluid,0,1,0.25,0.25,0,TRUE,TRUE,TRUE,TRUE,TRUE,TRUE,1,NA,NA,NA,NA,22.5,77.5,Grade C,Grade C,Score-based certification,20,2.5
fluid,0.25,1,0.25,0.25,0,TRUE,TRUE,TRUE,TRUE,TRUE,TRUE,1,NA,NA,NA,NA,30,70,Grade C,Grade C,Score-based certification,35,5
fluid,0.5,1,0.25,0.25,0,TRUE,TRUE,TRUE,TRUE,TRUE,TRUE,1,NA,NA,NA,NA,37.5,62.5,Grade D,Grade D,Score-based certification,35,2.5
fluid,0.75,1,0.25,0.25,0,TRUE,TRUE,TRUE,TRUE,TRUE,TRUE,1,NA,NA,NA,NA,45,55,Grade D,Grade D,Score-based certification,50,5
fluid,1,1,0.25,0.25,0,TRUE,TRUE,TRUE,TRUE,TRUE,TRUE,1,NA,NA,NA,NA,52.5,47.5,Grade E,Grade E,Critical penalty burden,50,2.5
fluid,0,0,0.5,0.25,0,TRUE,TRUE,TRUE,TRUE,TRUE,TRUE,1,NA,NA,NA,NA,10,90,Grade A,Grade A,Score-based certification,10,0
fluid,0.25,0,0.5,0.25,0,TRUE,TRUE,TRUE,TRUE,TRUE,TRUE,1,NA,NA,NA,NA,17.5,82.5,Grade B,Grade B,Score-based certification,20,2.5
fluid,0.5,0,0.5,0.25,0,TRUE,TRUE,TRUE,TRUE,TRUE,TRUE,1,NA,NA,NA,NA,25,75,Grade C,Grade C,Score-based certification,20,5
fluid,0.75,0,0.5,0.25,0,TRUE,TRUE,TRUE,TRUE,TRUE,TRUE,1,NA,NA,NA,NA,32.5,67.5,Grade C,Grade C,Score-based certification,35,2.5
fluid,1,0,0.5,0.25,0,TRUE,TRUE,TRUE,TRUE,TRUE,TRUE,1,NA,NA,NA,NA,40,60,Grade D,Grade D,Score-based certification,35,5
fluid,0,0.25,0.5,0.25,0,TRUE,TRUE,TRUE,TRUE,TRUE,TRUE,1,NA,NA,NA,NA,13.75,86.25,Grade B,Grade B,Score-based certification,10,3.75
fluid,0.25,0.25,0.5,0.25,0,TRUE,TRUE,TRUE,TRUE,TRUE,TRUE,1,NA,NA,NA,NA,21.25,78.75,Grade C,Grade C,Score-based certification,20,1.25
fluid,0.5,0.25,0.5,0.25,0,TRUE,TRUE,TRUE,TRUE,TRUE,TRUE,1,NA,NA,NA,NA,28.75,71.25,Grade C,Grade C,Score-based certification,35,6.25
fluid,0.75,0.25,0.5,0.25,0,TRUE,TRUE,TRUE,TRUE,TRUE,TRUE,1,NA,NA,NA,NA,36.25,63.75,Grade D,Grade D,Score-based certification,35,1.25
fluid,1,0.25,0.5,0.25,0,TRUE,TRUE,TRUE,TRUE,TRUE,TRUE,1,NA,NA,NA,NA,43.75,56.25,Grade D,Grade D,Score-based certification,50,6.25
fluid,0,0.5,0.5,0.25,0,TRUE,TRUE,TRUE,TRUE,TRUE,TRUE,1,NA,NA,NA,NA,17.5,82.5,Grade B,Grade B,Score-based certification,20,2.5
fluid,0.25,0.5,0.5,0.25,0,TRUE,TRUE,TRUE,TRUE,TRUE,TRUE,1,NA,NA,NA,NA,25,75,Grade C,Grade C,Score-based certification,20,5
fluid,0.5,0.5,0.5,0.25,0,TRUE,TRUE,TRUE,TRUE,TRUE,TRUE,1,NA,NA,NA,NA,32.5,67.5,Grade C,Grade C,Score-based certification,35,2.5
fluid,0.75,0.5,0.5,0.25,0,TRUE,TRUE,TRUE,TRUE,TRUE,TRUE,1,NA,NA,NA,NA,40,60,Grade D,Grade D,Score-based certification,35,5
fluid,1,0.5,0.5,0.25,0,TRUE,TRUE,TRUE,TRUE,TRUE,TRUE,1,NA,NA,NA,NA,47.5,52.5,Grade D,Grade D,Score-based certification,50,2.5
fluid,0,0.75,0.5,0.25,0,TRUE,TRUE,TRUE,TRUE,TRUE,TRUE,1,NA,NA,NA,NA,21.25,78.75,Grade C,Grade C,Score-based certification,20,1.25
fluid,0.25,0.75,0.5,0.25,0,TRUE,TRUE,TRUE,TRUE,TRUE,TRUE,1,NA,NA,NA,NA,28.75,71.25,Grade C,Grade C,Score-based certification,35,6.25
fluid,0.5,0.75,0.5,0.25,0,TRUE,TRUE,TRUE,TRUE,TRUE,TRUE,1,NA,NA,NA,NA,36.25,63.75,Grade D,Grade D,Score-based certification,35,1.25
fluid,0.75,0.75,0.5,0.25,0,TRUE,TRUE,TRUE,TRUE,TRUE,TRUE,1,NA,NA,NA,NA,43.75,56.25,Grade D,Grade D,Score-based certification,50,6.25
fluid,1,0.75,0.5,0.25,0,TRUE,TRUE,TRUE,TRUE,TRUE,TRUE,1,NA,NA,NA,NA,51.25,48.75,Grade E,Grade E,Critical penalty burden,50,1.25
fluid,0,1,0.5,0.25,0,TRUE,TRUE,TRUE,TRUE,TRUE,TRUE,1,NA,NA,NA,NA,25,75,Grade C,Grade C,Score-based certification,20,5
fluid,0.25,1,0.5,0.25,0,TRUE,TRUE,TRUE,TRUE,TRUE,TRUE,1,NA,NA,NA,NA,32.5,67.5,Grade C,Grade C,Score-based certification,35,2.5
fluid,0.5,1,0.5,0.25,0,TRUE,TRUE,TRUE,TRUE,TRUE,TRUE,1,NA,NA,NA,NA,40,60,Grade D,Grade D,Score-based certification,35,5
fluid,0.75,1,0.5,0.25,0,TRUE,TRUE,TRUE,TRUE,TRUE,TRUE,1,NA,NA,NA,NA,47.5,52.5,Grade D,Grade D,Score-based certification,50,2.5
fluid,1,1,0.5,0.25,0,TRUE,TRUE,TRUE,TRUE,TRUE,TRUE,1,NA,NA,NA,NA,55,45,Grade E,Grade E,Critical penalty burden,50,5
fluid,0,0,0.75,0.25,0,TRUE,TRUE,TRUE,TRUE,TRUE,TRUE,1,NA,NA,NA,NA,12.5,87.5,Grade B,Grade B,Score-based certification,10,2.5
fluid,0.25,0,0.75,0.25,0,TRUE,TRUE,TRUE,TRUE,TRUE,TRUE,1,NA,NA,NA,NA,20,80,Grade B,Grade B,Score-based certification,20,0
fluid,0.5,0,0.75,0.25,0,TRUE,TRUE,TRUE,TRUE,TRUE,TRUE,1,NA,NA,NA,NA,27.5,72.5,Grade C,Grade C,Score-based certification,20,7.5
fluid,0.75,0,0.75,0.25,0,TRUE,TRUE,TRUE,TRUE,TRUE,TRUE,1,NA,NA,NA,NA,35,65,Grade C,Grade C,Score-based certification,35,0
fluid,1,0,0.75,0.25,0,TRUE,TRUE,TRUE,TRUE,TRUE,TRUE,1,NA,NA,NA,NA,42.5,57.5,Grade D,Grade D,Score-based certification,35,7.5
fluid,0,0.25,0.75,0.25,0,TRUE,TRUE,TRUE,TRUE,TRUE,TRUE,1,NA,NA,NA,NA,16.25,83.75,Grade B,Grade B,Score-based certification,20,3.75
fluid,0.25,0.25,0.75,0.25,0,TRUE,TRUE,TRUE,TRUE,TRUE,TRUE,1,NA,NA,NA,NA,23.75,76.25,Grade C,Grade C,Score-based certification,20,3.75
fluid,0.5,0.25,0.75,0.25,0,TRUE,TRUE,TRUE,TRUE,TRUE,TRUE,1,NA,NA,NA,NA,31.25,68.75,Grade C,Grade C,Score-based certification,35,3.75
fluid,0.75,0.25,0.75,0.25,0,TRUE,TRUE,TRUE,TRUE,TRUE,TRUE,1,NA,NA,NA,NA,38.75,61.25,Grade D,Grade D,Score-based certification,35,3.75
fluid,1,0.25,0.75,0.25,0,TRUE,TRUE,TRUE,TRUE,TRUE,TRUE,1,NA,NA,NA,NA,46.25,53.75,Grade D,Grade D,Score-based certification,50,3.75
fluid,0,0.5,0.75,0.25,0,TRUE,TRUE,TRUE,TRUE,TRUE,TRUE,1,NA,NA,NA,NA,20,80,Grade B,Grade B,Score-based certification,20,0
fluid,0.25,0.5,0.75,0.25,0,TRUE,TRUE,TRUE,TRUE,TRUE,TRUE,1,NA,NA,NA,NA,27.5,72.5,Grade C,Grade C,Score-based certification,20,7.5
fluid,0.5,0.5,0.75,0.25,0,TRUE,TRUE,TRUE,TRUE,TRUE,TRUE,1,NA,NA,NA,NA,35,65,Grade C,Grade C,Score-based certification,35,0
fluid,0.75,0.5,0.75,0.25,0,TRUE,TRUE,TRUE,TRUE,TRUE,TRUE,1,NA,NA,NA,NA,42.5,57.5,Grade D,Grade D,Score-based certification,35,7.5
fluid,1,0.5,0.75,0.25,0,TRUE,TRUE,TRUE,TRUE,TRUE,TRUE,1,NA,NA,NA,NA,50,50,Grade D,Grade D,Score-based certification,50,0
fluid,0,0.75,0.75,0.25,0,TRUE,TRUE,TRUE,TRUE,TRUE,TRUE,1,NA,NA,NA,NA,23.75,76.25,Grade C,Grade C,Score-based certification,20,3.75
fluid,0.25,0.75,0.75,0.25,0,TRUE,TRUE,TRUE,TRUE,TRUE,TRUE,1,NA,NA,NA,NA,31.25,68.75,Grade C,Grade C,Score-based certification,35,3.75
fluid,0.5,0.75,0.75,0.25,0,TRUE,TRUE,TRUE,TRUE,TRUE,TRUE,1,NA,NA,NA,NA,38.75,61.25,Grade D,Grade D,Score-based certification,35,3.75
fluid,0.75,0.75,0.75,0.25,0,TRUE,TRUE,TRUE,TRUE,TRUE,TRUE,1,NA,NA,NA,NA,46.25,53.75,Grade D,Grade D,Score-based certification,50,3.75
fluid,1,0.75,0.75,0.25,0,TRUE,TRUE,TRUE,TRUE,TRUE,TRUE,1,NA,NA,NA,NA,53.75,46.25,Grade E,Grade E,Critical penalty burden,50,3.75
fluid,0,1,0.75,0.25,0,TRUE,TRUE,TRUE,TRUE,TRUE,TRUE,1,NA,NA,NA,NA,27.5,72.5,Grade C,Grade C,Score-based certification,20,7.5
fluid,0.25,1,0.75,0.25,0,TRUE,TRUE,TRUE,TRUE,TRUE,TRUE,1,NA,NA,NA,NA,35,65,Grade C,Grade C,Score-based certification,35,0
fluid,0.5,1,0.75,0.25,0,TRUE,TRUE,TRUE,TRUE,TRUE,TRUE,1,NA,NA,NA,NA,42.5,57.5,Grade D,Grade D,Score-based certification,35,7.5
fluid,0.75,1,0.75,0.25,0,TRUE,TRUE,TRUE,TRUE,TRUE,TRUE,1,NA,NA,NA,NA,50,50,Grade D,Grade D,Score-based certification,50,0
fluid,1,1,0.75,0.25,0,TRUE,TRUE,TRUE,TRUE,TRUE,TRUE,1,NA,NA,NA,NA,57.5,42.5,Grade E,Grade E,Critical penalty burden,50,7.5
fluid,0,0,1,0.25,0,TRUE,TRUE,TRUE,TRUE,TRUE,TRUE,1,NA,NA,NA,NA,15,85,Grade B,Grade B,Score-based certification,10,5
fluid,0.25,0,1,0.25,0,TRUE,TRUE,TRUE,TRUE,TRUE,TRUE,1,NA,NA,NA,NA,22.5,77.5,Grade C,Grade C,Score-based certification,20,2.5
fluid,0.5,0,1,0.25,0,TRUE,TRUE,TRUE,TRUE,TRUE,TRUE,1,NA,NA,NA,NA,30,70,Grade C,Grade C,Score-based certification,35,5
fluid,0.75,0,1,0.25,0,TRUE,TRUE,TRUE,TRUE,TRUE,TRUE,1,NA,NA,NA,NA,37.5,62.5,Grade D,Grade D,Score-based certification,35,2.5
fluid,1,0,1,0.25,0,TRUE,TRUE,TRUE,TRUE,TRUE,TRUE,1,NA,NA,NA,NA,45,55,Grade D,Grade D,Score-based certification,50,5
fluid,0,0.25,1,0.25,0,TRUE,TRUE,TRUE,TRUE,TRUE,TRUE,1,NA,NA,NA,NA,18.75,81.25,Grade B,Grade B,Score-based certification,20,1.25
fluid,0.25,0.25,1,0.25,0,TRUE,TRUE,TRUE,TRUE,TRUE,TRUE,1,NA,NA,NA,NA,26.25,73.75,Grade C,Grade C,Score-based certification,20,6.25
fluid,0.5,0.25,1,0.25,0,TRUE,TRUE,TRUE,TRUE,TRUE,TRUE,1,NA,NA,NA,NA,33.75,66.25,Grade C,Grade C,Score-based certification,35,1.25
fluid,0.75,0.25,1,0.25,0,TRUE,TRUE,TRUE,TRUE,TRUE,TRUE,1,NA,NA,NA,NA,41.25,58.75,Grade D,Grade D,Score-based certification,35,6.25
fluid,1,0.25,1,0.25,0,TRUE,TRUE,TRUE,TRUE,TRUE,TRUE,1,NA,NA,NA,NA,48.75,51.25,Grade D,Grade D,Score-based certification,50,1.25
fluid,0,0.5,1,0.25,0,TRUE,TRUE,TRUE,TRUE,TRUE,TRUE,1,NA,NA,NA,NA,22.5,77.5,Grade C,Grade C,Score-based certification,20,2.5
fluid,0.25,0.5,1,0.25,0,TRUE,TRUE,TRUE,TRUE,TRUE,TRUE,1,NA,NA,NA,NA,30,70,Grade C,Grade C,Score-based certification,35,5
fluid,0.5,0.5,1,0.25,0,TRUE,TRUE,TRUE,TRUE,TRUE,TRUE,1,NA,NA,NA,NA,37.5,62.5,Grade D,Grade D,Score-based certification,35,2.5
fluid,0.75,0.5,1,0.25,0,TRUE,TRUE,TRUE,TRUE,TRUE,TRUE,1,NA,NA,NA,NA,45,55,Grade D,Grade D,Score-based certification,50,5
fluid,1,0.5,1,0.25,0,TRUE,TRUE,TRUE,TRUE,TRUE,TRUE,1,NA,NA,NA,NA,52.5,47.5,Grade E,Grade E,Critical penalty burden,50,2.5
fluid,0,0.75,1,0.25,0,TRUE,TRUE,TRUE,TRUE,TRUE,TRUE,1,NA,NA,NA,NA,26.25,73.75,Grade C,Grade C,Score-based certification,20,6.25
fluid,0.25,0.75,1,0.25,0,TRUE,TRUE,TRUE,TRUE,TRUE,TRUE,1,NA,NA,NA,NA,33.75,66.25,Grade C,Grade C,Score-based certification,35,1.25
fluid,0.5,0.75,1,0.25,0,TRUE,TRUE,TRUE,TRUE,TRUE,TRUE,1,NA,NA,NA,NA,41.25,58.75,Grade D,Grade D,Score-based certification,35,6.25
fluid,0.75,0.75,1,0.25,0,TRUE,TRUE,TRUE,TRUE,TRUE,TRUE,1,NA,NA,NA,NA,48.75,51.25,Grade D,Grade D,Score-based certification,50,1.25
fluid,1,0.75,1,0.25,0,TRUE,TRUE,TRUE,TRUE,TRUE,TRUE,1,NA,NA,NA,NA,56.25,43.75,Grade E,Grade E,Critical penalty burden,50,6.25
fluid,0,1,1,0.25,0,TRUE,TRUE,TRUE,TRUE,TRUE,TRUE,1,NA,NA,NA,NA,30,70,Grade C,Grade C,Score-based certification,35,5
fluid,0.25,1,1,0.25,0,TRUE,TRUE,TRUE,TRUE,TRUE,TRUE,1,NA,NA,NA,NA,37.5,62.5,Grade D,Grade D,Score-based certification,35,2.5
fluid,0.5,1,1,0.25,0,TRUE,TRUE,TRUE,TRUE,TRUE,TRUE,1,NA,NA,NA,NA,45,55,Grade D,Grade D,Score-based certification,50,5
fluid,0.75,1,1,0.25,0,TRUE,TRUE,TRUE,TRUE,TRUE,TRUE,1,NA,NA,NA,NA,52.5,47.5,Grade E,Grade E,Critical penalty burden,50,2.5
fluid,1,1,1,0.25,0,TRUE,TRUE,TRUE,TRUE,TRUE,TRUE,1,NA,NA,NA,NA,60,40,Grade E,Grade E,Critical penalty burden,50,10
fluid,0,0,0,0.5,0,TRUE,TRUE,TRUE,TRUE,TRUE,TRUE,1,NA,NA,NA,NA,10,90,Grade A,Grade A,Score-based certification,10,0
fluid,0.25,0,0,0.5,0,TRUE,TRUE,TRUE,TRUE,TRUE,TRUE,1,NA,NA,NA,NA,17.5,82.5,Grade B,Grade B,Score-based certification,20,2.5
fluid,0.5,0,0,0.5,0,TRUE,TRUE,TRUE,TRUE,TRUE,TRUE,1,NA,NA,NA,NA,25,75,Grade C,Grade C,Score-based certification,20,5
fluid,0.75,0,0,0.5,0,TRUE,TRUE,TRUE,TRUE,TRUE,TRUE,1,NA,NA,NA,NA,32.5,67.5,Grade C,Grade C,Score-based certification,35,2.5
fluid,1,0,0,0.5,0,TRUE,TRUE,TRUE,TRUE,TRUE,TRUE,1,NA,NA,NA,NA,40,60,Grade D,Grade D,Score-based certification,35,5
fluid,0,0.25,0,0.5,0,TRUE,TRUE,TRUE,TRUE,TRUE,TRUE,1,NA,NA,NA,NA,13.75,86.25,Grade B,Grade B,Score-based certification,10,3.75
fluid,0.25,0.25,0,0.5,0,TRUE,TRUE,TRUE,TRUE,TRUE,TRUE,1,NA,NA,NA,NA,21.25,78.75,Grade C,Grade C,Score-based certification,20,1.25
fluid,0.5,0.25,0,0.5,0,TRUE,TRUE,TRUE,TRUE,TRUE,TRUE,1,NA,NA,NA,NA,28.75,71.25,Grade C,Grade C,Score-based certification,35,6.25
fluid,0.75,0.25,0,0.5,0,TRUE,TRUE,TRUE,TRUE,TRUE,TRUE,1,NA,NA,NA,NA,36.25,63.75,Grade D,Grade D,Score-based certification,35,1.25
fluid,1,0.25,0,0.5,0,TRUE,TRUE,TRUE,TRUE,TRUE,TRUE,1,NA,NA,NA,NA,43.75,56.25,Grade D,Grade D,Score-based certification,50,6.25
fluid,0,0.5,0,0.5,0,TRUE,TRUE,TRUE,TRUE,TRUE,TRUE,1,NA,NA,NA,NA,17.5,82.5,Grade B,Grade B,Score-based certification,20,2.5
fluid,0.25,0.5,0,0.5,0,TRUE,TRUE,TRUE,TRUE,TRUE,TRUE,1,NA,NA,NA,NA,25,75,Grade C,Grade C,Score-based certification,20,5
fluid,0.5,0.5,0,0.5,0,TRUE,TRUE,TRUE,TRUE,TRUE,TRUE,1,NA,NA,NA,NA,32.5,67.5,Grade C,Grade C,Score-based certification,35,2.5
fluid,0.75,0.5,0,0.5,0,TRUE,TRUE,TRUE,TRUE,TRUE,TRUE,1,NA,NA,NA,NA,40,60,Grade D,Grade D,Score-based certification,35,5
fluid,1,0.5,0,0.5,0,TRUE,TRUE,TRUE,TRUE,TRUE,TRUE,1,NA,NA,NA,NA,47.5,52.5,Grade D,Grade D,Score-based certification,50,2.5
fluid,0,0.75,0,0.5,0,TRUE,TRUE,TRUE,TRUE,TRUE,TRUE,1,NA,NA,NA,NA,21.25,78.75,Grade C,Grade C,Score-based certification,20,1.25
fluid,0.25,0.75,0,0.5,0,TRUE,TRUE,TRUE,TRUE,TRUE,TRUE,1,NA,NA,NA,NA,28.75,71.25,Grade C,Grade C,Score-based certification,35,6.25
fluid,0.5,0.75,0,0.5,0,TRUE,TRUE,TRUE,TRUE,TRUE,TRUE,1,NA,NA,NA,NA,36.25,63.75,Grade D,Grade D,Score-based certification,35,1.25
fluid,0.75,0.75,0,0.5,0,TRUE,TRUE,TRUE,TRUE,TRUE,TRUE,1,NA,NA,NA,NA,43.75,56.25,Grade D,Grade D,Score-based certification,50,6.25
fluid,1,0.75,0,0.5,0,TRUE,TRUE,TRUE,TRUE,TRUE,TRUE,1,NA,NA,NA,NA,51.25,48.75,Grade E,Grade E,Critical penalty burden,50,1.25
fluid,0,1,0,0.5,0,TRUE,TRUE,TRUE,TRUE,TRUE,TRUE,1,NA,NA,NA,NA,25,75,Grade C,Grade C,Score-based certification,20,5
fluid,0.25,1,0,0.5,0,TRUE,TRUE,TRUE,TRUE,TRUE,TRUE,1,NA,NA,NA,NA,32.5,67.5,Grade C,Grade C,Score-based certification,35,2.5
fluid,0.5,1,0,0.5,0,TRUE,TRUE,TRUE,TRUE,TRUE,TRUE,1,NA,NA,NA,NA,40,60,Grade D,Grade D,Score-based certification,35,5
fluid,0.75,1,0,0.5,0,TRUE,TRUE,TRUE,TRUE,TRUE,TRUE,1,NA,NA,NA,NA,47.5,52.5,Grade D,Grade D,Score-based certification,50,2.5
fluid,1,1,0,0.5,0,TRUE,TRUE,TRUE,TRUE,TRUE,TRUE,1,NA,NA,NA,NA,55,45,Grade E,Grade E,Critical penalty burden,50,5
fluid,0,0,0.25,0.5,0,TRUE,TRUE,TRUE,TRUE,TRUE,TRUE,1,NA,NA,NA,NA,12.5,87.5,Grade B,Grade B,Score-based certification,10,2.5
fluid,0.25,0,0.25,0.5,0,TRUE,TRUE,TRUE,TRUE,TRUE,TRUE,1,NA,NA,NA,NA,20,80,Grade B,Grade B,Score-based certification,20,0
fluid,0.5,0,0.25,0.5,0,TRUE,TRUE,TRUE,TRUE,TRUE,TRUE,1,NA,NA,NA,NA,27.5,72.5,Grade C,Grade C,Score-based certification,20,7.5
fluid,0.75,0,0.25,0.5,0,TRUE,TRUE,TRUE,TRUE,TRUE,TRUE,1,NA,NA,NA,NA,35,65,Grade C,Grade C,Score-based certification,35,0
fluid,1,0,0.25,0.5,0,TRUE,TRUE,TRUE,TRUE,TRUE,TRUE,1,NA,NA,NA,NA,42.5,57.5,Grade D,Grade D,Score-based certification,35,7.5
fluid,0,0.25,0.25,0.5,0,TRUE,TRUE,TRUE,TRUE,TRUE,TRUE,1,NA,NA,NA,NA,16.25,83.75,Grade B,Grade B,Score-based certification,20,3.75
fluid,0.25,0.25,0.25,0.5,0,TRUE,TRUE,TRUE,TRUE,TRUE,TRUE,1,NA,NA,NA,NA,23.75,76.25,Grade C,Grade C,Score-based certification,20,3.75
fluid,0.5,0.25,0.25,0.5,0,TRUE,TRUE,TRUE,TRUE,TRUE,TRUE,1,NA,NA,NA,NA,31.25,68.75,Grade C,Grade C,Score-based certification,35,3.75
fluid,0.75,0.25,0.25,0.5,0,TRUE,TRUE,TRUE,TRUE,TRUE,TRUE,1,NA,NA,NA,NA,38.75,61.25,Grade D,Grade D,Score-based certification,35,3.75
fluid,1,0.25,0.25,0.5,0,TRUE,TRUE,TRUE,TRUE,TRUE,TRUE,1,NA,NA,NA,NA,46.25,53.75,Grade D,Grade D,Score-based certification,50,3.75
fluid,0,0.5,0.25,0.5,0,TRUE,TRUE,TRUE,TRUE,TRUE,TRUE,1,NA,NA,NA,NA,20,80,Grade B,Grade B,Score-based certification,20,0
fluid,0.25,0.5,0.25,0.5,0,TRUE,TRUE,TRUE,TRUE,TRUE,TRUE,1,NA,NA,NA,NA,27.5,72.5,Grade C,Grade C,Score-based certification,20,7.5
fluid,0.5,0.5,0.25,0.5,0,TRUE,TRUE,TRUE,TRUE,TRUE,TRUE,1,NA,NA,NA,NA,35,65,Grade C,Grade C,Score-based certification,35,0
fluid,0.75,0.5,0.25,0.5,0,TRUE,TRUE,TRUE,TRUE,TRUE,TRUE,1,NA,NA,NA,NA,42.5,57.5,Grade D,Grade D,Score-based certification,35,7.5
fluid,1,0.5,0.25,0.5,0,TRUE,TRUE,TRUE,TRUE,TRUE,TRUE,1,NA,NA,NA,NA,50,50,Grade D,Grade D,Score-based certification,50,0
fluid,0,0.75,0.25,0.5,0,TRUE,TRUE,TRUE,TRUE,TRUE,TRUE,1,NA,NA,NA,NA,23.75,76.25,Grade C,Grade C,Score-based certification,20,3.75
fluid,0.25,0.75,0.25,0.5,0,TRUE,TRUE,TRUE,TRUE,TRUE,TRUE,1,NA,NA,NA,NA,31.25,68.75,Grade C,Grade C,Score-based certification,35,3.75
fluid,0.5,0.75,0.25,0.5,0,TRUE,TRUE,TRUE,TRUE,TRUE,TRUE,1,NA,NA,NA,NA,38.75,61.25,Grade D,Grade D,Score-based certification,35,3.75
fluid,0.75,0.75,0.25,0.5,0,TRUE,TRUE,TRUE,TRUE,TRUE,TRUE,1,NA,NA,NA,NA,46.25,53.75,Grade D,Grade D,Score-based certification,50,3.75
fluid,1,0.75,0.25,0.5,0,TRUE,TRUE,TRUE,TRUE,TRUE,TRUE,1,NA,NA,NA,NA,53.75,46.25,Grade E,Grade E,Critical penalty burden,50,3.75
fluid,0,1,0.25,0.5,0,TRUE,TRUE,TRUE,TRUE,TRUE,TRUE,1,NA,NA,NA,NA,27.5,72.5,Grade C,Grade C,Score-based certification,20,7.5
fluid,0.25,1,0.25,0.5,0,TRUE,TRUE,TRUE,TRUE,TRUE,TRUE,1,NA,NA,NA,NA,35,65,Grade C,Grade C,Score-based certification,35,0
fluid,0.5,1,0.25,0.5,0,TRUE,TRUE,TRUE,TRUE,TRUE,TRUE,1,NA,NA,NA,NA,42.5,57.5,Grade D,Grade D,Score-based certification,35,7.5
fluid,0.75,1,0.25,0.5,0,TRUE,TRUE,TRUE,TRUE,TRUE,TRUE,1,NA,NA,NA,NA,50,50,Grade D,Grade D,Score-based certification,50,0
fluid,1,1,0.25,0.5,0,TRUE,TRUE,TRUE,TRUE,TRUE,TRUE,1,NA,NA,NA,NA,57.5,42.5,Grade E,Grade E,Critical penalty burden,50,7.5
fluid,0,0,0.5,0.5,0,TRUE,TRUE,TRUE,TRUE,TRUE,TRUE,1,NA,NA,NA,NA,15,85,Grade B,Grade B,Score-based certification,10,5
fluid,0.25,0,0.5,0.5,0,TRUE,TRUE,TRUE,TRUE,TRUE,TRUE,1,NA,NA,NA,NA,22.5,77.5,Grade C,Grade C,Score-based certification,20,2.5
fluid,0.5,0,0.5,0.5,0,TRUE,TRUE,TRUE,TRUE,TRUE,TRUE,1,NA,NA,NA,NA,30,70,Grade C,Grade C,Score-based certification,35,5
fluid,0.75,0,0.5,0.5,0,TRUE,TRUE,TRUE,TRUE,TRUE,TRUE,1,NA,NA,NA,NA,37.5,62.5,Grade D,Grade D,Score-based certification,35,2.5
fluid,1,0,0.5,0.5,0,TRUE,TRUE,TRUE,TRUE,TRUE,TRUE,1,NA,NA,NA,NA,45,55,Grade D,Grade D,Score-based certification,50,5
fluid,0,0.25,0.5,0.5,0,TRUE,TRUE,TRUE,TRUE,TRUE,TRUE,1,NA,NA,NA,NA,18.75,81.25,Grade B,Grade B,Score-based certification,20,1.25
fluid,0.25,0.25,0.5,0.5,0,TRUE,TRUE,TRUE,TRUE,TRUE,TRUE,1,NA,NA,NA,NA,26.25,73.75,Grade C,Grade C,Score-based certification,20,6.25
fluid,0.5,0.25,0.5,0.5,0,TRUE,TRUE,TRUE,TRUE,TRUE,TRUE,1,NA,NA,NA,NA,33.75,66.25,Grade C,Grade C,Score-based certification,35,1.25
fluid,0.75,0.25,0.5,0.5,0,TRUE,TRUE,TRUE,TRUE,TRUE,TRUE,1,NA,NA,NA,NA,41.25,58.75,Grade D,Grade D,Score-based certification,35,6.25
fluid,1,0.25,0.5,0.5,0,TRUE,TRUE,TRUE,TRUE,TRUE,TRUE,1,NA,NA,NA,NA,48.75,51.25,Grade D,Grade D,Score-based certification,50,1.25
fluid,0,0.5,0.5,0.5,0,TRUE,TRUE,TRUE,TRUE,TRUE,TRUE,1,NA,NA,NA,NA,22.5,77.5,Grade C,Grade C,Score-based certification,20,2.5
fluid,0.25,0.5,0.5,0.5,0,TRUE,TRUE,TRUE,TRUE,TRUE,TRUE,1,NA,NA,NA,NA,30,70,Grade C,Grade C,Score-based certification,35,5
fluid,0.5,0.5,0.5,0.5,0,TRUE,TRUE,TRUE,TRUE,TRUE,TRUE,1,NA,NA,NA,NA,37.5,62.5,Grade D,Grade D,Score-based certification,35,2.5
fluid,0.75,0.5,0.5,0.5,0,TRUE,TRUE,TRUE,TRUE,TRUE,TRUE,1,NA,NA,NA,NA,45,55,Grade D,Grade D,Score-based certification,50,5
fluid,1,0.5,0.5,0.5,0,TRUE,TRUE,TRUE,TRUE,TRUE,TRUE,1,NA,NA,NA,NA,52.5,47.5,Grade E,Grade E,Critical penalty burden,50,2.5
fluid,0,0.75,0.5,0.5,0,TRUE,TRUE,TRUE,TRUE,TRUE,TRUE,1,NA,NA,NA,NA,26.25,73.75,Grade C,Grade C,Score-based certification,20,6.25
fluid,0.25,0.75,0.5,0.5,0,TRUE,TRUE,TRUE,TRUE,TRUE,TRUE,1,NA,NA,NA,NA,33.75,66.25,Grade C,Grade C,Score-based certification,35,1.25
fluid,0.5,0.75,0.5,0.5,0,TRUE,TRUE,TRUE,TRUE,TRUE,TRUE,1,NA,NA,NA,NA,41.25,58.75,Grade D,Grade D,Score-based certification,35,6.25
fluid,0.75,0.75,0.5,0.5,0,TRUE,TRUE,TRUE,TRUE,TRUE,TRUE,1,NA,NA,NA,NA,48.75,51.25,Grade D,Grade D,Score-based certification,50,1.25
fluid,1,0.75,0.5,0.5,0,TRUE,TRUE,TRUE,TRUE,TRUE,TRUE,1,NA,NA,NA,NA,56.25,43.75,Grade E,Grade E,Critical penalty burden,50,6.25
fluid,0,1,0.5,0.5,0,TRUE,TRUE,TRUE,TRUE,TRUE,TRUE,1,NA,NA,NA,NA,30,70,Grade C,Grade C,Score-based certification,35,5
fluid,0.25,1,0.5,0.5,0,TRUE,TRUE,TRUE,TRUE,TRUE,TRUE,1,NA,NA,NA,NA,37.5,62.5,Grade D,Grade D,Score-based certification,35,2.5
fluid,0.5,1,0.5,0.5,0,TRUE,TRUE,TRUE,TRUE,TRUE,TRUE,1,NA,NA,NA,NA,45,55,Grade D,Grade D,Score-based certification,50,5
fluid,0.75,1,0.5,0.5,0,TRUE,TRUE,TRUE,TRUE,TRUE,TRUE,1,NA,NA,NA,NA,52.5,47.5,Grade E,Grade E,Critical penalty burden,50,2.5
fluid,1,1,0.5,0.5,0,TRUE,TRUE,TRUE,TRUE,TRUE,TRUE,1,NA,NA,NA,NA,60,40,Grade E,Grade E,Critical penalty burden,50,10
fluid,0,0,0.75,0.5,0,TRUE,TRUE,TRUE,TRUE,TRUE,TRUE,1,NA,NA,NA,NA,17.5,82.5,Grade B,Grade B,Score-based certification,20,2.5
fluid,0.25,0,0.75,0.5,0,TRUE,TRUE,TRUE,TRUE,TRUE,TRUE,1,NA,NA,NA,NA,25,75,Grade C,Grade C,Score-based certification,20,5
fluid,0.5,0,0.75,0.5,0,TRUE,TRUE,TRUE,TRUE,TRUE,TRUE,1,NA,NA,NA,NA,32.5,67.5,Grade C,Grade C,Score-based certification,35,2.5
fluid,0.75,0,0.75,0.5,0,TRUE,TRUE,TRUE,TRUE,TRUE,TRUE,1,NA,NA,NA,NA,40,60,Grade D,Grade D,Score-based certification,35,5
fluid,1,0,0.75,0.5,0,TRUE,TRUE,TRUE,TRUE,TRUE,TRUE,1,NA,NA,NA,NA,47.5,52.5,Grade D,Grade D,Score-based certification,50,2.5
fluid,0,0.25,0.75,0.5,0,TRUE,TRUE,TRUE,TRUE,TRUE,TRUE,1,NA,NA,NA,NA,21.25,78.75,Grade C,Grade C,Score-based certification,20,1.25
fluid,0.25,0.25,0.75,0.5,0,TRUE,TRUE,TRUE,TRUE,TRUE,TRUE,1,NA,NA,NA,NA,28.75,71.25,Grade C,Grade C,Score-based certification,35,6.25
fluid,0.5,0.25,0.75,0.5,0,TRUE,TRUE,TRUE,TRUE,TRUE,TRUE,1,NA,NA,NA,NA,36.25,63.75,Grade D,Grade D,Score-based certification,35,1.25
fluid,0.75,0.25,0.75,0.5,0,TRUE,TRUE,TRUE,TRUE,TRUE,TRUE,1,NA,NA,NA,NA,43.75,56.25,Grade D,Grade D,Score-based certification,50,6.25
fluid,1,0.25,0.75,0.5,0,TRUE,TRUE,TRUE,TRUE,TRUE,TRUE,1,NA,NA,NA,NA,51.25,48.75,Grade E,Grade E,Critical penalty burden,50,1.25
fluid,0,0.5,0.75,0.5,0,TRUE,TRUE,TRUE,TRUE,TRUE,TRUE,1,NA,NA,NA,NA,25,75,Grade C,Grade C,Score-based certification,20,5
fluid,0.25,0.5,0.75,0.5,0,TRUE,TRUE,TRUE,TRUE,TRUE,TRUE,1,NA,NA,NA,NA,32.5,67.5,Grade C,Grade C,Score-based certification,35,2.5
fluid,0.5,0.5,0.75,0.5,0,TRUE,TRUE,TRUE,TRUE,TRUE,TRUE,1,NA,NA,NA,NA,40,60,Grade D,Grade D,Score-based certification,35,5
fluid,0.75,0.5,0.75,0.5,0,TRUE,TRUE,TRUE,TRUE,TRUE,TRUE,1,NA,NA,NA,NA,47.5,52.5,Grade D,Grade D,Score-based certification,50,2.5
fluid,1,0.5,0.75,0.5,0,TRUE,TRUE,TRUE,TRUE,TRUE,TRUE,1,NA,NA,NA,NA,55,45,Grade E,Grade E,Critical penalty burden,50,5
fluid,0,0.75,0.75,0.5,0,TRUE,TRUE,TRUE,TRUE,TRUE,TRUE,1,NA,NA,NA,NA,28.75,71.25,Grade C,Grade C,Score-based certification,35,6.25
fluid,0.25,0.75,0.75,0.5,0,TRUE,TRUE,TRUE,TRUE,TRUE,TRUE,1,NA,NA,NA,NA,36.25,63.75,Grade D,Grade D,Score-based certification,35,1.25
fluid,0.5,0.75,0.75,0.5,0,TRUE,TRUE,TRUE,TRUE,TRUE,TRUE,1,NA,NA,NA,NA,43.75,56.25,Grade D,Grade D,Score-based certification,50,6.25
fluid,0.75,0.75,0.75,0.5,0,TRUE,TRUE,TRUE,TRUE,TRUE,TRUE,1,NA,NA,NA,NA,51.25,48.75,Grade E,Grade E,Critical penalty burden,50,1.25
fluid,1,0.75,0.75,0.5,0,TRUE,TRUE,TRUE,TRUE,TRUE,TRUE,1,NA,NA,NA,NA,58.75,41.25,Grade E,Grade E,Critical penalty burden,50,8.75
fluid,0,1,0.75,0.5,0,TRUE,TRUE,TRUE,TRUE,TRUE,TRUE,1,NA,NA,NA,NA,32.5,67.5,Grade C,Grade C,Score-based certification,35,2.5
fluid,0.25,1,0.75,0.5,0,TRUE,TRUE,TRUE,TRUE,TRUE,TRUE,1,NA,NA,NA,NA,40,60,Grade D,Grade D,Score-based certification,35,5
fluid,0.5,1,0.75,0.5,0,TRUE,TRUE,TRUE,TRUE,TRUE,TRUE,1,NA,NA,NA,NA,47.5,52.5,Grade D,Grade D,Score-based certification,50,2.5
fluid,0.75,1,0.75,0.5,0,TRUE,TRUE,TRUE,TRUE,TRUE,TRUE,1,NA,NA,NA,NA,55,45,Grade E,Grade E,Critical penalty burden,50,5
fluid,1,1,0.75,0.5,0,TRUE,TRUE,TRUE,TRUE,TRUE,TRUE,1,NA,NA,NA,NA,62.5,37.5,Grade E,Grade E,Critical penalty burden,50,12.5
fluid,0,0,1,0.5,0,TRUE,TRUE,TRUE,TRUE,TRUE,TRUE,1,NA,NA,NA,NA,20,80,Grade B,Grade B,Score-based certification,20,0
fluid,0.25,0,1,0.5,0,TRUE,TRUE,TRUE,TRUE,TRUE,TRUE,1,NA,NA,NA,NA,27.5,72.5,Grade C,Grade C,Score-based certification,20,7.5
fluid,0.5,0,1,0.5,0,TRUE,TRUE,TRUE,TRUE,TRUE,TRUE,1,NA,NA,NA,NA,35,65,Grade C,Grade C,Score-based certification,35,0
fluid,0.75,0,1,0.5,0,TRUE,TRUE,TRUE,TRUE,TRUE,TRUE,1,NA,NA,NA,NA,42.5,57.5,Grade D,Grade D,Score-based certification,35,7.5
fluid,1,0,1,0.5,0,TRUE,TRUE,TRUE,TRUE,TRUE,TRUE,1,NA,NA,NA,NA,50,50,Grade D,Grade D,Score-based certification,50,0
fluid,0,0.25,1,0.5,0,TRUE,TRUE,TRUE,TRUE,TRUE,TRUE,1,NA,NA,NA,NA,23.75,76.25,Grade C,Grade C,Score-based certification,20,3.75
fluid,0.25,0.25,1,0.5,0,TRUE,TRUE,TRUE,TRUE,TRUE,TRUE,1,NA,NA,NA,NA,31.25,68.75,Grade C,Grade C,Score-based certification,35,3.75
fluid,0.5,0.25,1,0.5,0,TRUE,TRUE,TRUE,TRUE,TRUE,TRUE,1,NA,NA,NA,NA,38.75,61.25,Grade D,Grade D,Score-based certification,35,3.75
fluid,0.75,0.25,1,0.5,0,TRUE,TRUE,TRUE,TRUE,TRUE,TRUE,1,NA,NA,NA,NA,46.25,53.75,Grade D,Grade D,Score-based certification,50,3.75
fluid,1,0.25,1,0.5,0,TRUE,TRUE,TRUE,TRUE,TRUE,TRUE,1,NA,NA,NA,NA,53.75,46.25,Grade E,Grade E,Critical penalty burden,50,3.75
fluid,0,0.5,1,0.5,0,TRUE,TRUE,TRUE,TRUE,TRUE,TRUE,1,NA,NA,NA,NA,27.5,72.5,Grade C,Grade C,Score-based certification,20,7.5
fluid,0.25,0.5,1,0.5,0,TRUE,TRUE,TRUE,TRUE,TRUE,TRUE,1,NA,NA,NA,NA,35,65,Grade C,Grade C,Score-based certification,35,0
fluid,0.5,0.5,1,0.5,0,TRUE,TRUE,TRUE,TRUE,TRUE,TRUE,1,NA,NA,NA,NA,42.5,57.5,Grade D,Grade D,Score-based certification,35,7.5
fluid,0.75,0.5,1,0.5,0,TRUE,TRUE,TRUE,TRUE,TRUE,TRUE,1,NA,NA,NA,NA,50,50,Grade D,Grade D,Score-based certification,50,0
fluid,1,0.5,1,0.5,0,TRUE,TRUE,TRUE,TRUE,TRUE,TRUE,1,NA,NA,NA,NA,57.5,42.5,Grade E,Grade E,Critical penalty burden,50,7.5
fluid,0,0.75,1,0.5,0,TRUE,TRUE,TRUE,TRUE,TRUE,TRUE,1,NA,NA,NA,NA,31.25,68.75,Grade C,Grade C,Score-based certification,35,3.75
fluid,0.25,0.75,1,0.5,0,TRUE,TRUE,TRUE,TRUE,TRUE,TRUE,1,NA,NA,NA,NA,38.75,61.25,Grade D,Grade D,Score-based certification,35,3.75
fluid,0.5,0.75,1,0.5,0,TRUE,TRUE,TRUE,TRUE,TRUE,TRUE,1,NA,NA,NA,NA,46.25,53.75,Grade D,Grade D,Score-based certification,50,3.75
fluid,0.75,0.75,1,0.5,0,TRUE,TRUE,TRUE,TRUE,TRUE,TRUE,1,NA,NA,NA,NA,53.75,46.25,Grade E,Grade E,Critical penalty burden,50,3.75
fluid,1,0.75,1,0.5,0,TRUE,TRUE,TRUE,TRUE,TRUE,TRUE,1,NA,NA,NA,NA,61.25,38.75,Grade E,Grade E,Critical penalty burden,50,11.25
fluid,0,1,1,0.5,0,TRUE,TRUE,TRUE,TRUE,TRUE,TRUE,1,NA,NA,NA,NA,35,65,Grade C,Grade C,Score-based certification,35,0
fluid,0.25,1,1,0.5,0,TRUE,TRUE,TRUE,TRUE,TRUE,TRUE,1,NA,NA,NA,NA,42.5,57.5,Grade D,Grade D,Score-based certification,35,7.5
fluid,0.5,1,1,0.5,0,TRUE,TRUE,TRUE,TRUE,TRUE,TRUE,1,NA,NA,NA,NA,50,50,Grade D,Grade D,Score-based certification,50,0
fluid,0.75,1,1,0.5,0,TRUE,TRUE,TRUE,TRUE,TRUE,TRUE,1,NA,NA,NA,NA,57.5,42.5,Grade E,Grade E,Critical penalty burden,50,7.5
fluid,1,1,1,0.5,0,TRUE,TRUE,TRUE,TRUE,TRUE,TRUE,1,NA,NA,NA,NA,65,35,Grade E,Grade E,Critical penalty burden,50,15
fluid,0,0,0,0.75,0,TRUE,TRUE,TRUE,TRUE,TRUE,TRUE,1,NA,NA,NA,NA,15,85,Grade B,Grade B,Score-based certification,10,5
fluid,0.25,0,0,0.75,0,TRUE,TRUE,TRUE,TRUE,TRUE,TRUE,1,NA,NA,NA,NA,22.5,77.5,Grade C,Grade C,Score-based certification,20,2.5
fluid,0.5,0,0,0.75,0,TRUE,TRUE,TRUE,TRUE,TRUE,TRUE,1,NA,NA,NA,NA,30,70,Grade C,Grade C,Score-based certification,35,5
fluid,0.75,0,0,0.75,0,TRUE,TRUE,TRUE,TRUE,TRUE,TRUE,1,NA,NA,NA,NA,37.5,62.5,Grade D,Grade D,Score-based certification,35,2.5
fluid,1,0,0,0.75,0,TRUE,TRUE,TRUE,TRUE,TRUE,TRUE,1,NA,NA,NA,NA,45,55,Grade D,Grade D,Score-based certification,50,5
fluid,0,0.25,0,0.75,0,TRUE,TRUE,TRUE,TRUE,TRUE,TRUE,1,NA,NA,NA,NA,18.75,81.25,Grade B,Grade B,Score-based certification,20,1.25
fluid,0.25,0.25,0,0.75,0,TRUE,TRUE,TRUE,TRUE,TRUE,TRUE,1,NA,NA,NA,NA,26.25,73.75,Grade C,Grade C,Score-based certification,20,6.25
fluid,0.5,0.25,0,0.75,0,TRUE,TRUE,TRUE,TRUE,TRUE,TRUE,1,NA,NA,NA,NA,33.75,66.25,Grade C,Grade C,Score-based certification,35,1.25
fluid,0.75,0.25,0,0.75,0,TRUE,TRUE,TRUE,TRUE,TRUE,TRUE,1,NA,NA,NA,NA,41.25,58.75,Grade D,Grade D,Score-based certification,35,6.25
fluid,1,0.25,0,0.75,0,TRUE,TRUE,TRUE,TRUE,TRUE,TRUE,1,NA,NA,NA,NA,48.75,51.25,Grade D,Grade D,Score-based certification,50,1.25
fluid,0,0.5,0,0.75,0,TRUE,TRUE,TRUE,TRUE,TRUE,TRUE,1,NA,NA,NA,NA,22.5,77.5,Grade C,Grade C,Score-based certification,20,2.5
fluid,0.25,0.5,0,0.75,0,TRUE,TRUE,TRUE,TRUE,TRUE,TRUE,1,NA,NA,NA,NA,30,70,Grade C,Grade C,Score-based certification,35,5
fluid,0.5,0.5,0,0.75,0,TRUE,TRUE,TRUE,TRUE,TRUE,TRUE,1,NA,NA,NA,NA,37.5,62.5,Grade D,Grade D,Score-based certification,35,2.5
fluid,0.75,0.5,0,0.75,0,TRUE,TRUE,TRUE,TRUE,TRUE,TRUE,1,NA,NA,NA,NA,45,55,Grade D,Grade D,Score-based certification,50,5
fluid,1,0.5,0,0.75,0,TRUE,TRUE,TRUE,TRUE,TRUE,TRUE,1,NA,NA,NA,NA,52.5,47.5,Grade E,Grade E,Critical penalty burden,50,2.5
fluid,0,0.75,0,0.75,0,TRUE,TRUE,TRUE,TRUE,TRUE,TRUE,1,NA,NA,NA,NA,26.25,73.75,Grade C,Grade C,Score-based certification,20,6.25
fluid,0.25,0.75,0,0.75,0,TRUE,TRUE,TRUE,TRUE,TRUE,TRUE,1,NA,NA,NA,NA,33.75,66.25,Grade C,Grade C,Score-based certification,35,1.25
fluid,0.5,0.75,0,0.75,0,TRUE,TRUE,TRUE,TRUE,TRUE,TRUE,1,NA,NA,NA,NA,41.25,58.75,Grade D,Grade D,Score-based certification,35,6.25
fluid,0.75,0.75,0,0.75,0,TRUE,TRUE,TRUE,TRUE,TRUE,TRUE,1,NA,NA,NA,NA,48.75,51.25,Grade D,Grade D,Score-based certification,50,1.25
fluid,1,0.75,0,0.75,0,TRUE,TRUE,TRUE,TRUE,TRUE,TRUE,1,NA,NA,NA,NA,56.25,43.75,Grade E,Grade E,Critical penalty burden,50,6.25
fluid,0,1,0,0.75,0,TRUE,TRUE,TRUE,TRUE,TRUE,TRUE,1,NA,NA,NA,NA,30,70,Grade C,Grade C,Score-based certification,35,5
fluid,0.25,1,0,0.75,0,TRUE,TRUE,TRUE,TRUE,TRUE,TRUE,1,NA,NA,NA,NA,37.5,62.5,Grade D,Grade D,Score-based certification,35,2.5
fluid,0.5,1,0,0.75,0,TRUE,TRUE,TRUE,TRUE,TRUE,TRUE,1,NA,NA,NA,NA,45,55,Grade D,Grade D,Score-based certification,50,5
fluid,0.75,1,0,0.75,0,TRUE,TRUE,TRUE,TRUE,TRUE,TRUE,1,NA,NA,NA,NA,52.5,47.5,Grade E,Grade E,Critical penalty burden,50,2.5
fluid,1,1,0,0.75,0,TRUE,TRUE,TRUE,TRUE,TRUE,TRUE,1,NA,NA,NA,NA,60,40,Grade E,Grade E,Critical penalty burden,50,10
fluid,0,0,0.25,0.75,0,TRUE,TRUE,TRUE,TRUE,TRUE,TRUE,1,NA,NA,NA,NA,17.5,82.5,Grade B,Grade B,Score-based certification,20,2.5
fluid,0.25,0,0.25,0.75,0,TRUE,TRUE,TRUE,TRUE,TRUE,TRUE,1,NA,NA,NA,NA,25,75,Grade C,Grade C,Score-based certification,20,5
fluid,0.5,0,0.25,0.75,0,TRUE,TRUE,TRUE,TRUE,TRUE,TRUE,1,NA,NA,NA,NA,32.5,67.5,Grade C,Grade C,Score-based certification,35,2.5
fluid,0.75,0,0.25,0.75,0,TRUE,TRUE,TRUE,TRUE,TRUE,TRUE,1,NA,NA,NA,NA,40,60,Grade D,Grade D,Score-based certification,35,5
fluid,1,0,0.25,0.75,0,TRUE,TRUE,TRUE,TRUE,TRUE,TRUE,1,NA,NA,NA,NA,47.5,52.5,Grade D,Grade D,Score-based certification,50,2.5
fluid,0,0.25,0.25,0.75,0,TRUE,TRUE,TRUE,TRUE,TRUE,TRUE,1,NA,NA,NA,NA,21.25,78.75,Grade C,Grade C,Score-based certification,20,1.25
fluid,0.25,0.25,0.25,0.75,0,TRUE,TRUE,TRUE,TRUE,TRUE,TRUE,1,NA,NA,NA,NA,28.75,71.25,Grade C,Grade C,Score-based certification,35,6.25
fluid,0.5,0.25,0.25,0.75,0,TRUE,TRUE,TRUE,TRUE,TRUE,TRUE,1,NA,NA,NA,NA,36.25,63.75,Grade D,Grade D,Score-based certification,35,1.25
fluid,0.75,0.25,0.25,0.75,0,TRUE,TRUE,TRUE,TRUE,TRUE,TRUE,1,NA,NA,NA,NA,43.75,56.25,Grade D,Grade D,Score-based certification,50,6.25
fluid,1,0.25,0.25,0.75,0,TRUE,TRUE,TRUE,TRUE,TRUE,TRUE,1,NA,NA,NA,NA,51.25,48.75,Grade E,Grade E,Critical penalty burden,50,1.25
fluid,0,0.5,0.25,0.75,0,TRUE,TRUE,TRUE,TRUE,TRUE,TRUE,1,NA,NA,NA,NA,25,75,Grade C,Grade C,Score-based certification,20,5
fluid,0.25,0.5,0.25,0.75,0,TRUE,TRUE,TRUE,TRUE,TRUE,TRUE,1,NA,NA,NA,NA,32.5,67.5,Grade C,Grade C,Score-based certification,35,2.5
fluid,0.5,0.5,0.25,0.75,0,TRUE,TRUE,TRUE,TRUE,TRUE,TRUE,1,NA,NA,NA,NA,40,60,Grade D,Grade D,Score-based certification,35,5
fluid,0.75,0.5,0.25,0.75,0,TRUE,TRUE,TRUE,TRUE,TRUE,TRUE,1,NA,NA,NA,NA,47.5,52.5,Grade D,Grade D,Score-based certification,50,2.5
fluid,1,0.5,0.25,0.75,0,TRUE,TRUE,TRUE,TRUE,TRUE,TRUE,1,NA,NA,NA,NA,55,45,Grade E,Grade E,Critical penalty burden,50,5
fluid,0,0.75,0.25,0.75,0,TRUE,TRUE,TRUE,TRUE,TRUE,TRUE,1,NA,NA,NA,NA,28.75,71.25,Grade C,Grade C,Score-based certification,35,6.25
fluid,0.25,0.75,0.25,0.75,0,TRUE,TRUE,TRUE,TRUE,TRUE,TRUE,1,NA,NA,NA,NA,36.25,63.75,Grade D,Grade D,Score-based certification,35,1.25
fluid,0.5,0.75,0.25,0.75,0,TRUE,TRUE,TRUE,TRUE,TRUE,TRUE,1,NA,NA,NA,NA,43.75,56.25,Grade D,Grade D,Score-based certification,50,6.25
fluid,0.75,0.75,0.25,0.75,0,TRUE,TRUE,TRUE,TRUE,TRUE,TRUE,1,NA,NA,NA,NA,51.25,48.75,Grade E,Grade E,Critical penalty burden,50,1.25
fluid,1,0.75,0.25,0.75,0,TRUE,TRUE,TRUE,TRUE,TRUE,TRUE,1,NA,NA,NA,NA,58.75,41.25,Grade E,Grade E,Critical penalty burden,50,8.75
fluid,0,1,0.25,0.75,0,TRUE,TRUE,TRUE,TRUE,TRUE,TRUE,1,NA,NA,NA,NA,32.5,67.5,Grade C,Grade C,Score-based certification,35,2.5
fluid,0.25,1,0.25,0.75,0,TRUE,TRUE,TRUE,TRUE,TRUE,TRUE,1,NA,NA,NA,NA,40,60,Grade D,Grade D,Score-based certification,35,5
fluid,0.5,1,0.25,0.75,0,TRUE,TRUE,TRUE,TRUE,TRUE,TRUE,1,NA,NA,NA,NA,47.5,52.5,Grade D,Grade D,Score-based certification,50,2.5
fluid,0.75,1,0.25,0.75,0,TRUE,TRUE,TRUE,TRUE,TRUE,TRUE,1,NA,NA,NA,NA,55,45,Grade E,Grade E,Critical penalty burden,50,5
fluid,1,1,0.25,0.75,0,TRUE,TRUE,TRUE,TRUE,TRUE,TRUE,1,NA,NA,NA,NA,62.5,37.5,Grade E,Grade E,Critical penalty burden,50,12.5
fluid,0,0,0.5,0.75,0,TRUE,TRUE,TRUE,TRUE,TRUE,TRUE,1,NA,NA,NA,NA,20,80,Grade B,Grade B,Score-based certification,20,0
fluid,0.25,0,0.5,0.75,0,TRUE,TRUE,TRUE,TRUE,TRUE,TRUE,1,NA,NA,NA,NA,27.5,72.5,Grade C,Grade C,Score-based certification,20,7.5
fluid,0.5,0,0.5,0.75,0,TRUE,TRUE,TRUE,TRUE,TRUE,TRUE,1,NA,NA,NA,NA,35,65,Grade C,Grade C,Score-based certification,35,0
fluid,0.75,0,0.5,0.75,0,TRUE,TRUE,TRUE,TRUE,TRUE,TRUE,1,NA,NA,NA,NA,42.5,57.5,Grade D,Grade D,Score-based certification,35,7.5
fluid,1,0,0.5,0.75,0,TRUE,TRUE,TRUE,TRUE,TRUE,TRUE,1,NA,NA,NA,NA,50,50,Grade D,Grade D,Score-based certification,50,0
fluid,0,0.25,0.5,0.75,0,TRUE,TRUE,TRUE,TRUE,TRUE,TRUE,1,NA,NA,NA,NA,23.75,76.25,Grade C,Grade C,Score-based certification,20,3.75
fluid,0.25,0.25,0.5,0.75,0,TRUE,TRUE,TRUE,TRUE,TRUE,TRUE,1,NA,NA,NA,NA,31.25,68.75,Grade C,Grade C,Score-based certification,35,3.75
fluid,0.5,0.25,0.5,0.75,0,TRUE,TRUE,TRUE,TRUE,TRUE,TRUE,1,NA,NA,NA,NA,38.75,61.25,Grade D,Grade D,Score-based certification,35,3.75
fluid,0.75,0.25,0.5,0.75,0,TRUE,TRUE,TRUE,TRUE,TRUE,TRUE,1,NA,NA,NA,NA,46.25,53.75,Grade D,Grade D,Score-based certification,50,3.75
fluid,1,0.25,0.5,0.75,0,TRUE,TRUE,TRUE,TRUE,TRUE,TRUE,1,NA,NA,NA,NA,53.75,46.25,Grade E,Grade E,Critical penalty burden,50,3.75
fluid,0,0.5,0.5,0.75,0,TRUE,TRUE,TRUE,TRUE,TRUE,TRUE,1,NA,NA,NA,NA,27.5,72.5,Grade C,Grade C,Score-based certification,20,7.5
fluid,0.25,0.5,0.5,0.75,0,TRUE,TRUE,TRUE,TRUE,TRUE,TRUE,1,NA,NA,NA,NA,35,65,Grade C,Grade C,Score-based certification,35,0
fluid,0.5,0.5,0.5,0.75,0,TRUE,TRUE,TRUE,TRUE,TRUE,TRUE,1,NA,NA,NA,NA,42.5,57.5,Grade D,Grade D,Score-based certification,35,7.5
fluid,0.75,0.5,0.5,0.75,0,TRUE,TRUE,TRUE,TRUE,TRUE,TRUE,1,NA,NA,NA,NA,50,50,Grade D,Grade D,Score-based certification,50,0
fluid,1,0.5,0.5,0.75,0,TRUE,TRUE,TRUE,TRUE,TRUE,TRUE,1,NA,NA,NA,NA,57.5,42.5,Grade E,Grade E,Critical penalty burden,50,7.5
fluid,0,0.75,0.5,0.75,0,TRUE,TRUE,TRUE,TRUE,TRUE,TRUE,1,NA,NA,NA,NA,31.25,68.75,Grade C,Grade C,Score-based certification,35,3.75
fluid,0.25,0.75,0.5,0.75,0,TRUE,TRUE,TRUE,TRUE,TRUE,TRUE,1,NA,NA,NA,NA,38.75,61.25,Grade D,Grade D,Score-based certification,35,3.75
fluid,0.5,0.75,0.5,0.75,0,TRUE,TRUE,TRUE,TRUE,TRUE,TRUE,1,NA,NA,NA,NA,46.25,53.75,Grade D,Grade D,Score-based certification,50,3.75
fluid,0.75,0.75,0.5,0.75,0,TRUE,TRUE,TRUE,TRUE,TRUE,TRUE,1,NA,NA,NA,NA,53.75,46.25,Grade E,Grade E,Critical penalty burden,50,3.75
fluid,1,0.75,0.5,0.75,0,TRUE,TRUE,TRUE,TRUE,TRUE,TRUE,1,NA,NA,NA,NA,61.25,38.75,Grade E,Grade E,Critical penalty burden,50,11.25
fluid,0,1,0.5,0.75,0,TRUE,TRUE,TRUE,TRUE,TRUE,TRUE,1,NA,NA,NA,NA,35,65,Grade C,Grade C,Score-based certification,35,0
fluid,0.25,1,0.5,0.75,0,TRUE,TRUE,TRUE,TRUE,TRUE,TRUE,1,NA,NA,NA,NA,42.5,57.5,Grade D,Grade D,Score-based certification,35,7.5
fluid,0.5,1,0.5,0.75,0,TRUE,TRUE,TRUE,TRUE,TRUE,TRUE,1,NA,NA,NA,NA,50,50,Grade D,Grade D,Score-based certification,50,0
fluid,0.75,1,0.5,0.75,0,TRUE,TRUE,TRUE,TRUE,TRUE,TRUE,1,NA,NA,NA,NA,57.5,42.5,Grade E,Grade E,Critical penalty burden,50,7.5
fluid,1,1,0.5,0.75,0,TRUE,TRUE,TRUE,TRUE,TRUE,TRUE,1,NA,NA,NA,NA,65,35,Grade E,Grade E,Critical penalty burden,50,15
fluid,0,0,0.75,0.75,0,TRUE,TRUE,TRUE,TRUE,TRUE,TRUE,1,NA,NA,NA,NA,22.5,77.5,Grade C,Grade C,Score-based certification,20,2.5
fluid,0.25,0,0.75,0.75,0,TRUE,TRUE,TRUE,TRUE,TRUE,TRUE,1,NA,NA,NA,NA,30,70,Grade C,Grade C,Score-based certification,35,5
fluid,0.5,0,0.75,0.75,0,TRUE,TRUE,TRUE,TRUE,TRUE,TRUE,1,NA,NA,NA,NA,37.5,62.5,Grade D,Grade D,Score-based certification,35,2.5
fluid,0.75,0,0.75,0.75,0,TRUE,TRUE,TRUE,TRUE,TRUE,TRUE,1,NA,NA,NA,NA,45,55,Grade D,Grade D,Score-based certification,50,5
fluid,1,0,0.75,0.75,0,TRUE,TRUE,TRUE,TRUE,TRUE,TRUE,1,NA,NA,NA,NA,52.5,47.5,Grade E,Grade E,Critical penalty burden,50,2.5
fluid,0,0.25,0.75,0.75,0,TRUE,TRUE,TRUE,TRUE,TRUE,TRUE,1,NA,NA,NA,NA,26.25,73.75,Grade C,Grade C,Score-based certification,20,6.25
fluid,0.25,0.25,0.75,0.75,0,TRUE,TRUE,TRUE,TRUE,TRUE,TRUE,1,NA,NA,NA,NA,33.75,66.25,Grade C,Grade C,Score-based certification,35,1.25
fluid,0.5,0.25,0.75,0.75,0,TRUE,TRUE,TRUE,TRUE,TRUE,TRUE,1,NA,NA,NA,NA,41.25,58.75,Grade D,Grade D,Score-based certification,35,6.25
fluid,0.75,0.25,0.75,0.75,0,TRUE,TRUE,TRUE,TRUE,TRUE,TRUE,1,NA,NA,NA,NA,48.75,51.25,Grade D,Grade D,Score-based certification,50,1.25
fluid,1,0.25,0.75,0.75,0,TRUE,TRUE,TRUE,TRUE,TRUE,TRUE,1,NA,NA,NA,NA,56.25,43.75,Grade E,Grade E,Critical penalty burden,50,6.25
fluid,0,0.5,0.75,0.75,0,TRUE,TRUE,TRUE,TRUE,TRUE,TRUE,1,NA,NA,NA,NA,30,70,Grade C,Grade C,Score-based certification,35,5
fluid,0.25,0.5,0.75,0.75,0,TRUE,TRUE,TRUE,TRUE,TRUE,TRUE,1,NA,NA,NA,NA,37.5,62.5,Grade D,Grade D,Score-based certification,35,2.5
fluid,0.5,0.5,0.75,0.75,0,TRUE,TRUE,TRUE,TRUE,TRUE,TRUE,1,NA,NA,NA,NA,45,55,Grade D,Grade D,Score-based certification,50,5
fluid,0.75,0.5,0.75,0.75,0,TRUE,TRUE,TRUE,TRUE,TRUE,TRUE,1,NA,NA,NA,NA,52.5,47.5,Grade E,Grade E,Critical penalty burden,50,2.5
fluid,1,0.5,0.75,0.75,0,TRUE,TRUE,TRUE,TRUE,TRUE,TRUE,1,NA,NA,NA,NA,60,40,Grade E,Grade E,Critical penalty burden,50,10
fluid,0,0.75,0.75,0.75,0,TRUE,TRUE,TRUE,TRUE,TRUE,TRUE,1,NA,NA,NA,NA,33.75,66.25,Grade C,Grade C,Score-based certification,35,1.25
fluid,0.25,0.75,0.75,0.75,0,TRUE,TRUE,TRUE,TRUE,TRUE,TRUE,1,NA,NA,NA,NA,41.25,58.75,Grade D,Grade D,Score-based certification,35,6.25
fluid,0.5,0.75,0.75,0.75,0,TRUE,TRUE,TRUE,TRUE,TRUE,TRUE,1,NA,NA,NA,NA,48.75,51.25,Grade D,Grade D,Score-based certification,50,1.25
fluid,0.75,0.75,0.75,0.75,0,TRUE,TRUE,TRUE,TRUE,TRUE,TRUE,1,NA,NA,NA,NA,56.25,43.75,Grade E,Grade E,Critical penalty burden,50,6.25
fluid,1,0.75,0.75,0.75,0,TRUE,TRUE,TRUE,TRUE,TRUE,TRUE,1,NA,NA,NA,NA,63.75,36.25,Grade E,Grade E,Critical penalty burden,50,13.75
fluid,0,1,0.75,0.75,0,TRUE,TRUE,TRUE,TRUE,TRUE,TRUE,1,NA,NA,NA,NA,37.5,62.5,Grade D,Grade D,Score-based certification,35,2.5
fluid,0.25,1,0.75,0.75,0,TRUE,TRUE,TRUE,TRUE,TRUE,TRUE,1,NA,NA,NA,NA,45,55,Grade D,Grade D,Score-based certification,50,5
fluid,0.5,1,0.75,0.75,0,TRUE,TRUE,TRUE,TRUE,TRUE,TRUE,1,NA,NA,NA,NA,52.5,47.5,Grade E,Grade E,Critical penalty burden,50,2.5
fluid,0.75,1,0.75,0.75,0,TRUE,TRUE,TRUE,TRUE,TRUE,TRUE,1,NA,NA,NA,NA,60,40,Grade E,Grade E,Critical penalty burden,50,10
fluid,1,1,0.75,0.75,0,TRUE,TRUE,TRUE,TRUE,TRUE,TRUE,1,NA,NA,NA,NA,67.5,32.5,Grade E,Grade E,Critical penalty burden,50,17.5
fluid,0,0,1,0.75,0,TRUE,TRUE,TRUE,TRUE,TRUE,TRUE,1,NA,NA,NA,NA,25,75,Grade C,Grade C,Score-based certification,20,5
fluid,0.25,0,1,0.75,0,TRUE,TRUE,TRUE,TRUE,TRUE,TRUE,1,NA,NA,NA,NA,32.5,67.5,Grade C,Grade C,Score-based certification,35,2.5
fluid,0.5,0,1,0.75,0,TRUE,TRUE,TRUE,TRUE,TRUE,TRUE,1,NA,NA,NA,NA,40,60,Grade D,Grade D,Score-based certification,35,5
fluid,0.75,0,1,0.75,0,TRUE,TRUE,TRUE,TRUE,TRUE,TRUE,1,NA,NA,NA,NA,47.5,52.5,Grade D,Grade D,Score-based certification,50,2.5
fluid,1,0,1,0.75,0,TRUE,TRUE,TRUE,TRUE,TRUE,TRUE,1,NA,NA,NA,NA,55,45,Grade E,Grade E,Critical penalty burden,50,5
fluid,0,0.25,1,0.75,0,TRUE,TRUE,TRUE,TRUE,TRUE,TRUE,1,NA,NA,NA,NA,28.75,71.25,Grade C,Grade C,Score-based certification,35,6.25
fluid,0.25,0.25,1,0.75,0,TRUE,TRUE,TRUE,TRUE,TRUE,TRUE,1,NA,NA,NA,NA,36.25,63.75,Grade D,Grade D,Score-based certification,35,1.25
fluid,0.5,0.25,1,0.75,0,TRUE,TRUE,TRUE,TRUE,TRUE,TRUE,1,NA,NA,NA,NA,43.75,56.25,Grade D,Grade D,Score-based certification,50,6.25
fluid,0.75,0.25,1,0.75,0,TRUE,TRUE,TRUE,TRUE,TRUE,TRUE,1,NA,NA,NA,NA,51.25,48.75,Grade E,Grade E,Critical penalty burden,50,1.25
fluid,1,0.25,1,0.75,0,TRUE,TRUE,TRUE,TRUE,TRUE,TRUE,1,NA,NA,NA,NA,58.75,41.25,Grade E,Grade E,Critical penalty burden,50,8.75
fluid,0,0.5,1,0.75,0,TRUE,TRUE,TRUE,TRUE,TRUE,TRUE,1,NA,NA,NA,NA,32.5,67.5,Grade C,Grade C,Score-based certification,35,2.5
fluid,0.25,0.5,1,0.75,0,TRUE,TRUE,TRUE,TRUE,TRUE,TRUE,1,NA,NA,NA,NA,40,60,Grade D,Grade D,Score-based certification,35,5
fluid,0.5,0.5,1,0.75,0,TRUE,TRUE,TRUE,TRUE,TRUE,TRUE,1,NA,NA,NA,NA,47.5,52.5,Grade D,Grade D,Score-based certification,50,2.5
fluid,0.75,0.5,1,0.75,0,TRUE,TRUE,TRUE,TRUE,TRUE,TRUE,1,NA,NA,NA,NA,55,45,Grade E,Grade E,Critical penalty burden,50,5
fluid,1,0.5,1,0.75,0,TRUE,TRUE,TRUE,TRUE,TRUE,TRUE,1,NA,NA,NA,NA,62.5,37.5,Grade E,Grade E,Critical penalty burden,50,12.5
fluid,0,0.75,1,0.75,0,TRUE,TRUE,TRUE,TRUE,TRUE,TRUE,1,NA,NA,NA,NA,36.25,63.75,Grade D,Grade D,Score-based certification,35,1.25
fluid,0.25,0.75,1,0.75,0,TRUE,TRUE,TRUE,TRUE,TRUE,TRUE,1,NA,NA,NA,NA,43.75,56.25,Grade D,Grade D,Score-based certification,50,6.25
fluid,0.5,0.75,1,0.75,0,TRUE,TRUE,TRUE,TRUE,TRUE,TRUE,1,NA,NA,NA,NA,51.25,48.75,Grade E,Grade E,Critical penalty burden,50,1.25
fluid,0.75,0.75,1,0.75,0,TRUE,TRUE,TRUE,TRUE,TRUE,TRUE,1,NA,NA,NA,NA,58.75,41.25,Grade E,Grade E,Critical penalty burden,50,8.75
fluid,1,0.75,1,0.75,0,TRUE,TRUE,TRUE,TRUE,TRUE,TRUE,1,NA,NA,NA,NA,66.25,33.75,Grade E,Grade E,Critical penalty burden,50,16.25
fluid,0,1,1,0.75,0,TRUE,TRUE,TRUE,TRUE,TRUE,TRUE,1,NA,NA,NA,NA,40,60,Grade D,Grade D,Score-based certification,35,5
fluid,0.25,1,1,0.75,0,TRUE,TRUE,TRUE,TRUE,TRUE,TRUE,1,NA,NA,NA,NA,47.5,52.5,Grade D,Grade D,Score-based certification,50,2.5
fluid,0.5,1,1,0.75,0,TRUE,TRUE,TRUE,TRUE,TRUE,TRUE,1,NA,NA,NA,NA,55,45,Grade E,Grade E,Critical penalty burden,50,5
fluid,0.75,1,1,0.75,0,TRUE,TRUE,TRUE,TRUE,TRUE,TRUE,1,NA,NA,NA,NA,62.5,37.5,Grade E,Grade E,Critical penalty burden,50,12.5
fluid,1,1,1,0.75,0,TRUE,TRUE,TRUE,TRUE,TRUE,TRUE,1,NA,NA,NA,NA,70,30,Grade E,Grade E,Critical penalty burden,50,20
fluid,0,0,0,1,0,TRUE,TRUE,TRUE,TRUE,TRUE,TRUE,1,NA,NA,NA,NA,20,80,Grade B,Grade B,Score-based certification,20,0
fluid,0.25,0,0,1,0,TRUE,TRUE,TRUE,TRUE,TRUE,TRUE,1,NA,NA,NA,NA,27.5,72.5,Grade C,Grade C,Score-based certification,20,7.5
fluid,0.5,0,0,1,0,TRUE,TRUE,TRUE,TRUE,TRUE,TRUE,1,NA,NA,NA,NA,35,65,Grade C,Grade C,Score-based certification,35,0
fluid,0.75,0,0,1,0,TRUE,TRUE,TRUE,TRUE,TRUE,TRUE,1,NA,NA,NA,NA,42.5,57.5,Grade D,Grade D,Score-based certification,35,7.5
fluid,1,0,0,1,0,TRUE,TRUE,TRUE,TRUE,TRUE,TRUE,1,NA,NA,NA,NA,50,50,Grade D,Grade D,Score-based certification,50,0
fluid,0,0.25,0,1,0,TRUE,TRUE,TRUE,TRUE,TRUE,TRUE,1,NA,NA,NA,NA,23.75,76.25,Grade C,Grade C,Score-based certification,20,3.75
fluid,0.25,0.25,0,1,0,TRUE,TRUE,TRUE,TRUE,TRUE,TRUE,1,NA,NA,NA,NA,31.25,68.75,Grade C,Grade C,Score-based certification,35,3.75
fluid,0.5,0.25,0,1,0,TRUE,TRUE,TRUE,TRUE,TRUE,TRUE,1,NA,NA,NA,NA,38.75,61.25,Grade D,Grade D,Score-based certification,35,3.75
fluid,0.75,0.25,0,1,0,TRUE,TRUE,TRUE,TRUE,TRUE,TRUE,1,NA,NA,NA,NA,46.25,53.75,Grade D,Grade D,Score-based certification,50,3.75
fluid,1,0.25,0,1,0,TRUE,TRUE,TRUE,TRUE,TRUE,TRUE,1,NA,NA,NA,NA,53.75,46.25,Grade E,Grade E,Critical penalty burden,50,3.75
fluid,0,0.5,0,1,0,TRUE,TRUE,TRUE,TRUE,TRUE,TRUE,1,NA,NA,NA,NA,27.5,72.5,Grade C,Grade C,Score-based certification,20,7.5
fluid,0.25,0.5,0,1,0,TRUE,TRUE,TRUE,TRUE,TRUE,TRUE,1,NA,NA,NA,NA,35,65,Grade C,Grade C,Score-based certification,35,0
fluid,0.5,0.5,0,1,0,TRUE,TRUE,TRUE,TRUE,TRUE,TRUE,1,NA,NA,NA,NA,42.5,57.5,Grade D,Grade D,Score-based certification,35,7.5
fluid,0.75,0.5,0,1,0,TRUE,TRUE,TRUE,TRUE,TRUE,TRUE,1,NA,NA,NA,NA,50,50,Grade D,Grade D,Score-based certification,50,0
fluid,1,0.5,0,1,0,TRUE,TRUE,TRUE,TRUE,TRUE,TRUE,1,NA,NA,NA,NA,57.5,42.5,Grade E,Grade E,Critical penalty burden,50,7.5
fluid,0,0.75,0,1,0,TRUE,TRUE,TRUE,TRUE,TRUE,TRUE,1,NA,NA,NA,NA,31.25,68.75,Grade C,Grade C,Score-based certification,35,3.75
fluid,0.25,0.75,0,1,0,TRUE,TRUE,TRUE,TRUE,TRUE,TRUE,1,NA,NA,NA,NA,38.75,61.25,Grade D,Grade D,Score-based certification,35,3.75
fluid,0.5,0.75,0,1,0,TRUE,TRUE,TRUE,TRUE,TRUE,TRUE,1,NA,NA,NA,NA,46.25,53.75,Grade D,Grade D,Score-based certification,50,3.75
fluid,0.75,0.75,0,1,0,TRUE,TRUE,TRUE,TRUE,TRUE,TRUE,1,NA,NA,NA,NA,53.75,46.25,Grade E,Grade E,Critical penalty burden,50,3.75
fluid,1,0.75,0,1,0,TRUE,TRUE,TRUE,TRUE,TRUE,TRUE,1,NA,NA,NA,NA,61.25,38.75,Grade E,Grade E,Critical penalty burden,50,11.25
fluid,0,1,0,1,0,TRUE,TRUE,TRUE,TRUE,TRUE,TRUE,1,NA,NA,NA,NA,35,65,Grade C,Grade C,Score-based certification,35,0
fluid,0.25,1,0,1,0,TRUE,TRUE,TRUE,TRUE,TRUE,TRUE,1,NA,NA,NA,NA,42.5,57.5,Grade D,Grade D,Score-based certification,35,7.5
fluid,0.5,1,0,1,0,TRUE,TRUE,TRUE,TRUE,TRUE,TRUE,1,NA,NA,NA,NA,50,50,Grade D,Grade D,Score-based certification,50,0
fluid,0.75,1,0,1,0,TRUE,TRUE,TRUE,TRUE,TRUE,TRUE,1,NA,NA,NA,NA,57.5,42.5,Grade E,Grade E,Critical penalty burden,50,7.5
fluid,1,1,0,1,0,TRUE,TRUE,TRUE,TRUE,TRUE,TRUE,1,NA,NA,NA,NA,65,35,Grade E,Grade E,Critical penalty burden,50,15
fluid,0,0,0.25,1,0,TRUE,TRUE,TRUE,TRUE,TRUE,TRUE,1,NA,NA,NA,NA,22.5,77.5,Grade C,Grade C,Score-based certification,20,2.5
fluid,0.25,0,0.25,1,0,TRUE,TRUE,TRUE,TRUE,TRUE,TRUE,1,NA,NA,NA,NA,30,70,Grade C,Grade C,Score-based certification,35,5
fluid,0.5,0,0.25,1,0,TRUE,TRUE,TRUE,TRUE,TRUE,TRUE,1,NA,NA,NA,NA,37.5,62.5,Grade D,Grade D,Score-based certification,35,2.5
fluid,0.75,0,0.25,1,0,TRUE,TRUE,TRUE,TRUE,TRUE,TRUE,1,NA,NA,NA,NA,45,55,Grade D,Grade D,Score-based certification,50,5
fluid,1,0,0.25,1,0,TRUE,TRUE,TRUE,TRUE,TRUE,TRUE,1,NA,NA,NA,NA,52.5,47.5,Grade E,Grade E,Critical penalty burden,50,2.5
fluid,0,0.25,0.25,1,0,TRUE,TRUE,TRUE,TRUE,TRUE,TRUE,1,NA,NA,NA,NA,26.25,73.75,Grade C,Grade C,Score-based certification,20,6.25
fluid,0.25,0.25,0.25,1,0,TRUE,TRUE,TRUE,TRUE,TRUE,TRUE,1,NA,NA,NA,NA,33.75,66.25,Grade C,Grade C,Score-based certification,35,1.25
fluid,0.5,0.25,0.25,1,0,TRUE,TRUE,TRUE,TRUE,TRUE,TRUE,1,NA,NA,NA,NA,41.25,58.75,Grade D,Grade D,Score-based certification,35,6.25
fluid,0.75,0.25,0.25,1,0,TRUE,TRUE,TRUE,TRUE,TRUE,TRUE,1,NA,NA,NA,NA,48.75,51.25,Grade D,Grade D,Score-based certification,50,1.25
fluid,1,0.25,0.25,1,0,TRUE,TRUE,TRUE,TRUE,TRUE,TRUE,1,NA,NA,NA,NA,56.25,43.75,Grade E,Grade E,Critical penalty burden,50,6.25
fluid,0,0.5,0.25,1,0,TRUE,TRUE,TRUE,TRUE,TRUE,TRUE,1,NA,NA,NA,NA,30,70,Grade C,Grade C,Score-based certification,35,5
fluid,0.25,0.5,0.25,1,0,TRUE,TRUE,TRUE,TRUE,TRUE,TRUE,1,NA,NA,NA,NA,37.5,62.5,Grade D,Grade D,Score-based certification,35,2.5
fluid,0.5,0.5,0.25,1,0,TRUE,TRUE,TRUE,TRUE,TRUE,TRUE,1,NA,NA,NA,NA,45,55,Grade D,Grade D,Score-based certification,50,5
fluid,0.75,0.5,0.25,1,0,TRUE,TRUE,TRUE,TRUE,TRUE,TRUE,1,NA,NA,NA,NA,52.5,47.5,Grade E,Grade E,Critical penalty burden,50,2.5
fluid,1,0.5,0.25,1,0,TRUE,TRUE,TRUE,TRUE,TRUE,TRUE,1,NA,NA,NA,NA,60,40,Grade E,Grade E,Critical penalty burden,50,10
fluid,0,0.75,0.25,1,0,TRUE,TRUE,TRUE,TRUE,TRUE,TRUE,1,NA,NA,NA,NA,33.75,66.25,Grade C,Grade C,Score-based certification,35,1.25
fluid,0.25,0.75,0.25,1,0,TRUE,TRUE,TRUE,TRUE,TRUE,TRUE,1,NA,NA,NA,NA,41.25,58.75,Grade D,Grade D,Score-based certification,35,6.25
fluid,0.5,0.75,0.25,1,0,TRUE,TRUE,TRUE,TRUE,TRUE,TRUE,1,NA,NA,NA,NA,48.75,51.25,Grade D,Grade D,Score-based certification,50,1.25
fluid,0.75,0.75,0.25,1,0,TRUE,TRUE,TRUE,TRUE,TRUE,TRUE,1,NA,NA,NA,NA,56.25,43.75,Grade E,Grade E,Critical penalty burden,50,6.25
fluid,1,0.75,0.25,1,0,TRUE,TRUE,TRUE,TRUE,TRUE,TRUE,1,NA,NA,NA,NA,63.75,36.25,Grade E,Grade E,Critical penalty burden,50,13.75
fluid,0,1,0.25,1,0,TRUE,TRUE,TRUE,TRUE,TRUE,TRUE,1,NA,NA,NA,NA,37.5,62.5,Grade D,Grade D,Score-based certification,35,2.5
fluid,0.25,1,0.25,1,0,TRUE,TRUE,TRUE,TRUE,TRUE,TRUE,1,NA,NA,NA,NA,45,55,Grade D,Grade D,Score-based certification,50,5
fluid,0.5,1,0.25,1,0,TRUE,TRUE,TRUE,TRUE,TRUE,TRUE,1,NA,NA,NA,NA,52.5,47.5,Grade E,Grade E,Critical penalty burden,50,2.5
fluid,0.75,1,0.25,1,0,TRUE,TRUE,TRUE,TRUE,TRUE,TRUE,1,NA,NA,NA,NA,60,40,Grade E,Grade E,Critical penalty burden,50,10
fluid,1,1,0.25,1,0,TRUE,TRUE,TRUE,TRUE,TRUE,TRUE,1,NA,NA,NA,NA,67.5,32.5,Grade E,Grade E,Critical penalty burden,50,17.5
fluid,0,0,0.5,1,0,TRUE,TRUE,TRUE,TRUE,TRUE,TRUE,1,NA,NA,NA,NA,25,75,Grade C,Grade C,Score-based certification,20,5
fluid,0.25,0,0.5,1,0,TRUE,TRUE,TRUE,TRUE,TRUE,TRUE,1,NA,NA,NA,NA,32.5,67.5,Grade C,Grade C,Score-based certification,35,2.5
fluid,0.5,0,0.5,1,0,TRUE,TRUE,TRUE,TRUE,TRUE,TRUE,1,NA,NA,NA,NA,40,60,Grade D,Grade D,Score-based certification,35,5
fluid,0.75,0,0.5,1,0,TRUE,TRUE,TRUE,TRUE,TRUE,TRUE,1,NA,NA,NA,NA,47.5,52.5,Grade D,Grade D,Score-based certification,50,2.5
fluid,1,0,0.5,1,0,TRUE,TRUE,TRUE,TRUE,TRUE,TRUE,1,NA,NA,NA,NA,55,45,Grade E,Grade E,Critical penalty burden,50,5
fluid,0,0.25,0.5,1,0,TRUE,TRUE,TRUE,TRUE,TRUE,TRUE,1,NA,NA,NA,NA,28.75,71.25,Grade C,Grade C,Score-based certification,35,6.25
fluid,0.25,0.25,0.5,1,0,TRUE,TRUE,TRUE,TRUE,TRUE,TRUE,1,NA,NA,NA,NA,36.25,63.75,Grade D,Grade D,Score-based certification,35,1.25
fluid,0.5,0.25,0.5,1,0,TRUE,TRUE,TRUE,TRUE,TRUE,TRUE,1,NA,NA,NA,NA,43.75,56.25,Grade D,Grade D,Score-based certification,50,6.25
fluid,0.75,0.25,0.5,1,0,TRUE,TRUE,TRUE,TRUE,TRUE,TRUE,1,NA,NA,NA,NA,51.25,48.75,Grade E,Grade E,Critical penalty burden,50,1.25
fluid,1,0.25,0.5,1,0,TRUE,TRUE,TRUE,TRUE,TRUE,TRUE,1,NA,NA,NA,NA,58.75,41.25,Grade E,Grade E,Critical penalty burden,50,8.75
fluid,0,0.5,0.5,1,0,TRUE,TRUE,TRUE,TRUE,TRUE,TRUE,1,NA,NA,NA,NA,32.5,67.5,Grade C,Grade C,Score-based certification,35,2.5
fluid,0.25,0.5,0.5,1,0,TRUE,TRUE,TRUE,TRUE,TRUE,TRUE,1,NA,NA,NA,NA,40,60,Grade D,Grade D,Score-based certification,35,5
fluid,0.5,0.5,0.5,1,0,TRUE,TRUE,TRUE,TRUE,TRUE,TRUE,1,NA,NA,NA,NA,47.5,52.5,Grade D,Grade D,Score-based certification,50,2.5
fluid,0.75,0.5,0.5,1,0,TRUE,TRUE,TRUE,TRUE,TRUE,TRUE,1,NA,NA,NA,NA,55,45,Grade E,Grade E,Critical penalty burden,50,5
fluid,1,0.5,0.5,1,0,TRUE,TRUE,TRUE,TRUE,TRUE,TRUE,1,NA,NA,NA,NA,62.5,37.5,Grade E,Grade E,Critical penalty burden,50,12.5
fluid,0,0.75,0.5,1,0,TRUE,TRUE,TRUE,TRUE,TRUE,TRUE,1,NA,NA,NA,NA,36.25,63.75,Grade D,Grade D,Score-based certification,35,1.25
fluid,0.25,0.75,0.5,1,0,TRUE,TRUE,TRUE,TRUE,TRUE,TRUE,1,NA,NA,NA,NA,43.75,56.25,Grade D,Grade D,Score-based certification,50,6.25
fluid,0.5,0.75,0.5,1,0,TRUE,TRUE,TRUE,TRUE,TRUE,TRUE,1,NA,NA,NA,NA,51.25,48.75,Grade E,Grade E,Critical penalty burden,50,1.25
fluid,0.75,0.75,0.5,1,0,TRUE,TRUE,TRUE,TRUE,TRUE,TRUE,1,NA,NA,NA,NA,58.75,41.25,Grade E,Grade E,Critical penalty burden,50,8.75
fluid,1,0.75,0.5,1,0,TRUE,TRUE,TRUE,TRUE,TRUE,TRUE,1,NA,NA,NA,NA,66.25,33.75,Grade E,Grade E,Critical penalty burden,50,16.25
fluid,0,1,0.5,1,0,TRUE,TRUE,TRUE,TRUE,TRUE,TRUE,1,NA,NA,NA,NA,40,60,Grade D,Grade D,Score-based certification,35,5
fluid,0.25,1,0.5,1,0,TRUE,TRUE,TRUE,TRUE,TRUE,TRUE,1,NA,NA,NA,NA,47.5,52.5,Grade D,Grade D,Score-based certification,50,2.5
fluid,0.5,1,0.5,1,0,TRUE,TRUE,TRUE,TRUE,TRUE,TRUE,1,NA,NA,NA,NA,55,45,Grade E,Grade E,Critical penalty burden,50,5
fluid,0.75,1,0.5,1,0,TRUE,TRUE,TRUE,TRUE,TRUE,TRUE,1,NA,NA,NA,NA,62.5,37.5,Grade E,Grade E,Critical penalty burden,50,12.5
fluid,1,1,0.5,1,0,TRUE,TRUE,TRUE,TRUE,TRUE,TRUE,1,NA,NA,NA,NA,70,30,Grade E,Grade E,Critical penalty burden,50,20
fluid,0,0,0.75,1,0,TRUE,TRUE,TRUE,TRUE,TRUE,TRUE,1,NA,NA,NA,NA,27.5,72.5,Grade C,Grade C,Score-based certification,20,7.5
fluid,0.25,0,0.75,1,0,TRUE,TRUE,TRUE,TRUE,TRUE,TRUE,1,NA,NA,NA,NA,35,65,Grade C,Grade C,Score-based certification,35,0
fluid,0.5,0,0.75,1,0,TRUE,TRUE,TRUE,TRUE,TRUE,TRUE,1,NA,NA,NA,NA,42.5,57.5,Grade D,Grade D,Score-based certification,35,7.5
fluid,0.75,0,0.75,1,0,TRUE,TRUE,TRUE,TRUE,TRUE,TRUE,1,NA,NA,NA,NA,50,50,Grade D,Grade D,Score-based certification,50,0
fluid,1,0,0.75,1,0,TRUE,TRUE,TRUE,TRUE,TRUE,TRUE,1,NA,NA,NA,NA,57.5,42.5,Grade E,Grade E,Critical penalty burden,50,7.5
fluid,0,0.25,0.75,1,0,TRUE,TRUE,TRUE,TRUE,TRUE,TRUE,1,NA,NA,NA,NA,31.25,68.75,Grade C,Grade C,Score-based certification,35,3.75
fluid,0.25,0.25,0.75,1,0,TRUE,TRUE,TRUE,TRUE,TRUE,TRUE,1,NA,NA,NA,NA,38.75,61.25,Grade D,Grade D,Score-based certification,35,3.75
fluid,0.5,0.25,0.75,1,0,TRUE,TRUE,TRUE,TRUE,TRUE,TRUE,1,NA,NA,NA,NA,46.25,53.75,Grade D,Grade D,Score-based certification,50,3.75
fluid,0.75,0.25,0.75,1,0,TRUE,TRUE,TRUE,TRUE,TRUE,TRUE,1,NA,NA,NA,NA,53.75,46.25,Grade E,Grade E,Critical penalty burden,50,3.75
fluid,1,0.25,0.75,1,0,TRUE,TRUE,TRUE,TRUE,TRUE,TRUE,1,NA,NA,NA,NA,61.25,38.75,Grade E,Grade E,Critical penalty burden,50,11.25
fluid,0,0.5,0.75,1,0,TRUE,TRUE,TRUE,TRUE,TRUE,TRUE,1,NA,NA,NA,NA,35,65,Grade C,Grade C,Score-based certification,35,0
fluid,0.25,0.5,0.75,1,0,TRUE,TRUE,TRUE,TRUE,TRUE,TRUE,1,NA,NA,NA,NA,42.5,57.5,Grade D,Grade D,Score-based certification,35,7.5
fluid,0.5,0.5,0.75,1,0,TRUE,TRUE,TRUE,TRUE,TRUE,TRUE,1,NA,NA,NA,NA,50,50,Grade D,Grade D,Score-based certification,50,0
fluid,0.75,0.5,0.75,1,0,TRUE,TRUE,TRUE,TRUE,TRUE,TRUE,1,NA,NA,NA,NA,57.5,42.5,Grade E,Grade E,Critical penalty burden,50,7.5
fluid,1,0.5,0.75,1,0,TRUE,TRUE,TRUE,TRUE,TRUE,TRUE,1,NA,NA,NA,NA,65,35,Grade E,Grade E,Critical penalty burden,50,15
fluid,0,0.75,0.75,1,0,TRUE,TRUE,TRUE,TRUE,TRUE,TRUE,1,NA,NA,NA,NA,38.75,61.25,Grade D,Grade D,Score-based certification,35,3.75
fluid,0.25,0.75,0.75,1,0,TRUE,TRUE,TRUE,TRUE,TRUE,TRUE,1,NA,NA,NA,NA,46.25,53.75,Grade D,Grade D,Score-based certification,50,3.75
fluid,0.5,0.75,0.75,1,0,TRUE,TRUE,TRUE,TRUE,TRUE,TRUE,1,NA,NA,NA,NA,53.75,46.25,Grade E,Grade E,Critical penalty burden,50,3.75
fluid,0.75,0.75,0.75,1,0,TRUE,TRUE,TRUE,TRUE,TRUE,TRUE,1,NA,NA,NA,NA,61.25,38.75,Grade E,Grade E,Critical penalty burden,50,11.25
fluid,1,0.75,0.75,1,0,TRUE,TRUE,TRUE,TRUE,TRUE,TRUE,1,NA,NA,NA,NA,68.75,31.25,Grade E,Grade E,Critical penalty burden,50,18.75
fluid,0,1,0.75,1,0,TRUE,TRUE,TRUE,TRUE,TRUE,TRUE,1,NA,NA,NA,NA,42.5,57.5,Grade D,Grade D,Score-based certification,35,7.5
fluid,0.25,1,0.75,1,0,TRUE,TRUE,TRUE,TRUE,TRUE,TRUE,1,NA,NA,NA,NA,50,50,Grade D,Grade D,Score-based certification,50,0
fluid,0.5,1,0.75,1,0,TRUE,TRUE,TRUE,TRUE,TRUE,TRUE,1,NA,NA,NA,NA,57.5,42.5,Grade E,Grade E,Critical penalty burden,50,7.5
fluid,0.75,1,0.75,1,0,TRUE,TRUE,TRUE,TRUE,TRUE,TRUE,1,NA,NA,NA,NA,65,35,Grade E,Grade E,Critical penalty burden,50,15
fluid,1,1,0.75,1,0,TRUE,TRUE,TRUE,TRUE,TRUE,TRUE,1,NA,NA,NA,NA,72.5,27.5,Grade E,Grade E,Critical penalty burden,50,22.5
fluid,0,0,1,1,0,TRUE,TRUE,TRUE,TRUE,TRUE,TRUE,1,NA,NA,NA,NA,30,70,Grade C,Grade C,Score-based certification,35,5
fluid,0.25,0,1,1,0,TRUE,TRUE,TRUE,TRUE,TRUE,TRUE,1,NA,NA,NA,NA,37.5,62.5,Grade D,Grade D,Score-based certification,35,2.5
fluid,0.5,0,1,1,0,TRUE,TRUE,TRUE,TRUE,TRUE,TRUE,1,NA,NA,NA,NA,45,55,Grade D,Grade D,Score-based certification,50,5
fluid,0.75,0,1,1,0,TRUE,TRUE,TRUE,TRUE,TRUE,TRUE,1,NA,NA,NA,NA,52.5,47.5,Grade E,Grade E,Critical penalty burden,50,2.5
fluid,1,0,1,1,0,TRUE,TRUE,TRUE,TRUE,TRUE,TRUE,1,NA,NA,NA,NA,60,40,Grade E,Grade E,Critical penalty burden,50,10
fluid,0,0.25,1,1,0,TRUE,TRUE,TRUE,TRUE,TRUE,TRUE,1,NA,NA,NA,NA,33.75,66.25,Grade C,Grade C,Score-based certification,35,1.25
fluid,0.25,0.25,1,1,0,TRUE,TRUE,TRUE,TRUE,TRUE,TRUE,1,NA,NA,NA,NA,41.25,58.75,Grade D,Grade D,Score-based certification,35,6.25
fluid,0.5,0.25,1,1,0,TRUE,TRUE,TRUE,TRUE,TRUE,TRUE,1,NA,NA,NA,NA,48.75,51.25,Grade D,Grade D,Score-based certification,50,1.25
fluid,0.75,0.25,1,1,0,TRUE,TRUE,TRUE,TRUE,TRUE,TRUE,1,NA,NA,NA,NA,56.25,43.75,Grade E,Grade E,Critical penalty burden,50,6.25
fluid,1,0.25,1,1,0,TRUE,TRUE,TRUE,TRUE,TRUE,TRUE,1,NA,NA,NA,NA,63.75,36.25,Grade E,Grade E,Critical penalty burden,50,13.75
fluid,0,0.5,1,1,0,TRUE,TRUE,TRUE,TRUE,TRUE,TRUE,1,NA,NA,NA,NA,37.5,62.5,Grade D,Grade D,Score-based certification,35,2.5
fluid,0.25,0.5,1,1,0,TRUE,TRUE,TRUE,TRUE,TRUE,TRUE,1,NA,NA,NA,NA,45,55,Grade D,Grade D,Score-based certification,50,5
fluid,0.5,0.5,1,1,0,TRUE,TRUE,TRUE,TRUE,TRUE,TRUE,1,NA,NA,NA,NA,52.5,47.5,Grade E,Grade E,Critical penalty burden,50,2.5
fluid,0.75,0.5,1,1,0,TRUE,TRUE,TRUE,TRUE,TRUE,TRUE,1,NA,NA,NA,NA,60,40,Grade E,Grade E,Critical penalty burden,50,10
fluid,1,0.5,1,1,0,TRUE,TRUE,TRUE,TRUE,TRUE,TRUE,1,NA,NA,NA,NA,67.5,32.5,Grade E,Grade E,Critical penalty burden,50,17.5
fluid,0,0.75,1,1,0,TRUE,TRUE,TRUE,TRUE,TRUE,TRUE,1,NA,NA,NA,NA,41.25,58.75,Grade D,Grade D,Score-based certification,35,6.25
fluid,0.25,0.75,1,1,0,TRUE,TRUE,TRUE,TRUE,TRUE,TRUE,1,NA,NA,NA,NA,48.75,51.25,Grade D,Grade D,Score-based certification,50,1.25
fluid,0.5,0.75,1,1,0,TRUE,TRUE,TRUE,TRUE,TRUE,TRUE,1,NA,NA,NA,NA,56.25,43.75,Grade E,Grade E,Critical penalty burden,50,6.25
fluid,0.75,0.75,1,1,0,TRUE,TRUE,TRUE,TRUE,TRUE,TRUE,1,NA,NA,NA,NA,63.75,36.25,Grade E,Grade E,Critical penalty burden,50,13.75
fluid,1,0.75,1,1,0,TRUE,TRUE,TRUE,TRUE,TRUE,TRUE,1,NA,NA,NA,NA,71.25,28.75,Grade E,Grade E,Critical penalty burden,50,21.25
fluid,0,1,1,1,0,TRUE,TRUE,TRUE,TRUE,TRUE,TRUE,1,NA,NA,NA,NA,45,55,Grade D,Grade D,Score-based certification,50,5
fluid,0.25,1,1,1,0,TRUE,TRUE,TRUE,TRUE,TRUE,TRUE,1,NA,NA,NA,NA,52.5,47.5,Grade E,Grade E,Critical penalty burden,50,2.5
fluid,0.5,1,1,1,0,TRUE,TRUE,TRUE,TRUE,TRUE,TRUE,1,NA,NA,NA,NA,60,40,Grade E,Grade E,Critical penalty burden,50,10
fluid,0.75,1,1,1,0,TRUE,TRUE,TRUE,TRUE,TRUE,TRUE,1,NA,NA,NA,NA,67.5,32.5,Grade E,Grade E,Critical penalty burden,50,17.5
fluid,1,1,1,1,0,TRUE,TRUE,TRUE,TRUE,TRUE,TRUE,1,NA,NA,NA,NA,75,25,Grade E,Grade E,Critical penalty burden,50,25
fluid,0,0,0,0,0.25,TRUE,TRUE,TRUE,TRUE,TRUE,TRUE,1,NA,NA,NA,NA,6.25,93.75,Grade A,Grade A,Score-based certification,10,3.75
fluid,0.25,0,0,0,0.25,TRUE,TRUE,TRUE,TRUE,TRUE,TRUE,1,NA,NA,NA,NA,13.75,86.25,Grade B,Grade B,Score-based certification,10,3.75
fluid,0.5,0,0,0,0.25,TRUE,TRUE,TRUE,TRUE,TRUE,TRUE,1,NA,NA,NA,NA,21.25,78.75,Grade C,Grade C,Score-based certification,20,1.25
fluid,0.75,0,0,0,0.25,TRUE,TRUE,TRUE,TRUE,TRUE,TRUE,1,NA,NA,NA,NA,28.75,71.25,Grade C,Grade C,Score-based certification,35,6.25
fluid,1,0,0,0,0.25,TRUE,TRUE,TRUE,TRUE,TRUE,TRUE,1,NA,NA,NA,NA,36.25,63.75,Grade D,Grade D,Score-based certification,35,1.25
fluid,0,0.25,0,0,0.25,TRUE,TRUE,TRUE,TRUE,TRUE,TRUE,1,NA,NA,NA,NA,10,90,Grade A,Grade A,Score-based certification,10,0
fluid,0.25,0.25,0,0,0.25,TRUE,TRUE,TRUE,TRUE,TRUE,TRUE,1,NA,NA,NA,NA,17.5,82.5,Grade B,Grade B,Score-based certification,20,2.5
fluid,0.5,0.25,0,0,0.25,TRUE,TRUE,TRUE,TRUE,TRUE,TRUE,1,NA,NA,NA,NA,25,75,Grade C,Grade C,Score-based certification,20,5
fluid,0.75,0.25,0,0,0.25,TRUE,TRUE,TRUE,TRUE,TRUE,TRUE,1,NA,NA,NA,NA,32.5,67.5,Grade C,Grade C,Score-based certification,35,2.5
fluid,1,0.25,0,0,0.25,TRUE,TRUE,TRUE,TRUE,TRUE,TRUE,1,NA,NA,NA,NA,40,60,Grade D,Grade D,Score-based certification,35,5
fluid,0,0.5,0,0,0.25,TRUE,TRUE,TRUE,TRUE,TRUE,TRUE,1,NA,NA,NA,NA,13.75,86.25,Grade B,Grade B,Score-based certification,10,3.75
fluid,0.25,0.5,0,0,0.25,TRUE,TRUE,TRUE,TRUE,TRUE,TRUE,1,NA,NA,NA,NA,21.25,78.75,Grade C,Grade C,Score-based certification,20,1.25
fluid,0.5,0.5,0,0,0.25,TRUE,TRUE,TRUE,TRUE,TRUE,TRUE,1,NA,NA,NA,NA,28.75,71.25,Grade C,Grade C,Score-based certification,35,6.25
fluid,0.75,0.5,0,0,0.25,TRUE,TRUE,TRUE,TRUE,TRUE,TRUE,1,NA,NA,NA,NA,36.25,63.75,Grade D,Grade D,Score-based certification,35,1.25
fluid,1,0.5,0,0,0.25,TRUE,TRUE,TRUE,TRUE,TRUE,TRUE,1,NA,NA,NA,NA,43.75,56.25,Grade D,Grade D,Score-based certification,50,6.25
fluid,0,0.75,0,0,0.25,TRUE,TRUE,TRUE,TRUE,TRUE,TRUE,1,NA,NA,NA,NA,17.5,82.5,Grade B,Grade B,Score-based certification,20,2.5
fluid,0.25,0.75,0,0,0.25,TRUE,TRUE,TRUE,TRUE,TRUE,TRUE,1,NA,NA,NA,NA,25,75,Grade C,Grade C,Score-based certification,20,5
fluid,0.5,0.75,0,0,0.25,TRUE,TRUE,TRUE,TRUE,TRUE,TRUE,1,NA,NA,NA,NA,32.5,67.5,Grade C,Grade C,Score-based certification,35,2.5
fluid,0.75,0.75,0,0,0.25,TRUE,TRUE,TRUE,TRUE,TRUE,TRUE,1,NA,NA,NA,NA,40,60,Grade D,Grade D,Score-based certification,35,5
fluid,1,0.75,0,0,0.25,TRUE,TRUE,TRUE,TRUE,TRUE,TRUE,1,NA,NA,NA,NA,47.5,52.5,Grade D,Grade D,Score-based certification,50,2.5
fluid,0,1,0,0,0.25,TRUE,TRUE,TRUE,TRUE,TRUE,TRUE,1,NA,NA,NA,NA,21.25,78.75,Grade C,Grade C,Score-based certification,20,1.25
fluid,0.25,1,0,0,0.25,TRUE,TRUE,TRUE,TRUE,TRUE,TRUE,1,NA,NA,NA,NA,28.75,71.25,Grade C,Grade C,Score-based certification,35,6.25
fluid,0.5,1,0,0,0.25,TRUE,TRUE,TRUE,TRUE,TRUE,TRUE,1,NA,NA,NA,NA,36.25,63.75,Grade D,Grade D,Score-based certification,35,1.25
fluid,0.75,1,0,0,0.25,TRUE,TRUE,TRUE,TRUE,TRUE,TRUE,1,NA,NA,NA,NA,43.75,56.25,Grade D,Grade D,Score-based certification,50,6.25
fluid,1,1,0,0,0.25,TRUE,TRUE,TRUE,TRUE,TRUE,TRUE,1,NA,NA,NA,NA,51.25,48.75,Grade E,Grade E,Critical penalty burden,50,1.25
fluid,0,0,0.25,0,0.25,TRUE,TRUE,TRUE,TRUE,TRUE,TRUE,1,NA,NA,NA,NA,8.75,91.25,Grade A,Grade A,Score-based certification,10,1.25
fluid,0.25,0,0.25,0,0.25,TRUE,TRUE,TRUE,TRUE,TRUE,TRUE,1,NA,NA,NA,NA,16.25,83.75,Grade B,Grade B,Score-based certification,20,3.75
fluid,0.5,0,0.25,0,0.25,TRUE,TRUE,TRUE,TRUE,TRUE,TRUE,1,NA,NA,NA,NA,23.75,76.25,Grade C,Grade C,Score-based certification,20,3.75
fluid,0.75,0,0.25,0,0.25,TRUE,TRUE,TRUE,TRUE,TRUE,TRUE,1,NA,NA,NA,NA,31.25,68.75,Grade C,Grade C,Score-based certification,35,3.75
fluid,1,0,0.25,0,0.25,TRUE,TRUE,TRUE,TRUE,TRUE,TRUE,1,NA,NA,NA,NA,38.75,61.25,Grade D,Grade D,Score-based certification,35,3.75
fluid,0,0.25,0.25,0,0.25,TRUE,TRUE,TRUE,TRUE,TRUE,TRUE,1,NA,NA,NA,NA,12.5,87.5,Grade B,Grade B,Score-based certification,10,2.5
fluid,0.25,0.25,0.25,0,0.25,TRUE,TRUE,TRUE,TRUE,TRUE,TRUE,1,NA,NA,NA,NA,20,80,Grade B,Grade B,Score-based certification,20,0
fluid,0.5,0.25,0.25,0,0.25,TRUE,TRUE,TRUE,TRUE,TRUE,TRUE,1,NA,NA,NA,NA,27.5,72.5,Grade C,Grade C,Score-based certification,20,7.5
fluid,0.75,0.25,0.25,0,0.25,TRUE,TRUE,TRUE,TRUE,TRUE,TRUE,1,NA,NA,NA,NA,35,65,Grade C,Grade C,Score-based certification,35,0
fluid,1,0.25,0.25,0,0.25,TRUE,TRUE,TRUE,TRUE,TRUE,TRUE,1,NA,NA,NA,NA,42.5,57.5,Grade D,Grade D,Score-based certification,35,7.5
fluid,0,0.5,0.25,0,0.25,TRUE,TRUE,TRUE,TRUE,TRUE,TRUE,1,NA,NA,NA,NA,16.25,83.75,Grade B,Grade B,Score-based certification,20,3.75
fluid,0.25,0.5,0.25,0,0.25,TRUE,TRUE,TRUE,TRUE,TRUE,TRUE,1,NA,NA,NA,NA,23.75,76.25,Grade C,Grade C,Score-based certification,20,3.75
fluid,0.5,0.5,0.25,0,0.25,TRUE,TRUE,TRUE,TRUE,TRUE,TRUE,1,NA,NA,NA,NA,31.25,68.75,Grade C,Grade C,Score-based certification,35,3.75
fluid,0.75,0.5,0.25,0,0.25,TRUE,TRUE,TRUE,TRUE,TRUE,TRUE,1,NA,NA,NA,NA,38.75,61.25,Grade D,Grade D,Score-based certification,35,3.75
fluid,1,0.5,0.25,0,0.25,TRUE,TRUE,TRUE,TRUE,TRUE,TRUE,1,NA,NA,NA,NA,46.25,53.75,Grade D,Grade D,Score-based certification,50,3.75
fluid,0,0.75,0.25,0,0.25,TRUE,TRUE,TRUE,TRUE,TRUE,TRUE,1,NA,NA,NA,NA,20,80,Grade B,Grade B,Score-based certification,20,0
fluid,0.25,0.75,0.25,0,0.25,TRUE,TRUE,TRUE,TRUE,TRUE,TRUE,1,NA,NA,NA,NA,27.5,72.5,Grade C,Grade C,Score-based certification,20,7.5
fluid,0.5,0.75,0.25,0,0.25,TRUE,TRUE,TRUE,TRUE,TRUE,TRUE,1,NA,NA,NA,NA,35,65,Grade C,Grade C,Score-based certification,35,0
fluid,0.75,0.75,0.25,0,0.25,TRUE,TRUE,TRUE,TRUE,TRUE,TRUE,1,NA,NA,NA,NA,42.5,57.5,Grade D,Grade D,Score-based certification,35,7.5
fluid,1,0.75,0.25,0,0.25,TRUE,TRUE,TRUE,TRUE,TRUE,TRUE,1,NA,NA,NA,NA,50,50,Grade D,Grade D,Score-based certification,50,0
fluid,0,1,0.25,0,0.25,TRUE,TRUE,TRUE,TRUE,TRUE,TRUE,1,NA,NA,NA,NA,23.75,76.25,Grade C,Grade C,Score-based certification,20,3.75
fluid,0.25,1,0.25,0,0.25,TRUE,TRUE,TRUE,TRUE,TRUE,TRUE,1,NA,NA,NA,NA,31.25,68.75,Grade C,Grade C,Score-based certification,35,3.75
fluid,0.5,1,0.25,0,0.25,TRUE,TRUE,TRUE,TRUE,TRUE,TRUE,1,NA,NA,NA,NA,38.75,61.25,Grade D,Grade D,Score-based certification,35,3.75
fluid,0.75,1,0.25,0,0.25,TRUE,TRUE,TRUE,TRUE,TRUE,TRUE,1,NA,NA,NA,NA,46.25,53.75,Grade D,Grade D,Score-based certification,50,3.75
fluid,1,1,0.25,0,0.25,TRUE,TRUE,TRUE,TRUE,TRUE,TRUE,1,NA,NA,NA,NA,53.75,46.25,Grade E,Grade E,Critical penalty burden,50,3.75
fluid,0,0,0.5,0,0.25,TRUE,TRUE,TRUE,TRUE,TRUE,TRUE,1,NA,NA,NA,NA,11.25,88.75,Grade B,Grade B,Score-based certification,10,1.25
fluid,0.25,0,0.5,0,0.25,TRUE,TRUE,TRUE,TRUE,TRUE,TRUE,1,NA,NA,NA,NA,18.75,81.25,Grade B,Grade B,Score-based certification,20,1.25
fluid,0.5,0,0.5,0,0.25,TRUE,TRUE,TRUE,TRUE,TRUE,TRUE,1,NA,NA,NA,NA,26.25,73.75,Grade C,Grade C,Score-based certification,20,6.25
fluid,0.75,0,0.5,0,0.25,TRUE,TRUE,TRUE,TRUE,TRUE,TRUE,1,NA,NA,NA,NA,33.75,66.25,Grade C,Grade C,Score-based certification,35,1.25
fluid,1,0,0.5,0,0.25,TRUE,TRUE,TRUE,TRUE,TRUE,TRUE,1,NA,NA,NA,NA,41.25,58.75,Grade D,Grade D,Score-based certification,35,6.25
fluid,0,0.25,0.5,0,0.25,TRUE,TRUE,TRUE,TRUE,TRUE,TRUE,1,NA,NA,NA,NA,15,85,Grade B,Grade B,Score-based certification,10,5
fluid,0.25,0.25,0.5,0,0.25,TRUE,TRUE,TRUE,TRUE,TRUE,TRUE,1,NA,NA,NA,NA,22.5,77.5,Grade C,Grade C,Score-based certification,20,2.5
fluid,0.5,0.25,0.5,0,0.25,TRUE,TRUE,TRUE,TRUE,TRUE,TRUE,1,NA,NA,NA,NA,30,70,Grade C,Grade C,Score-based certification,35,5
fluid,0.75,0.25,0.5,0,0.25,TRUE,TRUE,TRUE,TRUE,TRUE,TRUE,1,NA,NA,NA,NA,37.5,62.5,Grade D,Grade D,Score-based certification,35,2.5
fluid,1,0.25,0.5,0,0.25,TRUE,TRUE,TRUE,TRUE,TRUE,TRUE,1,NA,NA,NA,NA,45,55,Grade D,Grade D,Score-based certification,50,5
fluid,0,0.5,0.5,0,0.25,TRUE,TRUE,TRUE,TRUE,TRUE,TRUE,1,NA,NA,NA,NA,18.75,81.25,Grade B,Grade B,Score-based certification,20,1.25
fluid,0.25,0.5,0.5,0,0.25,TRUE,TRUE,TRUE,TRUE,TRUE,TRUE,1,NA,NA,NA,NA,26.25,73.75,Grade C,Grade C,Score-based certification,20,6.25
fluid,0.5,0.5,0.5,0,0.25,TRUE,TRUE,TRUE,TRUE,TRUE,TRUE,1,NA,NA,NA,NA,33.75,66.25,Grade C,Grade C,Score-based certification,35,1.25
fluid,0.75,0.5,0.5,0,0.25,TRUE,TRUE,TRUE,TRUE,TRUE,TRUE,1,NA,NA,NA,NA,41.25,58.75,Grade D,Grade D,Score-based certification,35,6.25
fluid,1,0.5,0.5,0,0.25,TRUE,TRUE,TRUE,TRUE,TRUE,TRUE,1,NA,NA,NA,NA,48.75,51.25,Grade D,Grade D,Score-based certification,50,1.25
fluid,0,0.75,0.5,0,0.25,TRUE,TRUE,TRUE,TRUE,TRUE,TRUE,1,NA,NA,NA,NA,22.5,77.5,Grade C,Grade C,Score-based certification,20,2.5
fluid,0.25,0.75,0.5,0,0.25,TRUE,TRUE,TRUE,TRUE,TRUE,TRUE,1,NA,NA,NA,NA,30,70,Grade C,Grade C,Score-based certification,35,5
fluid,0.5,0.75,0.5,0,0.25,TRUE,TRUE,TRUE,TRUE,TRUE,TRUE,1,NA,NA,NA,NA,37.5,62.5,Grade D,Grade D,Score-based certification,35,2.5
fluid,0.75,0.75,0.5,0,0.25,TRUE,TRUE,TRUE,TRUE,TRUE,TRUE,1,NA,NA,NA,NA,45,55,Grade D,Grade D,Score-based certification,50,5
fluid,1,0.75,0.5,0,0.25,TRUE,TRUE,TRUE,TRUE,TRUE,TRUE,1,NA,NA,NA,NA,52.5,47.5,Grade E,Grade E,Critical penalty burden,50,2.5
fluid,0,1,0.5,0,0.25,TRUE,TRUE,TRUE,TRUE,TRUE,TRUE,1,NA,NA,NA,NA,26.25,73.75,Grade C,Grade C,Score-based certification,20,6.25
fluid,0.25,1,0.5,0,0.25,TRUE,TRUE,TRUE,TRUE,TRUE,TRUE,1,NA,NA,NA,NA,33.75,66.25,Grade C,Grade C,Score-based certification,35,1.25
fluid,0.5,1,0.5,0,0.25,TRUE,TRUE,TRUE,TRUE,TRUE,TRUE,1,NA,NA,NA,NA,41.25,58.75,Grade D,Grade D,Score-based certification,35,6.25
fluid,0.75,1,0.5,0,0.25,TRUE,TRUE,TRUE,TRUE,TRUE,TRUE,1,NA,NA,NA,NA,48.75,51.25,Grade D,Grade D,Score-based certification,50,1.25
fluid,1,1,0.5,0,0.25,TRUE,TRUE,TRUE,TRUE,TRUE,TRUE,1,NA,NA,NA,NA,56.25,43.75,Grade E,Grade E,Critical penalty burden,50,6.25
fluid,0,0,0.75,0,0.25,TRUE,TRUE,TRUE,TRUE,TRUE,TRUE,1,NA,NA,NA,NA,13.75,86.25,Grade B,Grade B,Score-based certification,10,3.75
fluid,0.25,0,0.75,0,0.25,TRUE,TRUE,TRUE,TRUE,TRUE,TRUE,1,NA,NA,NA,NA,21.25,78.75,Grade C,Grade C,Score-based certification,20,1.25
fluid,0.5,0,0.75,0,0.25,TRUE,TRUE,TRUE,TRUE,TRUE,TRUE,1,NA,NA,NA,NA,28.75,71.25,Grade C,Grade C,Score-based certification,35,6.25
fluid,0.75,0,0.75,0,0.25,TRUE,TRUE,TRUE,TRUE,TRUE,TRUE,1,NA,NA,NA,NA,36.25,63.75,Grade D,Grade D,Score-based certification,35,1.25
fluid,1,0,0.75,0,0.25,TRUE,TRUE,TRUE,TRUE,TRUE,TRUE,1,NA,NA,NA,NA,43.75,56.25,Grade D,Grade D,Score-based certification,50,6.25
fluid,0,0.25,0.75,0,0.25,TRUE,TRUE,TRUE,TRUE,TRUE,TRUE,1,NA,NA,NA,NA,17.5,82.5,Grade B,Grade B,Score-based certification,20,2.5
fluid,0.25,0.25,0.75,0,0.25,TRUE,TRUE,TRUE,TRUE,TRUE,TRUE,1,NA,NA,NA,NA,25,75,Grade C,Grade C,Score-based certification,20,5
fluid,0.5,0.25,0.75,0,0.25,TRUE,TRUE,TRUE,TRUE,TRUE,TRUE,1,NA,NA,NA,NA,32.5,67.5,Grade C,Grade C,Score-based certification,35,2.5
fluid,0.75,0.25,0.75,0,0.25,TRUE,TRUE,TRUE,TRUE,TRUE,TRUE,1,NA,NA,NA,NA,40,60,Grade D,Grade D,Score-based certification,35,5
fluid,1,0.25,0.75,0,0.25,TRUE,TRUE,TRUE,TRUE,TRUE,TRUE,1,NA,NA,NA,NA,47.5,52.5,Grade D,Grade D,Score-based certification,50,2.5
fluid,0,0.5,0.75,0,0.25,TRUE,TRUE,TRUE,TRUE,TRUE,TRUE,1,NA,NA,NA,NA,21.25,78.75,Grade C,Grade C,Score-based certification,20,1.25
fluid,0.25,0.5,0.75,0,0.25,TRUE,TRUE,TRUE,TRUE,TRUE,TRUE,1,NA,NA,NA,NA,28.75,71.25,Grade C,Grade C,Score-based certification,35,6.25
fluid,0.5,0.5,0.75,0,0.25,TRUE,TRUE,TRUE,TRUE,TRUE,TRUE,1,NA,NA,NA,NA,36.25,63.75,Grade D,Grade D,Score-based certification,35,1.25
fluid,0.75,0.5,0.75,0,0.25,TRUE,TRUE,TRUE,TRUE,TRUE,TRUE,1,NA,NA,NA,NA,43.75,56.25,Grade D,Grade D,Score-based certification,50,6.25
fluid,1,0.5,0.75,0,0.25,TRUE,TRUE,TRUE,TRUE,TRUE,TRUE,1,NA,NA,NA,NA,51.25,48.75,Grade E,Grade E,Critical penalty burden,50,1.25
fluid,0,0.75,0.75,0,0.25,TRUE,TRUE,TRUE,TRUE,TRUE,TRUE,1,NA,NA,NA,NA,25,75,Grade C,Grade C,Score-based certification,20,5
fluid,0.25,0.75,0.75,0,0.25,TRUE,TRUE,TRUE,TRUE,TRUE,TRUE,1,NA,NA,NA,NA,32.5,67.5,Grade C,Grade C,Score-based certification,35,2.5
fluid,0.5,0.75,0.75,0,0.25,TRUE,TRUE,TRUE,TRUE,TRUE,TRUE,1,NA,NA,NA,NA,40,60,Grade D,Grade D,Score-based certification,35,5
fluid,0.75,0.75,0.75,0,0.25,TRUE,TRUE,TRUE,TRUE,TRUE,TRUE,1,NA,NA,NA,NA,47.5,52.5,Grade D,Grade D,Score-based certification,50,2.5
fluid,1,0.75,0.75,0,0.25,TRUE,TRUE,TRUE,TRUE,TRUE,TRUE,1,NA,NA,NA,NA,55,45,Grade E,Grade E,Critical penalty burden,50,5
fluid,0,1,0.75,0,0.25,TRUE,TRUE,TRUE,TRUE,TRUE,TRUE,1,NA,NA,NA,NA,28.75,71.25,Grade C,Grade C,Score-based certification,35,6.25
fluid,0.25,1,0.75,0,0.25,TRUE,TRUE,TRUE,TRUE,TRUE,TRUE,1,NA,NA,NA,NA,36.25,63.75,Grade D,Grade D,Score-based certification,35,1.25
fluid,0.5,1,0.75,0,0.25,TRUE,TRUE,TRUE,TRUE,TRUE,TRUE,1,NA,NA,NA,NA,43.75,56.25,Grade D,Grade D,Score-based certification,50,6.25
fluid,0.75,1,0.75,0,0.25,TRUE,TRUE,TRUE,TRUE,TRUE,TRUE,1,NA,NA,NA,NA,51.25,48.75,Grade E,Grade E,Critical penalty burden,50,1.25
fluid,1,1,0.75,0,0.25,TRUE,TRUE,TRUE,TRUE,TRUE,TRUE,1,NA,NA,NA,NA,58.75,41.25,Grade E,Grade E,Critical penalty burden,50,8.75
fluid,0,0,1,0,0.25,TRUE,TRUE,TRUE,TRUE,TRUE,TRUE,1,NA,NA,NA,NA,16.25,83.75,Grade B,Grade B,Score-based certification,20,3.75
fluid,0.25,0,1,0,0.25,TRUE,TRUE,TRUE,TRUE,TRUE,TRUE,1,NA,NA,NA,NA,23.75,76.25,Grade C,Grade C,Score-based certification,20,3.75
fluid,0.5,0,1,0,0.25,TRUE,TRUE,TRUE,TRUE,TRUE,TRUE,1,NA,NA,NA,NA,31.25,68.75,Grade C,Grade C,Score-based certification,35,3.75
fluid,0.75,0,1,0,0.25,TRUE,TRUE,TRUE,TRUE,TRUE,TRUE,1,NA,NA,NA,NA,38.75,61.25,Grade D,Grade D,Score-based certification,35,3.75
fluid,1,0,1,0,0.25,TRUE,TRUE,TRUE,TRUE,TRUE,TRUE,1,NA,NA,NA,NA,46.25,53.75,Grade D,Grade D,Score-based certification,50,3.75
fluid,0,0.25,1,0,0.25,TRUE,TRUE,TRUE,TRUE,TRUE,TRUE,1,NA,NA,NA,NA,20,80,Grade B,Grade B,Score-based certification,20,0
fluid,0.25,0.25,1,0,0.25,TRUE,TRUE,TRUE,TRUE,TRUE,TRUE,1,NA,NA,NA,NA,27.5,72.5,Grade C,Grade C,Score-based certification,20,7.5
fluid,0.5,0.25,1,0,0.25,TRUE,TRUE,TRUE,TRUE,TRUE,TRUE,1,NA,NA,NA,NA,35,65,Grade C,Grade C,Score-based certification,35,0
fluid,0.75,0.25,1,0,0.25,TRUE,TRUE,TRUE,TRUE,TRUE,TRUE,1,NA,NA,NA,NA,42.5,57.5,Grade D,Grade D,Score-based certification,35,7.5
fluid,1,0.25,1,0,0.25,TRUE,TRUE,TRUE,TRUE,TRUE,TRUE,1,NA,NA,NA,NA,50,50,Grade D,Grade D,Score-based certification,50,0
fluid,0,0.5,1,0,0.25,TRUE,TRUE,TRUE,TRUE,TRUE,TRUE,1,NA,NA,NA,NA,23.75,76.25,Grade C,Grade C,Score-based certification,20,3.75
fluid,0.25,0.5,1,0,0.25,TRUE,TRUE,TRUE,TRUE,TRUE,TRUE,1,NA,NA,NA,NA,31.25,68.75,Grade C,Grade C,Score-based certification,35,3.75
fluid,0.5,0.5,1,0,0.25,TRUE,TRUE,TRUE,TRUE,TRUE,TRUE,1,NA,NA,NA,NA,38.75,61.25,Grade D,Grade D,Score-based certification,35,3.75
fluid,0.75,0.5,1,0,0.25,TRUE,TRUE,TRUE,TRUE,TRUE,TRUE,1,NA,NA,NA,NA,46.25,53.75,Grade D,Grade D,Score-based certification,50,3.75
fluid,1,0.5,1,0,0.25,TRUE,TRUE,TRUE,TRUE,TRUE,TRUE,1,NA,NA,NA,NA,53.75,46.25,Grade E,Grade E,Critical penalty burden,50,3.75
fluid,0,0.75,1,0,0.25,TRUE,TRUE,TRUE,TRUE,TRUE,TRUE,1,NA,NA,NA,NA,27.5,72.5,Grade C,Grade C,Score-based certification,20,7.5
fluid,0.25,0.75,1,0,0.25,TRUE,TRUE,TRUE,TRUE,TRUE,TRUE,1,NA,NA,NA,NA,35,65,Grade C,Grade C,Score-based certification,35,0
fluid,0.5,0.75,1,0,0.25,TRUE,TRUE,TRUE,TRUE,TRUE,TRUE,1,NA,NA,NA,NA,42.5,57.5,Grade D,Grade D,Score-based certification,35,7.5
fluid,0.75,0.75,1,0,0.25,TRUE,TRUE,TRUE,TRUE,TRUE,TRUE,1,NA,NA,NA,NA,50,50,Grade D,Grade D,Score-based certification,50,0
fluid,1,0.75,1,0,0.25,TRUE,TRUE,TRUE,TRUE,TRUE,TRUE,1,NA,NA,NA,NA,57.5,42.5,Grade E,Grade E,Critical penalty burden,50,7.5
fluid,0,1,1,0,0.25,TRUE,TRUE,TRUE,TRUE,TRUE,TRUE,1,NA,NA,NA,NA,31.25,68.75,Grade C,Grade C,Score-based certification,35,3.75
fluid,0.25,1,1,0,0.25,TRUE,TRUE,TRUE,TRUE,TRUE,TRUE,1,NA,NA,NA,NA,38.75,61.25,Grade D,Grade D,Score-based certification,35,3.75
fluid,0.5,1,1,0,0.25,TRUE,TRUE,TRUE,TRUE,TRUE,TRUE,1,NA,NA,NA,NA,46.25,53.75,Grade D,Grade D,Score-based certification,50,3.75
fluid,0.75,1,1,0,0.25,TRUE,TRUE,TRUE,TRUE,TRUE,TRUE,1,NA,NA,NA,NA,53.75,46.25,Grade E,Grade E,Critical penalty burden,50,3.75
fluid,1,1,1,0,0.25,TRUE,TRUE,TRUE,TRUE,TRUE,TRUE,1,NA,NA,NA,NA,61.25,38.75,Grade E,Grade E,Critical penalty burden,50,11.25
fluid,0,0,0,0.25,0.25,TRUE,TRUE,TRUE,TRUE,TRUE,TRUE,1,NA,NA,NA,NA,11.25,88.75,Grade B,Grade B,Score-based certification,10,1.25
fluid,0.25,0,0,0.25,0.25,TRUE,TRUE,TRUE,TRUE,TRUE,TRUE,1,NA,NA,NA,NA,18.75,81.25,Grade B,Grade B,Score-based certification,20,1.25
fluid,0.5,0,0,0.25,0.25,TRUE,TRUE,TRUE,TRUE,TRUE,TRUE,1,NA,NA,NA,NA,26.25,73.75,Grade C,Grade C,Score-based certification,20,6.25
fluid,0.75,0,0,0.25,0.25,TRUE,TRUE,TRUE,TRUE,TRUE,TRUE,1,NA,NA,NA,NA,33.75,66.25,Grade C,Grade C,Score-based certification,35,1.25
fluid,1,0,0,0.25,0.25,TRUE,TRUE,TRUE,TRUE,TRUE,TRUE,1,NA,NA,NA,NA,41.25,58.75,Grade D,Grade D,Score-based certification,35,6.25
fluid,0,0.25,0,0.25,0.25,TRUE,TRUE,TRUE,TRUE,TRUE,TRUE,1,NA,NA,NA,NA,15,85,Grade B,Grade B,Score-based certification,10,5
fluid,0.25,0.25,0,0.25,0.25,TRUE,TRUE,TRUE,TRUE,TRUE,TRUE,1,NA,NA,NA,NA,22.5,77.5,Grade C,Grade C,Score-based certification,20,2.5
fluid,0.5,0.25,0,0.25,0.25,TRUE,TRUE,TRUE,TRUE,TRUE,TRUE,1,NA,NA,NA,NA,30,70,Grade C,Grade C,Score-based certification,35,5
fluid,0.75,0.25,0,0.25,0.25,TRUE,TRUE,TRUE,TRUE,TRUE,TRUE,1,NA,NA,NA,NA,37.5,62.5,Grade D,Grade D,Score-based certification,35,2.5
fluid,1,0.25,0,0.25,0.25,TRUE,TRUE,TRUE,TRUE,TRUE,TRUE,1,NA,NA,NA,NA,45,55,Grade D,Grade D,Score-based certification,50,5
fluid,0,0.5,0,0.25,0.25,TRUE,TRUE,TRUE,TRUE,TRUE,TRUE,1,NA,NA,NA,NA,18.75,81.25,Grade B,Grade B,Score-based certification,20,1.25
fluid,0.25,0.5,0,0.25,0.25,TRUE,TRUE,TRUE,TRUE,TRUE,TRUE,1,NA,NA,NA,NA,26.25,73.75,Grade C,Grade C,Score-based certification,20,6.25
fluid,0.5,0.5,0,0.25,0.25,TRUE,TRUE,TRUE,TRUE,TRUE,TRUE,1,NA,NA,NA,NA,33.75,66.25,Grade C,Grade C,Score-based certification,35,1.25
fluid,0.75,0.5,0,0.25,0.25,TRUE,TRUE,TRUE,TRUE,TRUE,TRUE,1,NA,NA,NA,NA,41.25,58.75,Grade D,Grade D,Score-based certification,35,6.25
fluid,1,0.5,0,0.25,0.25,TRUE,TRUE,TRUE,TRUE,TRUE,TRUE,1,NA,NA,NA,NA,48.75,51.25,Grade D,Grade D,Score-based certification,50,1.25
fluid,0,0.75,0,0.25,0.25,TRUE,TRUE,TRUE,TRUE,TRUE,TRUE,1,NA,NA,NA,NA,22.5,77.5,Grade C,Grade C,Score-based certification,20,2.5
fluid,0.25,0.75,0,0.25,0.25,TRUE,TRUE,TRUE,TRUE,TRUE,TRUE,1,NA,NA,NA,NA,30,70,Grade C,Grade C,Score-based certification,35,5
fluid,0.5,0.75,0,0.25,0.25,TRUE,TRUE,TRUE,TRUE,TRUE,TRUE,1,NA,NA,NA,NA,37.5,62.5,Grade D,Grade D,Score-based certification,35,2.5
fluid,0.75,0.75,0,0.25,0.25,TRUE,TRUE,TRUE,TRUE,TRUE,TRUE,1,NA,NA,NA,NA,45,55,Grade D,Grade D,Score-based certification,50,5
fluid,1,0.75,0,0.25,0.25,TRUE,TRUE,TRUE,TRUE,TRUE,TRUE,1,NA,NA,NA,NA,52.5,47.5,Grade E,Grade E,Critical penalty burden,50,2.5
fluid,0,1,0,0.25,0.25,TRUE,TRUE,TRUE,TRUE,TRUE,TRUE,1,NA,NA,NA,NA,26.25,73.75,Grade C,Grade C,Score-based certification,20,6.25
fluid,0.25,1,0,0.25,0.25,TRUE,TRUE,TRUE,TRUE,TRUE,TRUE,1,NA,NA,NA,NA,33.75,66.25,Grade C,Grade C,Score-based certification,35,1.25
fluid,0.5,1,0,0.25,0.25,TRUE,TRUE,TRUE,TRUE,TRUE,TRUE,1,NA,NA,NA,NA,41.25,58.75,Grade D,Grade D,Score-based certification,35,6.25
fluid,0.75,1,0,0.25,0.25,TRUE,TRUE,TRUE,TRUE,TRUE,TRUE,1,NA,NA,NA,NA,48.75,51.25,Grade D,Grade D,Score-based certification,50,1.25
fluid,1,1,0,0.25,0.25,TRUE,TRUE,TRUE,TRUE,TRUE,TRUE,1,NA,NA,NA,NA,56.25,43.75,Grade E,Grade E,Critical penalty burden,50,6.25
fluid,0,0,0.25,0.25,0.25,TRUE,TRUE,TRUE,TRUE,TRUE,TRUE,1,NA,NA,NA,NA,13.75,86.25,Grade B,Grade B,Score-based certification,10,3.75
fluid,0.25,0,0.25,0.25,0.25,TRUE,TRUE,TRUE,TRUE,TRUE,TRUE,1,NA,NA,NA,NA,21.25,78.75,Grade C,Grade C,Score-based certification,20,1.25
fluid,0.5,0,0.25,0.25,0.25,TRUE,TRUE,TRUE,TRUE,TRUE,TRUE,1,NA,NA,NA,NA,28.75,71.25,Grade C,Grade C,Score-based certification,35,6.25
fluid,0.75,0,0.25,0.25,0.25,TRUE,TRUE,TRUE,TRUE,TRUE,TRUE,1,NA,NA,NA,NA,36.25,63.75,Grade D,Grade D,Score-based certification,35,1.25
fluid,1,0,0.25,0.25,0.25,TRUE,TRUE,TRUE,TRUE,TRUE,TRUE,1,NA,NA,NA,NA,43.75,56.25,Grade D,Grade D,Score-based certification,50,6.25
fluid,0,0.25,0.25,0.25,0.25,TRUE,TRUE,TRUE,TRUE,TRUE,TRUE,1,NA,NA,NA,NA,17.5,82.5,Grade B,Grade B,Score-based certification,20,2.5
fluid,0.25,0.25,0.25,0.25,0.25,TRUE,TRUE,TRUE,TRUE,TRUE,TRUE,1,NA,NA,NA,NA,25,75,Grade C,Grade C,Score-based certification,20,5
fluid,0.5,0.25,0.25,0.25,0.25,TRUE,TRUE,TRUE,TRUE,TRUE,TRUE,1,NA,NA,NA,NA,32.5,67.5,Grade C,Grade C,Score-based certification,35,2.5
fluid,0.75,0.25,0.25,0.25,0.25,TRUE,TRUE,TRUE,TRUE,TRUE,TRUE,1,NA,NA,NA,NA,40,60,Grade D,Grade D,Score-based certification,35,5
fluid,1,0.25,0.25,0.25,0.25,TRUE,TRUE,TRUE,TRUE,TRUE,TRUE,1,NA,NA,NA,NA,47.5,52.5,Grade D,Grade D,Score-based certification,50,2.5
fluid,0,0.5,0.25,0.25,0.25,TRUE,TRUE,TRUE,TRUE,TRUE,TRUE,1,NA,NA,NA,NA,21.25,78.75,Grade C,Grade C,Score-based certification,20,1.25
fluid,0.25,0.5,0.25,0.25,0.25,TRUE,TRUE,TRUE,TRUE,TRUE,TRUE,1,NA,NA,NA,NA,28.75,71.25,Grade C,Grade C,Score-based certification,35,6.25
fluid,0.5,0.5,0.25,0.25,0.25,TRUE,TRUE,TRUE,TRUE,TRUE,TRUE,1,NA,NA,NA,NA,36.25,63.75,Grade D,Grade D,Score-based certification,35,1.25
fluid,0.75,0.5,0.25,0.25,0.25,TRUE,TRUE,TRUE,TRUE,TRUE,TRUE,1,NA,NA,NA,NA,43.75,56.25,Grade D,Grade D,Score-based certification,50,6.25
fluid,1,0.5,0.25,0.25,0.25,TRUE,TRUE,TRUE,TRUE,TRUE,TRUE,1,NA,NA,NA,NA,51.25,48.75,Grade E,Grade E,Critical penalty burden,50,1.25
fluid,0,0.75,0.25,0.25,0.25,TRUE,TRUE,TRUE,TRUE,TRUE,TRUE,1,NA,NA,NA,NA,25,75,Grade C,Grade C,Score-based certification,20,5
fluid,0.25,0.75,0.25,0.25,0.25,TRUE,TRUE,TRUE,TRUE,TRUE,TRUE,1,NA,NA,NA,NA,32.5,67.5,Grade C,Grade C,Score-based certification,35,2.5
fluid,0.5,0.75,0.25,0.25,0.25,TRUE,TRUE,TRUE,TRUE,TRUE,TRUE,1,NA,NA,NA,NA,40,60,Grade D,Grade D,Score-based certification,35,5
fluid,0.75,0.75,0.25,0.25,0.25,TRUE,TRUE,TRUE,TRUE,TRUE,TRUE,1,NA,NA,NA,NA,47.5,52.5,Grade D,Grade D,Score-based certification,50,2.5
fluid,1,0.75,0.25,0.25,0.25,TRUE,TRUE,TRUE,TRUE,TRUE,TRUE,1,NA,NA,NA,NA,55,45,Grade E,Grade E,Critical penalty burden,50,5
fluid,0,1,0.25,0.25,0.25,TRUE,TRUE,TRUE,TRUE,TRUE,TRUE,1,NA,NA,NA,NA,28.75,71.25,Grade C,Grade C,Score-based certification,35,6.25
fluid,0.25,1,0.25,0.25,0.25,TRUE,TRUE,TRUE,TRUE,TRUE,TRUE,1,NA,NA,NA,NA,36.25,63.75,Grade D,Grade D,Score-based certification,35,1.25
fluid,0.5,1,0.25,0.25,0.25,TRUE,TRUE,TRUE,TRUE,TRUE,TRUE,1,NA,NA,NA,NA,43.75,56.25,Grade D,Grade D,Score-based certification,50,6.25
fluid,0.75,1,0.25,0.25,0.25,TRUE,TRUE,TRUE,TRUE,TRUE,TRUE,1,NA,NA,NA,NA,51.25,48.75,Grade E,Grade E,Critical penalty burden,50,1.25
fluid,1,1,0.25,0.25,0.25,TRUE,TRUE,TRUE,TRUE,TRUE,TRUE,1,NA,NA,NA,NA,58.75,41.25,Grade E,Grade E,Critical penalty burden,50,8.75
fluid,0,0,0.5,0.25,0.25,TRUE,TRUE,TRUE,TRUE,TRUE,TRUE,1,NA,NA,NA,NA,16.25,83.75,Grade B,Grade B,Score-based certification,20,3.75
fluid,0.25,0,0.5,0.25,0.25,TRUE,TRUE,TRUE,TRUE,TRUE,TRUE,1,NA,NA,NA,NA,23.75,76.25,Grade C,Grade C,Score-based certification,20,3.75
fluid,0.5,0,0.5,0.25,0.25,TRUE,TRUE,TRUE,TRUE,TRUE,TRUE,1,NA,NA,NA,NA,31.25,68.75,Grade C,Grade C,Score-based certification,35,3.75
fluid,0.75,0,0.5,0.25,0.25,TRUE,TRUE,TRUE,TRUE,TRUE,TRUE,1,NA,NA,NA,NA,38.75,61.25,Grade D,Grade D,Score-based certification,35,3.75
fluid,1,0,0.5,0.25,0.25,TRUE,TRUE,TRUE,TRUE,TRUE,TRUE,1,NA,NA,NA,NA,46.25,53.75,Grade D,Grade D,Score-based certification,50,3.75
fluid,0,0.25,0.5,0.25,0.25,TRUE,TRUE,TRUE,TRUE,TRUE,TRUE,1,NA,NA,NA,NA,20,80,Grade B,Grade B,Score-based certification,20,0
fluid,0.25,0.25,0.5,0.25,0.25,TRUE,TRUE,TRUE,TRUE,TRUE,TRUE,1,NA,NA,NA,NA,27.5,72.5,Grade C,Grade C,Score-based certification,20,7.5
fluid,0.5,0.25,0.5,0.25,0.25,TRUE,TRUE,TRUE,TRUE,TRUE,TRUE,1,NA,NA,NA,NA,35,65,Grade C,Grade C,Score-based certification,35,0
fluid,0.75,0.25,0.5,0.25,0.25,TRUE,TRUE,TRUE,TRUE,TRUE,TRUE,1,NA,NA,NA,NA,42.5,57.5,Grade D,Grade D,Score-based certification,35,7.5
fluid,1,0.25,0.5,0.25,0.25,TRUE,TRUE,TRUE,TRUE,TRUE,TRUE,1,NA,NA,NA,NA,50,50,Grade D,Grade D,Score-based certification,50,0
fluid,0,0.5,0.5,0.25,0.25,TRUE,TRUE,TRUE,TRUE,TRUE,TRUE,1,NA,NA,NA,NA,23.75,76.25,Grade C,Grade C,Score-based certification,20,3.75
fluid,0.25,0.5,0.5,0.25,0.25,TRUE,TRUE,TRUE,TRUE,TRUE,TRUE,1,NA,NA,NA,NA,31.25,68.75,Grade C,Grade C,Score-based certification,35,3.75
fluid,0.5,0.5,0.5,0.25,0.25,TRUE,TRUE,TRUE,TRUE,TRUE,TRUE,1,NA,NA,NA,NA,38.75,61.25,Grade D,Grade D,Score-based certification,35,3.75
fluid,0.75,0.5,0.5,0.25,0.25,TRUE,TRUE,TRUE,TRUE,TRUE,TRUE,1,NA,NA,NA,NA,46.25,53.75,Grade D,Grade D,Score-based certification,50,3.75
fluid,1,0.5,0.5,0.25,0.25,TRUE,TRUE,TRUE,TRUE,TRUE,TRUE,1,NA,NA,NA,NA,53.75,46.25,Grade E,Grade E,Critical penalty burden,50,3.75
fluid,0,0.75,0.5,0.25,0.25,TRUE,TRUE,TRUE,TRUE,TRUE,TRUE,1,NA,NA,NA,NA,27.5,72.5,Grade C,Grade C,Score-based certification,20,7.5
fluid,0.25,0.75,0.5,0.25,0.25,TRUE,TRUE,TRUE,TRUE,TRUE,TRUE,1,NA,NA,NA,NA,35,65,Grade C,Grade C,Score-based certification,35,0
fluid,0.5,0.75,0.5,0.25,0.25,TRUE,TRUE,TRUE,TRUE,TRUE,TRUE,1,NA,NA,NA,NA,42.5,57.5,Grade D,Grade D,Score-based certification,35,7.5
fluid,0.75,0.75,0.5,0.25,0.25,TRUE,TRUE,TRUE,TRUE,TRUE,TRUE,1,NA,NA,NA,NA,50,50,Grade D,Grade D,Score-based certification,50,0
fluid,1,0.75,0.5,0.25,0.25,TRUE,TRUE,TRUE,TRUE,TRUE,TRUE,1,NA,NA,NA,NA,57.5,42.5,Grade E,Grade E,Critical penalty burden,50,7.5
fluid,0,1,0.5,0.25,0.25,TRUE,TRUE,TRUE,TRUE,TRUE,TRUE,1,NA,NA,NA,NA,31.25,68.75,Grade C,Grade C,Score-based certification,35,3.75
fluid,0.25,1,0.5,0.25,0.25,TRUE,TRUE,TRUE,TRUE,TRUE,TRUE,1,NA,NA,NA,NA,38.75,61.25,Grade D,Grade D,Score-based certification,35,3.75
fluid,0.5,1,0.5,0.25,0.25,TRUE,TRUE,TRUE,TRUE,TRUE,TRUE,1,NA,NA,NA,NA,46.25,53.75,Grade D,Grade D,Score-based certification,50,3.75
fluid,0.75,1,0.5,0.25,0.25,TRUE,TRUE,TRUE,TRUE,TRUE,TRUE,1,NA,NA,NA,NA,53.75,46.25,Grade E,Grade E,Critical penalty burden,50,3.75
fluid,1,1,0.5,0.25,0.25,TRUE,TRUE,TRUE,TRUE,TRUE,TRUE,1,NA,NA,NA,NA,61.25,38.75,Grade E,Grade E,Critical penalty burden,50,11.25
fluid,0,0,0.75,0.25,0.25,TRUE,TRUE,TRUE,TRUE,TRUE,TRUE,1,NA,NA,NA,NA,18.75,81.25,Grade B,Grade B,Score-based certification,20,1.25
fluid,0.25,0,0.75,0.25,0.25,TRUE,TRUE,TRUE,TRUE,TRUE,TRUE,1,NA,NA,NA,NA,26.25,73.75,Grade C,Grade C,Score-based certification,20,6.25
fluid,0.5,0,0.75,0.25,0.25,TRUE,TRUE,TRUE,TRUE,TRUE,TRUE,1,NA,NA,NA,NA,33.75,66.25,Grade C,Grade C,Score-based certification,35,1.25
fluid,0.75,0,0.75,0.25,0.25,TRUE,TRUE,TRUE,TRUE,TRUE,TRUE,1,NA,NA,NA,NA,41.25,58.75,Grade D,Grade D,Score-based certification,35,6.25
fluid,1,0,0.75,0.25,0.25,TRUE,TRUE,TRUE,TRUE,TRUE,TRUE,1,NA,NA,NA,NA,48.75,51.25,Grade D,Grade D,Score-based certification,50,1.25
fluid,0,0.25,0.75,0.25,0.25,TRUE,TRUE,TRUE,TRUE,TRUE,TRUE,1,NA,NA,NA,NA,22.5,77.5,Grade C,Grade C,Score-based certification,20,2.5
fluid,0.25,0.25,0.75,0.25,0.25,TRUE,TRUE,TRUE,TRUE,TRUE,TRUE,1,NA,NA,NA,NA,30,70,Grade C,Grade C,Score-based certification,35,5
fluid,0.5,0.25,0.75,0.25,0.25,TRUE,TRUE,TRUE,TRUE,TRUE,TRUE,1,NA,NA,NA,NA,37.5,62.5,Grade D,Grade D,Score-based certification,35,2.5
fluid,0.75,0.25,0.75,0.25,0.25,TRUE,TRUE,TRUE,TRUE,TRUE,TRUE,1,NA,NA,NA,NA,45,55,Grade D,Grade D,Score-based certification,50,5
fluid,1,0.25,0.75,0.25,0.25,TRUE,TRUE,TRUE,TRUE,TRUE,TRUE,1,NA,NA,NA,NA,52.5,47.5,Grade E,Grade E,Critical penalty burden,50,2.5
fluid,0,0.5,0.75,0.25,0.25,TRUE,TRUE,TRUE,TRUE,TRUE,TRUE,1,NA,NA,NA,NA,26.25,73.75,Grade C,Grade C,Score-based certification,20,6.25
fluid,0.25,0.5,0.75,0.25,0.25,TRUE,TRUE,TRUE,TRUE,TRUE,TRUE,1,NA,NA,NA,NA,33.75,66.25,Grade C,Grade C,Score-based certification,35,1.25
fluid,0.5,0.5,0.75,0.25,0.25,TRUE,TRUE,TRUE,TRUE,TRUE,TRUE,1,NA,NA,NA,NA,41.25,58.75,Grade D,Grade D,Score-based certification,35,6.25
fluid,0.75,0.5,0.75,0.25,0.25,TRUE,TRUE,TRUE,TRUE,TRUE,TRUE,1,NA,NA,NA,NA,48.75,51.25,Grade D,Grade D,Score-based certification,50,1.25
fluid,1,0.5,0.75,0.25,0.25,TRUE,TRUE,TRUE,TRUE,TRUE,TRUE,1,NA,NA,NA,NA,56.25,43.75,Grade E,Grade E,Critical penalty burden,50,6.25
fluid,0,0.75,0.75,0.25,0.25,TRUE,TRUE,TRUE,TRUE,TRUE,TRUE,1,NA,NA,NA,NA,30,70,Grade C,Grade C,Score-based certification,35,5
fluid,0.25,0.75,0.75,0.25,0.25,TRUE,TRUE,TRUE,TRUE,TRUE,TRUE,1,NA,NA,NA,NA,37.5,62.5,Grade D,Grade D,Score-based certification,35,2.5
fluid,0.5,0.75,0.75,0.25,0.25,TRUE,TRUE,TRUE,TRUE,TRUE,TRUE,1,NA,NA,NA,NA,45,55,Grade D,Grade D,Score-based certification,50,5
fluid,0.75,0.75,0.75,0.25,0.25,TRUE,TRUE,TRUE,TRUE,TRUE,TRUE,1,NA,NA,NA,NA,52.5,47.5,Grade E,Grade E,Critical penalty burden,50,2.5
fluid,1,0.75,0.75,0.25,0.25,TRUE,TRUE,TRUE,TRUE,TRUE,TRUE,1,NA,NA,NA,NA,60,40,Grade E,Grade E,Critical penalty burden,50,10
fluid,0,1,0.75,0.25,0.25,TRUE,TRUE,TRUE,TRUE,TRUE,TRUE,1,NA,NA,NA,NA,33.75,66.25,Grade C,Grade C,Score-based certification,35,1.25
fluid,0.25,1,0.75,0.25,0.25,TRUE,TRUE,TRUE,TRUE,TRUE,TRUE,1,NA,NA,NA,NA,41.25,58.75,Grade D,Grade D,Score-based certification,35,6.25
fluid,0.5,1,0.75,0.25,0.25,TRUE,TRUE,TRUE,TRUE,TRUE,TRUE,1,NA,NA,NA,NA,48.75,51.25,Grade D,Grade D,Score-based certification,50,1.25
fluid,0.75,1,0.75,0.25,0.25,TRUE,TRUE,TRUE,TRUE,TRUE,TRUE,1,NA,NA,NA,NA,56.25,43.75,Grade E,Grade E,Critical penalty burden,50,6.25
fluid,1,1,0.75,0.25,0.25,TRUE,TRUE,TRUE,TRUE,TRUE,TRUE,1,NA,NA,NA,NA,63.75,36.25,Grade E,Grade E,Critical penalty burden,50,13.75
fluid,0,0,1,0.25,0.25,TRUE,TRUE,TRUE,TRUE,TRUE,TRUE,1,NA,NA,NA,NA,21.25,78.75,Grade C,Grade C,Score-based certification,20,1.25
fluid,0.25,0,1,0.25,0.25,TRUE,TRUE,TRUE,TRUE,TRUE,TRUE,1,NA,NA,NA,NA,28.75,71.25,Grade C,Grade C,Score-based certification,35,6.25
fluid,0.5,0,1,0.25,0.25,TRUE,TRUE,TRUE,TRUE,TRUE,TRUE,1,NA,NA,NA,NA,36.25,63.75,Grade D,Grade D,Score-based certification,35,1.25
fluid,0.75,0,1,0.25,0.25,TRUE,TRUE,TRUE,TRUE,TRUE,TRUE,1,NA,NA,NA,NA,43.75,56.25,Grade D,Grade D,Score-based certification,50,6.25
fluid,1,0,1,0.25,0.25,TRUE,TRUE,TRUE,TRUE,TRUE,TRUE,1,NA,NA,NA,NA,51.25,48.75,Grade E,Grade E,Critical penalty burden,50,1.25
fluid,0,0.25,1,0.25,0.25,TRUE,TRUE,TRUE,TRUE,TRUE,TRUE,1,NA,NA,NA,NA,25,75,Grade C,Grade C,Score-based certification,20,5
fluid,0.25,0.25,1,0.25,0.25,TRUE,TRUE,TRUE,TRUE,TRUE,TRUE,1,NA,NA,NA,NA,32.5,67.5,Grade C,Grade C,Score-based certification,35,2.5
fluid,0.5,0.25,1,0.25,0.25,TRUE,TRUE,TRUE,TRUE,TRUE,TRUE,1,NA,NA,NA,NA,40,60,Grade D,Grade D,Score-based certification,35,5
fluid,0.75,0.25,1,0.25,0.25,TRUE,TRUE,TRUE,TRUE,TRUE,TRUE,1,NA,NA,NA,NA,47.5,52.5,Grade D,Grade D,Score-based certification,50,2.5
fluid,1,0.25,1,0.25,0.25,TRUE,TRUE,TRUE,TRUE,TRUE,TRUE,1,NA,NA,NA,NA,55,45,Grade E,Grade E,Critical penalty burden,50,5
fluid,0,0.5,1,0.25,0.25,TRUE,TRUE,TRUE,TRUE,TRUE,TRUE,1,NA,NA,NA,NA,28.75,71.25,Grade C,Grade C,Score-based certification,35,6.25
fluid,0.25,0.5,1,0.25,0.25,TRUE,TRUE,TRUE,TRUE,TRUE,TRUE,1,NA,NA,NA,NA,36.25,63.75,Grade D,Grade D,Score-based certification,35,1.25
fluid,0.5,0.5,1,0.25,0.25,TRUE,TRUE,TRUE,TRUE,TRUE,TRUE,1,NA,NA,NA,NA,43.75,56.25,Grade D,Grade D,Score-based certification,50,6.25
fluid,0.75,0.5,1,0.25,0.25,TRUE,TRUE,TRUE,TRUE,TRUE,TRUE,1,NA,NA,NA,NA,51.25,48.75,Grade E,Grade E,Critical penalty burden,50,1.25
fluid,1,0.5,1,0.25,0.25,TRUE,TRUE,TRUE,TRUE,TRUE,TRUE,1,NA,NA,NA,NA,58.75,41.25,Grade E,Grade E,Critical penalty burden,50,8.75
fluid,0,0.75,1,0.25,0.25,TRUE,TRUE,TRUE,TRUE,TRUE,TRUE,1,NA,NA,NA,NA,32.5,67.5,Grade C,Grade C,Score-based certification,35,2.5
fluid,0.25,0.75,1,0.25,0.25,TRUE,TRUE,TRUE,TRUE,TRUE,TRUE,1,NA,NA,NA,NA,40,60,Grade D,Grade D,Score-based certification,35,5
fluid,0.5,0.75,1,0.25,0.25,TRUE,TRUE,TRUE,TRUE,TRUE,TRUE,1,NA,NA,NA,NA,47.5,52.5,Grade D,Grade D,Score-based certification,50,2.5
fluid,0.75,0.75,1,0.25,0.25,TRUE,TRUE,TRUE,TRUE,TRUE,TRUE,1,NA,NA,NA,NA,55,45,Grade E,Grade E,Critical penalty burden,50,5
fluid,1,0.75,1,0.25,0.25,TRUE,TRUE,TRUE,TRUE,TRUE,TRUE,1,NA,NA,NA,NA,62.5,37.5,Grade E,Grade E,Critical penalty burden,50,12.5
fluid,0,1,1,0.25,0.25,TRUE,TRUE,TRUE,TRUE,TRUE,TRUE,1,NA,NA,NA,NA,36.25,63.75,Grade D,Grade D,Score-based certification,35,1.25
fluid,0.25,1,1,0.25,0.25,TRUE,TRUE,TRUE,TRUE,TRUE,TRUE,1,NA,NA,NA,NA,43.75,56.25,Grade D,Grade D,Score-based certification,50,6.25
fluid,0.5,1,1,0.25,0.25,TRUE,TRUE,TRUE,TRUE,TRUE,TRUE,1,NA,NA,NA,NA,51.25,48.75,Grade E,Grade E,Critical penalty burden,50,1.25
fluid,0.75,1,1,0.25,0.25,TRUE,TRUE,TRUE,TRUE,TRUE,TRUE,1,NA,NA,NA,NA,58.75,41.25,Grade E,Grade E,Critical penalty burden,50,8.75
fluid,1,1,1,0.25,0.25,TRUE,TRUE,TRUE,TRUE,TRUE,TRUE,1,NA,NA,NA,NA,66.25,33.75,Grade E,Grade E,Critical penalty burden,50,16.25
fluid,0,0,0,0.5,0.25,TRUE,TRUE,TRUE,TRUE,TRUE,TRUE,1,NA,NA,NA,NA,16.25,83.75,Grade B,Grade B,Score-based certification,20,3.75
fluid,0.25,0,0,0.5,0.25,TRUE,TRUE,TRUE,TRUE,TRUE,TRUE,1,NA,NA,NA,NA,23.75,76.25,Grade C,Grade C,Score-based certification,20,3.75
fluid,0.5,0,0,0.5,0.25,TRUE,TRUE,TRUE,TRUE,TRUE,TRUE,1,NA,NA,NA,NA,31.25,68.75,Grade C,Grade C,Score-based certification,35,3.75
fluid,0.75,0,0,0.5,0.25,TRUE,TRUE,TRUE,TRUE,TRUE,TRUE,1,NA,NA,NA,NA,38.75,61.25,Grade D,Grade D,Score-based certification,35,3.75
fluid,1,0,0,0.5,0.25,TRUE,TRUE,TRUE,TRUE,TRUE,TRUE,1,NA,NA,NA,NA,46.25,53.75,Grade D,Grade D,Score-based certification,50,3.75
fluid,0,0.25,0,0.5,0.25,TRUE,TRUE,TRUE,TRUE,TRUE,TRUE,1,NA,NA,NA,NA,20,80,Grade B,Grade B,Score-based certification,20,0
fluid,0.25,0.25,0,0.5,0.25,TRUE,TRUE,TRUE,TRUE,TRUE,TRUE,1,NA,NA,NA,NA,27.5,72.5,Grade C,Grade C,Score-based certification,20,7.5
fluid,0.5,0.25,0,0.5,0.25,TRUE,TRUE,TRUE,TRUE,TRUE,TRUE,1,NA,NA,NA,NA,35,65,Grade C,Grade C,Score-based certification,35,0
fluid,0.75,0.25,0,0.5,0.25,TRUE,TRUE,TRUE,TRUE,TRUE,TRUE,1,NA,NA,NA,NA,42.5,57.5,Grade D,Grade D,Score-based certification,35,7.5
fluid,1,0.25,0,0.5,0.25,TRUE,TRUE,TRUE,TRUE,TRUE,TRUE,1,NA,NA,NA,NA,50,50,Grade D,Grade D,Score-based certification,50,0
fluid,0,0.5,0,0.5,0.25,TRUE,TRUE,TRUE,TRUE,TRUE,TRUE,1,NA,NA,NA,NA,23.75,76.25,Grade C,Grade C,Score-based certification,20,3.75
fluid,0.25,0.5,0,0.5,0.25,TRUE,TRUE,TRUE,TRUE,TRUE,TRUE,1,NA,NA,NA,NA,31.25,68.75,Grade C,Grade C,Score-based certification,35,3.75
fluid,0.5,0.5,0,0.5,0.25,TRUE,TRUE,TRUE,TRUE,TRUE,TRUE,1,NA,NA,NA,NA,38.75,61.25,Grade D,Grade D,Score-based certification,35,3.75
fluid,0.75,0.5,0,0.5,0.25,TRUE,TRUE,TRUE,TRUE,TRUE,TRUE,1,NA,NA,NA,NA,46.25,53.75,Grade D,Grade D,Score-based certification,50,3.75
fluid,1,0.5,0,0.5,0.25,TRUE,TRUE,TRUE,TRUE,TRUE,TRUE,1,NA,NA,NA,NA,53.75,46.25,Grade E,Grade E,Critical penalty burden,50,3.75
fluid,0,0.75,0,0.5,0.25,TRUE,TRUE,TRUE,TRUE,TRUE,TRUE,1,NA,NA,NA,NA,27.5,72.5,Grade C,Grade C,Score-based certification,20,7.5
fluid,0.25,0.75,0,0.5,0.25,TRUE,TRUE,TRUE,TRUE,TRUE,TRUE,1,NA,NA,NA,NA,35,65,Grade C,Grade C,Score-based certification,35,0
fluid,0.5,0.75,0,0.5,0.25,TRUE,TRUE,TRUE,TRUE,TRUE,TRUE,1,NA,NA,NA,NA,42.5,57.5,Grade D,Grade D,Score-based certification,35,7.5
fluid,0.75,0.75,0,0.5,0.25,TRUE,TRUE,TRUE,TRUE,TRUE,TRUE,1,NA,NA,NA,NA,50,50,Grade D,Grade D,Score-based certification,50,0
fluid,1,0.75,0,0.5,0.25,TRUE,TRUE,TRUE,TRUE,TRUE,TRUE,1,NA,NA,NA,NA,57.5,42.5,Grade E,Grade E,Critical penalty burden,50,7.5
fluid,0,1,0,0.5,0.25,TRUE,TRUE,TRUE,TRUE,TRUE,TRUE,1,NA,NA,NA,NA,31.25,68.75,Grade C,Grade C,Score-based certification,35,3.75
fluid,0.25,1,0,0.5,0.25,TRUE,TRUE,TRUE,TRUE,TRUE,TRUE,1,NA,NA,NA,NA,38.75,61.25,Grade D,Grade D,Score-based certification,35,3.75
fluid,0.5,1,0,0.5,0.25,TRUE,TRUE,TRUE,TRUE,TRUE,TRUE,1,NA,NA,NA,NA,46.25,53.75,Grade D,Grade D,Score-based certification,50,3.75
fluid,0.75,1,0,0.5,0.25,TRUE,TRUE,TRUE,TRUE,TRUE,TRUE,1,NA,NA,NA,NA,53.75,46.25,Grade E,Grade E,Critical penalty burden,50,3.75
fluid,1,1,0,0.5,0.25,TRUE,TRUE,TRUE,TRUE,TRUE,TRUE,1,NA,NA,NA,NA,61.25,38.75,Grade E,Grade E,Critical penalty burden,50,11.25
fluid,0,0,0.25,0.5,0.25,TRUE,TRUE,TRUE,TRUE,TRUE,TRUE,1,NA,NA,NA,NA,18.75,81.25,Grade B,Grade B,Score-based certification,20,1.25
fluid,0.25,0,0.25,0.5,0.25,TRUE,TRUE,TRUE,TRUE,TRUE,TRUE,1,NA,NA,NA,NA,26.25,73.75,Grade C,Grade C,Score-based certification,20,6.25
fluid,0.5,0,0.25,0.5,0.25,TRUE,TRUE,TRUE,TRUE,TRUE,TRUE,1,NA,NA,NA,NA,33.75,66.25,Grade C,Grade C,Score-based certification,35,1.25
fluid,0.75,0,0.25,0.5,0.25,TRUE,TRUE,TRUE,TRUE,TRUE,TRUE,1,NA,NA,NA,NA,41.25,58.75,Grade D,Grade D,Score-based certification,35,6.25
fluid,1,0,0.25,0.5,0.25,TRUE,TRUE,TRUE,TRUE,TRUE,TRUE,1,NA,NA,NA,NA,48.75,51.25,Grade D,Grade D,Score-based certification,50,1.25
fluid,0,0.25,0.25,0.5,0.25,TRUE,TRUE,TRUE,TRUE,TRUE,TRUE,1,NA,NA,NA,NA,22.5,77.5,Grade C,Grade C,Score-based certification,20,2.5
fluid,0.25,0.25,0.25,0.5,0.25,TRUE,TRUE,TRUE,TRUE,TRUE,TRUE,1,NA,NA,NA,NA,30,70,Grade C,Grade C,Score-based certification,35,5
fluid,0.5,0.25,0.25,0.5,0.25,TRUE,TRUE,TRUE,TRUE,TRUE,TRUE,1,NA,NA,NA,NA,37.5,62.5,Grade D,Grade D,Score-based certification,35,2.5
fluid,0.75,0.25,0.25,0.5,0.25,TRUE,TRUE,TRUE,TRUE,TRUE,TRUE,1,NA,NA,NA,NA,45,55,Grade D,Grade D,Score-based certification,50,5
fluid,1,0.25,0.25,0.5,0.25,TRUE,TRUE,TRUE,TRUE,TRUE,TRUE,1,NA,NA,NA,NA,52.5,47.5,Grade E,Grade E,Critical penalty burden,50,2.5
fluid,0,0.5,0.25,0.5,0.25,TRUE,TRUE,TRUE,TRUE,TRUE,TRUE,1,NA,NA,NA,NA,26.25,73.75,Grade C,Grade C,Score-based certification,20,6.25
fluid,0.25,0.5,0.25,0.5,0.25,TRUE,TRUE,TRUE,TRUE,TRUE,TRUE,1,NA,NA,NA,NA,33.75,66.25,Grade C,Grade C,Score-based certification,35,1.25
fluid,0.5,0.5,0.25,0.5,0.25,TRUE,TRUE,TRUE,TRUE,TRUE,TRUE,1,NA,NA,NA,NA,41.25,58.75,Grade D,Grade D,Score-based certification,35,6.25
fluid,0.75,0.5,0.25,0.5,0.25,TRUE,TRUE,TRUE,TRUE,TRUE,TRUE,1,NA,NA,NA,NA,48.75,51.25,Grade D,Grade D,Score-based certification,50,1.25
fluid,1,0.5,0.25,0.5,0.25,TRUE,TRUE,TRUE,TRUE,TRUE,TRUE,1,NA,NA,NA,NA,56.25,43.75,Grade E,Grade E,Critical penalty burden,50,6.25
fluid,0,0.75,0.25,0.5,0.25,TRUE,TRUE,TRUE,TRUE,TRUE,TRUE,1,NA,NA,NA,NA,30,70,Grade C,Grade C,Score-based certification,35,5
fluid,0.25,0.75,0.25,0.5,0.25,TRUE,TRUE,TRUE,TRUE,TRUE,TRUE,1,NA,NA,NA,NA,37.5,62.5,Grade D,Grade D,Score-based certification,35,2.5
fluid,0.5,0.75,0.25,0.5,0.25,TRUE,TRUE,TRUE,TRUE,TRUE,TRUE,1,NA,NA,NA,NA,45,55,Grade D,Grade D,Score-based certification,50,5
fluid,0.75,0.75,0.25,0.5,0.25,TRUE,TRUE,TRUE,TRUE,TRUE,TRUE,1,NA,NA,NA,NA,52.5,47.5,Grade E,Grade E,Critical penalty burden,50,2.5
fluid,1,0.75,0.25,0.5,0.25,TRUE,TRUE,TRUE,TRUE,TRUE,TRUE,1,NA,NA,NA,NA,60,40,Grade E,Grade E,Critical penalty burden,50,10
fluid,0,1,0.25,0.5,0.25,TRUE,TRUE,TRUE,TRUE,TRUE,TRUE,1,NA,NA,NA,NA,33.75,66.25,Grade C,Grade C,Score-based certification,35,1.25
fluid,0.25,1,0.25,0.5,0.25,TRUE,TRUE,TRUE,TRUE,TRUE,TRUE,1,NA,NA,NA,NA,41.25,58.75,Grade D,Grade D,Score-based certification,35,6.25
fluid,0.5,1,0.25,0.5,0.25,TRUE,TRUE,TRUE,TRUE,TRUE,TRUE,1,NA,NA,NA,NA,48.75,51.25,Grade D,Grade D,Score-based certification,50,1.25
fluid,0.75,1,0.25,0.5,0.25,TRUE,TRUE,TRUE,TRUE,TRUE,TRUE,1,NA,NA,NA,NA,56.25,43.75,Grade E,Grade E,Critical penalty burden,50,6.25
fluid,1,1,0.25,0.5,0.25,TRUE,TRUE,TRUE,TRUE,TRUE,TRUE,1,NA,NA,NA,NA,63.75,36.25,Grade E,Grade E,Critical penalty burden,50,13.75
fluid,0,0,0.5,0.5,0.25,TRUE,TRUE,TRUE,TRUE,TRUE,TRUE,1,NA,NA,NA,NA,21.25,78.75,Grade C,Grade C,Score-based certification,20,1.25
fluid,0.25,0,0.5,0.5,0.25,TRUE,TRUE,TRUE,TRUE,TRUE,TRUE,1,NA,NA,NA,NA,28.75,71.25,Grade C,Grade C,Score-based certification,35,6.25
fluid,0.5,0,0.5,0.5,0.25,TRUE,TRUE,TRUE,TRUE,TRUE,TRUE,1,NA,NA,NA,NA,36.25,63.75,Grade D,Grade D,Score-based certification,35,1.25
fluid,0.75,0,0.5,0.5,0.25,TRUE,TRUE,TRUE,TRUE,TRUE,TRUE,1,NA,NA,NA,NA,43.75,56.25,Grade D,Grade D,Score-based certification,50,6.25
fluid,1,0,0.5,0.5,0.25,TRUE,TRUE,TRUE,TRUE,TRUE,TRUE,1,NA,NA,NA,NA,51.25,48.75,Grade E,Grade E,Critical penalty burden,50,1.25
fluid,0,0.25,0.5,0.5,0.25,TRUE,TRUE,TRUE,TRUE,TRUE,TRUE,1,NA,NA,NA,NA,25,75,Grade C,Grade C,Score-based certification,20,5
fluid,0.25,0.25,0.5,0.5,0.25,TRUE,TRUE,TRUE,TRUE,TRUE,TRUE,1,NA,NA,NA,NA,32.5,67.5,Grade C,Grade C,Score-based certification,35,2.5
fluid,0.5,0.25,0.5,0.5,0.25,TRUE,TRUE,TRUE,TRUE,TRUE,TRUE,1,NA,NA,NA,NA,40,60,Grade D,Grade D,Score-based certification,35,5
fluid,0.75,0.25,0.5,0.5,0.25,TRUE,TRUE,TRUE,TRUE,TRUE,TRUE,1,NA,NA,NA,NA,47.5,52.5,Grade D,Grade D,Score-based certification,50,2.5
fluid,1,0.25,0.5,0.5,0.25,TRUE,TRUE,TRUE,TRUE,TRUE,TRUE,1,NA,NA,NA,NA,55,45,Grade E,Grade E,Critical penalty burden,50,5
fluid,0,0.5,0.5,0.5,0.25,TRUE,TRUE,TRUE,TRUE,TRUE,TRUE,1,NA,NA,NA,NA,28.75,71.25,Grade C,Grade C,Score-based certification,35,6.25
fluid,0.25,0.5,0.5,0.5,0.25,TRUE,TRUE,TRUE,TRUE,TRUE,TRUE,1,NA,NA,NA,NA,36.25,63.75,Grade D,Grade D,Score-based certification,35,1.25
fluid,0.5,0.5,0.5,0.5,0.25,TRUE,TRUE,TRUE,TRUE,TRUE,TRUE,1,NA,NA,NA,NA,43.75,56.25,Grade D,Grade D,Score-based certification,50,6.25
fluid,0.75,0.5,0.5,0.5,0.25,TRUE,TRUE,TRUE,TRUE,TRUE,TRUE,1,NA,NA,NA,NA,51.25,48.75,Grade E,Grade E,Critical penalty burden,50,1.25
fluid,1,0.5,0.5,0.5,0.25,TRUE,TRUE,TRUE,TRUE,TRUE,TRUE,1,NA,NA,NA,NA,58.75,41.25,Grade E,Grade E,Critical penalty burden,50,8.75
fluid,0,0.75,0.5,0.5,0.25,TRUE,TRUE,TRUE,TRUE,TRUE,TRUE,1,NA,NA,NA,NA,32.5,67.5,Grade C,Grade C,Score-based certification,35,2.5
fluid,0.25,0.75,0.5,0.5,0.25,TRUE,TRUE,TRUE,TRUE,TRUE,TRUE,1,NA,NA,NA,NA,40,60,Grade D,Grade D,Score-based certification,35,5
fluid,0.5,0.75,0.5,0.5,0.25,TRUE,TRUE,TRUE,TRUE,TRUE,TRUE,1,NA,NA,NA,NA,47.5,52.5,Grade D,Grade D,Score-based certification,50,2.5
fluid,0.75,0.75,0.5,0.5,0.25,TRUE,TRUE,TRUE,TRUE,TRUE,TRUE,1,NA,NA,NA,NA,55,45,Grade E,Grade E,Critical penalty burden,50,5
fluid,1,0.75,0.5,0.5,0.25,TRUE,TRUE,TRUE,TRUE,TRUE,TRUE,1,NA,NA,NA,NA,62.5,37.5,Grade E,Grade E,Critical penalty burden,50,12.5
fluid,0,1,0.5,0.5,0.25,TRUE,TRUE,TRUE,TRUE,TRUE,TRUE,1,NA,NA,NA,NA,36.25,63.75,Grade D,Grade D,Score-based certification,35,1.25
fluid,0.25,1,0.5,0.5,0.25,TRUE,TRUE,TRUE,TRUE,TRUE,TRUE,1,NA,NA,NA,NA,43.75,56.25,Grade D,Grade D,Score-based certification,50,6.25
fluid,0.5,1,0.5,0.5,0.25,TRUE,TRUE,TRUE,TRUE,TRUE,TRUE,1,NA,NA,NA,NA,51.25,48.75,Grade E,Grade E,Critical penalty burden,50,1.25
fluid,0.75,1,0.5,0.5,0.25,TRUE,TRUE,TRUE,TRUE,TRUE,TRUE,1,NA,NA,NA,NA,58.75,41.25,Grade E,Grade E,Critical penalty burden,50,8.75
fluid,1,1,0.5,0.5,0.25,TRUE,TRUE,TRUE,TRUE,TRUE,TRUE,1,NA,NA,NA,NA,66.25,33.75,Grade E,Grade E,Critical penalty burden,50,16.25
fluid,0,0,0.75,0.5,0.25,TRUE,TRUE,TRUE,TRUE,TRUE,TRUE,1,NA,NA,NA,NA,23.75,76.25,Grade C,Grade C,Score-based certification,20,3.75
fluid,0.25,0,0.75,0.5,0.25,TRUE,TRUE,TRUE,TRUE,TRUE,TRUE,1,NA,NA,NA,NA,31.25,68.75,Grade C,Grade C,Score-based certification,35,3.75
fluid,0.5,0,0.75,0.5,0.25,TRUE,TRUE,TRUE,TRUE,TRUE,TRUE,1,NA,NA,NA,NA,38.75,61.25,Grade D,Grade D,Score-based certification,35,3.75
fluid,0.75,0,0.75,0.5,0.25,TRUE,TRUE,TRUE,TRUE,TRUE,TRUE,1,NA,NA,NA,NA,46.25,53.75,Grade D,Grade D,Score-based certification,50,3.75
fluid,1,0,0.75,0.5,0.25,TRUE,TRUE,TRUE,TRUE,TRUE,TRUE,1,NA,NA,NA,NA,53.75,46.25,Grade E,Grade E,Critical penalty burden,50,3.75
fluid,0,0.25,0.75,0.5,0.25,TRUE,TRUE,TRUE,TRUE,TRUE,TRUE,1,NA,NA,NA,NA,27.5,72.5,Grade C,Grade C,Score-based certification,20,7.5
fluid,0.25,0.25,0.75,0.5,0.25,TRUE,TRUE,TRUE,TRUE,TRUE,TRUE,1,NA,NA,NA,NA,35,65,Grade C,Grade C,Score-based certification,35,0
fluid,0.5,0.25,0.75,0.5,0.25,TRUE,TRUE,TRUE,TRUE,TRUE,TRUE,1,NA,NA,NA,NA,42.5,57.5,Grade D,Grade D,Score-based certification,35,7.5
fluid,0.75,0.25,0.75,0.5,0.25,TRUE,TRUE,TRUE,TRUE,TRUE,TRUE,1,NA,NA,NA,NA,50,50,Grade D,Grade D,Score-based certification,50,0
fluid,1,0.25,0.75,0.5,0.25,TRUE,TRUE,TRUE,TRUE,TRUE,TRUE,1,NA,NA,NA,NA,57.5,42.5,Grade E,Grade E,Critical penalty burden,50,7.5
fluid,0,0.5,0.75,0.5,0.25,TRUE,TRUE,TRUE,TRUE,TRUE,TRUE,1,NA,NA,NA,NA,31.25,68.75,Grade C,Grade C,Score-based certification,35,3.75
fluid,0.25,0.5,0.75,0.5,0.25,TRUE,TRUE,TRUE,TRUE,TRUE,TRUE,1,NA,NA,NA,NA,38.75,61.25,Grade D,Grade D,Score-based certification,35,3.75
fluid,0.5,0.5,0.75,0.5,0.25,TRUE,TRUE,TRUE,TRUE,TRUE,TRUE,1,NA,NA,NA,NA,46.25,53.75,Grade D,Grade D,Score-based certification,50,3.75
fluid,0.75,0.5,0.75,0.5,0.25,TRUE,TRUE,TRUE,TRUE,TRUE,TRUE,1,NA,NA,NA,NA,53.75,46.25,Grade E,Grade E,Critical penalty burden,50,3.75
fluid,1,0.5,0.75,0.5,0.25,TRUE,TRUE,TRUE,TRUE,TRUE,TRUE,1,NA,NA,NA,NA,61.25,38.75,Grade E,Grade E,Critical penalty burden,50,11.25
fluid,0,0.75,0.75,0.5,0.25,TRUE,TRUE,TRUE,TRUE,TRUE,TRUE,1,NA,NA,NA,NA,35,65,Grade C,Grade C,Score-based certification,35,0
fluid,0.25,0.75,0.75,0.5,0.25,TRUE,TRUE,TRUE,TRUE,TRUE,TRUE,1,NA,NA,NA,NA,42.5,57.5,Grade D,Grade D,Score-based certification,35,7.5
fluid,0.5,0.75,0.75,0.5,0.25,TRUE,TRUE,TRUE,TRUE,TRUE,TRUE,1,NA,NA,NA,NA,50,50,Grade D,Grade D,Score-based certification,50,0
fluid,0.75,0.75,0.75,0.5,0.25,TRUE,TRUE,TRUE,TRUE,TRUE,TRUE,1,NA,NA,NA,NA,57.5,42.5,Grade E,Grade E,Critical penalty burden,50,7.5
fluid,1,0.75,0.75,0.5,0.25,TRUE,TRUE,TRUE,TRUE,TRUE,TRUE,1,NA,NA,NA,NA,65,35,Grade E,Grade E,Critical penalty burden,50,15
fluid,0,1,0.75,0.5,0.25,TRUE,TRUE,TRUE,TRUE,TRUE,TRUE,1,NA,NA,NA,NA,38.75,61.25,Grade D,Grade D,Score-based certification,35,3.75
fluid,0.25,1,0.75,0.5,0.25,TRUE,TRUE,TRUE,TRUE,TRUE,TRUE,1,NA,NA,NA,NA,46.25,53.75,Grade D,Grade D,Score-based certification,50,3.75
fluid,0.5,1,0.75,0.5,0.25,TRUE,TRUE,TRUE,TRUE,TRUE,TRUE,1,NA,NA,NA,NA,53.75,46.25,Grade E,Grade E,Critical penalty burden,50,3.75
fluid,0.75,1,0.75,0.5,0.25,TRUE,TRUE,TRUE,TRUE,TRUE,TRUE,1,NA,NA,NA,NA,61.25,38.75,Grade E,Grade E,Critical penalty burden,50,11.25
fluid,1,1,0.75,0.5,0.25,TRUE,TRUE,TRUE,TRUE,TRUE,TRUE,1,NA,NA,NA,NA,68.75,31.25,Grade E,Grade E,Critical penalty burden,50,18.75
fluid,0,0,1,0.5,0.25,TRUE,TRUE,TRUE,TRUE,TRUE,TRUE,1,NA,NA,NA,NA,26.25,73.75,Grade C,Grade C,Score-based certification,20,6.25
fluid,0.25,0,1,0.5,0.25,TRUE,TRUE,TRUE,TRUE,TRUE,TRUE,1,NA,NA,NA,NA,33.75,66.25,Grade C,Grade C,Score-based certification,35,1.25
fluid,0.5,0,1,0.5,0.25,TRUE,TRUE,TRUE,TRUE,TRUE,TRUE,1,NA,NA,NA,NA,41.25,58.75,Grade D,Grade D,Score-based certification,35,6.25
fluid,0.75,0,1,0.5,0.25,TRUE,TRUE,TRUE,TRUE,TRUE,TRUE,1,NA,NA,NA,NA,48.75,51.25,Grade D,Grade D,Score-based certification,50,1.25
fluid,1,0,1,0.5,0.25,TRUE,TRUE,TRUE,TRUE,TRUE,TRUE,1,NA,NA,NA,NA,56.25,43.75,Grade E,Grade E,Critical penalty burden,50,6.25
fluid,0,0.25,1,0.5,0.25,TRUE,TRUE,TRUE,TRUE,TRUE,TRUE,1,NA,NA,NA,NA,30,70,Grade C,Grade C,Score-based certification,35,5
fluid,0.25,0.25,1,0.5,0.25,TRUE,TRUE,TRUE,TRUE,TRUE,TRUE,1,NA,NA,NA,NA,37.5,62.5,Grade D,Grade D,Score-based certification,35,2.5
fluid,0.5,0.25,1,0.5,0.25,TRUE,TRUE,TRUE,TRUE,TRUE,TRUE,1,NA,NA,NA,NA,45,55,Grade D,Grade D,Score-based certification,50,5
fluid,0.75,0.25,1,0.5,0.25,TRUE,TRUE,TRUE,TRUE,TRUE,TRUE,1,NA,NA,NA,NA,52.5,47.5,Grade E,Grade E,Critical penalty burden,50,2.5
fluid,1,0.25,1,0.5,0.25,TRUE,TRUE,TRUE,TRUE,TRUE,TRUE,1,NA,NA,NA,NA,60,40,Grade E,Grade E,Critical penalty burden,50,10
fluid,0,0.5,1,0.5,0.25,TRUE,TRUE,TRUE,TRUE,TRUE,TRUE,1,NA,NA,NA,NA,33.75,66.25,Grade C,Grade C,Score-based certification,35,1.25
fluid,0.25,0.5,1,0.5,0.25,TRUE,TRUE,TRUE,TRUE,TRUE,TRUE,1,NA,NA,NA,NA,41.25,58.75,Grade D,Grade D,Score-based certification,35,6.25
fluid,0.5,0.5,1,0.5,0.25,TRUE,TRUE,TRUE,TRUE,TRUE,TRUE,1,NA,NA,NA,NA,48.75,51.25,Grade D,Grade D,Score-based certification,50,1.25
fluid,0.75,0.5,1,0.5,0.25,TRUE,TRUE,TRUE,TRUE,TRUE,TRUE,1,NA,NA,NA,NA,56.25,43.75,Grade E,Grade E,Critical penalty burden,50,6.25
fluid,1,0.5,1,0.5,0.25,TRUE,TRUE,TRUE,TRUE,TRUE,TRUE,1,NA,NA,NA,NA,63.75,36.25,Grade E,Grade E,Critical penalty burden,50,13.75
fluid,0,0.75,1,0.5,0.25,TRUE,TRUE,TRUE,TRUE,TRUE,TRUE,1,NA,NA,NA,NA,37.5,62.5,Grade D,Grade D,Score-based certification,35,2.5
fluid,0.25,0.75,1,0.5,0.25,TRUE,TRUE,TRUE,TRUE,TRUE,TRUE,1,NA,NA,NA,NA,45,55,Grade D,Grade D,Score-based certification,50,5
fluid,0.5,0.75,1,0.5,0.25,TRUE,TRUE,TRUE,TRUE,TRUE,TRUE,1,NA,NA,NA,NA,52.5,47.5,Grade E,Grade E,Critical penalty burden,50,2.5
fluid,0.75,0.75,1,0.5,0.25,TRUE,TRUE,TRUE,TRUE,TRUE,TRUE,1,NA,NA,NA,NA,60,40,Grade E,Grade E,Critical penalty burden,50,10
fluid,1,0.75,1,0.5,0.25,TRUE,TRUE,TRUE,TRUE,TRUE,TRUE,1,NA,NA,NA,NA,67.5,32.5,Grade E,Grade E,Critical penalty burden,50,17.5
fluid,0,1,1,0.5,0.25,TRUE,TRUE,TRUE,TRUE,TRUE,TRUE,1,NA,NA,NA,NA,41.25,58.75,Grade D,Grade D,Score-based certification,35,6.25
fluid,0.25,1,1,0.5,0.25,TRUE,TRUE,TRUE,TRUE,TRUE,TRUE,1,NA,NA,NA,NA,48.75,51.25,Grade D,Grade D,Score-based certification,50,1.25
fluid,0.5,1,1,0.5,0.25,TRUE,TRUE,TRUE,TRUE,TRUE,TRUE,1,NA,NA,NA,NA,56.25,43.75,Grade E,Grade E,Critical penalty burden,50,6.25
fluid,0.75,1,1,0.5,0.25,TRUE,TRUE,TRUE,TRUE,TRUE,TRUE,1,NA,NA,NA,NA,63.75,36.25,Grade E,Grade E,Critical penalty burden,50,13.75
fluid,1,1,1,0.5,0.25,TRUE,TRUE,TRUE,TRUE,TRUE,TRUE,1,NA,NA,NA,NA,71.25,28.75,Grade E,Grade E,Critical penalty burden,50,21.25
fluid,0,0,0,0.75,0.25,TRUE,TRUE,TRUE,TRUE,TRUE,TRUE,1,NA,NA,NA,NA,21.25,78.75,Grade C,Grade C,Score-based certification,20,1.25
fluid,0.25,0,0,0.75,0.25,TRUE,TRUE,TRUE,TRUE,TRUE,TRUE,1,NA,NA,NA,NA,28.75,71.25,Grade C,Grade C,Score-based certification,35,6.25
fluid,0.5,0,0,0.75,0.25,TRUE,TRUE,TRUE,TRUE,TRUE,TRUE,1,NA,NA,NA,NA,36.25,63.75,Grade D,Grade D,Score-based certification,35,1.25
fluid,0.75,0,0,0.75,0.25,TRUE,TRUE,TRUE,TRUE,TRUE,TRUE,1,NA,NA,NA,NA,43.75,56.25,Grade D,Grade D,Score-based certification,50,6.25
fluid,1,0,0,0.75,0.25,TRUE,TRUE,TRUE,TRUE,TRUE,TRUE,1,NA,NA,NA,NA,51.25,48.75,Grade E,Grade E,Critical penalty burden,50,1.25
fluid,0,0.25,0,0.75,0.25,TRUE,TRUE,TRUE,TRUE,TRUE,TRUE,1,NA,NA,NA,NA,25,75,Grade C,Grade C,Score-based certification,20,5
fluid,0.25,0.25,0,0.75,0.25,TRUE,TRUE,TRUE,TRUE,TRUE,TRUE,1,NA,NA,NA,NA,32.5,67.5,Grade C,Grade C,Score-based certification,35,2.5
fluid,0.5,0.25,0,0.75,0.25,TRUE,TRUE,TRUE,TRUE,TRUE,TRUE,1,NA,NA,NA,NA,40,60,Grade D,Grade D,Score-based certification,35,5
fluid,0.75,0.25,0,0.75,0.25,TRUE,TRUE,TRUE,TRUE,TRUE,TRUE,1,NA,NA,NA,NA,47.5,52.5,Grade D,Grade D,Score-based certification,50,2.5
fluid,1,0.25,0,0.75,0.25,TRUE,TRUE,TRUE,TRUE,TRUE,TRUE,1,NA,NA,NA,NA,55,45,Grade E,Grade E,Critical penalty burden,50,5
fluid,0,0.5,0,0.75,0.25,TRUE,TRUE,TRUE,TRUE,TRUE,TRUE,1,NA,NA,NA,NA,28.75,71.25,Grade C,Grade C,Score-based certification,35,6.25
fluid,0.25,0.5,0,0.75,0.25,TRUE,TRUE,TRUE,TRUE,TRUE,TRUE,1,NA,NA,NA,NA,36.25,63.75,Grade D,Grade D,Score-based certification,35,1.25
fluid,0.5,0.5,0,0.75,0.25,TRUE,TRUE,TRUE,TRUE,TRUE,TRUE,1,NA,NA,NA,NA,43.75,56.25,Grade D,Grade D,Score-based certification,50,6.25
fluid,0.75,0.5,0,0.75,0.25,TRUE,TRUE,TRUE,TRUE,TRUE,TRUE,1,NA,NA,NA,NA,51.25,48.75,Grade E,Grade E,Critical penalty burden,50,1.25
fluid,1,0.5,0,0.75,0.25,TRUE,TRUE,TRUE,TRUE,TRUE,TRUE,1,NA,NA,NA,NA,58.75,41.25,Grade E,Grade E,Critical penalty burden,50,8.75
fluid,0,0.75,0,0.75,0.25,TRUE,TRUE,TRUE,TRUE,TRUE,TRUE,1,NA,NA,NA,NA,32.5,67.5,Grade C,Grade C,Score-based certification,35,2.5
fluid,0.25,0.75,0,0.75,0.25,TRUE,TRUE,TRUE,TRUE,TRUE,TRUE,1,NA,NA,NA,NA,40,60,Grade D,Grade D,Score-based certification,35,5
fluid,0.5,0.75,0,0.75,0.25,TRUE,TRUE,TRUE,TRUE,TRUE,TRUE,1,NA,NA,NA,NA,47.5,52.5,Grade D,Grade D,Score-based certification,50,2.5
fluid,0.75,0.75,0,0.75,0.25,TRUE,TRUE,TRUE,TRUE,TRUE,TRUE,1,NA,NA,NA,NA,55,45,Grade E,Grade E,Critical penalty burden,50,5
fluid,1,0.75,0,0.75,0.25,TRUE,TRUE,TRUE,TRUE,TRUE,TRUE,1,NA,NA,NA,NA,62.5,37.5,Grade E,Grade E,Critical penalty burden,50,12.5
fluid,0,1,0,0.75,0.25,TRUE,TRUE,TRUE,TRUE,TRUE,TRUE,1,NA,NA,NA,NA,36.25,63.75,Grade D,Grade D,Score-based certification,35,1.25
fluid,0.25,1,0,0.75,0.25,TRUE,TRUE,TRUE,TRUE,TRUE,TRUE,1,NA,NA,NA,NA,43.75,56.25,Grade D,Grade D,Score-based certification,50,6.25
fluid,0.5,1,0,0.75,0.25,TRUE,TRUE,TRUE,TRUE,TRUE,TRUE,1,NA,NA,NA,NA,51.25,48.75,Grade E,Grade E,Critical penalty burden,50,1.25
fluid,0.75,1,0,0.75,0.25,TRUE,TRUE,TRUE,TRUE,TRUE,TRUE,1,NA,NA,NA,NA,58.75,41.25,Grade E,Grade E,Critical penalty burden,50,8.75
fluid,1,1,0,0.75,0.25,TRUE,TRUE,TRUE,TRUE,TRUE,TRUE,1,NA,NA,NA,NA,66.25,33.75,Grade E,Grade E,Critical penalty burden,50,16.25
fluid,0,0,0.25,0.75,0.25,TRUE,TRUE,TRUE,TRUE,TRUE,TRUE,1,NA,NA,NA,NA,23.75,76.25,Grade C,Grade C,Score-based certification,20,3.75
fluid,0.25,0,0.25,0.75,0.25,TRUE,TRUE,TRUE,TRUE,TRUE,TRUE,1,NA,NA,NA,NA,31.25,68.75,Grade C,Grade C,Score-based certification,35,3.75
fluid,0.5,0,0.25,0.75,0.25,TRUE,TRUE,TRUE,TRUE,TRUE,TRUE,1,NA,NA,NA,NA,38.75,61.25,Grade D,Grade D,Score-based certification,35,3.75
fluid,0.75,0,0.25,0.75,0.25,TRUE,TRUE,TRUE,TRUE,TRUE,TRUE,1,NA,NA,NA,NA,46.25,53.75,Grade D,Grade D,Score-based certification,50,3.75
fluid,1,0,0.25,0.75,0.25,TRUE,TRUE,TRUE,TRUE,TRUE,TRUE,1,NA,NA,NA,NA,53.75,46.25,Grade E,Grade E,Critical penalty burden,50,3.75
fluid,0,0.25,0.25,0.75,0.25,TRUE,TRUE,TRUE,TRUE,TRUE,TRUE,1,NA,NA,NA,NA,27.5,72.5,Grade C,Grade C,Score-based certification,20,7.5
fluid,0.25,0.25,0.25,0.75,0.25,TRUE,TRUE,TRUE,TRUE,TRUE,TRUE,1,NA,NA,NA,NA,35,65,Grade C,Grade C,Score-based certification,35,0
fluid,0.5,0.25,0.25,0.75,0.25,TRUE,TRUE,TRUE,TRUE,TRUE,TRUE,1,NA,NA,NA,NA,42.5,57.5,Grade D,Grade D,Score-based certification,35,7.5
fluid,0.75,0.25,0.25,0.75,0.25,TRUE,TRUE,TRUE,TRUE,TRUE,TRUE,1,NA,NA,NA,NA,50,50,Grade D,Grade D,Score-based certification,50,0
fluid,1,0.25,0.25,0.75,0.25,TRUE,TRUE,TRUE,TRUE,TRUE,TRUE,1,NA,NA,NA,NA,57.5,42.5,Grade E,Grade E,Critical penalty burden,50,7.5
fluid,0,0.5,0.25,0.75,0.25,TRUE,TRUE,TRUE,TRUE,TRUE,TRUE,1,NA,NA,NA,NA,31.25,68.75,Grade C,Grade C,Score-based certification,35,3.75
fluid,0.25,0.5,0.25,0.75,0.25,TRUE,TRUE,TRUE,TRUE,TRUE,TRUE,1,NA,NA,NA,NA,38.75,61.25,Grade D,Grade D,Score-based certification,35,3.75
fluid,0.5,0.5,0.25,0.75,0.25,TRUE,TRUE,TRUE,TRUE,TRUE,TRUE,1,NA,NA,NA,NA,46.25,53.75,Grade D,Grade D,Score-based certification,50,3.75
fluid,0.75,0.5,0.25,0.75,0.25,TRUE,TRUE,TRUE,TRUE,TRUE,TRUE,1,NA,NA,NA,NA,53.75,46.25,Grade E,Grade E,Critical penalty burden,50,3.75
fluid,1,0.5,0.25,0.75,0.25,TRUE,TRUE,TRUE,TRUE,TRUE,TRUE,1,NA,NA,NA,NA,61.25,38.75,Grade E,Grade E,Critical penalty burden,50,11.25
fluid,0,0.75,0.25,0.75,0.25,TRUE,TRUE,TRUE,TRUE,TRUE,TRUE,1,NA,NA,NA,NA,35,65,Grade C,Grade C,Score-based certification,35,0
fluid,0.25,0.75,0.25,0.75,0.25,TRUE,TRUE,TRUE,TRUE,TRUE,TRUE,1,NA,NA,NA,NA,42.5,57.5,Grade D,Grade D,Score-based certification,35,7.5
fluid,0.5,0.75,0.25,0.75,0.25,TRUE,TRUE,TRUE,TRUE,TRUE,TRUE,1,NA,NA,NA,NA,50,50,Grade D,Grade D,Score-based certification,50,0
fluid,0.75,0.75,0.25,0.75,0.25,TRUE,TRUE,TRUE,TRUE,TRUE,TRUE,1,NA,NA,NA,NA,57.5,42.5,Grade E,Grade E,Critical penalty burden,50,7.5
fluid,1,0.75,0.25,0.75,0.25,TRUE,TRUE,TRUE,TRUE,TRUE,TRUE,1,NA,NA,NA,NA,65,35,Grade E,Grade E,Critical penalty burden,50,15
fluid,0,1,0.25,0.75,0.25,TRUE,TRUE,TRUE,TRUE,TRUE,TRUE,1,NA,NA,NA,NA,38.75,61.25,Grade D,Grade D,Score-based certification,35,3.75
fluid,0.25,1,0.25,0.75,0.25,TRUE,TRUE,TRUE,TRUE,TRUE,TRUE,1,NA,NA,NA,NA,46.25,53.75,Grade D,Grade D,Score-based certification,50,3.75
fluid,0.5,1,0.25,0.75,0.25,TRUE,TRUE,TRUE,TRUE,TRUE,TRUE,1,NA,NA,NA,NA,53.75,46.25,Grade E,Grade E,Critical penalty burden,50,3.75
fluid,0.75,1,0.25,0.75,0.25,TRUE,TRUE,TRUE,TRUE,TRUE,TRUE,1,NA,NA,NA,NA,61.25,38.75,Grade E,Grade E,Critical penalty burden,50,11.25
fluid,1,1,0.25,0.75,0.25,TRUE,TRUE,TRUE,TRUE,TRUE,TRUE,1,NA,NA,NA,NA,68.75,31.25,Grade E,Grade E,Critical penalty burden,50,18.75
fluid,0,0,0.5,0.75,0.25,TRUE,TRUE,TRUE,TRUE,TRUE,TRUE,1,NA,NA,NA,NA,26.25,73.75,Grade C,Grade C,Score-based certification,20,6.25
fluid,0.25,0,0.5,0.75,0.25,TRUE,TRUE,TRUE,TRUE,TRUE,TRUE,1,NA,NA,NA,NA,33.75,66.25,Grade C,Grade C,Score-based certification,35,1.25
fluid,0.5,0,0.5,0.75,0.25,TRUE,TRUE,TRUE,TRUE,TRUE,TRUE,1,NA,NA,NA,NA,41.25,58.75,Grade D,Grade D,Score-based certification,35,6.25
fluid,0.75,0,0.5,0.75,0.25,TRUE,TRUE,TRUE,TRUE,TRUE,TRUE,1,NA,NA,NA,NA,48.75,51.25,Grade D,Grade D,Score-based certification,50,1.25
fluid,1,0,0.5,0.75,0.25,TRUE,TRUE,TRUE,TRUE,TRUE,TRUE,1,NA,NA,NA,NA,56.25,43.75,Grade E,Grade E,Critical penalty burden,50,6.25
fluid,0,0.25,0.5,0.75,0.25,TRUE,TRUE,TRUE,TRUE,TRUE,TRUE,1,NA,NA,NA,NA,30,70,Grade C,Grade C,Score-based certification,35,5
fluid,0.25,0.25,0.5,0.75,0.25,TRUE,TRUE,TRUE,TRUE,TRUE,TRUE,1,NA,NA,NA,NA,37.5,62.5,Grade D,Grade D,Score-based certification,35,2.5
fluid,0.5,0.25,0.5,0.75,0.25,TRUE,TRUE,TRUE,TRUE,TRUE,TRUE,1,NA,NA,NA,NA,45,55,Grade D,Grade D,Score-based certification,50,5
fluid,0.75,0.25,0.5,0.75,0.25,TRUE,TRUE,TRUE,TRUE,TRUE,TRUE,1,NA,NA,NA,NA,52.5,47.5,Grade E,Grade E,Critical penalty burden,50,2.5
fluid,1,0.25,0.5,0.75,0.25,TRUE,TRUE,TRUE,TRUE,TRUE,TRUE,1,NA,NA,NA,NA,60,40,Grade E,Grade E,Critical penalty burden,50,10
fluid,0,0.5,0.5,0.75,0.25,TRUE,TRUE,TRUE,TRUE,TRUE,TRUE,1,NA,NA,NA,NA,33.75,66.25,Grade C,Grade C,Score-based certification,35,1.25
fluid,0.25,0.5,0.5,0.75,0.25,TRUE,TRUE,TRUE,TRUE,TRUE,TRUE,1,NA,NA,NA,NA,41.25,58.75,Grade D,Grade D,Score-based certification,35,6.25
fluid,0.5,0.5,0.5,0.75,0.25,TRUE,TRUE,TRUE,TRUE,TRUE,TRUE,1,NA,NA,NA,NA,48.75,51.25,Grade D,Grade D,Score-based certification,50,1.25
fluid,0.75,0.5,0.5,0.75,0.25,TRUE,TRUE,TRUE,TRUE,TRUE,TRUE,1,NA,NA,NA,NA,56.25,43.75,Grade E,Grade E,Critical penalty burden,50,6.25
fluid,1,0.5,0.5,0.75,0.25,TRUE,TRUE,TRUE,TRUE,TRUE,TRUE,1,NA,NA,NA,NA,63.75,36.25,Grade E,Grade E,Critical penalty burden,50,13.75
fluid,0,0.75,0.5,0.75,0.25,TRUE,TRUE,TRUE,TRUE,TRUE,TRUE,1,NA,NA,NA,NA,37.5,62.5,Grade D,Grade D,Score-based certification,35,2.5
fluid,0.25,0.75,0.5,0.75,0.25,TRUE,TRUE,TRUE,TRUE,TRUE,TRUE,1,NA,NA,NA,NA,45,55,Grade D,Grade D,Score-based certification,50,5
fluid,0.5,0.75,0.5,0.75,0.25,TRUE,TRUE,TRUE,TRUE,TRUE,TRUE,1,NA,NA,NA,NA,52.5,47.5,Grade E,Grade E,Critical penalty burden,50,2.5
fluid,0.75,0.75,0.5,0.75,0.25,TRUE,TRUE,TRUE,TRUE,TRUE,TRUE,1,NA,NA,NA,NA,60,40,Grade E,Grade E,Critical penalty burden,50,10
fluid,1,0.75,0.5,0.75,0.25,TRUE,TRUE,TRUE,TRUE,TRUE,TRUE,1,NA,NA,NA,NA,67.5,32.5,Grade E,Grade E,Critical penalty burden,50,17.5
fluid,0,1,0.5,0.75,0.25,TRUE,TRUE,TRUE,TRUE,TRUE,TRUE,1,NA,NA,NA,NA,41.25,58.75,Grade D,Grade D,Score-based certification,35,6.25
fluid,0.25,1,0.5,0.75,0.25,TRUE,TRUE,TRUE,TRUE,TRUE,TRUE,1,NA,NA,NA,NA,48.75,51.25,Grade D,Grade D,Score-based certification,50,1.25
fluid,0.5,1,0.5,0.75,0.25,TRUE,TRUE,TRUE,TRUE,TRUE,TRUE,1,NA,NA,NA,NA,56.25,43.75,Grade E,Grade E,Critical penalty burden,50,6.25
fluid,0.75,1,0.5,0.75,0.25,TRUE,TRUE,TRUE,TRUE,TRUE,TRUE,1,NA,NA,NA,NA,63.75,36.25,Grade E,Grade E,Critical penalty burden,50,13.75
fluid,1,1,0.5,0.75,0.25,TRUE,TRUE,TRUE,TRUE,TRUE,TRUE,1,NA,NA,NA,NA,71.25,28.75,Grade E,Grade E,Critical penalty burden,50,21.25
fluid,0,0,0.75,0.75,0.25,TRUE,TRUE,TRUE,TRUE,TRUE,TRUE,1,NA,NA,NA,NA,28.75,71.25,Grade C,Grade C,Score-based certification,35,6.25
fluid,0.25,0,0.75,0.75,0.25,TRUE,TRUE,TRUE,TRUE,TRUE,TRUE,1,NA,NA,NA,NA,36.25,63.75,Grade D,Grade D,Score-based certification,35,1.25
fluid,0.5,0,0.75,0.75,0.25,TRUE,TRUE,TRUE,TRUE,TRUE,TRUE,1,NA,NA,NA,NA,43.75,56.25,Grade D,Grade D,Score-based certification,50,6.25
fluid,0.75,0,0.75,0.75,0.25,TRUE,TRUE,TRUE,TRUE,TRUE,TRUE,1,NA,NA,NA,NA,51.25,48.75,Grade E,Grade E,Critical penalty burden,50,1.25
fluid,1,0,0.75,0.75,0.25,TRUE,TRUE,TRUE,TRUE,TRUE,TRUE,1,NA,NA,NA,NA,58.75,41.25,Grade E,Grade E,Critical penalty burden,50,8.75
fluid,0,0.25,0.75,0.75,0.25,TRUE,TRUE,TRUE,TRUE,TRUE,TRUE,1,NA,NA,NA,NA,32.5,67.5,Grade C,Grade C,Score-based certification,35,2.5
fluid,0.25,0.25,0.75,0.75,0.25,TRUE,TRUE,TRUE,TRUE,TRUE,TRUE,1,NA,NA,NA,NA,40,60,Grade D,Grade D,Score-based certification,35,5
fluid,0.5,0.25,0.75,0.75,0.25,TRUE,TRUE,TRUE,TRUE,TRUE,TRUE,1,NA,NA,NA,NA,47.5,52.5,Grade D,Grade D,Score-based certification,50,2.5
fluid,0.75,0.25,0.75,0.75,0.25,TRUE,TRUE,TRUE,TRUE,TRUE,TRUE,1,NA,NA,NA,NA,55,45,Grade E,Grade E,Critical penalty burden,50,5
fluid,1,0.25,0.75,0.75,0.25,TRUE,TRUE,TRUE,TRUE,TRUE,TRUE,1,NA,NA,NA,NA,62.5,37.5,Grade E,Grade E,Critical penalty burden,50,12.5
fluid,0,0.5,0.75,0.75,0.25,TRUE,TRUE,TRUE,TRUE,TRUE,TRUE,1,NA,NA,NA,NA,36.25,63.75,Grade D,Grade D,Score-based certification,35,1.25
fluid,0.25,0.5,0.75,0.75,0.25,TRUE,TRUE,TRUE,TRUE,TRUE,TRUE,1,NA,NA,NA,NA,43.75,56.25,Grade D,Grade D,Score-based certification,50,6.25
fluid,0.5,0.5,0.75,0.75,0.25,TRUE,TRUE,TRUE,TRUE,TRUE,TRUE,1,NA,NA,NA,NA,51.25,48.75,Grade E,Grade E,Critical penalty burden,50,1.25
fluid,0.75,0.5,0.75,0.75,0.25,TRUE,TRUE,TRUE,TRUE,TRUE,TRUE,1,NA,NA,NA,NA,58.75,41.25,Grade E,Grade E,Critical penalty burden,50,8.75
fluid,1,0.5,0.75,0.75,0.25,TRUE,TRUE,TRUE,TRUE,TRUE,TRUE,1,NA,NA,NA,NA,66.25,33.75,Grade E,Grade E,Critical penalty burden,50,16.25
fluid,0,0.75,0.75,0.75,0.25,TRUE,TRUE,TRUE,TRUE,TRUE,TRUE,1,NA,NA,NA,NA,40,60,Grade D,Grade D,Score-based certification,35,5
fluid,0.25,0.75,0.75,0.75,0.25,TRUE,TRUE,TRUE,TRUE,TRUE,TRUE,1,NA,NA,NA,NA,47.5,52.5,Grade D,Grade D,Score-based certification,50,2.5
fluid,0.5,0.75,0.75,0.75,0.25,TRUE,TRUE,TRUE,TRUE,TRUE,TRUE,1,NA,NA,NA,NA,55,45,Grade E,Grade E,Critical penalty burden,50,5
fluid,0.75,0.75,0.75,0.75,0.25,TRUE,TRUE,TRUE,TRUE,TRUE,TRUE,1,NA,NA,NA,NA,62.5,37.5,Grade E,Grade E,Critical penalty burden,50,12.5
fluid,1,0.75,0.75,0.75,0.25,TRUE,TRUE,TRUE,TRUE,TRUE,TRUE,1,NA,NA,NA,NA,70,30,Grade E,Grade E,Critical penalty burden,50,20
fluid,0,1,0.75,0.75,0.25,TRUE,TRUE,TRUE,TRUE,TRUE,TRUE,1,NA,NA,NA,NA,43.75,56.25,Grade D,Grade D,Score-based certification,50,6.25
fluid,0.25,1,0.75,0.75,0.25,TRUE,TRUE,TRUE,TRUE,TRUE,TRUE,1,NA,NA,NA,NA,51.25,48.75,Grade E,Grade E,Critical penalty burden,50,1.25
fluid,0.5,1,0.75,0.75,0.25,TRUE,TRUE,TRUE,TRUE,TRUE,TRUE,1,NA,NA,NA,NA,58.75,41.25,Grade E,Grade E,Critical penalty burden,50,8.75
fluid,0.75,1,0.75,0.75,0.25,TRUE,TRUE,TRUE,TRUE,TRUE,TRUE,1,NA,NA,NA,NA,66.25,33.75,Grade E,Grade E,Critical penalty burden,50,16.25
fluid,1,1,0.75,0.75,0.25,TRUE,TRUE,TRUE,TRUE,TRUE,TRUE,1,NA,NA,NA,NA,73.75,26.25,Grade E,Grade E,Critical penalty burden,50,23.75
fluid,0,0,1,0.75,0.25,TRUE,TRUE,TRUE,TRUE,TRUE,TRUE,1,NA,NA,NA,NA,31.25,68.75,Grade C,Grade C,Score-based certification,35,3.75
fluid,0.25,0,1,0.75,0.25,TRUE,TRUE,TRUE,TRUE,TRUE,TRUE,1,NA,NA,NA,NA,38.75,61.25,Grade D,Grade D,Score-based certification,35,3.75
fluid,0.5,0,1,0.75,0.25,TRUE,TRUE,TRUE,TRUE,TRUE,TRUE,1,NA,NA,NA,NA,46.25,53.75,Grade D,Grade D,Score-based certification,50,3.75
fluid,0.75,0,1,0.75,0.25,TRUE,TRUE,TRUE,TRUE,TRUE,TRUE,1,NA,NA,NA,NA,53.75,46.25,Grade E,Grade E,Critical penalty burden,50,3.75
fluid,1,0,1,0.75,0.25,TRUE,TRUE,TRUE,TRUE,TRUE,TRUE,1,NA,NA,NA,NA,61.25,38.75,Grade E,Grade E,Critical penalty burden,50,11.25
fluid,0,0.25,1,0.75,0.25,TRUE,TRUE,TRUE,TRUE,TRUE,TRUE,1,NA,NA,NA,NA,35,65,Grade C,Grade C,Score-based certification,35,0
fluid,0.25,0.25,1,0.75,0.25,TRUE,TRUE,TRUE,TRUE,TRUE,TRUE,1,NA,NA,NA,NA,42.5,57.5,Grade D,Grade D,Score-based certification,35,7.5
fluid,0.5,0.25,1,0.75,0.25,TRUE,TRUE,TRUE,TRUE,TRUE,TRUE,1,NA,NA,NA,NA,50,50,Grade D,Grade D,Score-based certification,50,0
fluid,0.75,0.25,1,0.75,0.25,TRUE,TRUE,TRUE,TRUE,TRUE,TRUE,1,NA,NA,NA,NA,57.5,42.5,Grade E,Grade E,Critical penalty burden,50,7.5
fluid,1,0.25,1,0.75,0.25,TRUE,TRUE,TRUE,TRUE,TRUE,TRUE,1,NA,NA,NA,NA,65,35,Grade E,Grade E,Critical penalty burden,50,15
fluid,0,0.5,1,0.75,0.25,TRUE,TRUE,TRUE,TRUE,TRUE,TRUE,1,NA,NA,NA,NA,38.75,61.25,Grade D,Grade D,Score-based certification,35,3.75
fluid,0.25,0.5,1,0.75,0.25,TRUE,TRUE,TRUE,TRUE,TRUE,TRUE,1,NA,NA,NA,NA,46.25,53.75,Grade D,Grade D,Score-based certification,50,3.75
fluid,0.5,0.5,1,0.75,0.25,TRUE,TRUE,TRUE,TRUE,TRUE,TRUE,1,NA,NA,NA,NA,53.75,46.25,Grade E,Grade E,Critical penalty burden,50,3.75
fluid,0.75,0.5,1,0.75,0.25,TRUE,TRUE,TRUE,TRUE,TRUE,TRUE,1,NA,NA,NA,NA,61.25,38.75,Grade E,Grade E,Critical penalty burden,50,11.25
fluid,1,0.5,1,0.75,0.25,TRUE,TRUE,TRUE,TRUE,TRUE,TRUE,1,NA,NA,NA,NA,68.75,31.25,Grade E,Grade E,Critical penalty burden,50,18.75
fluid,0,0.75,1,0.75,0.25,TRUE,TRUE,TRUE,TRUE,TRUE,TRUE,1,NA,NA,NA,NA,42.5,57.5,Grade D,Grade D,Score-based certification,35,7.5
fluid,0.25,0.75,1,0.75,0.25,TRUE,TRUE,TRUE,TRUE,TRUE,TRUE,1,NA,NA,NA,NA,50,50,Grade D,Grade D,Score-based certification,50,0
fluid,0.5,0.75,1,0.75,0.25,TRUE,TRUE,TRUE,TRUE,TRUE,TRUE,1,NA,NA,NA,NA,57.5,42.5,Grade E,Grade E,Critical penalty burden,50,7.5
fluid,0.75,0.75,1,0.75,0.25,TRUE,TRUE,TRUE,TRUE,TRUE,TRUE,1,NA,NA,NA,NA,65,35,Grade E,Grade E,Critical penalty burden,50,15
fluid,1,0.75,1,0.75,0.25,TRUE,TRUE,TRUE,TRUE,TRUE,TRUE,1,NA,NA,NA,NA,72.5,27.5,Grade E,Grade E,Critical penalty burden,50,22.5
fluid,0,1,1,0.75,0.25,TRUE,TRUE,TRUE,TRUE,TRUE,TRUE,1,NA,NA,NA,NA,46.25,53.75,Grade D,Grade D,Score-based certification,50,3.75
fluid,0.25,1,1,0.75,0.25,TRUE,TRUE,TRUE,TRUE,TRUE,TRUE,1,NA,NA,NA,NA,53.75,46.25,Grade E,Grade E,Critical penalty burden,50,3.75
fluid,0.5,1,1,0.75,0.25,TRUE,TRUE,TRUE,TRUE,TRUE,TRUE,1,NA,NA,NA,NA,61.25,38.75,Grade E,Grade E,Critical penalty burden,50,11.25
fluid,0.75,1,1,0.75,0.25,TRUE,TRUE,TRUE,TRUE,TRUE,TRUE,1,NA,NA,NA,NA,68.75,31.25,Grade E,Grade E,Critical penalty burden,50,18.75
fluid,1,1,1,0.75,0.25,TRUE,TRUE,TRUE,TRUE,TRUE,TRUE,1,NA,NA,NA,NA,76.25,23.75,Grade E,Grade E,Critical penalty burden,50,26.25
fluid,0,0,0,1,0.25,TRUE,TRUE,TRUE,TRUE,TRUE,TRUE,1,NA,NA,NA,NA,26.25,73.75,Grade C,Grade C,Score-based certification,20,6.25
fluid,0.25,0,0,1,0.25,TRUE,TRUE,TRUE,TRUE,TRUE,TRUE,1,NA,NA,NA,NA,33.75,66.25,Grade C,Grade C,Score-based certification,35,1.25
fluid,0.5,0,0,1,0.25,TRUE,TRUE,TRUE,TRUE,TRUE,TRUE,1,NA,NA,NA,NA,41.25,58.75,Grade D,Grade D,Score-based certification,35,6.25
fluid,0.75,0,0,1,0.25,TRUE,TRUE,TRUE,TRUE,TRUE,TRUE,1,NA,NA,NA,NA,48.75,51.25,Grade D,Grade D,Score-based certification,50,1.25
fluid,1,0,0,1,0.25,TRUE,TRUE,TRUE,TRUE,TRUE,TRUE,1,NA,NA,NA,NA,56.25,43.75,Grade E,Grade E,Critical penalty burden,50,6.25
fluid,0,0.25,0,1,0.25,TRUE,TRUE,TRUE,TRUE,TRUE,TRUE,1,NA,NA,NA,NA,30,70,Grade C,Grade C,Score-based certification,35,5
fluid,0.25,0.25,0,1,0.25,TRUE,TRUE,TRUE,TRUE,TRUE,TRUE,1,NA,NA,NA,NA,37.5,62.5,Grade D,Grade D,Score-based certification,35,2.5
fluid,0.5,0.25,0,1,0.25,TRUE,TRUE,TRUE,TRUE,TRUE,TRUE,1,NA,NA,NA,NA,45,55,Grade D,Grade D,Score-based certification,50,5
fluid,0.75,0.25,0,1,0.25,TRUE,TRUE,TRUE,TRUE,TRUE,TRUE,1,NA,NA,NA,NA,52.5,47.5,Grade E,Grade E,Critical penalty burden,50,2.5
fluid,1,0.25,0,1,0.25,TRUE,TRUE,TRUE,TRUE,TRUE,TRUE,1,NA,NA,NA,NA,60,40,Grade E,Grade E,Critical penalty burden,50,10
fluid,0,0.5,0,1,0.25,TRUE,TRUE,TRUE,TRUE,TRUE,TRUE,1,NA,NA,NA,NA,33.75,66.25,Grade C,Grade C,Score-based certification,35,1.25
fluid,0.25,0.5,0,1,0.25,TRUE,TRUE,TRUE,TRUE,TRUE,TRUE,1,NA,NA,NA,NA,41.25,58.75,Grade D,Grade D,Score-based certification,35,6.25
fluid,0.5,0.5,0,1,0.25,TRUE,TRUE,TRUE,TRUE,TRUE,TRUE,1,NA,NA,NA,NA,48.75,51.25,Grade D,Grade D,Score-based certification,50,1.25
fluid,0.75,0.5,0,1,0.25,TRUE,TRUE,TRUE,TRUE,TRUE,TRUE,1,NA,NA,NA,NA,56.25,43.75,Grade E,Grade E,Critical penalty burden,50,6.25
fluid,1,0.5,0,1,0.25,TRUE,TRUE,TRUE,TRUE,TRUE,TRUE,1,NA,NA,NA,NA,63.75,36.25,Grade E,Grade E,Critical penalty burden,50,13.75
fluid,0,0.75,0,1,0.25,TRUE,TRUE,TRUE,TRUE,TRUE,TRUE,1,NA,NA,NA,NA,37.5,62.5,Grade D,Grade D,Score-based certification,35,2.5
fluid,0.25,0.75,0,1,0.25,TRUE,TRUE,TRUE,TRUE,TRUE,TRUE,1,NA,NA,NA,NA,45,55,Grade D,Grade D,Score-based certification,50,5
fluid,0.5,0.75,0,1,0.25,TRUE,TRUE,TRUE,TRUE,TRUE,TRUE,1,NA,NA,NA,NA,52.5,47.5,Grade E,Grade E,Critical penalty burden,50,2.5
fluid,0.75,0.75,0,1,0.25,TRUE,TRUE,TRUE,TRUE,TRUE,TRUE,1,NA,NA,NA,NA,60,40,Grade E,Grade E,Critical penalty burden,50,10
fluid,1,0.75,0,1,0.25,TRUE,TRUE,TRUE,TRUE,TRUE,TRUE,1,NA,NA,NA,NA,67.5,32.5,Grade E,Grade E,Critical penalty burden,50,17.5
fluid,0,1,0,1,0.25,TRUE,TRUE,TRUE,TRUE,TRUE,TRUE,1,NA,NA,NA,NA,41.25,58.75,Grade D,Grade D,Score-based certification,35,6.25
fluid,0.25,1,0,1,0.25,TRUE,TRUE,TRUE,TRUE,TRUE,TRUE,1,NA,NA,NA,NA,48.75,51.25,Grade D,Grade D,Score-based certification,50,1.25
fluid,0.5,1,0,1,0.25,TRUE,TRUE,TRUE,TRUE,TRUE,TRUE,1,NA,NA,NA,NA,56.25,43.75,Grade E,Grade E,Critical penalty burden,50,6.25
fluid,0.75,1,0,1,0.25,TRUE,TRUE,TRUE,TRUE,TRUE,TRUE,1,NA,NA,NA,NA,63.75,36.25,Grade E,Grade E,Critical penalty burden,50,13.75
fluid,1,1,0,1,0.25,TRUE,TRUE,TRUE,TRUE,TRUE,TRUE,1,NA,NA,NA,NA,71.25,28.75,Grade E,Grade E,Critical penalty burden,50,21.25
fluid,0,0,0.25,1,0.25,TRUE,TRUE,TRUE,TRUE,TRUE,TRUE,1,NA,NA,NA,NA,28.75,71.25,Grade C,Grade C,Score-based certification,35,6.25
fluid,0.25,0,0.25,1,0.25,TRUE,TRUE,TRUE,TRUE,TRUE,TRUE,1,NA,NA,NA,NA,36.25,63.75,Grade D,Grade D,Score-based certification,35,1.25
fluid,0.5,0,0.25,1,0.25,TRUE,TRUE,TRUE,TRUE,TRUE,TRUE,1,NA,NA,NA,NA,43.75,56.25,Grade D,Grade D,Score-based certification,50,6.25
fluid,0.75,0,0.25,1,0.25,TRUE,TRUE,TRUE,TRUE,TRUE,TRUE,1,NA,NA,NA,NA,51.25,48.75,Grade E,Grade E,Critical penalty burden,50,1.25
fluid,1,0,0.25,1,0.25,TRUE,TRUE,TRUE,TRUE,TRUE,TRUE,1,NA,NA,NA,NA,58.75,41.25,Grade E,Grade E,Critical penalty burden,50,8.75
fluid,0,0.25,0.25,1,0.25,TRUE,TRUE,TRUE,TRUE,TRUE,TRUE,1,NA,NA,NA,NA,32.5,67.5,Grade C,Grade C,Score-based certification,35,2.5
fluid,0.25,0.25,0.25,1,0.25,TRUE,TRUE,TRUE,TRUE,TRUE,TRUE,1,NA,NA,NA,NA,40,60,Grade D,Grade D,Score-based certification,35,5
fluid,0.5,0.25,0.25,1,0.25,TRUE,TRUE,TRUE,TRUE,TRUE,TRUE,1,NA,NA,NA,NA,47.5,52.5,Grade D,Grade D,Score-based certification,50,2.5
fluid,0.75,0.25,0.25,1,0.25,TRUE,TRUE,TRUE,TRUE,TRUE,TRUE,1,NA,NA,NA,NA,55,45,Grade E,Grade E,Critical penalty burden,50,5
fluid,1,0.25,0.25,1,0.25,TRUE,TRUE,TRUE,TRUE,TRUE,TRUE,1,NA,NA,NA,NA,62.5,37.5,Grade E,Grade E,Critical penalty burden,50,12.5
fluid,0,0.5,0.25,1,0.25,TRUE,TRUE,TRUE,TRUE,TRUE,TRUE,1,NA,NA,NA,NA,36.25,63.75,Grade D,Grade D,Score-based certification,35,1.25
fluid,0.25,0.5,0.25,1,0.25,TRUE,TRUE,TRUE,TRUE,TRUE,TRUE,1,NA,NA,NA,NA,43.75,56.25,Grade D,Grade D,Score-based certification,50,6.25
fluid,0.5,0.5,0.25,1,0.25,TRUE,TRUE,TRUE,TRUE,TRUE,TRUE,1,NA,NA,NA,NA,51.25,48.75,Grade E,Grade E,Critical penalty burden,50,1.25
fluid,0.75,0.5,0.25,1,0.25,TRUE,TRUE,TRUE,TRUE,TRUE,TRUE,1,NA,NA,NA,NA,58.75,41.25,Grade E,Grade E,Critical penalty burden,50,8.75
fluid,1,0.5,0.25,1,0.25,TRUE,TRUE,TRUE,TRUE,TRUE,TRUE,1,NA,NA,NA,NA,66.25,33.75,Grade E,Grade E,Critical penalty burden,50,16.25
fluid,0,0.75,0.25,1,0.25,TRUE,TRUE,TRUE,TRUE,TRUE,TRUE,1,NA,NA,NA,NA,40,60,Grade D,Grade D,Score-based certification,35,5
fluid,0.25,0.75,0.25,1,0.25,TRUE,TRUE,TRUE,TRUE,TRUE,TRUE,1,NA,NA,NA,NA,47.5,52.5,Grade D,Grade D,Score-based certification,50,2.5
fluid,0.5,0.75,0.25,1,0.25,TRUE,TRUE,TRUE,TRUE,TRUE,TRUE,1,NA,NA,NA,NA,55,45,Grade E,Grade E,Critical penalty burden,50,5
fluid,0.75,0.75,0.25,1,0.25,TRUE,TRUE,TRUE,TRUE,TRUE,TRUE,1,NA,NA,NA,NA,62.5,37.5,Grade E,Grade E,Critical penalty burden,50,12.5
fluid,1,0.75,0.25,1,0.25,TRUE,TRUE,TRUE,TRUE,TRUE,TRUE,1,NA,NA,NA,NA,70,30,Grade E,Grade E,Critical penalty burden,50,20
fluid,0,1,0.25,1,0.25,TRUE,TRUE,TRUE,TRUE,TRUE,TRUE,1,NA,NA,NA,NA,43.75,56.25,Grade D,Grade D,Score-based certification,50,6.25
fluid,0.25,1,0.25,1,0.25,TRUE,TRUE,TRUE,TRUE,TRUE,TRUE,1,NA,NA,NA,NA,51.25,48.75,Grade E,Grade E,Critical penalty burden,50,1.25
fluid,0.5,1,0.25,1,0.25,TRUE,TRUE,TRUE,TRUE,TRUE,TRUE,1,NA,NA,NA,NA,58.75,41.25,Grade E,Grade E,Critical penalty burden,50,8.75
fluid,0.75,1,0.25,1,0.25,TRUE,TRUE,TRUE,TRUE,TRUE,TRUE,1,NA,NA,NA,NA,66.25,33.75,Grade E,Grade E,Critical penalty burden,50,16.25
fluid,1,1,0.25,1,0.25,TRUE,TRUE,TRUE,TRUE,TRUE,TRUE,1,NA,NA,NA,NA,73.75,26.25,Grade E,Grade E,Critical penalty burden,50,23.75
fluid,0,0,0.5,1,0.25,TRUE,TRUE,TRUE,TRUE,TRUE,TRUE,1,NA,NA,NA,NA,31.25,68.75,Grade C,Grade C,Score-based certification,35,3.75
fluid,0.25,0,0.5,1,0.25,TRUE,TRUE,TRUE,TRUE,TRUE,TRUE,1,NA,NA,NA,NA,38.75,61.25,Grade D,Grade D,Score-based certification,35,3.75
fluid,0.5,0,0.5,1,0.25,TRUE,TRUE,TRUE,TRUE,TRUE,TRUE,1,NA,NA,NA,NA,46.25,53.75,Grade D,Grade D,Score-based certification,50,3.75
fluid,0.75,0,0.5,1,0.25,TRUE,TRUE,TRUE,TRUE,TRUE,TRUE,1,NA,NA,NA,NA,53.75,46.25,Grade E,Grade E,Critical penalty burden,50,3.75
fluid,1,0,0.5,1,0.25,TRUE,TRUE,TRUE,TRUE,TRUE,TRUE,1,NA,NA,NA,NA,61.25,38.75,Grade E,Grade E,Critical penalty burden,50,11.25
fluid,0,0.25,0.5,1,0.25,TRUE,TRUE,TRUE,TRUE,TRUE,TRUE,1,NA,NA,NA,NA,35,65,Grade C,Grade C,Score-based certification,35,0
fluid,0.25,0.25,0.5,1,0.25,TRUE,TRUE,TRUE,TRUE,TRUE,TRUE,1,NA,NA,NA,NA,42.5,57.5,Grade D,Grade D,Score-based certification,35,7.5
fluid,0.5,0.25,0.5,1,0.25,TRUE,TRUE,TRUE,TRUE,TRUE,TRUE,1,NA,NA,NA,NA,50,50,Grade D,Grade D,Score-based certification,50,0
fluid,0.75,0.25,0.5,1,0.25,TRUE,TRUE,TRUE,TRUE,TRUE,TRUE,1,NA,NA,NA,NA,57.5,42.5,Grade E,Grade E,Critical penalty burden,50,7.5
fluid,1,0.25,0.5,1,0.25,TRUE,TRUE,TRUE,TRUE,TRUE,TRUE,1,NA,NA,NA,NA,65,35,Grade E,Grade E,Critical penalty burden,50,15
fluid,0,0.5,0.5,1,0.25,TRUE,TRUE,TRUE,TRUE,TRUE,TRUE,1,NA,NA,NA,NA,38.75,61.25,Grade D,Grade D,Score-based certification,35,3.75
fluid,0.25,0.5,0.5,1,0.25,TRUE,TRUE,TRUE,TRUE,TRUE,TRUE,1,NA,NA,NA,NA,46.25,53.75,Grade D,Grade D,Score-based certification,50,3.75
fluid,0.5,0.5,0.5,1,0.25,TRUE,TRUE,TRUE,TRUE,TRUE,TRUE,1,NA,NA,NA,NA,53.75,46.25,Grade E,Grade E,Critical penalty burden,50,3.75
fluid,0.75,0.5,0.5,1,0.25,TRUE,TRUE,TRUE,TRUE,TRUE,TRUE,1,NA,NA,NA,NA,61.25,38.75,Grade E,Grade E,Critical penalty burden,50,11.25
fluid,1,0.5,0.5,1,0.25,TRUE,TRUE,TRUE,TRUE,TRUE,TRUE,1,NA,NA,NA,NA,68.75,31.25,Grade E,Grade E,Critical penalty burden,50,18.75
fluid,0,0.75,0.5,1,0.25,TRUE,TRUE,TRUE,TRUE,TRUE,TRUE,1,NA,NA,NA,NA,42.5,57.5,Grade D,Grade D,Score-based certification,35,7.5
fluid,0.25,0.75,0.5,1,0.25,TRUE,TRUE,TRUE,TRUE,TRUE,TRUE,1,NA,NA,NA,NA,50,50,Grade D,Grade D,Score-based certification,50,0
fluid,0.5,0.75,0.5,1,0.25,TRUE,TRUE,TRUE,TRUE,TRUE,TRUE,1,NA,NA,NA,NA,57.5,42.5,Grade E,Grade E,Critical penalty burden,50,7.5
fluid,0.75,0.75,0.5,1,0.25,TRUE,TRUE,TRUE,TRUE,TRUE,TRUE,1,NA,NA,NA,NA,65,35,Grade E,Grade E,Critical penalty burden,50,15
fluid,1,0.75,0.5,1,0.25,TRUE,TRUE,TRUE,TRUE,TRUE,TRUE,1,NA,NA,NA,NA,72.5,27.5,Grade E,Grade E,Critical penalty burden,50,22.5
fluid,0,1,0.5,1,0.25,TRUE,TRUE,TRUE,TRUE,TRUE,TRUE,1,NA,NA,NA,NA,46.25,53.75,Grade D,Grade D,Score-based certification,50,3.75
fluid,0.25,1,0.5,1,0.25,TRUE,TRUE,TRUE,TRUE,TRUE,TRUE,1,NA,NA,NA,NA,53.75,46.25,Grade E,Grade E,Critical penalty burden,50,3.75
fluid,0.5,1,0.5,1,0.25,TRUE,TRUE,TRUE,TRUE,TRUE,TRUE,1,NA,NA,NA,NA,61.25,38.75,Grade E,Grade E,Critical penalty burden,50,11.25
fluid,0.75,1,0.5,1,0.25,TRUE,TRUE,TRUE,TRUE,TRUE,TRUE,1,NA,NA,NA,NA,68.75,31.25,Grade E,Grade E,Critical penalty burden,50,18.75
fluid,1,1,0.5,1,0.25,TRUE,TRUE,TRUE,TRUE,TRUE,TRUE,1,NA,NA,NA,NA,76.25,23.75,Grade E,Grade E,Critical penalty burden,50,26.25
fluid,0,0,0.75,1,0.25,TRUE,TRUE,TRUE,TRUE,TRUE,TRUE,1,NA,NA,NA,NA,33.75,66.25,Grade C,Grade C,Score-based certification,35,1.25
fluid,0.25,0,0.75,1,0.25,TRUE,TRUE,TRUE,TRUE,TRUE,TRUE,1,NA,NA,NA,NA,41.25,58.75,Grade D,Grade D,Score-based certification,35,6.25
fluid,0.5,0,0.75,1,0.25,TRUE,TRUE,TRUE,TRUE,TRUE,TRUE,1,NA,NA,NA,NA,48.75,51.25,Grade D,Grade D,Score-based certification,50,1.25
fluid,0.75,0,0.75,1,0.25,TRUE,TRUE,TRUE,TRUE,TRUE,TRUE,1,NA,NA,NA,NA,56.25,43.75,Grade E,Grade E,Critical penalty burden,50,6.25
fluid,1,0,0.75,1,0.25,TRUE,TRUE,TRUE,TRUE,TRUE,TRUE,1,NA,NA,NA,NA,63.75,36.25,Grade E,Grade E,Critical penalty burden,50,13.75
fluid,0,0.25,0.75,1,0.25,TRUE,TRUE,TRUE,TRUE,TRUE,TRUE,1,NA,NA,NA,NA,37.5,62.5,Grade D,Grade D,Score-based certification,35,2.5
fluid,0.25,0.25,0.75,1,0.25,TRUE,TRUE,TRUE,TRUE,TRUE,TRUE,1,NA,NA,NA,NA,45,55,Grade D,Grade D,Score-based certification,50,5
fluid,0.5,0.25,0.75,1,0.25,TRUE,TRUE,TRUE,TRUE,TRUE,TRUE,1,NA,NA,NA,NA,52.5,47.5,Grade E,Grade E,Critical penalty burden,50,2.5
fluid,0.75,0.25,0.75,1,0.25,TRUE,TRUE,TRUE,TRUE,TRUE,TRUE,1,NA,NA,NA,NA,60,40,Grade E,Grade E,Critical penalty burden,50,10
fluid,1,0.25,0.75,1,0.25,TRUE,TRUE,TRUE,TRUE,TRUE,TRUE,1,NA,NA,NA,NA,67.5,32.5,Grade E,Grade E,Critical penalty burden,50,17.5
fluid,0,0.5,0.75,1,0.25,TRUE,TRUE,TRUE,TRUE,TRUE,TRUE,1,NA,NA,NA,NA,41.25,58.75,Grade D,Grade D,Score-based certification,35,6.25
fluid,0.25,0.5,0.75,1,0.25,TRUE,TRUE,TRUE,TRUE,TRUE,TRUE,1,NA,NA,NA,NA,48.75,51.25,Grade D,Grade D,Score-based certification,50,1.25
fluid,0.5,0.5,0.75,1,0.25,TRUE,TRUE,TRUE,TRUE,TRUE,TRUE,1,NA,NA,NA,NA,56.25,43.75,Grade E,Grade E,Critical penalty burden,50,6.25
fluid,0.75,0.5,0.75,1,0.25,TRUE,TRUE,TRUE,TRUE,TRUE,TRUE,1,NA,NA,NA,NA,63.75,36.25,Grade E,Grade E,Critical penalty burden,50,13.75
fluid,1,0.5,0.75,1,0.25,TRUE,TRUE,TRUE,TRUE,TRUE,TRUE,1,NA,NA,NA,NA,71.25,28.75,Grade E,Grade E,Critical penalty burden,50,21.25
fluid,0,0.75,0.75,1,0.25,TRUE,TRUE,TRUE,TRUE,TRUE,TRUE,1,NA,NA,NA,NA,45,55,Grade D,Grade D,Score-based certification,50,5
fluid,0.25,0.75,0.75,1,0.25,TRUE,TRUE,TRUE,TRUE,TRUE,TRUE,1,NA,NA,NA,NA,52.5,47.5,Grade E,Grade E,Critical penalty burden,50,2.5
fluid,0.5,0.75,0.75,1,0.25,TRUE,TRUE,TRUE,TRUE,TRUE,TRUE,1,NA,NA,NA,NA,60,40,Grade E,Grade E,Critical penalty burden,50,10
fluid,0.75,0.75,0.75,1,0.25,TRUE,TRUE,TRUE,TRUE,TRUE,TRUE,1,NA,NA,NA,NA,67.5,32.5,Grade E,Grade E,Critical penalty burden,50,17.5
fluid,1,0.75,0.75,1,0.25,TRUE,TRUE,TRUE,TRUE,TRUE,TRUE,1,NA,NA,NA,NA,75,25,Grade E,Grade E,Critical penalty burden,50,25
fluid,0,1,0.75,1,0.25,TRUE,TRUE,TRUE,TRUE,TRUE,TRUE,1,NA,NA,NA,NA,48.75,51.25,Grade D,Grade D,Score-based certification,50,1.25
fluid,0.25,1,0.75,1,0.25,TRUE,TRUE,TRUE,TRUE,TRUE,TRUE,1,NA,NA,NA,NA,56.25,43.75,Grade E,Grade E,Critical penalty burden,50,6.25
fluid,0.5,1,0.75,1,0.25,TRUE,TRUE,TRUE,TRUE,TRUE,TRUE,1,NA,NA,NA,NA,63.75,36.25,Grade E,Grade E,Critical penalty burden,50,13.75
fluid,0.75,1,0.75,1,0.25,TRUE,TRUE,TRUE,TRUE,TRUE,TRUE,1,NA,NA,NA,NA,71.25,28.75,Grade E,Grade E,Critical penalty burden,50,21.25
fluid,1,1,0.75,1,0.25,TRUE,TRUE,TRUE,TRUE,TRUE,TRUE,1,NA,NA,NA,NA,78.75,21.25,Grade E,Grade E,Critical penalty burden,50,28.75
fluid,0,0,1,1,0.25,TRUE,TRUE,TRUE,TRUE,TRUE,TRUE,1,NA,NA,NA,NA,36.25,63.75,Grade D,Grade D,Score-based certification,35,1.25
fluid,0.25,0,1,1,0.25,TRUE,TRUE,TRUE,TRUE,TRUE,TRUE,1,NA,NA,NA,NA,43.75,56.25,Grade D,Grade D,Score-based certification,50,6.25
fluid,0.5,0,1,1,0.25,TRUE,TRUE,TRUE,TRUE,TRUE,TRUE,1,NA,NA,NA,NA,51.25,48.75,Grade E,Grade E,Critical penalty burden,50,1.25
fluid,0.75,0,1,1,0.25,TRUE,TRUE,TRUE,TRUE,TRUE,TRUE,1,NA,NA,NA,NA,58.75,41.25,Grade E,Grade E,Critical penalty burden,50,8.75
fluid,1,0,1,1,0.25,TRUE,TRUE,TRUE,TRUE,TRUE,TRUE,1,NA,NA,NA,NA,66.25,33.75,Grade E,Grade E,Critical penalty burden,50,16.25
fluid,0,0.25,1,1,0.25,TRUE,TRUE,TRUE,TRUE,TRUE,TRUE,1,NA,NA,NA,NA,40,60,Grade D,Grade D,Score-based certification,35,5
fluid,0.25,0.25,1,1,0.25,TRUE,TRUE,TRUE,TRUE,TRUE,TRUE,1,NA,NA,NA,NA,47.5,52.5,Grade D,Grade D,Score-based certification,50,2.5
fluid,0.5,0.25,1,1,0.25,TRUE,TRUE,TRUE,TRUE,TRUE,TRUE,1,NA,NA,NA,NA,55,45,Grade E,Grade E,Critical penalty burden,50,5
fluid,0.75,0.25,1,1,0.25,TRUE,TRUE,TRUE,TRUE,TRUE,TRUE,1,NA,NA,NA,NA,62.5,37.5,Grade E,Grade E,Critical penalty burden,50,12.5
fluid,1,0.25,1,1,0.25,TRUE,TRUE,TRUE,TRUE,TRUE,TRUE,1,NA,NA,NA,NA,70,30,Grade E,Grade E,Critical penalty burden,50,20
fluid,0,0.5,1,1,0.25,TRUE,TRUE,TRUE,TRUE,TRUE,TRUE,1,NA,NA,NA,NA,43.75,56.25,Grade D,Grade D,Score-based certification,50,6.25
fluid,0.25,0.5,1,1,0.25,TRUE,TRUE,TRUE,TRUE,TRUE,TRUE,1,NA,NA,NA,NA,51.25,48.75,Grade E,Grade E,Critical penalty burden,50,1.25
fluid,0.5,0.5,1,1,0.25,TRUE,TRUE,TRUE,TRUE,TRUE,TRUE,1,NA,NA,NA,NA,58.75,41.25,Grade E,Grade E,Critical penalty burden,50,8.75
fluid,0.75,0.5,1,1,0.25,TRUE,TRUE,TRUE,TRUE,TRUE,TRUE,1,NA,NA,NA,NA,66.25,33.75,Grade E,Grade E,Critical penalty burden,50,16.25
fluid,1,0.5,1,1,0.25,TRUE,TRUE,TRUE,TRUE,TRUE,TRUE,1,NA,NA,NA,NA,73.75,26.25,Grade E,Grade E,Critical penalty burden,50,23.75
fluid,0,0.75,1,1,0.25,TRUE,TRUE,TRUE,TRUE,TRUE,TRUE,1,NA,NA,NA,NA,47.5,52.5,Grade D,Grade D,Score-based certification,50,2.5
fluid,0.25,0.75,1,1,0.25,TRUE,TRUE,TRUE,TRUE,TRUE,TRUE,1,NA,NA,NA,NA,55,45,Grade E,Grade E,Critical penalty burden,50,5
fluid,0.5,0.75,1,1,0.25,TRUE,TRUE,TRUE,TRUE,TRUE,TRUE,1,NA,NA,NA,NA,62.5,37.5,Grade E,Grade E,Critical penalty burden,50,12.5
fluid,0.75,0.75,1,1,0.25,TRUE,TRUE,TRUE,TRUE,TRUE,TRUE,1,NA,NA,NA,NA,70,30,Grade E,Grade E,Critical penalty burden,50,20
fluid,1,0.75,1,1,0.25,TRUE,TRUE,TRUE,TRUE,TRUE,TRUE,1,NA,NA,NA,NA,77.5,22.5,Grade E,Grade E,Critical penalty burden,50,27.5
fluid,0,1,1,1,0.25,TRUE,TRUE,TRUE,TRUE,TRUE,TRUE,1,NA,NA,NA,NA,51.25,48.75,Grade E,Grade E,Critical penalty burden,50,1.25
fluid,0.25,1,1,1,0.25,TRUE,TRUE,TRUE,TRUE,TRUE,TRUE,1,NA,NA,NA,NA,58.75,41.25,Grade E,Grade E,Critical penalty burden,50,8.75
fluid,0.5,1,1,1,0.25,TRUE,TRUE,TRUE,TRUE,TRUE,TRUE,1,NA,NA,NA,NA,66.25,33.75,Grade E,Grade E,Critical penalty burden,50,16.25
fluid,0.75,1,1,1,0.25,TRUE,TRUE,TRUE,TRUE,TRUE,TRUE,1,NA,NA,NA,NA,73.75,26.25,Grade E,Grade E,Critical penalty burden,50,23.75
fluid,1,1,1,1,0.25,TRUE,TRUE,TRUE,TRUE,TRUE,TRUE,1,NA,NA,NA,NA,81.25,18.75,Grade E,Grade E,Critical penalty burden,50,31.25
fluid,0,0,0,0,0.5,TRUE,TRUE,TRUE,TRUE,TRUE,TRUE,1,NA,NA,NA,NA,12.5,87.5,Grade B,Grade B,Score-based certification,10,2.5
fluid,0.25,0,0,0,0.5,TRUE,TRUE,TRUE,TRUE,TRUE,TRUE,1,NA,NA,NA,NA,20,80,Grade B,Grade B,Score-based certification,20,0
fluid,0.5,0,0,0,0.5,TRUE,TRUE,TRUE,TRUE,TRUE,TRUE,1,NA,NA,NA,NA,27.5,72.5,Grade C,Grade C,Score-based certification,20,7.5
fluid,0.75,0,0,0,0.5,TRUE,TRUE,TRUE,TRUE,TRUE,TRUE,1,NA,NA,NA,NA,35,65,Grade C,Grade C,Score-based certification,35,0
fluid,1,0,0,0,0.5,TRUE,TRUE,TRUE,TRUE,TRUE,TRUE,1,NA,NA,NA,NA,42.5,57.5,Grade D,Grade D,Score-based certification,35,7.5
fluid,0,0.25,0,0,0.5,TRUE,TRUE,TRUE,TRUE,TRUE,TRUE,1,NA,NA,NA,NA,16.25,83.75,Grade B,Grade B,Score-based certification,20,3.75
fluid,0.25,0.25,0,0,0.5,TRUE,TRUE,TRUE,TRUE,TRUE,TRUE,1,NA,NA,NA,NA,23.75,76.25,Grade C,Grade C,Score-based certification,20,3.75
fluid,0.5,0.25,0,0,0.5,TRUE,TRUE,TRUE,TRUE,TRUE,TRUE,1,NA,NA,NA,NA,31.25,68.75,Grade C,Grade C,Score-based certification,35,3.75
fluid,0.75,0.25,0,0,0.5,TRUE,TRUE,TRUE,TRUE,TRUE,TRUE,1,NA,NA,NA,NA,38.75,61.25,Grade D,Grade D,Score-based certification,35,3.75
fluid,1,0.25,0,0,0.5,TRUE,TRUE,TRUE,TRUE,TRUE,TRUE,1,NA,NA,NA,NA,46.25,53.75,Grade D,Grade D,Score-based certification,50,3.75
fluid,0,0.5,0,0,0.5,TRUE,TRUE,TRUE,TRUE,TRUE,TRUE,1,NA,NA,NA,NA,20,80,Grade B,Grade B,Score-based certification,20,0
fluid,0.25,0.5,0,0,0.5,TRUE,TRUE,TRUE,TRUE,TRUE,TRUE,1,NA,NA,NA,NA,27.5,72.5,Grade C,Grade C,Score-based certification,20,7.5
fluid,0.5,0.5,0,0,0.5,TRUE,TRUE,TRUE,TRUE,TRUE,TRUE,1,NA,NA,NA,NA,35,65,Grade C,Grade C,Score-based certification,35,0
fluid,0.75,0.5,0,0,0.5,TRUE,TRUE,TRUE,TRUE,TRUE,TRUE,1,NA,NA,NA,NA,42.5,57.5,Grade D,Grade D,Score-based certification,35,7.5
fluid,1,0.5,0,0,0.5,TRUE,TRUE,TRUE,TRUE,TRUE,TRUE,1,NA,NA,NA,NA,50,50,Grade D,Grade D,Score-based certification,50,0
fluid,0,0.75,0,0,0.5,TRUE,TRUE,TRUE,TRUE,TRUE,TRUE,1,NA,NA,NA,NA,23.75,76.25,Grade C,Grade C,Score-based certification,20,3.75
fluid,0.25,0.75,0,0,0.5,TRUE,TRUE,TRUE,TRUE,TRUE,TRUE,1,NA,NA,NA,NA,31.25,68.75,Grade C,Grade C,Score-based certification,35,3.75
fluid,0.5,0.75,0,0,0.5,TRUE,TRUE,TRUE,TRUE,TRUE,TRUE,1,NA,NA,NA,NA,38.75,61.25,Grade D,Grade D,Score-based certification,35,3.75
fluid,0.75,0.75,0,0,0.5,TRUE,TRUE,TRUE,TRUE,TRUE,TRUE,1,NA,NA,NA,NA,46.25,53.75,Grade D,Grade D,Score-based certification,50,3.75
fluid,1,0.75,0,0,0.5,TRUE,TRUE,TRUE,TRUE,TRUE,TRUE,1,NA,NA,NA,NA,53.75,46.25,Grade E,Grade E,Critical penalty burden,50,3.75
fluid,0,1,0,0,0.5,TRUE,TRUE,TRUE,TRUE,TRUE,TRUE,1,NA,NA,NA,NA,27.5,72.5,Grade C,Grade C,Score-based certification,20,7.5
fluid,0.25,1,0,0,0.5,TRUE,TRUE,TRUE,TRUE,TRUE,TRUE,1,NA,NA,NA,NA,35,65,Grade C,Grade C,Score-based certification,35,0
fluid,0.5,1,0,0,0.5,TRUE,TRUE,TRUE,TRUE,TRUE,TRUE,1,NA,NA,NA,NA,42.5,57.5,Grade D,Grade D,Score-based certification,35,7.5
fluid,0.75,1,0,0,0.5,TRUE,TRUE,TRUE,TRUE,TRUE,TRUE,1,NA,NA,NA,NA,50,50,Grade D,Grade D,Score-based certification,50,0
fluid,1,1,0,0,0.5,TRUE,TRUE,TRUE,TRUE,TRUE,TRUE,1,NA,NA,NA,NA,57.5,42.5,Grade E,Grade E,Critical penalty burden,50,7.5
fluid,0,0,0.25,0,0.5,TRUE,TRUE,TRUE,TRUE,TRUE,TRUE,1,NA,NA,NA,NA,15,85,Grade B,Grade B,Score-based certification,10,5
fluid,0.25,0,0.25,0,0.5,TRUE,TRUE,TRUE,TRUE,TRUE,TRUE,1,NA,NA,NA,NA,22.5,77.5,Grade C,Grade C,Score-based certification,20,2.5
fluid,0.5,0,0.25,0,0.5,TRUE,TRUE,TRUE,TRUE,TRUE,TRUE,1,NA,NA,NA,NA,30,70,Grade C,Grade C,Score-based certification,35,5
fluid,0.75,0,0.25,0,0.5,TRUE,TRUE,TRUE,TRUE,TRUE,TRUE,1,NA,NA,NA,NA,37.5,62.5,Grade D,Grade D,Score-based certification,35,2.5
fluid,1,0,0.25,0,0.5,TRUE,TRUE,TRUE,TRUE,TRUE,TRUE,1,NA,NA,NA,NA,45,55,Grade D,Grade D,Score-based certification,50,5
fluid,0,0.25,0.25,0,0.5,TRUE,TRUE,TRUE,TRUE,TRUE,TRUE,1,NA,NA,NA,NA,18.75,81.25,Grade B,Grade B,Score-based certification,20,1.25
fluid,0.25,0.25,0.25,0,0.5,TRUE,TRUE,TRUE,TRUE,TRUE,TRUE,1,NA,NA,NA,NA,26.25,73.75,Grade C,Grade C,Score-based certification,20,6.25
fluid,0.5,0.25,0.25,0,0.5,TRUE,TRUE,TRUE,TRUE,TRUE,TRUE,1,NA,NA,NA,NA,33.75,66.25,Grade C,Grade C,Score-based certification,35,1.25
fluid,0.75,0.25,0.25,0,0.5,TRUE,TRUE,TRUE,TRUE,TRUE,TRUE,1,NA,NA,NA,NA,41.25,58.75,Grade D,Grade D,Score-based certification,35,6.25
fluid,1,0.25,0.25,0,0.5,TRUE,TRUE,TRUE,TRUE,TRUE,TRUE,1,NA,NA,NA,NA,48.75,51.25,Grade D,Grade D,Score-based certification,50,1.25
fluid,0,0.5,0.25,0,0.5,TRUE,TRUE,TRUE,TRUE,TRUE,TRUE,1,NA,NA,NA,NA,22.5,77.5,Grade C,Grade C,Score-based certification,20,2.5
fluid,0.25,0.5,0.25,0,0.5,TRUE,TRUE,TRUE,TRUE,TRUE,TRUE,1,NA,NA,NA,NA,30,70,Grade C,Grade C,Score-based certification,35,5
fluid,0.5,0.5,0.25,0,0.5,TRUE,TRUE,TRUE,TRUE,TRUE,TRUE,1,NA,NA,NA,NA,37.5,62.5,Grade D,Grade D,Score-based certification,35,2.5
fluid,0.75,0.5,0.25,0,0.5,TRUE,TRUE,TRUE,TRUE,TRUE,TRUE,1,NA,NA,NA,NA,45,55,Grade D,Grade D,Score-based certification,50,5
fluid,1,0.5,0.25,0,0.5,TRUE,TRUE,TRUE,TRUE,TRUE,TRUE,1,NA,NA,NA,NA,52.5,47.5,Grade E,Grade E,Critical penalty burden,50,2.5
fluid,0,0.75,0.25,0,0.5,TRUE,TRUE,TRUE,TRUE,TRUE,TRUE,1,NA,NA,NA,NA,26.25,73.75,Grade C,Grade C,Score-based certification,20,6.25
fluid,0.25,0.75,0.25,0,0.5,TRUE,TRUE,TRUE,TRUE,TRUE,TRUE,1,NA,NA,NA,NA,33.75,66.25,Grade C,Grade C,Score-based certification,35,1.25
fluid,0.5,0.75,0.25,0,0.5,TRUE,TRUE,TRUE,TRUE,TRUE,TRUE,1,NA,NA,NA,NA,41.25,58.75,Grade D,Grade D,Score-based certification,35,6.25
fluid,0.75,0.75,0.25,0,0.5,TRUE,TRUE,TRUE,TRUE,TRUE,TRUE,1,NA,NA,NA,NA,48.75,51.25,Grade D,Grade D,Score-based certification,50,1.25
fluid,1,0.75,0.25,0,0.5,TRUE,TRUE,TRUE,TRUE,TRUE,TRUE,1,NA,NA,NA,NA,56.25,43.75,Grade E,Grade E,Critical penalty burden,50,6.25
fluid,0,1,0.25,0,0.5,TRUE,TRUE,TRUE,TRUE,TRUE,TRUE,1,NA,NA,NA,NA,30,70,Grade C,Grade C,Score-based certification,35,5
fluid,0.25,1,0.25,0,0.5,TRUE,TRUE,TRUE,TRUE,TRUE,TRUE,1,NA,NA,NA,NA,37.5,62.5,Grade D,Grade D,Score-based certification,35,2.5
fluid,0.5,1,0.25,0,0.5,TRUE,TRUE,TRUE,TRUE,TRUE,TRUE,1,NA,NA,NA,NA,45,55,Grade D,Grade D,Score-based certification,50,5
fluid,0.75,1,0.25,0,0.5,TRUE,TRUE,TRUE,TRUE,TRUE,TRUE,1,NA,NA,NA,NA,52.5,47.5,Grade E,Grade E,Critical penalty burden,50,2.5
fluid,1,1,0.25,0,0.5,TRUE,TRUE,TRUE,TRUE,TRUE,TRUE,1,NA,NA,NA,NA,60,40,Grade E,Grade E,Critical penalty burden,50,10
fluid,0,0,0.5,0,0.5,TRUE,TRUE,TRUE,TRUE,TRUE,TRUE,1,NA,NA,NA,NA,17.5,82.5,Grade B,Grade B,Score-based certification,20,2.5
fluid,0.25,0,0.5,0,0.5,TRUE,TRUE,TRUE,TRUE,TRUE,TRUE,1,NA,NA,NA,NA,25,75,Grade C,Grade C,Score-based certification,20,5
fluid,0.5,0,0.5,0,0.5,TRUE,TRUE,TRUE,TRUE,TRUE,TRUE,1,NA,NA,NA,NA,32.5,67.5,Grade C,Grade C,Score-based certification,35,2.5
fluid,0.75,0,0.5,0,0.5,TRUE,TRUE,TRUE,TRUE,TRUE,TRUE,1,NA,NA,NA,NA,40,60,Grade D,Grade D,Score-based certification,35,5
fluid,1,0,0.5,0,0.5,TRUE,TRUE,TRUE,TRUE,TRUE,TRUE,1,NA,NA,NA,NA,47.5,52.5,Grade D,Grade D,Score-based certification,50,2.5
fluid,0,0.25,0.5,0,0.5,TRUE,TRUE,TRUE,TRUE,TRUE,TRUE,1,NA,NA,NA,NA,21.25,78.75,Grade C,Grade C,Score-based certification,20,1.25
fluid,0.25,0.25,0.5,0,0.5,TRUE,TRUE,TRUE,TRUE,TRUE,TRUE,1,NA,NA,NA,NA,28.75,71.25,Grade C,Grade C,Score-based certification,35,6.25
fluid,0.5,0.25,0.5,0,0.5,TRUE,TRUE,TRUE,TRUE,TRUE,TRUE,1,NA,NA,NA,NA,36.25,63.75,Grade D,Grade D,Score-based certification,35,1.25
fluid,0.75,0.25,0.5,0,0.5,TRUE,TRUE,TRUE,TRUE,TRUE,TRUE,1,NA,NA,NA,NA,43.75,56.25,Grade D,Grade D,Score-based certification,50,6.25
fluid,1,0.25,0.5,0,0.5,TRUE,TRUE,TRUE,TRUE,TRUE,TRUE,1,NA,NA,NA,NA,51.25,48.75,Grade E,Grade E,Critical penalty burden,50,1.25
fluid,0,0.5,0.5,0,0.5,TRUE,TRUE,TRUE,TRUE,TRUE,TRUE,1,NA,NA,NA,NA,25,75,Grade C,Grade C,Score-based certification,20,5
fluid,0.25,0.5,0.5,0,0.5,TRUE,TRUE,TRUE,TRUE,TRUE,TRUE,1,NA,NA,NA,NA,32.5,67.5,Grade C,Grade C,Score-based certification,35,2.5
fluid,0.5,0.5,0.5,0,0.5,TRUE,TRUE,TRUE,TRUE,TRUE,TRUE,1,NA,NA,NA,NA,40,60,Grade D,Grade D,Score-based certification,35,5
fluid,0.75,0.5,0.5,0,0.5,TRUE,TRUE,TRUE,TRUE,TRUE,TRUE,1,NA,NA,NA,NA,47.5,52.5,Grade D,Grade D,Score-based certification,50,2.5
fluid,1,0.5,0.5,0,0.5,TRUE,TRUE,TRUE,TRUE,TRUE,TRUE,1,NA,NA,NA,NA,55,45,Grade E,Grade E,Critical penalty burden,50,5
fluid,0,0.75,0.5,0,0.5,TRUE,TRUE,TRUE,TRUE,TRUE,TRUE,1,NA,NA,NA,NA,28.75,71.25,Grade C,Grade C,Score-based certification,35,6.25
fluid,0.25,0.75,0.5,0,0.5,TRUE,TRUE,TRUE,TRUE,TRUE,TRUE,1,NA,NA,NA,NA,36.25,63.75,Grade D,Grade D,Score-based certification,35,1.25
fluid,0.5,0.75,0.5,0,0.5,TRUE,TRUE,TRUE,TRUE,TRUE,TRUE,1,NA,NA,NA,NA,43.75,56.25,Grade D,Grade D,Score-based certification,50,6.25
fluid,0.75,0.75,0.5,0,0.5,TRUE,TRUE,TRUE,TRUE,TRUE,TRUE,1,NA,NA,NA,NA,51.25,48.75,Grade E,Grade E,Critical penalty burden,50,1.25
fluid,1,0.75,0.5,0,0.5,TRUE,TRUE,TRUE,TRUE,TRUE,TRUE,1,NA,NA,NA,NA,58.75,41.25,Grade E,Grade E,Critical penalty burden,50,8.75
fluid,0,1,0.5,0,0.5,TRUE,TRUE,TRUE,TRUE,TRUE,TRUE,1,NA,NA,NA,NA,32.5,67.5,Grade C,Grade C,Score-based certification,35,2.5
fluid,0.25,1,0.5,0,0.5,TRUE,TRUE,TRUE,TRUE,TRUE,TRUE,1,NA,NA,NA,NA,40,60,Grade D,Grade D,Score-based certification,35,5
fluid,0.5,1,0.5,0,0.5,TRUE,TRUE,TRUE,TRUE,TRUE,TRUE,1,NA,NA,NA,NA,47.5,52.5,Grade D,Grade D,Score-based certification,50,2.5
fluid,0.75,1,0.5,0,0.5,TRUE,TRUE,TRUE,TRUE,TRUE,TRUE,1,NA,NA,NA,NA,55,45,Grade E,Grade E,Critical penalty burden,50,5
fluid,1,1,0.5,0,0.5,TRUE,TRUE,TRUE,TRUE,TRUE,TRUE,1,NA,NA,NA,NA,62.5,37.5,Grade E,Grade E,Critical penalty burden,50,12.5
fluid,0,0,0.75,0,0.5,TRUE,TRUE,TRUE,TRUE,TRUE,TRUE,1,NA,NA,NA,NA,20,80,Grade B,Grade B,Score-based certification,20,0
fluid,0.25,0,0.75,0,0.5,TRUE,TRUE,TRUE,TRUE,TRUE,TRUE,1,NA,NA,NA,NA,27.5,72.5,Grade C,Grade C,Score-based certification,20,7.5
fluid,0.5,0,0.75,0,0.5,TRUE,TRUE,TRUE,TRUE,TRUE,TRUE,1,NA,NA,NA,NA,35,65,Grade C,Grade C,Score-based certification,35,0
fluid,0.75,0,0.75,0,0.5,TRUE,TRUE,TRUE,TRUE,TRUE,TRUE,1,NA,NA,NA,NA,42.5,57.5,Grade D,Grade D,Score-based certification,35,7.5
fluid,1,0,0.75,0,0.5,TRUE,TRUE,TRUE,TRUE,TRUE,TRUE,1,NA,NA,NA,NA,50,50,Grade D,Grade D,Score-based certification,50,0
fluid,0,0.25,0.75,0,0.5,TRUE,TRUE,TRUE,TRUE,TRUE,TRUE,1,NA,NA,NA,NA,23.75,76.25,Grade C,Grade C,Score-based certification,20,3.75
fluid,0.25,0.25,0.75,0,0.5,TRUE,TRUE,TRUE,TRUE,TRUE,TRUE,1,NA,NA,NA,NA,31.25,68.75,Grade C,Grade C,Score-based certification,35,3.75
fluid,0.5,0.25,0.75,0,0.5,TRUE,TRUE,TRUE,TRUE,TRUE,TRUE,1,NA,NA,NA,NA,38.75,61.25,Grade D,Grade D,Score-based certification,35,3.75
fluid,0.75,0.25,0.75,0,0.5,TRUE,TRUE,TRUE,TRUE,TRUE,TRUE,1,NA,NA,NA,NA,46.25,53.75,Grade D,Grade D,Score-based certification,50,3.75
fluid,1,0.25,0.75,0,0.5,TRUE,TRUE,TRUE,TRUE,TRUE,TRUE,1,NA,NA,NA,NA,53.75,46.25,Grade E,Grade E,Critical penalty burden,50,3.75
fluid,0,0.5,0.75,0,0.5,TRUE,TRUE,TRUE,TRUE,TRUE,TRUE,1,NA,NA,NA,NA,27.5,72.5,Grade C,Grade C,Score-based certification,20,7.5
fluid,0.25,0.5,0.75,0,0.5,TRUE,TRUE,TRUE,TRUE,TRUE,TRUE,1,NA,NA,NA,NA,35,65,Grade C,Grade C,Score-based certification,35,0
fluid,0.5,0.5,0.75,0,0.5,TRUE,TRUE,TRUE,TRUE,TRUE,TRUE,1,NA,NA,NA,NA,42.5,57.5,Grade D,Grade D,Score-based certification,35,7.5
fluid,0.75,0.5,0.75,0,0.5,TRUE,TRUE,TRUE,TRUE,TRUE,TRUE,1,NA,NA,NA,NA,50,50,Grade D,Grade D,Score-based certification,50,0
fluid,1,0.5,0.75,0,0.5,TRUE,TRUE,TRUE,TRUE,TRUE,TRUE,1,NA,NA,NA,NA,57.5,42.5,Grade E,Grade E,Critical penalty burden,50,7.5
fluid,0,0.75,0.75,0,0.5,TRUE,TRUE,TRUE,TRUE,TRUE,TRUE,1,NA,NA,NA,NA,31.25,68.75,Grade C,Grade C,Score-based certification,35,3.75
fluid,0.25,0.75,0.75,0,0.5,TRUE,TRUE,TRUE,TRUE,TRUE,TRUE,1,NA,NA,NA,NA,38.75,61.25,Grade D,Grade D,Score-based certification,35,3.75
fluid,0.5,0.75,0.75,0,0.5,TRUE,TRUE,TRUE,TRUE,TRUE,TRUE,1,NA,NA,NA,NA,46.25,53.75,Grade D,Grade D,Score-based certification,50,3.75
fluid,0.75,0.75,0.75,0,0.5,TRUE,TRUE,TRUE,TRUE,TRUE,TRUE,1,NA,NA,NA,NA,53.75,46.25,Grade E,Grade E,Critical penalty burden,50,3.75
fluid,1,0.75,0.75,0,0.5,TRUE,TRUE,TRUE,TRUE,TRUE,TRUE,1,NA,NA,NA,NA,61.25,38.75,Grade E,Grade E,Critical penalty burden,50,11.25
fluid,0,1,0.75,0,0.5,TRUE,TRUE,TRUE,TRUE,TRUE,TRUE,1,NA,NA,NA,NA,35,65,Grade C,Grade C,Score-based certification,35,0
fluid,0.25,1,0.75,0,0.5,TRUE,TRUE,TRUE,TRUE,TRUE,TRUE,1,NA,NA,NA,NA,42.5,57.5,Grade D,Grade D,Score-based certification,35,7.5
fluid,0.5,1,0.75,0,0.5,TRUE,TRUE,TRUE,TRUE,TRUE,TRUE,1,NA,NA,NA,NA,50,50,Grade D,Grade D,Score-based certification,50,0
fluid,0.75,1,0.75,0,0.5,TRUE,TRUE,TRUE,TRUE,TRUE,TRUE,1,NA,NA,NA,NA,57.5,42.5,Grade E,Grade E,Critical penalty burden,50,7.5
fluid,1,1,0.75,0,0.5,TRUE,TRUE,TRUE,TRUE,TRUE,TRUE,1,NA,NA,NA,NA,65,35,Grade E,Grade E,Critical penalty burden,50,15
fluid,0,0,1,0,0.5,TRUE,TRUE,TRUE,TRUE,TRUE,TRUE,1,NA,NA,NA,NA,22.5,77.5,Grade C,Grade C,Score-based certification,20,2.5
fluid,0.25,0,1,0,0.5,TRUE,TRUE,TRUE,TRUE,TRUE,TRUE,1,NA,NA,NA,NA,30,70,Grade C,Grade C,Score-based certification,35,5
fluid,0.5,0,1,0,0.5,TRUE,TRUE,TRUE,TRUE,TRUE,TRUE,1,NA,NA,NA,NA,37.5,62.5,Grade D,Grade D,Score-based certification,35,2.5
fluid,0.75,0,1,0,0.5,TRUE,TRUE,TRUE,TRUE,TRUE,TRUE,1,NA,NA,NA,NA,45,55,Grade D,Grade D,Score-based certification,50,5
fluid,1,0,1,0,0.5,TRUE,TRUE,TRUE,TRUE,TRUE,TRUE,1,NA,NA,NA,NA,52.5,47.5,Grade E,Grade E,Critical penalty burden,50,2.5
fluid,0,0.25,1,0,0.5,TRUE,TRUE,TRUE,TRUE,TRUE,TRUE,1,NA,NA,NA,NA,26.25,73.75,Grade C,Grade C,Score-based certification,20,6.25
fluid,0.25,0.25,1,0,0.5,TRUE,TRUE,TRUE,TRUE,TRUE,TRUE,1,NA,NA,NA,NA,33.75,66.25,Grade C,Grade C,Score-based certification,35,1.25
fluid,0.5,0.25,1,0,0.5,TRUE,TRUE,TRUE,TRUE,TRUE,TRUE,1,NA,NA,NA,NA,41.25,58.75,Grade D,Grade D,Score-based certification,35,6.25
fluid,0.75,0.25,1,0,0.5,TRUE,TRUE,TRUE,TRUE,TRUE,TRUE,1,NA,NA,NA,NA,48.75,51.25,Grade D,Grade D,Score-based certification,50,1.25
fluid,1,0.25,1,0,0.5,TRUE,TRUE,TRUE,TRUE,TRUE,TRUE,1,NA,NA,NA,NA,56.25,43.75,Grade E,Grade E,Critical penalty burden,50,6.25
fluid,0,0.5,1,0,0.5,TRUE,TRUE,TRUE,TRUE,TRUE,TRUE,1,NA,NA,NA,NA,30,70,Grade C,Grade C,Score-based certification,35,5
fluid,0.25,0.5,1,0,0.5,TRUE,TRUE,TRUE,TRUE,TRUE,TRUE,1,NA,NA,NA,NA,37.5,62.5,Grade D,Grade D,Score-based certification,35,2.5
fluid,0.5,0.5,1,0,0.5,TRUE,TRUE,TRUE,TRUE,TRUE,TRUE,1,NA,NA,NA,NA,45,55,Grade D,Grade D,Score-based certification,50,5
fluid,0.75,0.5,1,0,0.5,TRUE,TRUE,TRUE,TRUE,TRUE,TRUE,1,NA,NA,NA,NA,52.5,47.5,Grade E,Grade E,Critical penalty burden,50,2.5
fluid,1,0.5,1,0,0.5,TRUE,TRUE,TRUE,TRUE,TRUE,TRUE,1,NA,NA,NA,NA,60,40,Grade E,Grade E,Critical penalty burden,50,10
fluid,0,0.75,1,0,0.5,TRUE,TRUE,TRUE,TRUE,TRUE,TRUE,1,NA,NA,NA,NA,33.75,66.25,Grade C,Grade C,Score-based certification,35,1.25
fluid,0.25,0.75,1,0,0.5,TRUE,TRUE,TRUE,TRUE,TRUE,TRUE,1,NA,NA,NA,NA,41.25,58.75,Grade D,Grade D,Score-based certification,35,6.25
fluid,0.5,0.75,1,0,0.5,TRUE,TRUE,TRUE,TRUE,TRUE,TRUE,1,NA,NA,NA,NA,48.75,51.25,Grade D,Grade D,Score-based certification,50,1.25
fluid,0.75,0.75,1,0,0.5,TRUE,TRUE,TRUE,TRUE,TRUE,TRUE,1,NA,NA,NA,NA,56.25,43.75,Grade E,Grade E,Critical penalty burden,50,6.25
fluid,1,0.75,1,0,0.5,TRUE,TRUE,TRUE,TRUE,TRUE,TRUE,1,NA,NA,NA,NA,63.75,36.25,Grade E,Grade E,Critical penalty burden,50,13.75
fluid,0,1,1,0,0.5,TRUE,TRUE,TRUE,TRUE,TRUE,TRUE,1,NA,NA,NA,NA,37.5,62.5,Grade D,Grade D,Score-based certification,35,2.5
fluid,0.25,1,1,0,0.5,TRUE,TRUE,TRUE,TRUE,TRUE,TRUE,1,NA,NA,NA,NA,45,55,Grade D,Grade D,Score-based certification,50,5
fluid,0.5,1,1,0,0.5,TRUE,TRUE,TRUE,TRUE,TRUE,TRUE,1,NA,NA,NA,NA,52.5,47.5,Grade E,Grade E,Critical penalty burden,50,2.5
fluid,0.75,1,1,0,0.5,TRUE,TRUE,TRUE,TRUE,TRUE,TRUE,1,NA,NA,NA,NA,60,40,Grade E,Grade E,Critical penalty burden,50,10
fluid,1,1,1,0,0.5,TRUE,TRUE,TRUE,TRUE,TRUE,TRUE,1,NA,NA,NA,NA,67.5,32.5,Grade E,Grade E,Critical penalty burden,50,17.5
fluid,0,0,0,0.25,0.5,TRUE,TRUE,TRUE,TRUE,TRUE,TRUE,1,NA,NA,NA,NA,17.5,82.5,Grade B,Grade B,Score-based certification,20,2.5
fluid,0.25,0,0,0.25,0.5,TRUE,TRUE,TRUE,TRUE,TRUE,TRUE,1,NA,NA,NA,NA,25,75,Grade C,Grade C,Score-based certification,20,5
fluid,0.5,0,0,0.25,0.5,TRUE,TRUE,TRUE,TRUE,TRUE,TRUE,1,NA,NA,NA,NA,32.5,67.5,Grade C,Grade C,Score-based certification,35,2.5
fluid,0.75,0,0,0.25,0.5,TRUE,TRUE,TRUE,TRUE,TRUE,TRUE,1,NA,NA,NA,NA,40,60,Grade D,Grade D,Score-based certification,35,5
fluid,1,0,0,0.25,0.5,TRUE,TRUE,TRUE,TRUE,TRUE,TRUE,1,NA,NA,NA,NA,47.5,52.5,Grade D,Grade D,Score-based certification,50,2.5
fluid,0,0.25,0,0.25,0.5,TRUE,TRUE,TRUE,TRUE,TRUE,TRUE,1,NA,NA,NA,NA,21.25,78.75,Grade C,Grade C,Score-based certification,20,1.25
fluid,0.25,0.25,0,0.25,0.5,TRUE,TRUE,TRUE,TRUE,TRUE,TRUE,1,NA,NA,NA,NA,28.75,71.25,Grade C,Grade C,Score-based certification,35,6.25
fluid,0.5,0.25,0,0.25,0.5,TRUE,TRUE,TRUE,TRUE,TRUE,TRUE,1,NA,NA,NA,NA,36.25,63.75,Grade D,Grade D,Score-based certification,35,1.25
fluid,0.75,0.25,0,0.25,0.5,TRUE,TRUE,TRUE,TRUE,TRUE,TRUE,1,NA,NA,NA,NA,43.75,56.25,Grade D,Grade D,Score-based certification,50,6.25
fluid,1,0.25,0,0.25,0.5,TRUE,TRUE,TRUE,TRUE,TRUE,TRUE,1,NA,NA,NA,NA,51.25,48.75,Grade E,Grade E,Critical penalty burden,50,1.25
fluid,0,0.5,0,0.25,0.5,TRUE,TRUE,TRUE,TRUE,TRUE,TRUE,1,NA,NA,NA,NA,25,75,Grade C,Grade C,Score-based certification,20,5
fluid,0.25,0.5,0,0.25,0.5,TRUE,TRUE,TRUE,TRUE,TRUE,TRUE,1,NA,NA,NA,NA,32.5,67.5,Grade C,Grade C,Score-based certification,35,2.5
fluid,0.5,0.5,0,0.25,0.5,TRUE,TRUE,TRUE,TRUE,TRUE,TRUE,1,NA,NA,NA,NA,40,60,Grade D,Grade D,Score-based certification,35,5
fluid,0.75,0.5,0,0.25,0.5,TRUE,TRUE,TRUE,TRUE,TRUE,TRUE,1,NA,NA,NA,NA,47.5,52.5,Grade D,Grade D,Score-based certification,50,2.5
fluid,1,0.5,0,0.25,0.5,TRUE,TRUE,TRUE,TRUE,TRUE,TRUE,1,NA,NA,NA,NA,55,45,Grade E,Grade E,Critical penalty burden,50,5
fluid,0,0.75,0,0.25,0.5,TRUE,TRUE,TRUE,TRUE,TRUE,TRUE,1,NA,NA,NA,NA,28.75,71.25,Grade C,Grade C,Score-based certification,35,6.25
fluid,0.25,0.75,0,0.25,0.5,TRUE,TRUE,TRUE,TRUE,TRUE,TRUE,1,NA,NA,NA,NA,36.25,63.75,Grade D,Grade D,Score-based certification,35,1.25
fluid,0.5,0.75,0,0.25,0.5,TRUE,TRUE,TRUE,TRUE,TRUE,TRUE,1,NA,NA,NA,NA,43.75,56.25,Grade D,Grade D,Score-based certification,50,6.25
fluid,0.75,0.75,0,0.25,0.5,TRUE,TRUE,TRUE,TRUE,TRUE,TRUE,1,NA,NA,NA,NA,51.25,48.75,Grade E,Grade E,Critical penalty burden,50,1.25
fluid,1,0.75,0,0.25,0.5,TRUE,TRUE,TRUE,TRUE,TRUE,TRUE,1,NA,NA,NA,NA,58.75,41.25,Grade E,Grade E,Critical penalty burden,50,8.75
fluid,0,1,0,0.25,0.5,TRUE,TRUE,TRUE,TRUE,TRUE,TRUE,1,NA,NA,NA,NA,32.5,67.5,Grade C,Grade C,Score-based certification,35,2.5
fluid,0.25,1,0,0.25,0.5,TRUE,TRUE,TRUE,TRUE,TRUE,TRUE,1,NA,NA,NA,NA,40,60,Grade D,Grade D,Score-based certification,35,5
fluid,0.5,1,0,0.25,0.5,TRUE,TRUE,TRUE,TRUE,TRUE,TRUE,1,NA,NA,NA,NA,47.5,52.5,Grade D,Grade D,Score-based certification,50,2.5
fluid,0.75,1,0,0.25,0.5,TRUE,TRUE,TRUE,TRUE,TRUE,TRUE,1,NA,NA,NA,NA,55,45,Grade E,Grade E,Critical penalty burden,50,5
fluid,1,1,0,0.25,0.5,TRUE,TRUE,TRUE,TRUE,TRUE,TRUE,1,NA,NA,NA,NA,62.5,37.5,Grade E,Grade E,Critical penalty burden,50,12.5
fluid,0,0,0.25,0.25,0.5,TRUE,TRUE,TRUE,TRUE,TRUE,TRUE,1,NA,NA,NA,NA,20,80,Grade B,Grade B,Score-based certification,20,0
fluid,0.25,0,0.25,0.25,0.5,TRUE,TRUE,TRUE,TRUE,TRUE,TRUE,1,NA,NA,NA,NA,27.5,72.5,Grade C,Grade C,Score-based certification,20,7.5
fluid,0.5,0,0.25,0.25,0.5,TRUE,TRUE,TRUE,TRUE,TRUE,TRUE,1,NA,NA,NA,NA,35,65,Grade C,Grade C,Score-based certification,35,0
fluid,0.75,0,0.25,0.25,0.5,TRUE,TRUE,TRUE,TRUE,TRUE,TRUE,1,NA,NA,NA,NA,42.5,57.5,Grade D,Grade D,Score-based certification,35,7.5
fluid,1,0,0.25,0.25,0.5,TRUE,TRUE,TRUE,TRUE,TRUE,TRUE,1,NA,NA,NA,NA,50,50,Grade D,Grade D,Score-based certification,50,0
fluid,0,0.25,0.25,0.25,0.5,TRUE,TRUE,TRUE,TRUE,TRUE,TRUE,1,NA,NA,NA,NA,23.75,76.25,Grade C,Grade C,Score-based certification,20,3.75
fluid,0.25,0.25,0.25,0.25,0.5,TRUE,TRUE,TRUE,TRUE,TRUE,TRUE,1,NA,NA,NA,NA,31.25,68.75,Grade C,Grade C,Score-based certification,35,3.75
fluid,0.5,0.25,0.25,0.25,0.5,TRUE,TRUE,TRUE,TRUE,TRUE,TRUE,1,NA,NA,NA,NA,38.75,61.25,Grade D,Grade D,Score-based certification,35,3.75
fluid,0.75,0.25,0.25,0.25,0.5,TRUE,TRUE,TRUE,TRUE,TRUE,TRUE,1,NA,NA,NA,NA,46.25,53.75,Grade D,Grade D,Score-based certification,50,3.75
fluid,1,0.25,0.25,0.25,0.5,TRUE,TRUE,TRUE,TRUE,TRUE,TRUE,1,NA,NA,NA,NA,53.75,46.25,Grade E,Grade E,Critical penalty burden,50,3.75
fluid,0,0.5,0.25,0.25,0.5,TRUE,TRUE,TRUE,TRUE,TRUE,TRUE,1,NA,NA,NA,NA,27.5,72.5,Grade C,Grade C,Score-based certification,20,7.5
fluid,0.25,0.5,0.25,0.25,0.5,TRUE,TRUE,TRUE,TRUE,TRUE,TRUE,1,NA,NA,NA,NA,35,65,Grade C,Grade C,Score-based certification,35,0
fluid,0.5,0.5,0.25,0.25,0.5,TRUE,TRUE,TRUE,TRUE,TRUE,TRUE,1,NA,NA,NA,NA,42.5,57.5,Grade D,Grade D,Score-based certification,35,7.5
fluid,0.75,0.5,0.25,0.25,0.5,TRUE,TRUE,TRUE,TRUE,TRUE,TRUE,1,NA,NA,NA,NA,50,50,Grade D,Grade D,Score-based certification,50,0
fluid,1,0.5,0.25,0.25,0.5,TRUE,TRUE,TRUE,TRUE,TRUE,TRUE,1,NA,NA,NA,NA,57.5,42.5,Grade E,Grade E,Critical penalty burden,50,7.5
fluid,0,0.75,0.25,0.25,0.5,TRUE,TRUE,TRUE,TRUE,TRUE,TRUE,1,NA,NA,NA,NA,31.25,68.75,Grade C,Grade C,Score-based certification,35,3.75
fluid,0.25,0.75,0.25,0.25,0.5,TRUE,TRUE,TRUE,TRUE,TRUE,TRUE,1,NA,NA,NA,NA,38.75,61.25,Grade D,Grade D,Score-based certification,35,3.75
fluid,0.5,0.75,0.25,0.25,0.5,TRUE,TRUE,TRUE,TRUE,TRUE,TRUE,1,NA,NA,NA,NA,46.25,53.75,Grade D,Grade D,Score-based certification,50,3.75
fluid,0.75,0.75,0.25,0.25,0.5,TRUE,TRUE,TRUE,TRUE,TRUE,TRUE,1,NA,NA,NA,NA,53.75,46.25,Grade E,Grade E,Critical penalty burden,50,3.75
fluid,1,0.75,0.25,0.25,0.5,TRUE,TRUE,TRUE,TRUE,TRUE,TRUE,1,NA,NA,NA,NA,61.25,38.75,Grade E,Grade E,Critical penalty burden,50,11.25
fluid,0,1,0.25,0.25,0.5,TRUE,TRUE,TRUE,TRUE,TRUE,TRUE,1,NA,NA,NA,NA,35,65,Grade C,Grade C,Score-based certification,35,0
fluid,0.25,1,0.25,0.25,0.5,TRUE,TRUE,TRUE,TRUE,TRUE,TRUE,1,NA,NA,NA,NA,42.5,57.5,Grade D,Grade D,Score-based certification,35,7.5
fluid,0.5,1,0.25,0.25,0.5,TRUE,TRUE,TRUE,TRUE,TRUE,TRUE,1,NA,NA,NA,NA,50,50,Grade D,Grade D,Score-based certification,50,0
fluid,0.75,1,0.25,0.25,0.5,TRUE,TRUE,TRUE,TRUE,TRUE,TRUE,1,NA,NA,NA,NA,57.5,42.5,Grade E,Grade E,Critical penalty burden,50,7.5
fluid,1,1,0.25,0.25,0.5,TRUE,TRUE,TRUE,TRUE,TRUE,TRUE,1,NA,NA,NA,NA,65,35,Grade E,Grade E,Critical penalty burden,50,15
fluid,0,0,0.5,0.25,0.5,TRUE,TRUE,TRUE,TRUE,TRUE,TRUE,1,NA,NA,NA,NA,22.5,77.5,Grade C,Grade C,Score-based certification,20,2.5
fluid,0.25,0,0.5,0.25,0.5,TRUE,TRUE,TRUE,TRUE,TRUE,TRUE,1,NA,NA,NA,NA,30,70,Grade C,Grade C,Score-based certification,35,5
fluid,0.5,0,0.5,0.25,0.5,TRUE,TRUE,TRUE,TRUE,TRUE,TRUE,1,NA,NA,NA,NA,37.5,62.5,Grade D,Grade D,Score-based certification,35,2.5
fluid,0.75,0,0.5,0.25,0.5,TRUE,TRUE,TRUE,TRUE,TRUE,TRUE,1,NA,NA,NA,NA,45,55,Grade D,Grade D,Score-based certification,50,5
fluid,1,0,0.5,0.25,0.5,TRUE,TRUE,TRUE,TRUE,TRUE,TRUE,1,NA,NA,NA,NA,52.5,47.5,Grade E,Grade E,Critical penalty burden,50,2.5
fluid,0,0.25,0.5,0.25,0.5,TRUE,TRUE,TRUE,TRUE,TRUE,TRUE,1,NA,NA,NA,NA,26.25,73.75,Grade C,Grade C,Score-based certification,20,6.25
fluid,0.25,0.25,0.5,0.25,0.5,TRUE,TRUE,TRUE,TRUE,TRUE,TRUE,1,NA,NA,NA,NA,33.75,66.25,Grade C,Grade C,Score-based certification,35,1.25
fluid,0.5,0.25,0.5,0.25,0.5,TRUE,TRUE,TRUE,TRUE,TRUE,TRUE,1,NA,NA,NA,NA,41.25,58.75,Grade D,Grade D,Score-based certification,35,6.25
fluid,0.75,0.25,0.5,0.25,0.5,TRUE,TRUE,TRUE,TRUE,TRUE,TRUE,1,NA,NA,NA,NA,48.75,51.25,Grade D,Grade D,Score-based certification,50,1.25
fluid,1,0.25,0.5,0.25,0.5,TRUE,TRUE,TRUE,TRUE,TRUE,TRUE,1,NA,NA,NA,NA,56.25,43.75,Grade E,Grade E,Critical penalty burden,50,6.25
fluid,0,0.5,0.5,0.25,0.5,TRUE,TRUE,TRUE,TRUE,TRUE,TRUE,1,NA,NA,NA,NA,30,70,Grade C,Grade C,Score-based certification,35,5
fluid,0.25,0.5,0.5,0.25,0.5,TRUE,TRUE,TRUE,TRUE,TRUE,TRUE,1,NA,NA,NA,NA,37.5,62.5,Grade D,Grade D,Score-based certification,35,2.5
fluid,0.5,0.5,0.5,0.25,0.5,TRUE,TRUE,TRUE,TRUE,TRUE,TRUE,1,NA,NA,NA,NA,45,55,Grade D,Grade D,Score-based certification,50,5
fluid,0.75,0.5,0.5,0.25,0.5,TRUE,TRUE,TRUE,TRUE,TRUE,TRUE,1,NA,NA,NA,NA,52.5,47.5,Grade E,Grade E,Critical penalty burden,50,2.5
fluid,1,0.5,0.5,0.25,0.5,TRUE,TRUE,TRUE,TRUE,TRUE,TRUE,1,NA,NA,NA,NA,60,40,Grade E,Grade E,Critical penalty burden,50,10
fluid,0,0.75,0.5,0.25,0.5,TRUE,TRUE,TRUE,TRUE,TRUE,TRUE,1,NA,NA,NA,NA,33.75,66.25,Grade C,Grade C,Score-based certification,35,1.25
fluid,0.25,0.75,0.5,0.25,0.5,TRUE,TRUE,TRUE,TRUE,TRUE,TRUE,1,NA,NA,NA,NA,41.25,58.75,Grade D,Grade D,Score-based certification,35,6.25
fluid,0.5,0.75,0.5,0.25,0.5,TRUE,TRUE,TRUE,TRUE,TRUE,TRUE,1,NA,NA,NA,NA,48.75,51.25,Grade D,Grade D,Score-based certification,50,1.25
fluid,0.75,0.75,0.5,0.25,0.5,TRUE,TRUE,TRUE,TRUE,TRUE,TRUE,1,NA,NA,NA,NA,56.25,43.75,Grade E,Grade E,Critical penalty burden,50,6.25
fluid,1,0.75,0.5,0.25,0.5,TRUE,TRUE,TRUE,TRUE,TRUE,TRUE,1,NA,NA,NA,NA,63.75,36.25,Grade E,Grade E,Critical penalty burden,50,13.75
fluid,0,1,0.5,0.25,0.5,TRUE,TRUE,TRUE,TRUE,TRUE,TRUE,1,NA,NA,NA,NA,37.5,62.5,Grade D,Grade D,Score-based certification,35,2.5
fluid,0.25,1,0.5,0.25,0.5,TRUE,TRUE,TRUE,TRUE,TRUE,TRUE,1,NA,NA,NA,NA,45,55,Grade D,Grade D,Score-based certification,50,5
fluid,0.5,1,0.5,0.25,0.5,TRUE,TRUE,TRUE,TRUE,TRUE,TRUE,1,NA,NA,NA,NA,52.5,47.5,Grade E,Grade E,Critical penalty burden,50,2.5
fluid,0.75,1,0.5,0.25,0.5,TRUE,TRUE,TRUE,TRUE,TRUE,TRUE,1,NA,NA,NA,NA,60,40,Grade E,Grade E,Critical penalty burden,50,10
fluid,1,1,0.5,0.25,0.5,TRUE,TRUE,TRUE,TRUE,TRUE,TRUE,1,NA,NA,NA,NA,67.5,32.5,Grade E,Grade E,Critical penalty burden,50,17.5
fluid,0,0,0.75,0.25,0.5,TRUE,TRUE,TRUE,TRUE,TRUE,TRUE,1,NA,NA,NA,NA,25,75,Grade C,Grade C,Score-based certification,20,5
fluid,0.25,0,0.75,0.25,0.5,TRUE,TRUE,TRUE,TRUE,TRUE,TRUE,1,NA,NA,NA,NA,32.5,67.5,Grade C,Grade C,Score-based certification,35,2.5
fluid,0.5,0,0.75,0.25,0.5,TRUE,TRUE,TRUE,TRUE,TRUE,TRUE,1,NA,NA,NA,NA,40,60,Grade D,Grade D,Score-based certification,35,5
fluid,0.75,0,0.75,0.25,0.5,TRUE,TRUE,TRUE,TRUE,TRUE,TRUE,1,NA,NA,NA,NA,47.5,52.5,Grade D,Grade D,Score-based certification,50,2.5
fluid,1,0,0.75,0.25,0.5,TRUE,TRUE,TRUE,TRUE,TRUE,TRUE,1,NA,NA,NA,NA,55,45,Grade E,Grade E,Critical penalty burden,50,5
fluid,0,0.25,0.75,0.25,0.5,TRUE,TRUE,TRUE,TRUE,TRUE,TRUE,1,NA,NA,NA,NA,28.75,71.25,Grade C,Grade C,Score-based certification,35,6.25
fluid,0.25,0.25,0.75,0.25,0.5,TRUE,TRUE,TRUE,TRUE,TRUE,TRUE,1,NA,NA,NA,NA,36.25,63.75,Grade D,Grade D,Score-based certification,35,1.25
fluid,0.5,0.25,0.75,0.25,0.5,TRUE,TRUE,TRUE,TRUE,TRUE,TRUE,1,NA,NA,NA,NA,43.75,56.25,Grade D,Grade D,Score-based certification,50,6.25
fluid,0.75,0.25,0.75,0.25,0.5,TRUE,TRUE,TRUE,TRUE,TRUE,TRUE,1,NA,NA,NA,NA,51.25,48.75,Grade E,Grade E,Critical penalty burden,50,1.25
fluid,1,0.25,0.75,0.25,0.5,TRUE,TRUE,TRUE,TRUE,TRUE,TRUE,1,NA,NA,NA,NA,58.75,41.25,Grade E,Grade E,Critical penalty burden,50,8.75
fluid,0,0.5,0.75,0.25,0.5,TRUE,TRUE,TRUE,TRUE,TRUE,TRUE,1,NA,NA,NA,NA,32.5,67.5,Grade C,Grade C,Score-based certification,35,2.5
fluid,0.25,0.5,0.75,0.25,0.5,TRUE,TRUE,TRUE,TRUE,TRUE,TRUE,1,NA,NA,NA,NA,40,60,Grade D,Grade D,Score-based certification,35,5
fluid,0.5,0.5,0.75,0.25,0.5,TRUE,TRUE,TRUE,TRUE,TRUE,TRUE,1,NA,NA,NA,NA,47.5,52.5,Grade D,Grade D,Score-based certification,50,2.5
fluid,0.75,0.5,0.75,0.25,0.5,TRUE,TRUE,TRUE,TRUE,TRUE,TRUE,1,NA,NA,NA,NA,55,45,Grade E,Grade E,Critical penalty burden,50,5
fluid,1,0.5,0.75,0.25,0.5,TRUE,TRUE,TRUE,TRUE,TRUE,TRUE,1,NA,NA,NA,NA,62.5,37.5,Grade E,Grade E,Critical penalty burden,50,12.5
fluid,0,0.75,0.75,0.25,0.5,TRUE,TRUE,TRUE,TRUE,TRUE,TRUE,1,NA,NA,NA,NA,36.25,63.75,Grade D,Grade D,Score-based certification,35,1.25
fluid,0.25,0.75,0.75,0.25,0.5,TRUE,TRUE,TRUE,TRUE,TRUE,TRUE,1,NA,NA,NA,NA,43.75,56.25,Grade D,Grade D,Score-based certification,50,6.25
fluid,0.5,0.75,0.75,0.25,0.5,TRUE,TRUE,TRUE,TRUE,TRUE,TRUE,1,NA,NA,NA,NA,51.25,48.75,Grade E,Grade E,Critical penalty burden,50,1.25
fluid,0.75,0.75,0.75,0.25,0.5,TRUE,TRUE,TRUE,TRUE,TRUE,TRUE,1,NA,NA,NA,NA,58.75,41.25,Grade E,Grade E,Critical penalty burden,50,8.75
fluid,1,0.75,0.75,0.25,0.5,TRUE,TRUE,TRUE,TRUE,TRUE,TRUE,1,NA,NA,NA,NA,66.25,33.75,Grade E,Grade E,Critical penalty burden,50,16.25
fluid,0,1,0.75,0.25,0.5,TRUE,TRUE,TRUE,TRUE,TRUE,TRUE,1,NA,NA,NA,NA,40,60,Grade D,Grade D,Score-based certification,35,5
fluid,0.25,1,0.75,0.25,0.5,TRUE,TRUE,TRUE,TRUE,TRUE,TRUE,1,NA,NA,NA,NA,47.5,52.5,Grade D,Grade D,Score-based certification,50,2.5
fluid,0.5,1,0.75,0.25,0.5,TRUE,TRUE,TRUE,TRUE,TRUE,TRUE,1,NA,NA,NA,NA,55,45,Grade E,Grade E,Critical penalty burden,50,5
fluid,0.75,1,0.75,0.25,0.5,TRUE,TRUE,TRUE,TRUE,TRUE,TRUE,1,NA,NA,NA,NA,62.5,37.5,Grade E,Grade E,Critical penalty burden,50,12.5
fluid,1,1,0.75,0.25,0.5,TRUE,TRUE,TRUE,TRUE,TRUE,TRUE,1,NA,NA,NA,NA,70,30,Grade E,Grade E,Critical penalty burden,50,20
fluid,0,0,1,0.25,0.5,TRUE,TRUE,TRUE,TRUE,TRUE,TRUE,1,NA,NA,NA,NA,27.5,72.5,Grade C,Grade C,Score-based certification,20,7.5
fluid,0.25,0,1,0.25,0.5,TRUE,TRUE,TRUE,TRUE,TRUE,TRUE,1,NA,NA,NA,NA,35,65,Grade C,Grade C,Score-based certification,35,0
fluid,0.5,0,1,0.25,0.5,TRUE,TRUE,TRUE,TRUE,TRUE,TRUE,1,NA,NA,NA,NA,42.5,57.5,Grade D,Grade D,Score-based certification,35,7.5
fluid,0.75,0,1,0.25,0.5,TRUE,TRUE,TRUE,TRUE,TRUE,TRUE,1,NA,NA,NA,NA,50,50,Grade D,Grade D,Score-based certification,50,0
fluid,1,0,1,0.25,0.5,TRUE,TRUE,TRUE,TRUE,TRUE,TRUE,1,NA,NA,NA,NA,57.5,42.5,Grade E,Grade E,Critical penalty burden,50,7.5
fluid,0,0.25,1,0.25,0.5,TRUE,TRUE,TRUE,TRUE,TRUE,TRUE,1,NA,NA,NA,NA,31.25,68.75,Grade C,Grade C,Score-based certification,35,3.75
fluid,0.25,0.25,1,0.25,0.5,TRUE,TRUE,TRUE,TRUE,TRUE,TRUE,1,NA,NA,NA,NA,38.75,61.25,Grade D,Grade D,Score-based certification,35,3.75
fluid,0.5,0.25,1,0.25,0.5,TRUE,TRUE,TRUE,TRUE,TRUE,TRUE,1,NA,NA,NA,NA,46.25,53.75,Grade D,Grade D,Score-based certification,50,3.75
fluid,0.75,0.25,1,0.25,0.5,TRUE,TRUE,TRUE,TRUE,TRUE,TRUE,1,NA,NA,NA,NA,53.75,46.25,Grade E,Grade E,Critical penalty burden,50,3.75
fluid,1,0.25,1,0.25,0.5,TRUE,TRUE,TRUE,TRUE,TRUE,TRUE,1,NA,NA,NA,NA,61.25,38.75,Grade E,Grade E,Critical penalty burden,50,11.25
fluid,0,0.5,1,0.25,0.5,TRUE,TRUE,TRUE,TRUE,TRUE,TRUE,1,NA,NA,NA,NA,35,65,Grade C,Grade C,Score-based certification,35,0
fluid,0.25,0.5,1,0.25,0.5,TRUE,TRUE,TRUE,TRUE,TRUE,TRUE,1,NA,NA,NA,NA,42.5,57.5,Grade D,Grade D,Score-based certification,35,7.5
fluid,0.5,0.5,1,0.25,0.5,TRUE,TRUE,TRUE,TRUE,TRUE,TRUE,1,NA,NA,NA,NA,50,50,Grade D,Grade D,Score-based certification,50,0
fluid,0.75,0.5,1,0.25,0.5,TRUE,TRUE,TRUE,TRUE,TRUE,TRUE,1,NA,NA,NA,NA,57.5,42.5,Grade E,Grade E,Critical penalty burden,50,7.5
fluid,1,0.5,1,0.25,0.5,TRUE,TRUE,TRUE,TRUE,TRUE,TRUE,1,NA,NA,NA,NA,65,35,Grade E,Grade E,Critical penalty burden,50,15
fluid,0,0.75,1,0.25,0.5,TRUE,TRUE,TRUE,TRUE,TRUE,TRUE,1,NA,NA,NA,NA,38.75,61.25,Grade D,Grade D,Score-based certification,35,3.75
fluid,0.25,0.75,1,0.25,0.5,TRUE,TRUE,TRUE,TRUE,TRUE,TRUE,1,NA,NA,NA,NA,46.25,53.75,Grade D,Grade D,Score-based certification,50,3.75
fluid,0.5,0.75,1,0.25,0.5,TRUE,TRUE,TRUE,TRUE,TRUE,TRUE,1,NA,NA,NA,NA,53.75,46.25,Grade E,Grade E,Critical penalty burden,50,3.75
fluid,0.75,0.75,1,0.25,0.5,TRUE,TRUE,TRUE,TRUE,TRUE,TRUE,1,NA,NA,NA,NA,61.25,38.75,Grade E,Grade E,Critical penalty burden,50,11.25
fluid,1,0.75,1,0.25,0.5,TRUE,TRUE,TRUE,TRUE,TRUE,TRUE,1,NA,NA,NA,NA,68.75,31.25,Grade E,Grade E,Critical penalty burden,50,18.75
fluid,0,1,1,0.25,0.5,TRUE,TRUE,TRUE,TRUE,TRUE,TRUE,1,NA,NA,NA,NA,42.5,57.5,Grade D,Grade D,Score-based certification,35,7.5
fluid,0.25,1,1,0.25,0.5,TRUE,TRUE,TRUE,TRUE,TRUE,TRUE,1,NA,NA,NA,NA,50,50,Grade D,Grade D,Score-based certification,50,0
fluid,0.5,1,1,0.25,0.5,TRUE,TRUE,TRUE,TRUE,TRUE,TRUE,1,NA,NA,NA,NA,57.5,42.5,Grade E,Grade E,Critical penalty burden,50,7.5
fluid,0.75,1,1,0.25,0.5,TRUE,TRUE,TRUE,TRUE,TRUE,TRUE,1,NA,NA,NA,NA,65,35,Grade E,Grade E,Critical penalty burden,50,15
fluid,1,1,1,0.25,0.5,TRUE,TRUE,TRUE,TRUE,TRUE,TRUE,1,NA,NA,NA,NA,72.5,27.5,Grade E,Grade E,Critical penalty burden,50,22.5
fluid,0,0,0,0.5,0.5,TRUE,TRUE,TRUE,TRUE,TRUE,TRUE,1,NA,NA,NA,NA,22.5,77.5,Grade C,Grade C,Score-based certification,20,2.5
fluid,0.25,0,0,0.5,0.5,TRUE,TRUE,TRUE,TRUE,TRUE,TRUE,1,NA,NA,NA,NA,30,70,Grade C,Grade C,Score-based certification,35,5
fluid,0.5,0,0,0.5,0.5,TRUE,TRUE,TRUE,TRUE,TRUE,TRUE,1,NA,NA,NA,NA,37.5,62.5,Grade D,Grade D,Score-based certification,35,2.5
fluid,0.75,0,0,0.5,0.5,TRUE,TRUE,TRUE,TRUE,TRUE,TRUE,1,NA,NA,NA,NA,45,55,Grade D,Grade D,Score-based certification,50,5
fluid,1,0,0,0.5,0.5,TRUE,TRUE,TRUE,TRUE,TRUE,TRUE,1,NA,NA,NA,NA,52.5,47.5,Grade E,Grade E,Critical penalty burden,50,2.5
fluid,0,0.25,0,0.5,0.5,TRUE,TRUE,TRUE,TRUE,TRUE,TRUE,1,NA,NA,NA,NA,26.25,73.75,Grade C,Grade C,Score-based certification,20,6.25
fluid,0.25,0.25,0,0.5,0.5,TRUE,TRUE,TRUE,TRUE,TRUE,TRUE,1,NA,NA,NA,NA,33.75,66.25,Grade C,Grade C,Score-based certification,35,1.25
fluid,0.5,0.25,0,0.5,0.5,TRUE,TRUE,TRUE,TRUE,TRUE,TRUE,1,NA,NA,NA,NA,41.25,58.75,Grade D,Grade D,Score-based certification,35,6.25
fluid,0.75,0.25,0,0.5,0.5,TRUE,TRUE,TRUE,TRUE,TRUE,TRUE,1,NA,NA,NA,NA,48.75,51.25,Grade D,Grade D,Score-based certification,50,1.25
fluid,1,0.25,0,0.5,0.5,TRUE,TRUE,TRUE,TRUE,TRUE,TRUE,1,NA,NA,NA,NA,56.25,43.75,Grade E,Grade E,Critical penalty burden,50,6.25
fluid,0,0.5,0,0.5,0.5,TRUE,TRUE,TRUE,TRUE,TRUE,TRUE,1,NA,NA,NA,NA,30,70,Grade C,Grade C,Score-based certification,35,5
fluid,0.25,0.5,0,0.5,0.5,TRUE,TRUE,TRUE,TRUE,TRUE,TRUE,1,NA,NA,NA,NA,37.5,62.5,Grade D,Grade D,Score-based certification,35,2.5
fluid,0.5,0.5,0,0.5,0.5,TRUE,TRUE,TRUE,TRUE,TRUE,TRUE,1,NA,NA,NA,NA,45,55,Grade D,Grade D,Score-based certification,50,5
fluid,0.75,0.5,0,0.5,0.5,TRUE,TRUE,TRUE,TRUE,TRUE,TRUE,1,NA,NA,NA,NA,52.5,47.5,Grade E,Grade E,Critical penalty burden,50,2.5
fluid,1,0.5,0,0.5,0.5,TRUE,TRUE,TRUE,TRUE,TRUE,TRUE,1,NA,NA,NA,NA,60,40,Grade E,Grade E,Critical penalty burden,50,10
fluid,0,0.75,0,0.5,0.5,TRUE,TRUE,TRUE,TRUE,TRUE,TRUE,1,NA,NA,NA,NA,33.75,66.25,Grade C,Grade C,Score-based certification,35,1.25
fluid,0.25,0.75,0,0.5,0.5,TRUE,TRUE,TRUE,TRUE,TRUE,TRUE,1,NA,NA,NA,NA,41.25,58.75,Grade D,Grade D,Score-based certification,35,6.25
fluid,0.5,0.75,0,0.5,0.5,TRUE,TRUE,TRUE,TRUE,TRUE,TRUE,1,NA,NA,NA,NA,48.75,51.25,Grade D,Grade D,Score-based certification,50,1.25
fluid,0.75,0.75,0,0.5,0.5,TRUE,TRUE,TRUE,TRUE,TRUE,TRUE,1,NA,NA,NA,NA,56.25,43.75,Grade E,Grade E,Critical penalty burden,50,6.25
fluid,1,0.75,0,0.5,0.5,TRUE,TRUE,TRUE,TRUE,TRUE,TRUE,1,NA,NA,NA,NA,63.75,36.25,Grade E,Grade E,Critical penalty burden,50,13.75
fluid,0,1,0,0.5,0.5,TRUE,TRUE,TRUE,TRUE,TRUE,TRUE,1,NA,NA,NA,NA,37.5,62.5,Grade D,Grade D,Score-based certification,35,2.5
fluid,0.25,1,0,0.5,0.5,TRUE,TRUE,TRUE,TRUE,TRUE,TRUE,1,NA,NA,NA,NA,45,55,Grade D,Grade D,Score-based certification,50,5
fluid,0.5,1,0,0.5,0.5,TRUE,TRUE,TRUE,TRUE,TRUE,TRUE,1,NA,NA,NA,NA,52.5,47.5,Grade E,Grade E,Critical penalty burden,50,2.5
fluid,0.75,1,0,0.5,0.5,TRUE,TRUE,TRUE,TRUE,TRUE,TRUE,1,NA,NA,NA,NA,60,40,Grade E,Grade E,Critical penalty burden,50,10
fluid,1,1,0,0.5,0.5,TRUE,TRUE,TRUE,TRUE,TRUE,TRUE,1,NA,NA,NA,NA,67.5,32.5,Grade E,Grade E,Critical penalty burden,50,17.5
fluid,0,0,0.25,0.5,0.5,TRUE,TRUE,TRUE,TRUE,TRUE,TRUE,1,NA,NA,NA,NA,25,75,Grade C,Grade C,Score-based certification,20,5
fluid,0.25,0,0.25,0.5,0.5,TRUE,TRUE,TRUE,TRUE,TRUE,TRUE,1,NA,NA,NA,NA,32.5,67.5,Grade C,Grade C,Score-based certification,35,2.5
fluid,0.5,0,0.25,0.5,0.5,TRUE,TRUE,TRUE,TRUE,TRUE,TRUE,1,NA,NA,NA,NA,40,60,Grade D,Grade D,Score-based certification,35,5
fluid,0.75,0,0.25,0.5,0.5,TRUE,TRUE,TRUE,TRUE,TRUE,TRUE,1,NA,NA,NA,NA,47.5,52.5,Grade D,Grade D,Score-based certification,50,2.5
fluid,1,0,0.25,0.5,0.5,TRUE,TRUE,TRUE,TRUE,TRUE,TRUE,1,NA,NA,NA,NA,55,45,Grade E,Grade E,Critical penalty burden,50,5
fluid,0,0.25,0.25,0.5,0.5,TRUE,TRUE,TRUE,TRUE,TRUE,TRUE,1,NA,NA,NA,NA,28.75,71.25,Grade C,Grade C,Score-based certification,35,6.25
fluid,0.25,0.25,0.25,0.5,0.5,TRUE,TRUE,TRUE,TRUE,TRUE,TRUE,1,NA,NA,NA,NA,36.25,63.75,Grade D,Grade D,Score-based certification,35,1.25
fluid,0.5,0.25,0.25,0.5,0.5,TRUE,TRUE,TRUE,TRUE,TRUE,TRUE,1,NA,NA,NA,NA,43.75,56.25,Grade D,Grade D,Score-based certification,50,6.25
fluid,0.75,0.25,0.25,0.5,0.5,TRUE,TRUE,TRUE,TRUE,TRUE,TRUE,1,NA,NA,NA,NA,51.25,48.75,Grade E,Grade E,Critical penalty burden,50,1.25
fluid,1,0.25,0.25,0.5,0.5,TRUE,TRUE,TRUE,TRUE,TRUE,TRUE,1,NA,NA,NA,NA,58.75,41.25,Grade E,Grade E,Critical penalty burden,50,8.75
fluid,0,0.5,0.25,0.5,0.5,TRUE,TRUE,TRUE,TRUE,TRUE,TRUE,1,NA,NA,NA,NA,32.5,67.5,Grade C,Grade C,Score-based certification,35,2.5
fluid,0.25,0.5,0.25,0.5,0.5,TRUE,TRUE,TRUE,TRUE,TRUE,TRUE,1,NA,NA,NA,NA,40,60,Grade D,Grade D,Score-based certification,35,5
fluid,0.5,0.5,0.25,0.5,0.5,TRUE,TRUE,TRUE,TRUE,TRUE,TRUE,1,NA,NA,NA,NA,47.5,52.5,Grade D,Grade D,Score-based certification,50,2.5
fluid,0.75,0.5,0.25,0.5,0.5,TRUE,TRUE,TRUE,TRUE,TRUE,TRUE,1,NA,NA,NA,NA,55,45,Grade E,Grade E,Critical penalty burden,50,5
fluid,1,0.5,0.25,0.5,0.5,TRUE,TRUE,TRUE,TRUE,TRUE,TRUE,1,NA,NA,NA,NA,62.5,37.5,Grade E,Grade E,Critical penalty burden,50,12.5
fluid,0,0.75,0.25,0.5,0.5,TRUE,TRUE,TRUE,TRUE,TRUE,TRUE,1,NA,NA,NA,NA,36.25,63.75,Grade D,Grade D,Score-based certification,35,1.25
fluid,0.25,0.75,0.25,0.5,0.5,TRUE,TRUE,TRUE,TRUE,TRUE,TRUE,1,NA,NA,NA,NA,43.75,56.25,Grade D,Grade D,Score-based certification,50,6.25
fluid,0.5,0.75,0.25,0.5,0.5,TRUE,TRUE,TRUE,TRUE,TRUE,TRUE,1,NA,NA,NA,NA,51.25,48.75,Grade E,Grade E,Critical penalty burden,50,1.25
fluid,0.75,0.75,0.25,0.5,0.5,TRUE,TRUE,TRUE,TRUE,TRUE,TRUE,1,NA,NA,NA,NA,58.75,41.25,Grade E,Grade E,Critical penalty burden,50,8.75
fluid,1,0.75,0.25,0.5,0.5,TRUE,TRUE,TRUE,TRUE,TRUE,TRUE,1,NA,NA,NA,NA,66.25,33.75,Grade E,Grade E,Critical penalty burden,50,16.25
fluid,0,1,0.25,0.5,0.5,TRUE,TRUE,TRUE,TRUE,TRUE,TRUE,1,NA,NA,NA,NA,40,60,Grade D,Grade D,Score-based certification,35,5
fluid,0.25,1,0.25,0.5,0.5,TRUE,TRUE,TRUE,TRUE,TRUE,TRUE,1,NA,NA,NA,NA,47.5,52.5,Grade D,Grade D,Score-based certification,50,2.5
fluid,0.5,1,0.25,0.5,0.5,TRUE,TRUE,TRUE,TRUE,TRUE,TRUE,1,NA,NA,NA,NA,55,45,Grade E,Grade E,Critical penalty burden,50,5
fluid,0.75,1,0.25,0.5,0.5,TRUE,TRUE,TRUE,TRUE,TRUE,TRUE,1,NA,NA,NA,NA,62.5,37.5,Grade E,Grade E,Critical penalty burden,50,12.5
fluid,1,1,0.25,0.5,0.5,TRUE,TRUE,TRUE,TRUE,TRUE,TRUE,1,NA,NA,NA,NA,70,30,Grade E,Grade E,Critical penalty burden,50,20
fluid,0,0,0.5,0.5,0.5,TRUE,TRUE,TRUE,TRUE,TRUE,TRUE,1,NA,NA,NA,NA,27.5,72.5,Grade C,Grade C,Score-based certification,20,7.5
fluid,0.25,0,0.5,0.5,0.5,TRUE,TRUE,TRUE,TRUE,TRUE,TRUE,1,NA,NA,NA,NA,35,65,Grade C,Grade C,Score-based certification,35,0
fluid,0.5,0,0.5,0.5,0.5,TRUE,TRUE,TRUE,TRUE,TRUE,TRUE,1,NA,NA,NA,NA,42.5,57.5,Grade D,Grade D,Score-based certification,35,7.5
fluid,0.75,0,0.5,0.5,0.5,TRUE,TRUE,TRUE,TRUE,TRUE,TRUE,1,NA,NA,NA,NA,50,50,Grade D,Grade D,Score-based certification,50,0
fluid,1,0,0.5,0.5,0.5,TRUE,TRUE,TRUE,TRUE,TRUE,TRUE,1,NA,NA,NA,NA,57.5,42.5,Grade E,Grade E,Critical penalty burden,50,7.5
fluid,0,0.25,0.5,0.5,0.5,TRUE,TRUE,TRUE,TRUE,TRUE,TRUE,1,NA,NA,NA,NA,31.25,68.75,Grade C,Grade C,Score-based certification,35,3.75
fluid,0.25,0.25,0.5,0.5,0.5,TRUE,TRUE,TRUE,TRUE,TRUE,TRUE,1,NA,NA,NA,NA,38.75,61.25,Grade D,Grade D,Score-based certification,35,3.75
fluid,0.5,0.25,0.5,0.5,0.5,TRUE,TRUE,TRUE,TRUE,TRUE,TRUE,1,NA,NA,NA,NA,46.25,53.75,Grade D,Grade D,Score-based certification,50,3.75
fluid,0.75,0.25,0.5,0.5,0.5,TRUE,TRUE,TRUE,TRUE,TRUE,TRUE,1,NA,NA,NA,NA,53.75,46.25,Grade E,Grade E,Critical penalty burden,50,3.75
fluid,1,0.25,0.5,0.5,0.5,TRUE,TRUE,TRUE,TRUE,TRUE,TRUE,1,NA,NA,NA,NA,61.25,38.75,Grade E,Grade E,Critical penalty burden,50,11.25
fluid,0,0.5,0.5,0.5,0.5,TRUE,TRUE,TRUE,TRUE,TRUE,TRUE,1,NA,NA,NA,NA,35,65,Grade C,Grade C,Score-based certification,35,0
fluid,0.25,0.5,0.5,0.5,0.5,TRUE,TRUE,TRUE,TRUE,TRUE,TRUE,1,NA,NA,NA,NA,42.5,57.5,Grade D,Grade D,Score-based certification,35,7.5
fluid,0.5,0.5,0.5,0.5,0.5,TRUE,TRUE,TRUE,TRUE,TRUE,TRUE,1,NA,NA,NA,NA,50,50,Grade D,Grade D,Score-based certification,50,0
fluid,0.75,0.5,0.5,0.5,0.5,TRUE,TRUE,TRUE,TRUE,TRUE,TRUE,1,NA,NA,NA,NA,57.5,42.5,Grade E,Grade E,Critical penalty burden,50,7.5
fluid,1,0.5,0.5,0.5,0.5,TRUE,TRUE,TRUE,TRUE,TRUE,TRUE,1,NA,NA,NA,NA,65,35,Grade E,Grade E,Critical penalty burden,50,15
fluid,0,0.75,0.5,0.5,0.5,TRUE,TRUE,TRUE,TRUE,TRUE,TRUE,1,NA,NA,NA,NA,38.75,61.25,Grade D,Grade D,Score-based certification,35,3.75
fluid,0.25,0.75,0.5,0.5,0.5,TRUE,TRUE,TRUE,TRUE,TRUE,TRUE,1,NA,NA,NA,NA,46.25,53.75,Grade D,Grade D,Score-based certification,50,3.75
fluid,0.5,0.75,0.5,0.5,0.5,TRUE,TRUE,TRUE,TRUE,TRUE,TRUE,1,NA,NA,NA,NA,53.75,46.25,Grade E,Grade E,Critical penalty burden,50,3.75
fluid,0.75,0.75,0.5,0.5,0.5,TRUE,TRUE,TRUE,TRUE,TRUE,TRUE,1,NA,NA,NA,NA,61.25,38.75,Grade E,Grade E,Critical penalty burden,50,11.25
fluid,1,0.75,0.5,0.5,0.5,TRUE,TRUE,TRUE,TRUE,TRUE,TRUE,1,NA,NA,NA,NA,68.75,31.25,Grade E,Grade E,Critical penalty burden,50,18.75
fluid,0,1,0.5,0.5,0.5,TRUE,TRUE,TRUE,TRUE,TRUE,TRUE,1,NA,NA,NA,NA,42.5,57.5,Grade D,Grade D,Score-based certification,35,7.5
fluid,0.25,1,0.5,0.5,0.5,TRUE,TRUE,TRUE,TRUE,TRUE,TRUE,1,NA,NA,NA,NA,50,50,Grade D,Grade D,Score-based certification,50,0
fluid,0.5,1,0.5,0.5,0.5,TRUE,TRUE,TRUE,TRUE,TRUE,TRUE,1,NA,NA,NA,NA,57.5,42.5,Grade E,Grade E,Critical penalty burden,50,7.5
fluid,0.75,1,0.5,0.5,0.5,TRUE,TRUE,TRUE,TRUE,TRUE,TRUE,1,NA,NA,NA,NA,65,35,Grade E,Grade E,Critical penalty burden,50,15
fluid,1,1,0.5,0.5,0.5,TRUE,TRUE,TRUE,TRUE,TRUE,TRUE,1,NA,NA,NA,NA,72.5,27.5,Grade E,Grade E,Critical penalty burden,50,22.5
fluid,0,0,0.75,0.5,0.5,TRUE,TRUE,TRUE,TRUE,TRUE,TRUE,1,NA,NA,NA,NA,30,70,Grade C,Grade C,Score-based certification,35,5
fluid,0.25,0,0.75,0.5,0.5,TRUE,TRUE,TRUE,TRUE,TRUE,TRUE,1,NA,NA,NA,NA,37.5,62.5,Grade D,Grade D,Score-based certification,35,2.5
fluid,0.5,0,0.75,0.5,0.5,TRUE,TRUE,TRUE,TRUE,TRUE,TRUE,1,NA,NA,NA,NA,45,55,Grade D,Grade D,Score-based certification,50,5
fluid,0.75,0,0.75,0.5,0.5,TRUE,TRUE,TRUE,TRUE,TRUE,TRUE,1,NA,NA,NA,NA,52.5,47.5,Grade E,Grade E,Critical penalty burden,50,2.5
fluid,1,0,0.75,0.5,0.5,TRUE,TRUE,TRUE,TRUE,TRUE,TRUE,1,NA,NA,NA,NA,60,40,Grade E,Grade E,Critical penalty burden,50,10
fluid,0,0.25,0.75,0.5,0.5,TRUE,TRUE,TRUE,TRUE,TRUE,TRUE,1,NA,NA,NA,NA,33.75,66.25,Grade C,Grade C,Score-based certification,35,1.25
fluid,0.25,0.25,0.75,0.5,0.5,TRUE,TRUE,TRUE,TRUE,TRUE,TRUE,1,NA,NA,NA,NA,41.25,58.75,Grade D,Grade D,Score-based certification,35,6.25
fluid,0.5,0.25,0.75,0.5,0.5,TRUE,TRUE,TRUE,TRUE,TRUE,TRUE,1,NA,NA,NA,NA,48.75,51.25,Grade D,Grade D,Score-based certification,50,1.25
fluid,0.75,0.25,0.75,0.5,0.5,TRUE,TRUE,TRUE,TRUE,TRUE,TRUE,1,NA,NA,NA,NA,56.25,43.75,Grade E,Grade E,Critical penalty burden,50,6.25
fluid,1,0.25,0.75,0.5,0.5,TRUE,TRUE,TRUE,TRUE,TRUE,TRUE,1,NA,NA,NA,NA,63.75,36.25,Grade E,Grade E,Critical penalty burden,50,13.75
fluid,0,0.5,0.75,0.5,0.5,TRUE,TRUE,TRUE,TRUE,TRUE,TRUE,1,NA,NA,NA,NA,37.5,62.5,Grade D,Grade D,Score-based certification,35,2.5
fluid,0.25,0.5,0.75,0.5,0.5,TRUE,TRUE,TRUE,TRUE,TRUE,TRUE,1,NA,NA,NA,NA,45,55,Grade D,Grade D,Score-based certification,50,5
fluid,0.5,0.5,0.75,0.5,0.5,TRUE,TRUE,TRUE,TRUE,TRUE,TRUE,1,NA,NA,NA,NA,52.5,47.5,Grade E,Grade E,Critical penalty burden,50,2.5
fluid,0.75,0.5,0.75,0.5,0.5,TRUE,TRUE,TRUE,TRUE,TRUE,TRUE,1,NA,NA,NA,NA,60,40,Grade E,Grade E,Critical penalty burden,50,10
fluid,1,0.5,0.75,0.5,0.5,TRUE,TRUE,TRUE,TRUE,TRUE,TRUE,1,NA,NA,NA,NA,67.5,32.5,Grade E,Grade E,Critical penalty burden,50,17.5
fluid,0,0.75,0.75,0.5,0.5,TRUE,TRUE,TRUE,TRUE,TRUE,TRUE,1,NA,NA,NA,NA,41.25,58.75,Grade D,Grade D,Score-based certification,35,6.25
fluid,0.25,0.75,0.75,0.5,0.5,TRUE,TRUE,TRUE,TRUE,TRUE,TRUE,1,NA,NA,NA,NA,48.75,51.25,Grade D,Grade D,Score-based certification,50,1.25
fluid,0.5,0.75,0.75,0.5,0.5,TRUE,TRUE,TRUE,TRUE,TRUE,TRUE,1,NA,NA,NA,NA,56.25,43.75,Grade E,Grade E,Critical penalty burden,50,6.25
fluid,0.75,0.75,0.75,0.5,0.5,TRUE,TRUE,TRUE,TRUE,TRUE,TRUE,1,NA,NA,NA,NA,63.75,36.25,Grade E,Grade E,Critical penalty burden,50,13.75
fluid,1,0.75,0.75,0.5,0.5,TRUE,TRUE,TRUE,TRUE,TRUE,TRUE,1,NA,NA,NA,NA,71.25,28.75,Grade E,Grade E,Critical penalty burden,50,21.25
fluid,0,1,0.75,0.5,0.5,TRUE,TRUE,TRUE,TRUE,TRUE,TRUE,1,NA,NA,NA,NA,45,55,Grade D,Grade D,Score-based certification,50,5
fluid,0.25,1,0.75,0.5,0.5,TRUE,TRUE,TRUE,TRUE,TRUE,TRUE,1,NA,NA,NA,NA,52.5,47.5,Grade E,Grade E,Critical penalty burden,50,2.5
fluid,0.5,1,0.75,0.5,0.5,TRUE,TRUE,TRUE,TRUE,TRUE,TRUE,1,NA,NA,NA,NA,60,40,Grade E,Grade E,Critical penalty burden,50,10
fluid,0.75,1,0.75,0.5,0.5,TRUE,TRUE,TRUE,TRUE,TRUE,TRUE,1,NA,NA,NA,NA,67.5,32.5,Grade E,Grade E,Critical penalty burden,50,17.5
fluid,1,1,0.75,0.5,0.5,TRUE,TRUE,TRUE,TRUE,TRUE,TRUE,1,NA,NA,NA,NA,75,25,Grade E,Grade E,Critical penalty burden,50,25
fluid,0,0,1,0.5,0.5,TRUE,TRUE,TRUE,TRUE,TRUE,TRUE,1,NA,NA,NA,NA,32.5,67.5,Grade C,Grade C,Score-based certification,35,2.5
fluid,0.25,0,1,0.5,0.5,TRUE,TRUE,TRUE,TRUE,TRUE,TRUE,1,NA,NA,NA,NA,40,60,Grade D,Grade D,Score-based certification,35,5
fluid,0.5,0,1,0.5,0.5,TRUE,TRUE,TRUE,TRUE,TRUE,TRUE,1,NA,NA,NA,NA,47.5,52.5,Grade D,Grade D,Score-based certification,50,2.5
fluid,0.75,0,1,0.5,0.5,TRUE,TRUE,TRUE,TRUE,TRUE,TRUE,1,NA,NA,NA,NA,55,45,Grade E,Grade E,Critical penalty burden,50,5
fluid,1,0,1,0.5,0.5,TRUE,TRUE,TRUE,TRUE,TRUE,TRUE,1,NA,NA,NA,NA,62.5,37.5,Grade E,Grade E,Critical penalty burden,50,12.5
fluid,0,0.25,1,0.5,0.5,TRUE,TRUE,TRUE,TRUE,TRUE,TRUE,1,NA,NA,NA,NA,36.25,63.75,Grade D,Grade D,Score-based certification,35,1.25
fluid,0.25,0.25,1,0.5,0.5,TRUE,TRUE,TRUE,TRUE,TRUE,TRUE,1,NA,NA,NA,NA,43.75,56.25,Grade D,Grade D,Score-based certification,50,6.25
fluid,0.5,0.25,1,0.5,0.5,TRUE,TRUE,TRUE,TRUE,TRUE,TRUE,1,NA,NA,NA,NA,51.25,48.75,Grade E,Grade E,Critical penalty burden,50,1.25
fluid,0.75,0.25,1,0.5,0.5,TRUE,TRUE,TRUE,TRUE,TRUE,TRUE,1,NA,NA,NA,NA,58.75,41.25,Grade E,Grade E,Critical penalty burden,50,8.75
fluid,1,0.25,1,0.5,0.5,TRUE,TRUE,TRUE,TRUE,TRUE,TRUE,1,NA,NA,NA,NA,66.25,33.75,Grade E,Grade E,Critical penalty burden,50,16.25
fluid,0,0.5,1,0.5,0.5,TRUE,TRUE,TRUE,TRUE,TRUE,TRUE,1,NA,NA,NA,NA,40,60,Grade D,Grade D,Score-based certification,35,5
fluid,0.25,0.5,1,0.5,0.5,TRUE,TRUE,TRUE,TRUE,TRUE,TRUE,1,NA,NA,NA,NA,47.5,52.5,Grade D,Grade D,Score-based certification,50,2.5
fluid,0.5,0.5,1,0.5,0.5,TRUE,TRUE,TRUE,TRUE,TRUE,TRUE,1,NA,NA,NA,NA,55,45,Grade E,Grade E,Critical penalty burden,50,5
fluid,0.75,0.5,1,0.5,0.5,TRUE,TRUE,TRUE,TRUE,TRUE,TRUE,1,NA,NA,NA,NA,62.5,37.5,Grade E,Grade E,Critical penalty burden,50,12.5
fluid,1,0.5,1,0.5,0.5,TRUE,TRUE,TRUE,TRUE,TRUE,TRUE,1,NA,NA,NA,NA,70,30,Grade E,Grade E,Critical penalty burden,50,20
fluid,0,0.75,1,0.5,0.5,TRUE,TRUE,TRUE,TRUE,TRUE,TRUE,1,NA,NA,NA,NA,43.75,56.25,Grade D,Grade D,Score-based certification,50,6.25
fluid,0.25,0.75,1,0.5,0.5,TRUE,TRUE,TRUE,TRUE,TRUE,TRUE,1,NA,NA,NA,NA,51.25,48.75,Grade E,Grade E,Critical penalty burden,50,1.25
fluid,0.5,0.75,1,0.5,0.5,TRUE,TRUE,TRUE,TRUE,TRUE,TRUE,1,NA,NA,NA,NA,58.75,41.25,Grade E,Grade E,Critical penalty burden,50,8.75
fluid,0.75,0.75,1,0.5,0.5,TRUE,TRUE,TRUE,TRUE,TRUE,TRUE,1,NA,NA,NA,NA,66.25,33.75,Grade E,Grade E,Critical penalty burden,50,16.25
fluid,1,0.75,1,0.5,0.5,TRUE,TRUE,TRUE,TRUE,TRUE,TRUE,1,NA,NA,NA,NA,73.75,26.25,Grade E,Grade E,Critical penalty burden,50,23.75
fluid,0,1,1,0.5,0.5,TRUE,TRUE,TRUE,TRUE,TRUE,TRUE,1,NA,NA,NA,NA,47.5,52.5,Grade D,Grade D,Score-based certification,50,2.5
fluid,0.25,1,1,0.5,0.5,TRUE,TRUE,TRUE,TRUE,TRUE,TRUE,1,NA,NA,NA,NA,55,45,Grade E,Grade E,Critical penalty burden,50,5
fluid,0.5,1,1,0.5,0.5,TRUE,TRUE,TRUE,TRUE,TRUE,TRUE,1,NA,NA,NA,NA,62.5,37.5,Grade E,Grade E,Critical penalty burden,50,12.5
fluid,0.75,1,1,0.5,0.5,TRUE,TRUE,TRUE,TRUE,TRUE,TRUE,1,NA,NA,NA,NA,70,30,Grade E,Grade E,Critical penalty burden,50,20
fluid,1,1,1,0.5,0.5,TRUE,TRUE,TRUE,TRUE,TRUE,TRUE,1,NA,NA,NA,NA,77.5,22.5,Grade E,Grade E,Critical penalty burden,50,27.5
fluid,0,0,0,0.75,0.5,TRUE,TRUE,TRUE,TRUE,TRUE,TRUE,1,NA,NA,NA,NA,27.5,72.5,Grade C,Grade C,Score-based certification,20,7.5
fluid,0.25,0,0,0.75,0.5,TRUE,TRUE,TRUE,TRUE,TRUE,TRUE,1,NA,NA,NA,NA,35,65,Grade C,Grade C,Score-based certification,35,0
fluid,0.5,0,0,0.75,0.5,TRUE,TRUE,TRUE,TRUE,TRUE,TRUE,1,NA,NA,NA,NA,42.5,57.5,Grade D,Grade D,Score-based certification,35,7.5
fluid,0.75,0,0,0.75,0.5,TRUE,TRUE,TRUE,TRUE,TRUE,TRUE,1,NA,NA,NA,NA,50,50,Grade D,Grade D,Score-based certification,50,0
fluid,1,0,0,0.75,0.5,TRUE,TRUE,TRUE,TRUE,TRUE,TRUE,1,NA,NA,NA,NA,57.5,42.5,Grade E,Grade E,Critical penalty burden,50,7.5
fluid,0,0.25,0,0.75,0.5,TRUE,TRUE,TRUE,TRUE,TRUE,TRUE,1,NA,NA,NA,NA,31.25,68.75,Grade C,Grade C,Score-based certification,35,3.75
fluid,0.25,0.25,0,0.75,0.5,TRUE,TRUE,TRUE,TRUE,TRUE,TRUE,1,NA,NA,NA,NA,38.75,61.25,Grade D,Grade D,Score-based certification,35,3.75
fluid,0.5,0.25,0,0.75,0.5,TRUE,TRUE,TRUE,TRUE,TRUE,TRUE,1,NA,NA,NA,NA,46.25,53.75,Grade D,Grade D,Score-based certification,50,3.75
fluid,0.75,0.25,0,0.75,0.5,TRUE,TRUE,TRUE,TRUE,TRUE,TRUE,1,NA,NA,NA,NA,53.75,46.25,Grade E,Grade E,Critical penalty burden,50,3.75
fluid,1,0.25,0,0.75,0.5,TRUE,TRUE,TRUE,TRUE,TRUE,TRUE,1,NA,NA,NA,NA,61.25,38.75,Grade E,Grade E,Critical penalty burden,50,11.25
fluid,0,0.5,0,0.75,0.5,TRUE,TRUE,TRUE,TRUE,TRUE,TRUE,1,NA,NA,NA,NA,35,65,Grade C,Grade C,Score-based certification,35,0
fluid,0.25,0.5,0,0.75,0.5,TRUE,TRUE,TRUE,TRUE,TRUE,TRUE,1,NA,NA,NA,NA,42.5,57.5,Grade D,Grade D,Score-based certification,35,7.5
fluid,0.5,0.5,0,0.75,0.5,TRUE,TRUE,TRUE,TRUE,TRUE,TRUE,1,NA,NA,NA,NA,50,50,Grade D,Grade D,Score-based certification,50,0
fluid,0.75,0.5,0,0.75,0.5,TRUE,TRUE,TRUE,TRUE,TRUE,TRUE,1,NA,NA,NA,NA,57.5,42.5,Grade E,Grade E,Critical penalty burden,50,7.5
fluid,1,0.5,0,0.75,0.5,TRUE,TRUE,TRUE,TRUE,TRUE,TRUE,1,NA,NA,NA,NA,65,35,Grade E,Grade E,Critical penalty burden,50,15
fluid,0,0.75,0,0.75,0.5,TRUE,TRUE,TRUE,TRUE,TRUE,TRUE,1,NA,NA,NA,NA,38.75,61.25,Grade D,Grade D,Score-based certification,35,3.75
fluid,0.25,0.75,0,0.75,0.5,TRUE,TRUE,TRUE,TRUE,TRUE,TRUE,1,NA,NA,NA,NA,46.25,53.75,Grade D,Grade D,Score-based certification,50,3.75
fluid,0.5,0.75,0,0.75,0.5,TRUE,TRUE,TRUE,TRUE,TRUE,TRUE,1,NA,NA,NA,NA,53.75,46.25,Grade E,Grade E,Critical penalty burden,50,3.75
fluid,0.75,0.75,0,0.75,0.5,TRUE,TRUE,TRUE,TRUE,TRUE,TRUE,1,NA,NA,NA,NA,61.25,38.75,Grade E,Grade E,Critical penalty burden,50,11.25
fluid,1,0.75,0,0.75,0.5,TRUE,TRUE,TRUE,TRUE,TRUE,TRUE,1,NA,NA,NA,NA,68.75,31.25,Grade E,Grade E,Critical penalty burden,50,18.75
fluid,0,1,0,0.75,0.5,TRUE,TRUE,TRUE,TRUE,TRUE,TRUE,1,NA,NA,NA,NA,42.5,57.5,Grade D,Grade D,Score-based certification,35,7.5
fluid,0.25,1,0,0.75,0.5,TRUE,TRUE,TRUE,TRUE,TRUE,TRUE,1,NA,NA,NA,NA,50,50,Grade D,Grade D,Score-based certification,50,0
fluid,0.5,1,0,0.75,0.5,TRUE,TRUE,TRUE,TRUE,TRUE,TRUE,1,NA,NA,NA,NA,57.5,42.5,Grade E,Grade E,Critical penalty burden,50,7.5
fluid,0.75,1,0,0.75,0.5,TRUE,TRUE,TRUE,TRUE,TRUE,TRUE,1,NA,NA,NA,NA,65,35,Grade E,Grade E,Critical penalty burden,50,15
fluid,1,1,0,0.75,0.5,TRUE,TRUE,TRUE,TRUE,TRUE,TRUE,1,NA,NA,NA,NA,72.5,27.5,Grade E,Grade E,Critical penalty burden,50,22.5
fluid,0,0,0.25,0.75,0.5,TRUE,TRUE,TRUE,TRUE,TRUE,TRUE,1,NA,NA,NA,NA,30,70,Grade C,Grade C,Score-based certification,35,5
fluid,0.25,0,0.25,0.75,0.5,TRUE,TRUE,TRUE,TRUE,TRUE,TRUE,1,NA,NA,NA,NA,37.5,62.5,Grade D,Grade D,Score-based certification,35,2.5
fluid,0.5,0,0.25,0.75,0.5,TRUE,TRUE,TRUE,TRUE,TRUE,TRUE,1,NA,NA,NA,NA,45,55,Grade D,Grade D,Score-based certification,50,5
fluid,0.75,0,0.25,0.75,0.5,TRUE,TRUE,TRUE,TRUE,TRUE,TRUE,1,NA,NA,NA,NA,52.5,47.5,Grade E,Grade E,Critical penalty burden,50,2.5
fluid,1,0,0.25,0.75,0.5,TRUE,TRUE,TRUE,TRUE,TRUE,TRUE,1,NA,NA,NA,NA,60,40,Grade E,Grade E,Critical penalty burden,50,10
fluid,0,0.25,0.25,0.75,0.5,TRUE,TRUE,TRUE,TRUE,TRUE,TRUE,1,NA,NA,NA,NA,33.75,66.25,Grade C,Grade C,Score-based certification,35,1.25
fluid,0.25,0.25,0.25,0.75,0.5,TRUE,TRUE,TRUE,TRUE,TRUE,TRUE,1,NA,NA,NA,NA,41.25,58.75,Grade D,Grade D,Score-based certification,35,6.25
fluid,0.5,0.25,0.25,0.75,0.5,TRUE,TRUE,TRUE,TRUE,TRUE,TRUE,1,NA,NA,NA,NA,48.75,51.25,Grade D,Grade D,Score-based certification,50,1.25
fluid,0.75,0.25,0.25,0.75,0.5,TRUE,TRUE,TRUE,TRUE,TRUE,TRUE,1,NA,NA,NA,NA,56.25,43.75,Grade E,Grade E,Critical penalty burden,50,6.25
fluid,1,0.25,0.25,0.75,0.5,TRUE,TRUE,TRUE,TRUE,TRUE,TRUE,1,NA,NA,NA,NA,63.75,36.25,Grade E,Grade E,Critical penalty burden,50,13.75
fluid,0,0.5,0.25,0.75,0.5,TRUE,TRUE,TRUE,TRUE,TRUE,TRUE,1,NA,NA,NA,NA,37.5,62.5,Grade D,Grade D,Score-based certification,35,2.5
fluid,0.25,0.5,0.25,0.75,0.5,TRUE,TRUE,TRUE,TRUE,TRUE,TRUE,1,NA,NA,NA,NA,45,55,Grade D,Grade D,Score-based certification,50,5
fluid,0.5,0.5,0.25,0.75,0.5,TRUE,TRUE,TRUE,TRUE,TRUE,TRUE,1,NA,NA,NA,NA,52.5,47.5,Grade E,Grade E,Critical penalty burden,50,2.5
fluid,0.75,0.5,0.25,0.75,0.5,TRUE,TRUE,TRUE,TRUE,TRUE,TRUE,1,NA,NA,NA,NA,60,40,Grade E,Grade E,Critical penalty burden,50,10
fluid,1,0.5,0.25,0.75,0.5,TRUE,TRUE,TRUE,TRUE,TRUE,TRUE,1,NA,NA,NA,NA,67.5,32.5,Grade E,Grade E,Critical penalty burden,50,17.5
fluid,0,0.75,0.25,0.75,0.5,TRUE,TRUE,TRUE,TRUE,TRUE,TRUE,1,NA,NA,NA,NA,41.25,58.75,Grade D,Grade D,Score-based certification,35,6.25
fluid,0.25,0.75,0.25,0.75,0.5,TRUE,TRUE,TRUE,TRUE,TRUE,TRUE,1,NA,NA,NA,NA,48.75,51.25,Grade D,Grade D,Score-based certification,50,1.25
fluid,0.5,0.75,0.25,0.75,0.5,TRUE,TRUE,TRUE,TRUE,TRUE,TRUE,1,NA,NA,NA,NA,56.25,43.75,Grade E,Grade E,Critical penalty burden,50,6.25
fluid,0.75,0.75,0.25,0.75,0.5,TRUE,TRUE,TRUE,TRUE,TRUE,TRUE,1,NA,NA,NA,NA,63.75,36.25,Grade E,Grade E,Critical penalty burden,50,13.75
fluid,1,0.75,0.25,0.75,0.5,TRUE,TRUE,TRUE,TRUE,TRUE,TRUE,1,NA,NA,NA,NA,71.25,28.75,Grade E,Grade E,Critical penalty burden,50,21.25
fluid,0,1,0.25,0.75,0.5,TRUE,TRUE,TRUE,TRUE,TRUE,TRUE,1,NA,NA,NA,NA,45,55,Grade D,Grade D,Score-based certification,50,5
fluid,0.25,1,0.25,0.75,0.5,TRUE,TRUE,TRUE,TRUE,TRUE,TRUE,1,NA,NA,NA,NA,52.5,47.5,Grade E,Grade E,Critical penalty burden,50,2.5
fluid,0.5,1,0.25,0.75,0.5,TRUE,TRUE,TRUE,TRUE,TRUE,TRUE,1,NA,NA,NA,NA,60,40,Grade E,Grade E,Critical penalty burden,50,10
fluid,0.75,1,0.25,0.75,0.5,TRUE,TRUE,TRUE,TRUE,TRUE,TRUE,1,NA,NA,NA,NA,67.5,32.5,Grade E,Grade E,Critical penalty burden,50,17.5
fluid,1,1,0.25,0.75,0.5,TRUE,TRUE,TRUE,TRUE,TRUE,TRUE,1,NA,NA,NA,NA,75,25,Grade E,Grade E,Critical penalty burden,50,25
fluid,0,0,0.5,0.75,0.5,TRUE,TRUE,TRUE,TRUE,TRUE,TRUE,1,NA,NA,NA,NA,32.5,67.5,Grade C,Grade C,Score-based certification,35,2.5
fluid,0.25,0,0.5,0.75,0.5,TRUE,TRUE,TRUE,TRUE,TRUE,TRUE,1,NA,NA,NA,NA,40,60,Grade D,Grade D,Score-based certification,35,5
fluid,0.5,0,0.5,0.75,0.5,TRUE,TRUE,TRUE,TRUE,TRUE,TRUE,1,NA,NA,NA,NA,47.5,52.5,Grade D,Grade D,Score-based certification,50,2.5
fluid,0.75,0,0.5,0.75,0.5,TRUE,TRUE,TRUE,TRUE,TRUE,TRUE,1,NA,NA,NA,NA,55,45,Grade E,Grade E,Critical penalty burden,50,5
fluid,1,0,0.5,0.75,0.5,TRUE,TRUE,TRUE,TRUE,TRUE,TRUE,1,NA,NA,NA,NA,62.5,37.5,Grade E,Grade E,Critical penalty burden,50,12.5
fluid,0,0.25,0.5,0.75,0.5,TRUE,TRUE,TRUE,TRUE,TRUE,TRUE,1,NA,NA,NA,NA,36.25,63.75,Grade D,Grade D,Score-based certification,35,1.25
fluid,0.25,0.25,0.5,0.75,0.5,TRUE,TRUE,TRUE,TRUE,TRUE,TRUE,1,NA,NA,NA,NA,43.75,56.25,Grade D,Grade D,Score-based certification,50,6.25
fluid,0.5,0.25,0.5,0.75,0.5,TRUE,TRUE,TRUE,TRUE,TRUE,TRUE,1,NA,NA,NA,NA,51.25,48.75,Grade E,Grade E,Critical penalty burden,50,1.25
fluid,0.75,0.25,0.5,0.75,0.5,TRUE,TRUE,TRUE,TRUE,TRUE,TRUE,1,NA,NA,NA,NA,58.75,41.25,Grade E,Grade E,Critical penalty burden,50,8.75
fluid,1,0.25,0.5,0.75,0.5,TRUE,TRUE,TRUE,TRUE,TRUE,TRUE,1,NA,NA,NA,NA,66.25,33.75,Grade E,Grade E,Critical penalty burden,50,16.25
fluid,0,0.5,0.5,0.75,0.5,TRUE,TRUE,TRUE,TRUE,TRUE,TRUE,1,NA,NA,NA,NA,40,60,Grade D,Grade D,Score-based certification,35,5
fluid,0.25,0.5,0.5,0.75,0.5,TRUE,TRUE,TRUE,TRUE,TRUE,TRUE,1,NA,NA,NA,NA,47.5,52.5,Grade D,Grade D,Score-based certification,50,2.5
fluid,0.5,0.5,0.5,0.75,0.5,TRUE,TRUE,TRUE,TRUE,TRUE,TRUE,1,NA,NA,NA,NA,55,45,Grade E,Grade E,Critical penalty burden,50,5
fluid,0.75,0.5,0.5,0.75,0.5,TRUE,TRUE,TRUE,TRUE,TRUE,TRUE,1,NA,NA,NA,NA,62.5,37.5,Grade E,Grade E,Critical penalty burden,50,12.5
fluid,1,0.5,0.5,0.75,0.5,TRUE,TRUE,TRUE,TRUE,TRUE,TRUE,1,NA,NA,NA,NA,70,30,Grade E,Grade E,Critical penalty burden,50,20
fluid,0,0.75,0.5,0.75,0.5,TRUE,TRUE,TRUE,TRUE,TRUE,TRUE,1,NA,NA,NA,NA,43.75,56.25,Grade D,Grade D,Score-based certification,50,6.25
fluid,0.25,0.75,0.5,0.75,0.5,TRUE,TRUE,TRUE,TRUE,TRUE,TRUE,1,NA,NA,NA,NA,51.25,48.75,Grade E,Grade E,Critical penalty burden,50,1.25
fluid,0.5,0.75,0.5,0.75,0.5,TRUE,TRUE,TRUE,TRUE,TRUE,TRUE,1,NA,NA,NA,NA,58.75,41.25,Grade E,Grade E,Critical penalty burden,50,8.75
fluid,0.75,0.75,0.5,0.75,0.5,TRUE,TRUE,TRUE,TRUE,TRUE,TRUE,1,NA,NA,NA,NA,66.25,33.75,Grade E,Grade E,Critical penalty burden,50,16.25
fluid,1,0.75,0.5,0.75,0.5,TRUE,TRUE,TRUE,TRUE,TRUE,TRUE,1,NA,NA,NA,NA,73.75,26.25,Grade E,Grade E,Critical penalty burden,50,23.75
fluid,0,1,0.5,0.75,0.5,TRUE,TRUE,TRUE,TRUE,TRUE,TRUE,1,NA,NA,NA,NA,47.5,52.5,Grade D,Grade D,Score-based certification,50,2.5
fluid,0.25,1,0.5,0.75,0.5,TRUE,TRUE,TRUE,TRUE,TRUE,TRUE,1,NA,NA,NA,NA,55,45,Grade E,Grade E,Critical penalty burden,50,5
fluid,0.5,1,0.5,0.75,0.5,TRUE,TRUE,TRUE,TRUE,TRUE,TRUE,1,NA,NA,NA,NA,62.5,37.5,Grade E,Grade E,Critical penalty burden,50,12.5
fluid,0.75,1,0.5,0.75,0.5,TRUE,TRUE,TRUE,TRUE,TRUE,TRUE,1,NA,NA,NA,NA,70,30,Grade E,Grade E,Critical penalty burden,50,20
fluid,1,1,0.5,0.75,0.5,TRUE,TRUE,TRUE,TRUE,TRUE,TRUE,1,NA,NA,NA,NA,77.5,22.5,Grade E,Grade E,Critical penalty burden,50,27.5
fluid,0,0,0.75,0.75,0.5,TRUE,TRUE,TRUE,TRUE,TRUE,TRUE,1,NA,NA,NA,NA,35,65,Grade C,Grade C,Score-based certification,35,0
fluid,0.25,0,0.75,0.75,0.5,TRUE,TRUE,TRUE,TRUE,TRUE,TRUE,1,NA,NA,NA,NA,42.5,57.5,Grade D,Grade D,Score-based certification,35,7.5
fluid,0.5,0,0.75,0.75,0.5,TRUE,TRUE,TRUE,TRUE,TRUE,TRUE,1,NA,NA,NA,NA,50,50,Grade D,Grade D,Score-based certification,50,0
fluid,0.75,0,0.75,0.75,0.5,TRUE,TRUE,TRUE,TRUE,TRUE,TRUE,1,NA,NA,NA,NA,57.5,42.5,Grade E,Grade E,Critical penalty burden,50,7.5
fluid,1,0,0.75,0.75,0.5,TRUE,TRUE,TRUE,TRUE,TRUE,TRUE,1,NA,NA,NA,NA,65,35,Grade E,Grade E,Critical penalty burden,50,15
fluid,0,0.25,0.75,0.75,0.5,TRUE,TRUE,TRUE,TRUE,TRUE,TRUE,1,NA,NA,NA,NA,38.75,61.25,Grade D,Grade D,Score-based certification,35,3.75
fluid,0.25,0.25,0.75,0.75,0.5,TRUE,TRUE,TRUE,TRUE,TRUE,TRUE,1,NA,NA,NA,NA,46.25,53.75,Grade D,Grade D,Score-based certification,50,3.75
fluid,0.5,0.25,0.75,0.75,0.5,TRUE,TRUE,TRUE,TRUE,TRUE,TRUE,1,NA,NA,NA,NA,53.75,46.25,Grade E,Grade E,Critical penalty burden,50,3.75
fluid,0.75,0.25,0.75,0.75,0.5,TRUE,TRUE,TRUE,TRUE,TRUE,TRUE,1,NA,NA,NA,NA,61.25,38.75,Grade E,Grade E,Critical penalty burden,50,11.25
fluid,1,0.25,0.75,0.75,0.5,TRUE,TRUE,TRUE,TRUE,TRUE,TRUE,1,NA,NA,NA,NA,68.75,31.25,Grade E,Grade E,Critical penalty burden,50,18.75
fluid,0,0.5,0.75,0.75,0.5,TRUE,TRUE,TRUE,TRUE,TRUE,TRUE,1,NA,NA,NA,NA,42.5,57.5,Grade D,Grade D,Score-based certification,35,7.5
fluid,0.25,0.5,0.75,0.75,0.5,TRUE,TRUE,TRUE,TRUE,TRUE,TRUE,1,NA,NA,NA,NA,50,50,Grade D,Grade D,Score-based certification,50,0
fluid,0.5,0.5,0.75,0.75,0.5,TRUE,TRUE,TRUE,TRUE,TRUE,TRUE,1,NA,NA,NA,NA,57.5,42.5,Grade E,Grade E,Critical penalty burden,50,7.5
fluid,0.75,0.5,0.75,0.75,0.5,TRUE,TRUE,TRUE,TRUE,TRUE,TRUE,1,NA,NA,NA,NA,65,35,Grade E,Grade E,Critical penalty burden,50,15
fluid,1,0.5,0.75,0.75,0.5,TRUE,TRUE,TRUE,TRUE,TRUE,TRUE,1,NA,NA,NA,NA,72.5,27.5,Grade E,Grade E,Critical penalty burden,50,22.5
fluid,0,0.75,0.75,0.75,0.5,TRUE,TRUE,TRUE,TRUE,TRUE,TRUE,1,NA,NA,NA,NA,46.25,53.75,Grade D,Grade D,Score-based certification,50,3.75
fluid,0.25,0.75,0.75,0.75,0.5,TRUE,TRUE,TRUE,TRUE,TRUE,TRUE,1,NA,NA,NA,NA,53.75,46.25,Grade E,Grade E,Critical penalty burden,50,3.75
fluid,0.5,0.75,0.75,0.75,0.5,TRUE,TRUE,TRUE,TRUE,TRUE,TRUE,1,NA,NA,NA,NA,61.25,38.75,Grade E,Grade E,Critical penalty burden,50,11.25
fluid,0.75,0.75,0.75,0.75,0.5,TRUE,TRUE,TRUE,TRUE,TRUE,TRUE,1,NA,NA,NA,NA,68.75,31.25,Grade E,Grade E,Critical penalty burden,50,18.75
fluid,1,0.75,0.75,0.75,0.5,TRUE,TRUE,TRUE,TRUE,TRUE,TRUE,1,NA,NA,NA,NA,76.25,23.75,Grade E,Grade E,Critical penalty burden,50,26.25
fluid,0,1,0.75,0.75,0.5,TRUE,TRUE,TRUE,TRUE,TRUE,TRUE,1,NA,NA,NA,NA,50,50,Grade D,Grade D,Score-based certification,50,0
fluid,0.25,1,0.75,0.75,0.5,TRUE,TRUE,TRUE,TRUE,TRUE,TRUE,1,NA,NA,NA,NA,57.5,42.5,Grade E,Grade E,Critical penalty burden,50,7.5
fluid,0.5,1,0.75,0.75,0.5,TRUE,TRUE,TRUE,TRUE,TRUE,TRUE,1,NA,NA,NA,NA,65,35,Grade E,Grade E,Critical penalty burden,50,15
fluid,0.75,1,0.75,0.75,0.5,TRUE,TRUE,TRUE,TRUE,TRUE,TRUE,1,NA,NA,NA,NA,72.5,27.5,Grade E,Grade E,Critical penalty burden,50,22.5
fluid,1,1,0.75,0.75,0.5,TRUE,TRUE,TRUE,TRUE,TRUE,TRUE,1,NA,NA,NA,NA,80,20,Grade E,Grade E,Critical penalty burden,50,30
fluid,0,0,1,0.75,0.5,TRUE,TRUE,TRUE,TRUE,TRUE,TRUE,1,NA,NA,NA,NA,37.5,62.5,Grade D,Grade D,Score-based certification,35,2.5
fluid,0.25,0,1,0.75,0.5,TRUE,TRUE,TRUE,TRUE,TRUE,TRUE,1,NA,NA,NA,NA,45,55,Grade D,Grade D,Score-based certification,50,5
fluid,0.5,0,1,0.75,0.5,TRUE,TRUE,TRUE,TRUE,TRUE,TRUE,1,NA,NA,NA,NA,52.5,47.5,Grade E,Grade E,Critical penalty burden,50,2.5
fluid,0.75,0,1,0.75,0.5,TRUE,TRUE,TRUE,TRUE,TRUE,TRUE,1,NA,NA,NA,NA,60,40,Grade E,Grade E,Critical penalty burden,50,10
fluid,1,0,1,0.75,0.5,TRUE,TRUE,TRUE,TRUE,TRUE,TRUE,1,NA,NA,NA,NA,67.5,32.5,Grade E,Grade E,Critical penalty burden,50,17.5
fluid,0,0.25,1,0.75,0.5,TRUE,TRUE,TRUE,TRUE,TRUE,TRUE,1,NA,NA,NA,NA,41.25,58.75,Grade D,Grade D,Score-based certification,35,6.25
fluid,0.25,0.25,1,0.75,0.5,TRUE,TRUE,TRUE,TRUE,TRUE,TRUE,1,NA,NA,NA,NA,48.75,51.25,Grade D,Grade D,Score-based certification,50,1.25
fluid,0.5,0.25,1,0.75,0.5,TRUE,TRUE,TRUE,TRUE,TRUE,TRUE,1,NA,NA,NA,NA,56.25,43.75,Grade E,Grade E,Critical penalty burden,50,6.25
fluid,0.75,0.25,1,0.75,0.5,TRUE,TRUE,TRUE,TRUE,TRUE,TRUE,1,NA,NA,NA,NA,63.75,36.25,Grade E,Grade E,Critical penalty burden,50,13.75
fluid,1,0.25,1,0.75,0.5,TRUE,TRUE,TRUE,TRUE,TRUE,TRUE,1,NA,NA,NA,NA,71.25,28.75,Grade E,Grade E,Critical penalty burden,50,21.25
fluid,0,0.5,1,0.75,0.5,TRUE,TRUE,TRUE,TRUE,TRUE,TRUE,1,NA,NA,NA,NA,45,55,Grade D,Grade D,Score-based certification,50,5
fluid,0.25,0.5,1,0.75,0.5,TRUE,TRUE,TRUE,TRUE,TRUE,TRUE,1,NA,NA,NA,NA,52.5,47.5,Grade E,Grade E,Critical penalty burden,50,2.5
fluid,0.5,0.5,1,0.75,0.5,TRUE,TRUE,TRUE,TRUE,TRUE,TRUE,1,NA,NA,NA,NA,60,40,Grade E,Grade E,Critical penalty burden,50,10
fluid,0.75,0.5,1,0.75,0.5,TRUE,TRUE,TRUE,TRUE,TRUE,TRUE,1,NA,NA,NA,NA,67.5,32.5,Grade E,Grade E,Critical penalty burden,50,17.5
fluid,1,0.5,1,0.75,0.5,TRUE,TRUE,TRUE,TRUE,TRUE,TRUE,1,NA,NA,NA,NA,75,25,Grade E,Grade E,Critical penalty burden,50,25
fluid,0,0.75,1,0.75,0.5,TRUE,TRUE,TRUE,TRUE,TRUE,TRUE,1,NA,NA,NA,NA,48.75,51.25,Grade D,Grade D,Score-based certification,50,1.25
fluid,0.25,0.75,1,0.75,0.5,TRUE,TRUE,TRUE,TRUE,TRUE,TRUE,1,NA,NA,NA,NA,56.25,43.75,Grade E,Grade E,Critical penalty burden,50,6.25
fluid,0.5,0.75,1,0.75,0.5,TRUE,TRUE,TRUE,TRUE,TRUE,TRUE,1,NA,NA,NA,NA,63.75,36.25,Grade E,Grade E,Critical penalty burden,50,13.75
fluid,0.75,0.75,1,0.75,0.5,TRUE,TRUE,TRUE,TRUE,TRUE,TRUE,1,NA,NA,NA,NA,71.25,28.75,Grade E,Grade E,Critical penalty burden,50,21.25
fluid,1,0.75,1,0.75,0.5,TRUE,TRUE,TRUE,TRUE,TRUE,TRUE,1,NA,NA,NA,NA,78.75,21.25,Grade E,Grade E,Critical penalty burden,50,28.75
fluid,0,1,1,0.75,0.5,TRUE,TRUE,TRUE,TRUE,TRUE,TRUE,1,NA,NA,NA,NA,52.5,47.5,Grade E,Grade E,Critical penalty burden,50,2.5
fluid,0.25,1,1,0.75,0.5,TRUE,TRUE,TRUE,TRUE,TRUE,TRUE,1,NA,NA,NA,NA,60,40,Grade E,Grade E,Critical penalty burden,50,10
fluid,0.5,1,1,0.75,0.5,TRUE,TRUE,TRUE,TRUE,TRUE,TRUE,1,NA,NA,NA,NA,67.5,32.5,Grade E,Grade E,Critical penalty burden,50,17.5
fluid,0.75,1,1,0.75,0.5,TRUE,TRUE,TRUE,TRUE,TRUE,TRUE,1,NA,NA,NA,NA,75,25,Grade E,Grade E,Critical penalty burden,50,25
fluid,1,1,1,0.75,0.5,TRUE,TRUE,TRUE,TRUE,TRUE,TRUE,1,NA,NA,NA,NA,82.5,17.5,Grade E,Grade E,Critical penalty burden,50,32.5
fluid,0,0,0,1,0.5,TRUE,TRUE,TRUE,TRUE,TRUE,TRUE,1,NA,NA,NA,NA,32.5,67.5,Grade C,Grade C,Score-based certification,35,2.5
fluid,0.25,0,0,1,0.5,TRUE,TRUE,TRUE,TRUE,TRUE,TRUE,1,NA,NA,NA,NA,40,60,Grade D,Grade D,Score-based certification,35,5
fluid,0.5,0,0,1,0.5,TRUE,TRUE,TRUE,TRUE,TRUE,TRUE,1,NA,NA,NA,NA,47.5,52.5,Grade D,Grade D,Score-based certification,50,2.5
fluid,0.75,0,0,1,0.5,TRUE,TRUE,TRUE,TRUE,TRUE,TRUE,1,NA,NA,NA,NA,55,45,Grade E,Grade E,Critical penalty burden,50,5
fluid,1,0,0,1,0.5,TRUE,TRUE,TRUE,TRUE,TRUE,TRUE,1,NA,NA,NA,NA,62.5,37.5,Grade E,Grade E,Critical penalty burden,50,12.5
fluid,0,0.25,0,1,0.5,TRUE,TRUE,TRUE,TRUE,TRUE,TRUE,1,NA,NA,NA,NA,36.25,63.75,Grade D,Grade D,Score-based certification,35,1.25
fluid,0.25,0.25,0,1,0.5,TRUE,TRUE,TRUE,TRUE,TRUE,TRUE,1,NA,NA,NA,NA,43.75,56.25,Grade D,Grade D,Score-based certification,50,6.25
fluid,0.5,0.25,0,1,0.5,TRUE,TRUE,TRUE,TRUE,TRUE,TRUE,1,NA,NA,NA,NA,51.25,48.75,Grade E,Grade E,Critical penalty burden,50,1.25
fluid,0.75,0.25,0,1,0.5,TRUE,TRUE,TRUE,TRUE,TRUE,TRUE,1,NA,NA,NA,NA,58.75,41.25,Grade E,Grade E,Critical penalty burden,50,8.75
fluid,1,0.25,0,1,0.5,TRUE,TRUE,TRUE,TRUE,TRUE,TRUE,1,NA,NA,NA,NA,66.25,33.75,Grade E,Grade E,Critical penalty burden,50,16.25
fluid,0,0.5,0,1,0.5,TRUE,TRUE,TRUE,TRUE,TRUE,TRUE,1,NA,NA,NA,NA,40,60,Grade D,Grade D,Score-based certification,35,5
fluid,0.25,0.5,0,1,0.5,TRUE,TRUE,TRUE,TRUE,TRUE,TRUE,1,NA,NA,NA,NA,47.5,52.5,Grade D,Grade D,Score-based certification,50,2.5
fluid,0.5,0.5,0,1,0.5,TRUE,TRUE,TRUE,TRUE,TRUE,TRUE,1,NA,NA,NA,NA,55,45,Grade E,Grade E,Critical penalty burden,50,5
fluid,0.75,0.5,0,1,0.5,TRUE,TRUE,TRUE,TRUE,TRUE,TRUE,1,NA,NA,NA,NA,62.5,37.5,Grade E,Grade E,Critical penalty burden,50,12.5
fluid,1,0.5,0,1,0.5,TRUE,TRUE,TRUE,TRUE,TRUE,TRUE,1,NA,NA,NA,NA,70,30,Grade E,Grade E,Critical penalty burden,50,20
fluid,0,0.75,0,1,0.5,TRUE,TRUE,TRUE,TRUE,TRUE,TRUE,1,NA,NA,NA,NA,43.75,56.25,Grade D,Grade D,Score-based certification,50,6.25
fluid,0.25,0.75,0,1,0.5,TRUE,TRUE,TRUE,TRUE,TRUE,TRUE,1,NA,NA,NA,NA,51.25,48.75,Grade E,Grade E,Critical penalty burden,50,1.25
fluid,0.5,0.75,0,1,0.5,TRUE,TRUE,TRUE,TRUE,TRUE,TRUE,1,NA,NA,NA,NA,58.75,41.25,Grade E,Grade E,Critical penalty burden,50,8.75
fluid,0.75,0.75,0,1,0.5,TRUE,TRUE,TRUE,TRUE,TRUE,TRUE,1,NA,NA,NA,NA,66.25,33.75,Grade E,Grade E,Critical penalty burden,50,16.25
fluid,1,0.75,0,1,0.5,TRUE,TRUE,TRUE,TRUE,TRUE,TRUE,1,NA,NA,NA,NA,73.75,26.25,Grade E,Grade E,Critical penalty burden,50,23.75
fluid,0,1,0,1,0.5,TRUE,TRUE,TRUE,TRUE,TRUE,TRUE,1,NA,NA,NA,NA,47.5,52.5,Grade D,Grade D,Score-based certification,50,2.5
fluid,0.25,1,0,1,0.5,TRUE,TRUE,TRUE,TRUE,TRUE,TRUE,1,NA,NA,NA,NA,55,45,Grade E,Grade E,Critical penalty burden,50,5
fluid,0.5,1,0,1,0.5,TRUE,TRUE,TRUE,TRUE,TRUE,TRUE,1,NA,NA,NA,NA,62.5,37.5,Grade E,Grade E,Critical penalty burden,50,12.5
fluid,0.75,1,0,1,0.5,TRUE,TRUE,TRUE,TRUE,TRUE,TRUE,1,NA,NA,NA,NA,70,30,Grade E,Grade E,Critical penalty burden,50,20
fluid,1,1,0,1,0.5,TRUE,TRUE,TRUE,TRUE,TRUE,TRUE,1,NA,NA,NA,NA,77.5,22.5,Grade E,Grade E,Critical penalty burden,50,27.5
fluid,0,0,0.25,1,0.5,TRUE,TRUE,TRUE,TRUE,TRUE,TRUE,1,NA,NA,NA,NA,35,65,Grade C,Grade C,Score-based certification,35,0
fluid,0.25,0,0.25,1,0.5,TRUE,TRUE,TRUE,TRUE,TRUE,TRUE,1,NA,NA,NA,NA,42.5,57.5,Grade D,Grade D,Score-based certification,35,7.5
fluid,0.5,0,0.25,1,0.5,TRUE,TRUE,TRUE,TRUE,TRUE,TRUE,1,NA,NA,NA,NA,50,50,Grade D,Grade D,Score-based certification,50,0
fluid,0.75,0,0.25,1,0.5,TRUE,TRUE,TRUE,TRUE,TRUE,TRUE,1,NA,NA,NA,NA,57.5,42.5,Grade E,Grade E,Critical penalty burden,50,7.5
fluid,1,0,0.25,1,0.5,TRUE,TRUE,TRUE,TRUE,TRUE,TRUE,1,NA,NA,NA,NA,65,35,Grade E,Grade E,Critical penalty burden,50,15
fluid,0,0.25,0.25,1,0.5,TRUE,TRUE,TRUE,TRUE,TRUE,TRUE,1,NA,NA,NA,NA,38.75,61.25,Grade D,Grade D,Score-based certification,35,3.75
fluid,0.25,0.25,0.25,1,0.5,TRUE,TRUE,TRUE,TRUE,TRUE,TRUE,1,NA,NA,NA,NA,46.25,53.75,Grade D,Grade D,Score-based certification,50,3.75
fluid,0.5,0.25,0.25,1,0.5,TRUE,TRUE,TRUE,TRUE,TRUE,TRUE,1,NA,NA,NA,NA,53.75,46.25,Grade E,Grade E,Critical penalty burden,50,3.75
fluid,0.75,0.25,0.25,1,0.5,TRUE,TRUE,TRUE,TRUE,TRUE,TRUE,1,NA,NA,NA,NA,61.25,38.75,Grade E,Grade E,Critical penalty burden,50,11.25
fluid,1,0.25,0.25,1,0.5,TRUE,TRUE,TRUE,TRUE,TRUE,TRUE,1,NA,NA,NA,NA,68.75,31.25,Grade E,Grade E,Critical penalty burden,50,18.75
fluid,0,0.5,0.25,1,0.5,TRUE,TRUE,TRUE,TRUE,TRUE,TRUE,1,NA,NA,NA,NA,42.5,57.5,Grade D,Grade D,Score-based certification,35,7.5
fluid,0.25,0.5,0.25,1,0.5,TRUE,TRUE,TRUE,TRUE,TRUE,TRUE,1,NA,NA,NA,NA,50,50,Grade D,Grade D,Score-based certification,50,0
fluid,0.5,0.5,0.25,1,0.5,TRUE,TRUE,TRUE,TRUE,TRUE,TRUE,1,NA,NA,NA,NA,57.5,42.5,Grade E,Grade E,Critical penalty burden,50,7.5
fluid,0.75,0.5,0.25,1,0.5,TRUE,TRUE,TRUE,TRUE,TRUE,TRUE,1,NA,NA,NA,NA,65,35,Grade E,Grade E,Critical penalty burden,50,15
fluid,1,0.5,0.25,1,0.5,TRUE,TRUE,TRUE,TRUE,TRUE,TRUE,1,NA,NA,NA,NA,72.5,27.5,Grade E,Grade E,Critical penalty burden,50,22.5
fluid,0,0.75,0.25,1,0.5,TRUE,TRUE,TRUE,TRUE,TRUE,TRUE,1,NA,NA,NA,NA,46.25,53.75,Grade D,Grade D,Score-based certification,50,3.75
fluid,0.25,0.75,0.25,1,0.5,TRUE,TRUE,TRUE,TRUE,TRUE,TRUE,1,NA,NA,NA,NA,53.75,46.25,Grade E,Grade E,Critical penalty burden,50,3.75
fluid,0.5,0.75,0.25,1,0.5,TRUE,TRUE,TRUE,TRUE,TRUE,TRUE,1,NA,NA,NA,NA,61.25,38.75,Grade E,Grade E,Critical penalty burden,50,11.25
fluid,0.75,0.75,0.25,1,0.5,TRUE,TRUE,TRUE,TRUE,TRUE,TRUE,1,NA,NA,NA,NA,68.75,31.25,Grade E,Grade E,Critical penalty burden,50,18.75
fluid,1,0.75,0.25,1,0.5,TRUE,TRUE,TRUE,TRUE,TRUE,TRUE,1,NA,NA,NA,NA,76.25,23.75,Grade E,Grade E,Critical penalty burden,50,26.25
fluid,0,1,0.25,1,0.5,TRUE,TRUE,TRUE,TRUE,TRUE,TRUE,1,NA,NA,NA,NA,50,50,Grade D,Grade D,Score-based certification,50,0
fluid,0.25,1,0.25,1,0.5,TRUE,TRUE,TRUE,TRUE,TRUE,TRUE,1,NA,NA,NA,NA,57.5,42.5,Grade E,Grade E,Critical penalty burden,50,7.5
fluid,0.5,1,0.25,1,0.5,TRUE,TRUE,TRUE,TRUE,TRUE,TRUE,1,NA,NA,NA,NA,65,35,Grade E,Grade E,Critical penalty burden,50,15
fluid,0.75,1,0.25,1,0.5,TRUE,TRUE,TRUE,TRUE,TRUE,TRUE,1,NA,NA,NA,NA,72.5,27.5,Grade E,Grade E,Critical penalty burden,50,22.5
fluid,1,1,0.25,1,0.5,TRUE,TRUE,TRUE,TRUE,TRUE,TRUE,1,NA,NA,NA,NA,80,20,Grade E,Grade E,Critical penalty burden,50,30
fluid,0,0,0.5,1,0.5,TRUE,TRUE,TRUE,TRUE,TRUE,TRUE,1,NA,NA,NA,NA,37.5,62.5,Grade D,Grade D,Score-based certification,35,2.5
fluid,0.25,0,0.5,1,0.5,TRUE,TRUE,TRUE,TRUE,TRUE,TRUE,1,NA,NA,NA,NA,45,55,Grade D,Grade D,Score-based certification,50,5
fluid,0.5,0,0.5,1,0.5,TRUE,TRUE,TRUE,TRUE,TRUE,TRUE,1,NA,NA,NA,NA,52.5,47.5,Grade E,Grade E,Critical penalty burden,50,2.5
fluid,0.75,0,0.5,1,0.5,TRUE,TRUE,TRUE,TRUE,TRUE,TRUE,1,NA,NA,NA,NA,60,40,Grade E,Grade E,Critical penalty burden,50,10
fluid,1,0,0.5,1,0.5,TRUE,TRUE,TRUE,TRUE,TRUE,TRUE,1,NA,NA,NA,NA,67.5,32.5,Grade E,Grade E,Critical penalty burden,50,17.5
fluid,0,0.25,0.5,1,0.5,TRUE,TRUE,TRUE,TRUE,TRUE,TRUE,1,NA,NA,NA,NA,41.25,58.75,Grade D,Grade D,Score-based certification,35,6.25
fluid,0.25,0.25,0.5,1,0.5,TRUE,TRUE,TRUE,TRUE,TRUE,TRUE,1,NA,NA,NA,NA,48.75,51.25,Grade D,Grade D,Score-based certification,50,1.25
fluid,0.5,0.25,0.5,1,0.5,TRUE,TRUE,TRUE,TRUE,TRUE,TRUE,1,NA,NA,NA,NA,56.25,43.75,Grade E,Grade E,Critical penalty burden,50,6.25
fluid,0.75,0.25,0.5,1,0.5,TRUE,TRUE,TRUE,TRUE,TRUE,TRUE,1,NA,NA,NA,NA,63.75,36.25,Grade E,Grade E,Critical penalty burden,50,13.75
fluid,1,0.25,0.5,1,0.5,TRUE,TRUE,TRUE,TRUE,TRUE,TRUE,1,NA,NA,NA,NA,71.25,28.75,Grade E,Grade E,Critical penalty burden,50,21.25
fluid,0,0.5,0.5,1,0.5,TRUE,TRUE,TRUE,TRUE,TRUE,TRUE,1,NA,NA,NA,NA,45,55,Grade D,Grade D,Score-based certification,50,5
fluid,0.25,0.5,0.5,1,0.5,TRUE,TRUE,TRUE,TRUE,TRUE,TRUE,1,NA,NA,NA,NA,52.5,47.5,Grade E,Grade E,Critical penalty burden,50,2.5
fluid,0.5,0.5,0.5,1,0.5,TRUE,TRUE,TRUE,TRUE,TRUE,TRUE,1,NA,NA,NA,NA,60,40,Grade E,Grade E,Critical penalty burden,50,10
fluid,0.75,0.5,0.5,1,0.5,TRUE,TRUE,TRUE,TRUE,TRUE,TRUE,1,NA,NA,NA,NA,67.5,32.5,Grade E,Grade E,Critical penalty burden,50,17.5
fluid,1,0.5,0.5,1,0.5,TRUE,TRUE,TRUE,TRUE,TRUE,TRUE,1,NA,NA,NA,NA,75,25,Grade E,Grade E,Critical penalty burden,50,25
fluid,0,0.75,0.5,1,0.5,TRUE,TRUE,TRUE,TRUE,TRUE,TRUE,1,NA,NA,NA,NA,48.75,51.25,Grade D,Grade D,Score-based certification,50,1.25
fluid,0.25,0.75,0.5,1,0.5,TRUE,TRUE,TRUE,TRUE,TRUE,TRUE,1,NA,NA,NA,NA,56.25,43.75,Grade E,Grade E,Critical penalty burden,50,6.25
fluid,0.5,0.75,0.5,1,0.5,TRUE,TRUE,TRUE,TRUE,TRUE,TRUE,1,NA,NA,NA,NA,63.75,36.25,Grade E,Grade E,Critical penalty burden,50,13.75
fluid,0.75,0.75,0.5,1,0.5,TRUE,TRUE,TRUE,TRUE,TRUE,TRUE,1,NA,NA,NA,NA,71.25,28.75,Grade E,Grade E,Critical penalty burden,50,21.25
fluid,1,0.75,0.5,1,0.5,TRUE,TRUE,TRUE,TRUE,TRUE,TRUE,1,NA,NA,NA,NA,78.75,21.25,Grade E,Grade E,Critical penalty burden,50,28.75
fluid,0,1,0.5,1,0.5,TRUE,TRUE,TRUE,TRUE,TRUE,TRUE,1,NA,NA,NA,NA,52.5,47.5,Grade E,Grade E,Critical penalty burden,50,2.5
fluid,0.25,1,0.5,1,0.5,TRUE,TRUE,TRUE,TRUE,TRUE,TRUE,1,NA,NA,NA,NA,60,40,Grade E,Grade E,Critical penalty burden,50,10
fluid,0.5,1,0.5,1,0.5,TRUE,TRUE,TRUE,TRUE,TRUE,TRUE,1,NA,NA,NA,NA,67.5,32.5,Grade E,Grade E,Critical penalty burden,50,17.5
fluid,0.75,1,0.5,1,0.5,TRUE,TRUE,TRUE,TRUE,TRUE,TRUE,1,NA,NA,NA,NA,75,25,Grade E,Grade E,Critical penalty burden,50,25
fluid,1,1,0.5,1,0.5,TRUE,TRUE,TRUE,TRUE,TRUE,TRUE,1,NA,NA,NA,NA,82.5,17.5,Grade E,Grade E,Critical penalty burden,50,32.5
fluid,0,0,0.75,1,0.5,TRUE,TRUE,TRUE,TRUE,TRUE,TRUE,1,NA,NA,NA,NA,40,60,Grade D,Grade D,Score-based certification,35,5
fluid,0.25,0,0.75,1,0.5,TRUE,TRUE,TRUE,TRUE,TRUE,TRUE,1,NA,NA,NA,NA,47.5,52.5,Grade D,Grade D,Score-based certification,50,2.5
fluid,0.5,0,0.75,1,0.5,TRUE,TRUE,TRUE,TRUE,TRUE,TRUE,1,NA,NA,NA,NA,55,45,Grade E,Grade E,Critical penalty burden,50,5
fluid,0.75,0,0.75,1,0.5,TRUE,TRUE,TRUE,TRUE,TRUE,TRUE,1,NA,NA,NA,NA,62.5,37.5,Grade E,Grade E,Critical penalty burden,50,12.5
fluid,1,0,0.75,1,0.5,TRUE,TRUE,TRUE,TRUE,TRUE,TRUE,1,NA,NA,NA,NA,70,30,Grade E,Grade E,Critical penalty burden,50,20
fluid,0,0.25,0.75,1,0.5,TRUE,TRUE,TRUE,TRUE,TRUE,TRUE,1,NA,NA,NA,NA,43.75,56.25,Grade D,Grade D,Score-based certification,50,6.25
fluid,0.25,0.25,0.75,1,0.5,TRUE,TRUE,TRUE,TRUE,TRUE,TRUE,1,NA,NA,NA,NA,51.25,48.75,Grade E,Grade E,Critical penalty burden,50,1.25
fluid,0.5,0.25,0.75,1,0.5,TRUE,TRUE,TRUE,TRUE,TRUE,TRUE,1,NA,NA,NA,NA,58.75,41.25,Grade E,Grade E,Critical penalty burden,50,8.75
fluid,0.75,0.25,0.75,1,0.5,TRUE,TRUE,TRUE,TRUE,TRUE,TRUE,1,NA,NA,NA,NA,66.25,33.75,Grade E,Grade E,Critical penalty burden,50,16.25
fluid,1,0.25,0.75,1,0.5,TRUE,TRUE,TRUE,TRUE,TRUE,TRUE,1,NA,NA,NA,NA,73.75,26.25,Grade E,Grade E,Critical penalty burden,50,23.75
fluid,0,0.5,0.75,1,0.5,TRUE,TRUE,TRUE,TRUE,TRUE,TRUE,1,NA,NA,NA,NA,47.5,52.5,Grade D,Grade D,Score-based certification,50,2.5
fluid,0.25,0.5,0.75,1,0.5,TRUE,TRUE,TRUE,TRUE,TRUE,TRUE,1,NA,NA,NA,NA,55,45,Grade E,Grade E,Critical penalty burden,50,5
fluid,0.5,0.5,0.75,1,0.5,TRUE,TRUE,TRUE,TRUE,TRUE,TRUE,1,NA,NA,NA,NA,62.5,37.5,Grade E,Grade E,Critical penalty burden,50,12.5
fluid,0.75,0.5,0.75,1,0.5,TRUE,TRUE,TRUE,TRUE,TRUE,TRUE,1,NA,NA,NA,NA,70,30,Grade E,Grade E,Critical penalty burden,50,20
fluid,1,0.5,0.75,1,0.5,TRUE,TRUE,TRUE,TRUE,TRUE,TRUE,1,NA,NA,NA,NA,77.5,22.5,Grade E,Grade E,Critical penalty burden,50,27.5
fluid,0,0.75,0.75,1,0.5,TRUE,TRUE,TRUE,TRUE,TRUE,TRUE,1,NA,NA,NA,NA,51.25,48.75,Grade E,Grade E,Critical penalty burden,50,1.25
fluid,0.25,0.75,0.75,1,0.5,TRUE,TRUE,TRUE,TRUE,TRUE,TRUE,1,NA,NA,NA,NA,58.75,41.25,Grade E,Grade E,Critical penalty burden,50,8.75
fluid,0.5,0.75,0.75,1,0.5,TRUE,TRUE,TRUE,TRUE,TRUE,TRUE,1,NA,NA,NA,NA,66.25,33.75,Grade E,Grade E,Critical penalty burden,50,16.25
fluid,0.75,0.75,0.75,1,0.5,TRUE,TRUE,TRUE,TRUE,TRUE,TRUE,1,NA,NA,NA,NA,73.75,26.25,Grade E,Grade E,Critical penalty burden,50,23.75
fluid,1,0.75,0.75,1,0.5,TRUE,TRUE,TRUE,TRUE,TRUE,TRUE,1,NA,NA,NA,NA,81.25,18.75,Grade E,Grade E,Critical penalty burden,50,31.25
fluid,0,1,0.75,1,0.5,TRUE,TRUE,TRUE,TRUE,TRUE,TRUE,1,NA,NA,NA,NA,55,45,Grade E,Grade E,Critical penalty burden,50,5
fluid,0.25,1,0.75,1,0.5,TRUE,TRUE,TRUE,TRUE,TRUE,TRUE,1,NA,NA,NA,NA,62.5,37.5,Grade E,Grade E,Critical penalty burden,50,12.5
fluid,0.5,1,0.75,1,0.5,TRUE,TRUE,TRUE,TRUE,TRUE,TRUE,1,NA,NA,NA,NA,70,30,Grade E,Grade E,Critical penalty burden,50,20
fluid,0.75,1,0.75,1,0.5,TRUE,TRUE,TRUE,TRUE,TRUE,TRUE,1,NA,NA,NA,NA,77.5,22.5,Grade E,Grade E,Critical penalty burden,50,27.5
fluid,1,1,0.75,1,0.5,TRUE,TRUE,TRUE,TRUE,TRUE,TRUE,1,NA,NA,NA,NA,85,15,Grade E,Grade E,Critical penalty burden,50,35
fluid,0,0,1,1,0.5,TRUE,TRUE,TRUE,TRUE,TRUE,TRUE,1,NA,NA,NA,NA,42.5,57.5,Grade D,Grade D,Score-based certification,35,7.5
fluid,0.25,0,1,1,0.5,TRUE,TRUE,TRUE,TRUE,TRUE,TRUE,1,NA,NA,NA,NA,50,50,Grade D,Grade D,Score-based certification,50,0
fluid,0.5,0,1,1,0.5,TRUE,TRUE,TRUE,TRUE,TRUE,TRUE,1,NA,NA,NA,NA,57.5,42.5,Grade E,Grade E,Critical penalty burden,50,7.5
fluid,0.75,0,1,1,0.5,TRUE,TRUE,TRUE,TRUE,TRUE,TRUE,1,NA,NA,NA,NA,65,35,Grade E,Grade E,Critical penalty burden,50,15
fluid,1,0,1,1,0.5,TRUE,TRUE,TRUE,TRUE,TRUE,TRUE,1,NA,NA,NA,NA,72.5,27.5,Grade E,Grade E,Critical penalty burden,50,22.5
fluid,0,0.25,1,1,0.5,TRUE,TRUE,TRUE,TRUE,TRUE,TRUE,1,NA,NA,NA,NA,46.25,53.75,Grade D,Grade D,Score-based certification,50,3.75
fluid,0.25,0.25,1,1,0.5,TRUE,TRUE,TRUE,TRUE,TRUE,TRUE,1,NA,NA,NA,NA,53.75,46.25,Grade E,Grade E,Critical penalty burden,50,3.75
fluid,0.5,0.25,1,1,0.5,TRUE,TRUE,TRUE,TRUE,TRUE,TRUE,1,NA,NA,NA,NA,61.25,38.75,Grade E,Grade E,Critical penalty burden,50,11.25
fluid,0.75,0.25,1,1,0.5,TRUE,TRUE,TRUE,TRUE,TRUE,TRUE,1,NA,NA,NA,NA,68.75,31.25,Grade E,Grade E,Critical penalty burden,50,18.75
fluid,1,0.25,1,1,0.5,TRUE,TRUE,TRUE,TRUE,TRUE,TRUE,1,NA,NA,NA,NA,76.25,23.75,Grade E,Grade E,Critical penalty burden,50,26.25
fluid,0,0.5,1,1,0.5,TRUE,TRUE,TRUE,TRUE,TRUE,TRUE,1,NA,NA,NA,NA,50,50,Grade D,Grade D,Score-based certification,50,0
fluid,0.25,0.5,1,1,0.5,TRUE,TRUE,TRUE,TRUE,TRUE,TRUE,1,NA,NA,NA,NA,57.5,42.5,Grade E,Grade E,Critical penalty burden,50,7.5
fluid,0.5,0.5,1,1,0.5,TRUE,TRUE,TRUE,TRUE,TRUE,TRUE,1,NA,NA,NA,NA,65,35,Grade E,Grade E,Critical penalty burden,50,15
fluid,0.75,0.5,1,1,0.5,TRUE,TRUE,TRUE,TRUE,TRUE,TRUE,1,NA,NA,NA,NA,72.5,27.5,Grade E,Grade E,Critical penalty burden,50,22.5
fluid,1,0.5,1,1,0.5,TRUE,TRUE,TRUE,TRUE,TRUE,TRUE,1,NA,NA,NA,NA,80,20,Grade E,Grade E,Critical penalty burden,50,30
fluid,0,0.75,1,1,0.5,TRUE,TRUE,TRUE,TRUE,TRUE,TRUE,1,NA,NA,NA,NA,53.75,46.25,Grade E,Grade E,Critical penalty burden,50,3.75
fluid,0.25,0.75,1,1,0.5,TRUE,TRUE,TRUE,TRUE,TRUE,TRUE,1,NA,NA,NA,NA,61.25,38.75,Grade E,Grade E,Critical penalty burden,50,11.25
fluid,0.5,0.75,1,1,0.5,TRUE,TRUE,TRUE,TRUE,TRUE,TRUE,1,NA,NA,NA,NA,68.75,31.25,Grade E,Grade E,Critical penalty burden,50,18.75
fluid,0.75,0.75,1,1,0.5,TRUE,TRUE,TRUE,TRUE,TRUE,TRUE,1,NA,NA,NA,NA,76.25,23.75,Grade E,Grade E,Critical penalty burden,50,26.25
fluid,1,0.75,1,1,0.5,TRUE,TRUE,TRUE,TRUE,TRUE,TRUE,1,NA,NA,NA,NA,83.75,16.25,Grade E,Grade E,Critical penalty burden,50,33.75
fluid,0,1,1,1,0.5,TRUE,TRUE,TRUE,TRUE,TRUE,TRUE,1,NA,NA,NA,NA,57.5,42.5,Grade E,Grade E,Critical penalty burden,50,7.5
fluid,0.25,1,1,1,0.5,TRUE,TRUE,TRUE,TRUE,TRUE,TRUE,1,NA,NA,NA,NA,65,35,Grade E,Grade E,Critical penalty burden,50,15
fluid,0.5,1,1,1,0.5,TRUE,TRUE,TRUE,TRUE,TRUE,TRUE,1,NA,NA,NA,NA,72.5,27.5,Grade E,Grade E,Critical penalty burden,50,22.5
fluid,0.75,1,1,1,0.5,TRUE,TRUE,TRUE,TRUE,TRUE,TRUE,1,NA,NA,NA,NA,80,20,Grade E,Grade E,Critical penalty burden,50,30
fluid,1,1,1,1,0.5,TRUE,TRUE,TRUE,TRUE,TRUE,TRUE,1,NA,NA,NA,NA,87.5,12.5,Grade E,Grade E,Critical penalty burden,50,37.5
fluid,0,0,0,0,0.75,TRUE,TRUE,TRUE,TRUE,TRUE,TRUE,1,NA,NA,NA,NA,18.75,81.25,Grade B,Grade B,Score-based certification,20,1.25
fluid,0.25,0,0,0,0.75,TRUE,TRUE,TRUE,TRUE,TRUE,TRUE,1,NA,NA,NA,NA,26.25,73.75,Grade C,Grade C,Score-based certification,20,6.25
fluid,0.5,0,0,0,0.75,TRUE,TRUE,TRUE,TRUE,TRUE,TRUE,1,NA,NA,NA,NA,33.75,66.25,Grade C,Grade C,Score-based certification,35,1.25
fluid,0.75,0,0,0,0.75,TRUE,TRUE,TRUE,TRUE,TRUE,TRUE,1,NA,NA,NA,NA,41.25,58.75,Grade D,Grade D,Score-based certification,35,6.25
fluid,1,0,0,0,0.75,TRUE,TRUE,TRUE,TRUE,TRUE,TRUE,1,NA,NA,NA,NA,48.75,51.25,Grade D,Grade D,Score-based certification,50,1.25
fluid,0,0.25,0,0,0.75,TRUE,TRUE,TRUE,TRUE,TRUE,TRUE,1,NA,NA,NA,NA,22.5,77.5,Grade C,Grade C,Score-based certification,20,2.5
fluid,0.25,0.25,0,0,0.75,TRUE,TRUE,TRUE,TRUE,TRUE,TRUE,1,NA,NA,NA,NA,30,70,Grade C,Grade C,Score-based certification,35,5
fluid,0.5,0.25,0,0,0.75,TRUE,TRUE,TRUE,TRUE,TRUE,TRUE,1,NA,NA,NA,NA,37.5,62.5,Grade D,Grade D,Score-based certification,35,2.5
fluid,0.75,0.25,0,0,0.75,TRUE,TRUE,TRUE,TRUE,TRUE,TRUE,1,NA,NA,NA,NA,45,55,Grade D,Grade D,Score-based certification,50,5
fluid,1,0.25,0,0,0.75,TRUE,TRUE,TRUE,TRUE,TRUE,TRUE,1,NA,NA,NA,NA,52.5,47.5,Grade E,Grade E,Critical penalty burden,50,2.5
fluid,0,0.5,0,0,0.75,TRUE,TRUE,TRUE,TRUE,TRUE,TRUE,1,NA,NA,NA,NA,26.25,73.75,Grade C,Grade C,Score-based certification,20,6.25
fluid,0.25,0.5,0,0,0.75,TRUE,TRUE,TRUE,TRUE,TRUE,TRUE,1,NA,NA,NA,NA,33.75,66.25,Grade C,Grade C,Score-based certification,35,1.25
fluid,0.5,0.5,0,0,0.75,TRUE,TRUE,TRUE,TRUE,TRUE,TRUE,1,NA,NA,NA,NA,41.25,58.75,Grade D,Grade D,Score-based certification,35,6.25
fluid,0.75,0.5,0,0,0.75,TRUE,TRUE,TRUE,TRUE,TRUE,TRUE,1,NA,NA,NA,NA,48.75,51.25,Grade D,Grade D,Score-based certification,50,1.25
fluid,1,0.5,0,0,0.75,TRUE,TRUE,TRUE,TRUE,TRUE,TRUE,1,NA,NA,NA,NA,56.25,43.75,Grade E,Grade E,Critical penalty burden,50,6.25
fluid,0,0.75,0,0,0.75,TRUE,TRUE,TRUE,TRUE,TRUE,TRUE,1,NA,NA,NA,NA,30,70,Grade C,Grade C,Score-based certification,35,5
fluid,0.25,0.75,0,0,0.75,TRUE,TRUE,TRUE,TRUE,TRUE,TRUE,1,NA,NA,NA,NA,37.5,62.5,Grade D,Grade D,Score-based certification,35,2.5
fluid,0.5,0.75,0,0,0.75,TRUE,TRUE,TRUE,TRUE,TRUE,TRUE,1,NA,NA,NA,NA,45,55,Grade D,Grade D,Score-based certification,50,5
fluid,0.75,0.75,0,0,0.75,TRUE,TRUE,TRUE,TRUE,TRUE,TRUE,1,NA,NA,NA,NA,52.5,47.5,Grade E,Grade E,Critical penalty burden,50,2.5
fluid,1,0.75,0,0,0.75,TRUE,TRUE,TRUE,TRUE,TRUE,TRUE,1,NA,NA,NA,NA,60,40,Grade E,Grade E,Critical penalty burden,50,10
fluid,0,1,0,0,0.75,TRUE,TRUE,TRUE,TRUE,TRUE,TRUE,1,NA,NA,NA,NA,33.75,66.25,Grade C,Grade C,Score-based certification,35,1.25
fluid,0.25,1,0,0,0.75,TRUE,TRUE,TRUE,TRUE,TRUE,TRUE,1,NA,NA,NA,NA,41.25,58.75,Grade D,Grade D,Score-based certification,35,6.25
fluid,0.5,1,0,0,0.75,TRUE,TRUE,TRUE,TRUE,TRUE,TRUE,1,NA,NA,NA,NA,48.75,51.25,Grade D,Grade D,Score-based certification,50,1.25
fluid,0.75,1,0,0,0.75,TRUE,TRUE,TRUE,TRUE,TRUE,TRUE,1,NA,NA,NA,NA,56.25,43.75,Grade E,Grade E,Critical penalty burden,50,6.25
fluid,1,1,0,0,0.75,TRUE,TRUE,TRUE,TRUE,TRUE,TRUE,1,NA,NA,NA,NA,63.75,36.25,Grade E,Grade E,Critical penalty burden,50,13.75
fluid,0,0,0.25,0,0.75,TRUE,TRUE,TRUE,TRUE,TRUE,TRUE,1,NA,NA,NA,NA,21.25,78.75,Grade C,Grade C,Score-based certification,20,1.25
fluid,0.25,0,0.25,0,0.75,TRUE,TRUE,TRUE,TRUE,TRUE,TRUE,1,NA,NA,NA,NA,28.75,71.25,Grade C,Grade C,Score-based certification,35,6.25
fluid,0.5,0,0.25,0,0.75,TRUE,TRUE,TRUE,TRUE,TRUE,TRUE,1,NA,NA,NA,NA,36.25,63.75,Grade D,Grade D,Score-based certification,35,1.25
fluid,0.75,0,0.25,0,0.75,TRUE,TRUE,TRUE,TRUE,TRUE,TRUE,1,NA,NA,NA,NA,43.75,56.25,Grade D,Grade D,Score-based certification,50,6.25
fluid,1,0,0.25,0,0.75,TRUE,TRUE,TRUE,TRUE,TRUE,TRUE,1,NA,NA,NA,NA,51.25,48.75,Grade E,Grade E,Critical penalty burden,50,1.25
fluid,0,0.25,0.25,0,0.75,TRUE,TRUE,TRUE,TRUE,TRUE,TRUE,1,NA,NA,NA,NA,25,75,Grade C,Grade C,Score-based certification,20,5
fluid,0.25,0.25,0.25,0,0.75,TRUE,TRUE,TRUE,TRUE,TRUE,TRUE,1,NA,NA,NA,NA,32.5,67.5,Grade C,Grade C,Score-based certification,35,2.5
fluid,0.5,0.25,0.25,0,0.75,TRUE,TRUE,TRUE,TRUE,TRUE,TRUE,1,NA,NA,NA,NA,40,60,Grade D,Grade D,Score-based certification,35,5
fluid,0.75,0.25,0.25,0,0.75,TRUE,TRUE,TRUE,TRUE,TRUE,TRUE,1,NA,NA,NA,NA,47.5,52.5,Grade D,Grade D,Score-based certification,50,2.5
fluid,1,0.25,0.25,0,0.75,TRUE,TRUE,TRUE,TRUE,TRUE,TRUE,1,NA,NA,NA,NA,55,45,Grade E,Grade E,Critical penalty burden,50,5
fluid,0,0.5,0.25,0,0.75,TRUE,TRUE,TRUE,TRUE,TRUE,TRUE,1,NA,NA,NA,NA,28.75,71.25,Grade C,Grade C,Score-based certification,35,6.25
fluid,0.25,0.5,0.25,0,0.75,TRUE,TRUE,TRUE,TRUE,TRUE,TRUE,1,NA,NA,NA,NA,36.25,63.75,Grade D,Grade D,Score-based certification,35,1.25
fluid,0.5,0.5,0.25,0,0.75,TRUE,TRUE,TRUE,TRUE,TRUE,TRUE,1,NA,NA,NA,NA,43.75,56.25,Grade D,Grade D,Score-based certification,50,6.25
fluid,0.75,0.5,0.25,0,0.75,TRUE,TRUE,TRUE,TRUE,TRUE,TRUE,1,NA,NA,NA,NA,51.25,48.75,Grade E,Grade E,Critical penalty burden,50,1.25
fluid,1,0.5,0.25,0,0.75,TRUE,TRUE,TRUE,TRUE,TRUE,TRUE,1,NA,NA,NA,NA,58.75,41.25,Grade E,Grade E,Critical penalty burden,50,8.75
fluid,0,0.75,0.25,0,0.75,TRUE,TRUE,TRUE,TRUE,TRUE,TRUE,1,NA,NA,NA,NA,32.5,67.5,Grade C,Grade C,Score-based certification,35,2.5
fluid,0.25,0.75,0.25,0,0.75,TRUE,TRUE,TRUE,TRUE,TRUE,TRUE,1,NA,NA,NA,NA,40,60,Grade D,Grade D,Score-based certification,35,5
fluid,0.5,0.75,0.25,0,0.75,TRUE,TRUE,TRUE,TRUE,TRUE,TRUE,1,NA,NA,NA,NA,47.5,52.5,Grade D,Grade D,Score-based certification,50,2.5
fluid,0.75,0.75,0.25,0,0.75,TRUE,TRUE,TRUE,TRUE,TRUE,TRUE,1,NA,NA,NA,NA,55,45,Grade E,Grade E,Critical penalty burden,50,5
fluid,1,0.75,0.25,0,0.75,TRUE,TRUE,TRUE,TRUE,TRUE,TRUE,1,NA,NA,NA,NA,62.5,37.5,Grade E,Grade E,Critical penalty burden,50,12.5
fluid,0,1,0.25,0,0.75,TRUE,TRUE,TRUE,TRUE,TRUE,TRUE,1,NA,NA,NA,NA,36.25,63.75,Grade D,Grade D,Score-based certification,35,1.25
fluid,0.25,1,0.25,0,0.75,TRUE,TRUE,TRUE,TRUE,TRUE,TRUE,1,NA,NA,NA,NA,43.75,56.25,Grade D,Grade D,Score-based certification,50,6.25
fluid,0.5,1,0.25,0,0.75,TRUE,TRUE,TRUE,TRUE,TRUE,TRUE,1,NA,NA,NA,NA,51.25,48.75,Grade E,Grade E,Critical penalty burden,50,1.25
fluid,0.75,1,0.25,0,0.75,TRUE,TRUE,TRUE,TRUE,TRUE,TRUE,1,NA,NA,NA,NA,58.75,41.25,Grade E,Grade E,Critical penalty burden,50,8.75
fluid,1,1,0.25,0,0.75,TRUE,TRUE,TRUE,TRUE,TRUE,TRUE,1,NA,NA,NA,NA,66.25,33.75,Grade E,Grade E,Critical penalty burden,50,16.25
fluid,0,0,0.5,0,0.75,TRUE,TRUE,TRUE,TRUE,TRUE,TRUE,1,NA,NA,NA,NA,23.75,76.25,Grade C,Grade C,Score-based certification,20,3.75
fluid,0.25,0,0.5,0,0.75,TRUE,TRUE,TRUE,TRUE,TRUE,TRUE,1,NA,NA,NA,NA,31.25,68.75,Grade C,Grade C,Score-based certification,35,3.75
fluid,0.5,0,0.5,0,0.75,TRUE,TRUE,TRUE,TRUE,TRUE,TRUE,1,NA,NA,NA,NA,38.75,61.25,Grade D,Grade D,Score-based certification,35,3.75
fluid,0.75,0,0.5,0,0.75,TRUE,TRUE,TRUE,TRUE,TRUE,TRUE,1,NA,NA,NA,NA,46.25,53.75,Grade D,Grade D,Score-based certification,50,3.75
fluid,1,0,0.5,0,0.75,TRUE,TRUE,TRUE,TRUE,TRUE,TRUE,1,NA,NA,NA,NA,53.75,46.25,Grade E,Grade E,Critical penalty burden,50,3.75
fluid,0,0.25,0.5,0,0.75,TRUE,TRUE,TRUE,TRUE,TRUE,TRUE,1,NA,NA,NA,NA,27.5,72.5,Grade C,Grade C,Score-based certification,20,7.5
fluid,0.25,0.25,0.5,0,0.75,TRUE,TRUE,TRUE,TRUE,TRUE,TRUE,1,NA,NA,NA,NA,35,65,Grade C,Grade C,Score-based certification,35,0
fluid,0.5,0.25,0.5,0,0.75,TRUE,TRUE,TRUE,TRUE,TRUE,TRUE,1,NA,NA,NA,NA,42.5,57.5,Grade D,Grade D,Score-based certification,35,7.5
fluid,0.75,0.25,0.5,0,0.75,TRUE,TRUE,TRUE,TRUE,TRUE,TRUE,1,NA,NA,NA,NA,50,50,Grade D,Grade D,Score-based certification,50,0
fluid,1,0.25,0.5,0,0.75,TRUE,TRUE,TRUE,TRUE,TRUE,TRUE,1,NA,NA,NA,NA,57.5,42.5,Grade E,Grade E,Critical penalty burden,50,7.5
fluid,0,0.5,0.5,0,0.75,TRUE,TRUE,TRUE,TRUE,TRUE,TRUE,1,NA,NA,NA,NA,31.25,68.75,Grade C,Grade C,Score-based certification,35,3.75
fluid,0.25,0.5,0.5,0,0.75,TRUE,TRUE,TRUE,TRUE,TRUE,TRUE,1,NA,NA,NA,NA,38.75,61.25,Grade D,Grade D,Score-based certification,35,3.75
fluid,0.5,0.5,0.5,0,0.75,TRUE,TRUE,TRUE,TRUE,TRUE,TRUE,1,NA,NA,NA,NA,46.25,53.75,Grade D,Grade D,Score-based certification,50,3.75
fluid,0.75,0.5,0.5,0,0.75,TRUE,TRUE,TRUE,TRUE,TRUE,TRUE,1,NA,NA,NA,NA,53.75,46.25,Grade E,Grade E,Critical penalty burden,50,3.75
fluid,1,0.5,0.5,0,0.75,TRUE,TRUE,TRUE,TRUE,TRUE,TRUE,1,NA,NA,NA,NA,61.25,38.75,Grade E,Grade E,Critical penalty burden,50,11.25
fluid,0,0.75,0.5,0,0.75,TRUE,TRUE,TRUE,TRUE,TRUE,TRUE,1,NA,NA,NA,NA,35,65,Grade C,Grade C,Score-based certification,35,0
fluid,0.25,0.75,0.5,0,0.75,TRUE,TRUE,TRUE,TRUE,TRUE,TRUE,1,NA,NA,NA,NA,42.5,57.5,Grade D,Grade D,Score-based certification,35,7.5
fluid,0.5,0.75,0.5,0,0.75,TRUE,TRUE,TRUE,TRUE,TRUE,TRUE,1,NA,NA,NA,NA,50,50,Grade D,Grade D,Score-based certification,50,0
fluid,0.75,0.75,0.5,0,0.75,TRUE,TRUE,TRUE,TRUE,TRUE,TRUE,1,NA,NA,NA,NA,57.5,42.5,Grade E,Grade E,Critical penalty burden,50,7.5
fluid,1,0.75,0.5,0,0.75,TRUE,TRUE,TRUE,TRUE,TRUE,TRUE,1,NA,NA,NA,NA,65,35,Grade E,Grade E,Critical penalty burden,50,15
fluid,0,1,0.5,0,0.75,TRUE,TRUE,TRUE,TRUE,TRUE,TRUE,1,NA,NA,NA,NA,38.75,61.25,Grade D,Grade D,Score-based certification,35,3.75
fluid,0.25,1,0.5,0,0.75,TRUE,TRUE,TRUE,TRUE,TRUE,TRUE,1,NA,NA,NA,NA,46.25,53.75,Grade D,Grade D,Score-based certification,50,3.75
fluid,0.5,1,0.5,0,0.75,TRUE,TRUE,TRUE,TRUE,TRUE,TRUE,1,NA,NA,NA,NA,53.75,46.25,Grade E,Grade E,Critical penalty burden,50,3.75
fluid,0.75,1,0.5,0,0.75,TRUE,TRUE,TRUE,TRUE,TRUE,TRUE,1,NA,NA,NA,NA,61.25,38.75,Grade E,Grade E,Critical penalty burden,50,11.25
fluid,1,1,0.5,0,0.75,TRUE,TRUE,TRUE,TRUE,TRUE,TRUE,1,NA,NA,NA,NA,68.75,31.25,Grade E,Grade E,Critical penalty burden,50,18.75
fluid,0,0,0.75,0,0.75,TRUE,TRUE,TRUE,TRUE,TRUE,TRUE,1,NA,NA,NA,NA,26.25,73.75,Grade C,Grade C,Score-based certification,20,6.25
fluid,0.25,0,0.75,0,0.75,TRUE,TRUE,TRUE,TRUE,TRUE,TRUE,1,NA,NA,NA,NA,33.75,66.25,Grade C,Grade C,Score-based certification,35,1.25
fluid,0.5,0,0.75,0,0.75,TRUE,TRUE,TRUE,TRUE,TRUE,TRUE,1,NA,NA,NA,NA,41.25,58.75,Grade D,Grade D,Score-based certification,35,6.25
fluid,0.75,0,0.75,0,0.75,TRUE,TRUE,TRUE,TRUE,TRUE,TRUE,1,NA,NA,NA,NA,48.75,51.25,Grade D,Grade D,Score-based certification,50,1.25
fluid,1,0,0.75,0,0.75,TRUE,TRUE,TRUE,TRUE,TRUE,TRUE,1,NA,NA,NA,NA,56.25,43.75,Grade E,Grade E,Critical penalty burden,50,6.25
fluid,0,0.25,0.75,0,0.75,TRUE,TRUE,TRUE,TRUE,TRUE,TRUE,1,NA,NA,NA,NA,30,70,Grade C,Grade C,Score-based certification,35,5
fluid,0.25,0.25,0.75,0,0.75,TRUE,TRUE,TRUE,TRUE,TRUE,TRUE,1,NA,NA,NA,NA,37.5,62.5,Grade D,Grade D,Score-based certification,35,2.5
fluid,0.5,0.25,0.75,0,0.75,TRUE,TRUE,TRUE,TRUE,TRUE,TRUE,1,NA,NA,NA,NA,45,55,Grade D,Grade D,Score-based certification,50,5
fluid,0.75,0.25,0.75,0,0.75,TRUE,TRUE,TRUE,TRUE,TRUE,TRUE,1,NA,NA,NA,NA,52.5,47.5,Grade E,Grade E,Critical penalty burden,50,2.5
fluid,1,0.25,0.75,0,0.75,TRUE,TRUE,TRUE,TRUE,TRUE,TRUE,1,NA,NA,NA,NA,60,40,Grade E,Grade E,Critical penalty burden,50,10
fluid,0,0.5,0.75,0,0.75,TRUE,TRUE,TRUE,TRUE,TRUE,TRUE,1,NA,NA,NA,NA,33.75,66.25,Grade C,Grade C,Score-based certification,35,1.25
fluid,0.25,0.5,0.75,0,0.75,TRUE,TRUE,TRUE,TRUE,TRUE,TRUE,1,NA,NA,NA,NA,41.25,58.75,Grade D,Grade D,Score-based certification,35,6.25
fluid,0.5,0.5,0.75,0,0.75,TRUE,TRUE,TRUE,TRUE,TRUE,TRUE,1,NA,NA,NA,NA,48.75,51.25,Grade D,Grade D,Score-based certification,50,1.25
fluid,0.75,0.5,0.75,0,0.75,TRUE,TRUE,TRUE,TRUE,TRUE,TRUE,1,NA,NA,NA,NA,56.25,43.75,Grade E,Grade E,Critical penalty burden,50,6.25
fluid,1,0.5,0.75,0,0.75,TRUE,TRUE,TRUE,TRUE,TRUE,TRUE,1,NA,NA,NA,NA,63.75,36.25,Grade E,Grade E,Critical penalty burden,50,13.75
fluid,0,0.75,0.75,0,0.75,TRUE,TRUE,TRUE,TRUE,TRUE,TRUE,1,NA,NA,NA,NA,37.5,62.5,Grade D,Grade D,Score-based certification,35,2.5
fluid,0.25,0.75,0.75,0,0.75,TRUE,TRUE,TRUE,TRUE,TRUE,TRUE,1,NA,NA,NA,NA,45,55,Grade D,Grade D,Score-based certification,50,5
fluid,0.5,0.75,0.75,0,0.75,TRUE,TRUE,TRUE,TRUE,TRUE,TRUE,1,NA,NA,NA,NA,52.5,47.5,Grade E,Grade E,Critical penalty burden,50,2.5
fluid,0.75,0.75,0.75,0,0.75,TRUE,TRUE,TRUE,TRUE,TRUE,TRUE,1,NA,NA,NA,NA,60,40,Grade E,Grade E,Critical penalty burden,50,10
fluid,1,0.75,0.75,0,0.75,TRUE,TRUE,TRUE,TRUE,TRUE,TRUE,1,NA,NA,NA,NA,67.5,32.5,Grade E,Grade E,Critical penalty burden,50,17.5
fluid,0,1,0.75,0,0.75,TRUE,TRUE,TRUE,TRUE,TRUE,TRUE,1,NA,NA,NA,NA,41.25,58.75,Grade D,Grade D,Score-based certification,35,6.25
fluid,0.25,1,0.75,0,0.75,TRUE,TRUE,TRUE,TRUE,TRUE,TRUE,1,NA,NA,NA,NA,48.75,51.25,Grade D,Grade D,Score-based certification,50,1.25
fluid,0.5,1,0.75,0,0.75,TRUE,TRUE,TRUE,TRUE,TRUE,TRUE,1,NA,NA,NA,NA,56.25,43.75,Grade E,Grade E,Critical penalty burden,50,6.25
fluid,0.75,1,0.75,0,0.75,TRUE,TRUE,TRUE,TRUE,TRUE,TRUE,1,NA,NA,NA,NA,63.75,36.25,Grade E,Grade E,Critical penalty burden,50,13.75
fluid,1,1,0.75,0,0.75,TRUE,TRUE,TRUE,TRUE,TRUE,TRUE,1,NA,NA,NA,NA,71.25,28.75,Grade E,Grade E,Critical penalty burden,50,21.25
fluid,0,0,1,0,0.75,TRUE,TRUE,TRUE,TRUE,TRUE,TRUE,1,NA,NA,NA,NA,28.75,71.25,Grade C,Grade C,Score-based certification,35,6.25
fluid,0.25,0,1,0,0.75,TRUE,TRUE,TRUE,TRUE,TRUE,TRUE,1,NA,NA,NA,NA,36.25,63.75,Grade D,Grade D,Score-based certification,35,1.25
fluid,0.5,0,1,0,0.75,TRUE,TRUE,TRUE,TRUE,TRUE,TRUE,1,NA,NA,NA,NA,43.75,56.25,Grade D,Grade D,Score-based certification,50,6.25
fluid,0.75,0,1,0,0.75,TRUE,TRUE,TRUE,TRUE,TRUE,TRUE,1,NA,NA,NA,NA,51.25,48.75,Grade E,Grade E,Critical penalty burden,50,1.25
fluid,1,0,1,0,0.75,TRUE,TRUE,TRUE,TRUE,TRUE,TRUE,1,NA,NA,NA,NA,58.75,41.25,Grade E,Grade E,Critical penalty burden,50,8.75
fluid,0,0.25,1,0,0.75,TRUE,TRUE,TRUE,TRUE,TRUE,TRUE,1,NA,NA,NA,NA,32.5,67.5,Grade C,Grade C,Score-based certification,35,2.5
fluid,0.25,0.25,1,0,0.75,TRUE,TRUE,TRUE,TRUE,TRUE,TRUE,1,NA,NA,NA,NA,40,60,Grade D,Grade D,Score-based certification,35,5
fluid,0.5,0.25,1,0,0.75,TRUE,TRUE,TRUE,TRUE,TRUE,TRUE,1,NA,NA,NA,NA,47.5,52.5,Grade D,Grade D,Score-based certification,50,2.5
fluid,0.75,0.25,1,0,0.75,TRUE,TRUE,TRUE,TRUE,TRUE,TRUE,1,NA,NA,NA,NA,55,45,Grade E,Grade E,Critical penalty burden,50,5
fluid,1,0.25,1,0,0.75,TRUE,TRUE,TRUE,TRUE,TRUE,TRUE,1,NA,NA,NA,NA,62.5,37.5,Grade E,Grade E,Critical penalty burden,50,12.5
fluid,0,0.5,1,0,0.75,TRUE,TRUE,TRUE,TRUE,TRUE,TRUE,1,NA,NA,NA,NA,36.25,63.75,Grade D,Grade D,Score-based certification,35,1.25
fluid,0.25,0.5,1,0,0.75,TRUE,TRUE,TRUE,TRUE,TRUE,TRUE,1,NA,NA,NA,NA,43.75,56.25,Grade D,Grade D,Score-based certification,50,6.25
fluid,0.5,0.5,1,0,0.75,TRUE,TRUE,TRUE,TRUE,TRUE,TRUE,1,NA,NA,NA,NA,51.25,48.75,Grade E,Grade E,Critical penalty burden,50,1.25
fluid,0.75,0.5,1,0,0.75,TRUE,TRUE,TRUE,TRUE,TRUE,TRUE,1,NA,NA,NA,NA,58.75,41.25,Grade E,Grade E,Critical penalty burden,50,8.75
fluid,1,0.5,1,0,0.75,TRUE,TRUE,TRUE,TRUE,TRUE,TRUE,1,NA,NA,NA,NA,66.25,33.75,Grade E,Grade E,Critical penalty burden,50,16.25
fluid,0,0.75,1,0,0.75,TRUE,TRUE,TRUE,TRUE,TRUE,TRUE,1,NA,NA,NA,NA,40,60,Grade D,Grade D,Score-based certification,35,5
fluid,0.25,0.75,1,0,0.75,TRUE,TRUE,TRUE,TRUE,TRUE,TRUE,1,NA,NA,NA,NA,47.5,52.5,Grade D,Grade D,Score-based certification,50,2.5
fluid,0.5,0.75,1,0,0.75,TRUE,TRUE,TRUE,TRUE,TRUE,TRUE,1,NA,NA,NA,NA,55,45,Grade E,Grade E,Critical penalty burden,50,5
fluid,0.75,0.75,1,0,0.75,TRUE,TRUE,TRUE,TRUE,TRUE,TRUE,1,NA,NA,NA,NA,62.5,37.5,Grade E,Grade E,Critical penalty burden,50,12.5
fluid,1,0.75,1,0,0.75,TRUE,TRUE,TRUE,TRUE,TRUE,TRUE,1,NA,NA,NA,NA,70,30,Grade E,Grade E,Critical penalty burden,50,20
fluid,0,1,1,0,0.75,TRUE,TRUE,TRUE,TRUE,TRUE,TRUE,1,NA,NA,NA,NA,43.75,56.25,Grade D,Grade D,Score-based certification,50,6.25
fluid,0.25,1,1,0,0.75,TRUE,TRUE,TRUE,TRUE,TRUE,TRUE,1,NA,NA,NA,NA,51.25,48.75,Grade E,Grade E,Critical penalty burden,50,1.25
fluid,0.5,1,1,0,0.75,TRUE,TRUE,TRUE,TRUE,TRUE,TRUE,1,NA,NA,NA,NA,58.75,41.25,Grade E,Grade E,Critical penalty burden,50,8.75
fluid,0.75,1,1,0,0.75,TRUE,TRUE,TRUE,TRUE,TRUE,TRUE,1,NA,NA,NA,NA,66.25,33.75,Grade E,Grade E,Critical penalty burden,50,16.25
fluid,1,1,1,0,0.75,TRUE,TRUE,TRUE,TRUE,TRUE,TRUE,1,NA,NA,NA,NA,73.75,26.25,Grade E,Grade E,Critical penalty burden,50,23.75
fluid,0,0,0,0.25,0.75,TRUE,TRUE,TRUE,TRUE,TRUE,TRUE,1,NA,NA,NA,NA,23.75,76.25,Grade C,Grade C,Score-based certification,20,3.75
fluid,0.25,0,0,0.25,0.75,TRUE,TRUE,TRUE,TRUE,TRUE,TRUE,1,NA,NA,NA,NA,31.25,68.75,Grade C,Grade C,Score-based certification,35,3.75
fluid,0.5,0,0,0.25,0.75,TRUE,TRUE,TRUE,TRUE,TRUE,TRUE,1,NA,NA,NA,NA,38.75,61.25,Grade D,Grade D,Score-based certification,35,3.75
fluid,0.75,0,0,0.25,0.75,TRUE,TRUE,TRUE,TRUE,TRUE,TRUE,1,NA,NA,NA,NA,46.25,53.75,Grade D,Grade D,Score-based certification,50,3.75
fluid,1,0,0,0.25,0.75,TRUE,TRUE,TRUE,TRUE,TRUE,TRUE,1,NA,NA,NA,NA,53.75,46.25,Grade E,Grade E,Critical penalty burden,50,3.75
fluid,0,0.25,0,0.25,0.75,TRUE,TRUE,TRUE,TRUE,TRUE,TRUE,1,NA,NA,NA,NA,27.5,72.5,Grade C,Grade C,Score-based certification,20,7.5
fluid,0.25,0.25,0,0.25,0.75,TRUE,TRUE,TRUE,TRUE,TRUE,TRUE,1,NA,NA,NA,NA,35,65,Grade C,Grade C,Score-based certification,35,0
fluid,0.5,0.25,0,0.25,0.75,TRUE,TRUE,TRUE,TRUE,TRUE,TRUE,1,NA,NA,NA,NA,42.5,57.5,Grade D,Grade D,Score-based certification,35,7.5
fluid,0.75,0.25,0,0.25,0.75,TRUE,TRUE,TRUE,TRUE,TRUE,TRUE,1,NA,NA,NA,NA,50,50,Grade D,Grade D,Score-based certification,50,0
fluid,1,0.25,0,0.25,0.75,TRUE,TRUE,TRUE,TRUE,TRUE,TRUE,1,NA,NA,NA,NA,57.5,42.5,Grade E,Grade E,Critical penalty burden,50,7.5
fluid,0,0.5,0,0.25,0.75,TRUE,TRUE,TRUE,TRUE,TRUE,TRUE,1,NA,NA,NA,NA,31.25,68.75,Grade C,Grade C,Score-based certification,35,3.75
fluid,0.25,0.5,0,0.25,0.75,TRUE,TRUE,TRUE,TRUE,TRUE,TRUE,1,NA,NA,NA,NA,38.75,61.25,Grade D,Grade D,Score-based certification,35,3.75
fluid,0.5,0.5,0,0.25,0.75,TRUE,TRUE,TRUE,TRUE,TRUE,TRUE,1,NA,NA,NA,NA,46.25,53.75,Grade D,Grade D,Score-based certification,50,3.75
fluid,0.75,0.5,0,0.25,0.75,TRUE,TRUE,TRUE,TRUE,TRUE,TRUE,1,NA,NA,NA,NA,53.75,46.25,Grade E,Grade E,Critical penalty burden,50,3.75
fluid,1,0.5,0,0.25,0.75,TRUE,TRUE,TRUE,TRUE,TRUE,TRUE,1,NA,NA,NA,NA,61.25,38.75,Grade E,Grade E,Critical penalty burden,50,11.25
fluid,0,0.75,0,0.25,0.75,TRUE,TRUE,TRUE,TRUE,TRUE,TRUE,1,NA,NA,NA,NA,35,65,Grade C,Grade C,Score-based certification,35,0
fluid,0.25,0.75,0,0.25,0.75,TRUE,TRUE,TRUE,TRUE,TRUE,TRUE,1,NA,NA,NA,NA,42.5,57.5,Grade D,Grade D,Score-based certification,35,7.5
fluid,0.5,0.75,0,0.25,0.75,TRUE,TRUE,TRUE,TRUE,TRUE,TRUE,1,NA,NA,NA,NA,50,50,Grade D,Grade D,Score-based certification,50,0
fluid,0.75,0.75,0,0.25,0.75,TRUE,TRUE,TRUE,TRUE,TRUE,TRUE,1,NA,NA,NA,NA,57.5,42.5,Grade E,Grade E,Critical penalty burden,50,7.5
fluid,1,0.75,0,0.25,0.75,TRUE,TRUE,TRUE,TRUE,TRUE,TRUE,1,NA,NA,NA,NA,65,35,Grade E,Grade E,Critical penalty burden,50,15
fluid,0,1,0,0.25,0.75,TRUE,TRUE,TRUE,TRUE,TRUE,TRUE,1,NA,NA,NA,NA,38.75,61.25,Grade D,Grade D,Score-based certification,35,3.75
fluid,0.25,1,0,0.25,0.75,TRUE,TRUE,TRUE,TRUE,TRUE,TRUE,1,NA,NA,NA,NA,46.25,53.75,Grade D,Grade D,Score-based certification,50,3.75
fluid,0.5,1,0,0.25,0.75,TRUE,TRUE,TRUE,TRUE,TRUE,TRUE,1,NA,NA,NA,NA,53.75,46.25,Grade E,Grade E,Critical penalty burden,50,3.75
fluid,0.75,1,0,0.25,0.75,TRUE,TRUE,TRUE,TRUE,TRUE,TRUE,1,NA,NA,NA,NA,61.25,38.75,Grade E,Grade E,Critical penalty burden,50,11.25
fluid,1,1,0,0.25,0.75,TRUE,TRUE,TRUE,TRUE,TRUE,TRUE,1,NA,NA,NA,NA,68.75,31.25,Grade E,Grade E,Critical penalty burden,50,18.75
fluid,0,0,0.25,0.25,0.75,TRUE,TRUE,TRUE,TRUE,TRUE,TRUE,1,NA,NA,NA,NA,26.25,73.75,Grade C,Grade C,Score-based certification,20,6.25
fluid,0.25,0,0.25,0.25,0.75,TRUE,TRUE,TRUE,TRUE,TRUE,TRUE,1,NA,NA,NA,NA,33.75,66.25,Grade C,Grade C,Score-based certification,35,1.25
fluid,0.5,0,0.25,0.25,0.75,TRUE,TRUE,TRUE,TRUE,TRUE,TRUE,1,NA,NA,NA,NA,41.25,58.75,Grade D,Grade D,Score-based certification,35,6.25
fluid,0.75,0,0.25,0.25,0.75,TRUE,TRUE,TRUE,TRUE,TRUE,TRUE,1,NA,NA,NA,NA,48.75,51.25,Grade D,Grade D,Score-based certification,50,1.25
fluid,1,0,0.25,0.25,0.75,TRUE,TRUE,TRUE,TRUE,TRUE,TRUE,1,NA,NA,NA,NA,56.25,43.75,Grade E,Grade E,Critical penalty burden,50,6.25
fluid,0,0.25,0.25,0.25,0.75,TRUE,TRUE,TRUE,TRUE,TRUE,TRUE,1,NA,NA,NA,NA,30,70,Grade C,Grade C,Score-based certification,35,5
fluid,0.25,0.25,0.25,0.25,0.75,TRUE,TRUE,TRUE,TRUE,TRUE,TRUE,1,NA,NA,NA,NA,37.5,62.5,Grade D,Grade D,Score-based certification,35,2.5
fluid,0.5,0.25,0.25,0.25,0.75,TRUE,TRUE,TRUE,TRUE,TRUE,TRUE,1,NA,NA,NA,NA,45,55,Grade D,Grade D,Score-based certification,50,5
fluid,0.75,0.25,0.25,0.25,0.75,TRUE,TRUE,TRUE,TRUE,TRUE,TRUE,1,NA,NA,NA,NA,52.5,47.5,Grade E,Grade E,Critical penalty burden,50,2.5
fluid,1,0.25,0.25,0.25,0.75,TRUE,TRUE,TRUE,TRUE,TRUE,TRUE,1,NA,NA,NA,NA,60,40,Grade E,Grade E,Critical penalty burden,50,10
fluid,0,0.5,0.25,0.25,0.75,TRUE,TRUE,TRUE,TRUE,TRUE,TRUE,1,NA,NA,NA,NA,33.75,66.25,Grade C,Grade C,Score-based certification,35,1.25
fluid,0.25,0.5,0.25,0.25,0.75,TRUE,TRUE,TRUE,TRUE,TRUE,TRUE,1,NA,NA,NA,NA,41.25,58.75,Grade D,Grade D,Score-based certification,35,6.25
fluid,0.5,0.5,0.25,0.25,0.75,TRUE,TRUE,TRUE,TRUE,TRUE,TRUE,1,NA,NA,NA,NA,48.75,51.25,Grade D,Grade D,Score-based certification,50,1.25
fluid,0.75,0.5,0.25,0.25,0.75,TRUE,TRUE,TRUE,TRUE,TRUE,TRUE,1,NA,NA,NA,NA,56.25,43.75,Grade E,Grade E,Critical penalty burden,50,6.25
fluid,1,0.5,0.25,0.25,0.75,TRUE,TRUE,TRUE,TRUE,TRUE,TRUE,1,NA,NA,NA,NA,63.75,36.25,Grade E,Grade E,Critical penalty burden,50,13.75
fluid,0,0.75,0.25,0.25,0.75,TRUE,TRUE,TRUE,TRUE,TRUE,TRUE,1,NA,NA,NA,NA,37.5,62.5,Grade D,Grade D,Score-based certification,35,2.5
fluid,0.25,0.75,0.25,0.25,0.75,TRUE,TRUE,TRUE,TRUE,TRUE,TRUE,1,NA,NA,NA,NA,45,55,Grade D,Grade D,Score-based certification,50,5
fluid,0.5,0.75,0.25,0.25,0.75,TRUE,TRUE,TRUE,TRUE,TRUE,TRUE,1,NA,NA,NA,NA,52.5,47.5,Grade E,Grade E,Critical penalty burden,50,2.5
fluid,0.75,0.75,0.25,0.25,0.75,TRUE,TRUE,TRUE,TRUE,TRUE,TRUE,1,NA,NA,NA,NA,60,40,Grade E,Grade E,Critical penalty burden,50,10
fluid,1,0.75,0.25,0.25,0.75,TRUE,TRUE,TRUE,TRUE,TRUE,TRUE,1,NA,NA,NA,NA,67.5,32.5,Grade E,Grade E,Critical penalty burden,50,17.5
fluid,0,1,0.25,0.25,0.75,TRUE,TRUE,TRUE,TRUE,TRUE,TRUE,1,NA,NA,NA,NA,41.25,58.75,Grade D,Grade D,Score-based certification,35,6.25
fluid,0.25,1,0.25,0.25,0.75,TRUE,TRUE,TRUE,TRUE,TRUE,TRUE,1,NA,NA,NA,NA,48.75,51.25,Grade D,Grade D,Score-based certification,50,1.25
fluid,0.5,1,0.25,0.25,0.75,TRUE,TRUE,TRUE,TRUE,TRUE,TRUE,1,NA,NA,NA,NA,56.25,43.75,Grade E,Grade E,Critical penalty burden,50,6.25
fluid,0.75,1,0.25,0.25,0.75,TRUE,TRUE,TRUE,TRUE,TRUE,TRUE,1,NA,NA,NA,NA,63.75,36.25,Grade E,Grade E,Critical penalty burden,50,13.75
fluid,1,1,0.25,0.25,0.75,TRUE,TRUE,TRUE,TRUE,TRUE,TRUE,1,NA,NA,NA,NA,71.25,28.75,Grade E,Grade E,Critical penalty burden,50,21.25
fluid,0,0,0.5,0.25,0.75,TRUE,TRUE,TRUE,TRUE,TRUE,TRUE,1,NA,NA,NA,NA,28.75,71.25,Grade C,Grade C,Score-based certification,35,6.25
fluid,0.25,0,0.5,0.25,0.75,TRUE,TRUE,TRUE,TRUE,TRUE,TRUE,1,NA,NA,NA,NA,36.25,63.75,Grade D,Grade D,Score-based certification,35,1.25
fluid,0.5,0,0.5,0.25,0.75,TRUE,TRUE,TRUE,TRUE,TRUE,TRUE,1,NA,NA,NA,NA,43.75,56.25,Grade D,Grade D,Score-based certification,50,6.25
fluid,0.75,0,0.5,0.25,0.75,TRUE,TRUE,TRUE,TRUE,TRUE,TRUE,1,NA,NA,NA,NA,51.25,48.75,Grade E,Grade E,Critical penalty burden,50,1.25
fluid,1,0,0.5,0.25,0.75,TRUE,TRUE,TRUE,TRUE,TRUE,TRUE,1,NA,NA,NA,NA,58.75,41.25,Grade E,Grade E,Critical penalty burden,50,8.75
fluid,0,0.25,0.5,0.25,0.75,TRUE,TRUE,TRUE,TRUE,TRUE,TRUE,1,NA,NA,NA,NA,32.5,67.5,Grade C,Grade C,Score-based certification,35,2.5
fluid,0.25,0.25,0.5,0.25,0.75,TRUE,TRUE,TRUE,TRUE,TRUE,TRUE,1,NA,NA,NA,NA,40,60,Grade D,Grade D,Score-based certification,35,5
fluid,0.5,0.25,0.5,0.25,0.75,TRUE,TRUE,TRUE,TRUE,TRUE,TRUE,1,NA,NA,NA,NA,47.5,52.5,Grade D,Grade D,Score-based certification,50,2.5
fluid,0.75,0.25,0.5,0.25,0.75,TRUE,TRUE,TRUE,TRUE,TRUE,TRUE,1,NA,NA,NA,NA,55,45,Grade E,Grade E,Critical penalty burden,50,5
fluid,1,0.25,0.5,0.25,0.75,TRUE,TRUE,TRUE,TRUE,TRUE,TRUE,1,NA,NA,NA,NA,62.5,37.5,Grade E,Grade E,Critical penalty burden,50,12.5
fluid,0,0.5,0.5,0.25,0.75,TRUE,TRUE,TRUE,TRUE,TRUE,TRUE,1,NA,NA,NA,NA,36.25,63.75,Grade D,Grade D,Score-based certification,35,1.25
fluid,0.25,0.5,0.5,0.25,0.75,TRUE,TRUE,TRUE,TRUE,TRUE,TRUE,1,NA,NA,NA,NA,43.75,56.25,Grade D,Grade D,Score-based certification,50,6.25
fluid,0.5,0.5,0.5,0.25,0.75,TRUE,TRUE,TRUE,TRUE,TRUE,TRUE,1,NA,NA,NA,NA,51.25,48.75,Grade E,Grade E,Critical penalty burden,50,1.25
fluid,0.75,0.5,0.5,0.25,0.75,TRUE,TRUE,TRUE,TRUE,TRUE,TRUE,1,NA,NA,NA,NA,58.75,41.25,Grade E,Grade E,Critical penalty burden,50,8.75
fluid,1,0.5,0.5,0.25,0.75,TRUE,TRUE,TRUE,TRUE,TRUE,TRUE,1,NA,NA,NA,NA,66.25,33.75,Grade E,Grade E,Critical penalty burden,50,16.25
fluid,0,0.75,0.5,0.25,0.75,TRUE,TRUE,TRUE,TRUE,TRUE,TRUE,1,NA,NA,NA,NA,40,60,Grade D,Grade D,Score-based certification,35,5
fluid,0.25,0.75,0.5,0.25,0.75,TRUE,TRUE,TRUE,TRUE,TRUE,TRUE,1,NA,NA,NA,NA,47.5,52.5,Grade D,Grade D,Score-based certification,50,2.5
fluid,0.5,0.75,0.5,0.25,0.75,TRUE,TRUE,TRUE,TRUE,TRUE,TRUE,1,NA,NA,NA,NA,55,45,Grade E,Grade E,Critical penalty burden,50,5
fluid,0.75,0.75,0.5,0.25,0.75,TRUE,TRUE,TRUE,TRUE,TRUE,TRUE,1,NA,NA,NA,NA,62.5,37.5,Grade E,Grade E,Critical penalty burden,50,12.5
fluid,1,0.75,0.5,0.25,0.75,TRUE,TRUE,TRUE,TRUE,TRUE,TRUE,1,NA,NA,NA,NA,70,30,Grade E,Grade E,Critical penalty burden,50,20
fluid,0,1,0.5,0.25,0.75,TRUE,TRUE,TRUE,TRUE,TRUE,TRUE,1,NA,NA,NA,NA,43.75,56.25,Grade D,Grade D,Score-based certification,50,6.25
fluid,0.25,1,0.5,0.25,0.75,TRUE,TRUE,TRUE,TRUE,TRUE,TRUE,1,NA,NA,NA,NA,51.25,48.75,Grade E,Grade E,Critical penalty burden,50,1.25
fluid,0.5,1,0.5,0.25,0.75,TRUE,TRUE,TRUE,TRUE,TRUE,TRUE,1,NA,NA,NA,NA,58.75,41.25,Grade E,Grade E,Critical penalty burden,50,8.75
fluid,0.75,1,0.5,0.25,0.75,TRUE,TRUE,TRUE,TRUE,TRUE,TRUE,1,NA,NA,NA,NA,66.25,33.75,Grade E,Grade E,Critical penalty burden,50,16.25
fluid,1,1,0.5,0.25,0.75,TRUE,TRUE,TRUE,TRUE,TRUE,TRUE,1,NA,NA,NA,NA,73.75,26.25,Grade E,Grade E,Critical penalty burden,50,23.75
fluid,0,0,0.75,0.25,0.75,TRUE,TRUE,TRUE,TRUE,TRUE,TRUE,1,NA,NA,NA,NA,31.25,68.75,Grade C,Grade C,Score-based certification,35,3.75
fluid,0.25,0,0.75,0.25,0.75,TRUE,TRUE,TRUE,TRUE,TRUE,TRUE,1,NA,NA,NA,NA,38.75,61.25,Grade D,Grade D,Score-based certification,35,3.75
fluid,0.5,0,0.75,0.25,0.75,TRUE,TRUE,TRUE,TRUE,TRUE,TRUE,1,NA,NA,NA,NA,46.25,53.75,Grade D,Grade D,Score-based certification,50,3.75
fluid,0.75,0,0.75,0.25,0.75,TRUE,TRUE,TRUE,TRUE,TRUE,TRUE,1,NA,NA,NA,NA,53.75,46.25,Grade E,Grade E,Critical penalty burden,50,3.75
fluid,1,0,0.75,0.25,0.75,TRUE,TRUE,TRUE,TRUE,TRUE,TRUE,1,NA,NA,NA,NA,61.25,38.75,Grade E,Grade E,Critical penalty burden,50,11.25
fluid,0,0.25,0.75,0.25,0.75,TRUE,TRUE,TRUE,TRUE,TRUE,TRUE,1,NA,NA,NA,NA,35,65,Grade C,Grade C,Score-based certification,35,0
fluid,0.25,0.25,0.75,0.25,0.75,TRUE,TRUE,TRUE,TRUE,TRUE,TRUE,1,NA,NA,NA,NA,42.5,57.5,Grade D,Grade D,Score-based certification,35,7.5
fluid,0.5,0.25,0.75,0.25,0.75,TRUE,TRUE,TRUE,TRUE,TRUE,TRUE,1,NA,NA,NA,NA,50,50,Grade D,Grade D,Score-based certification,50,0
fluid,0.75,0.25,0.75,0.25,0.75,TRUE,TRUE,TRUE,TRUE,TRUE,TRUE,1,NA,NA,NA,NA,57.5,42.5,Grade E,Grade E,Critical penalty burden,50,7.5
fluid,1,0.25,0.75,0.25,0.75,TRUE,TRUE,TRUE,TRUE,TRUE,TRUE,1,NA,NA,NA,NA,65,35,Grade E,Grade E,Critical penalty burden,50,15
fluid,0,0.5,0.75,0.25,0.75,TRUE,TRUE,TRUE,TRUE,TRUE,TRUE,1,NA,NA,NA,NA,38.75,61.25,Grade D,Grade D,Score-based certification,35,3.75
fluid,0.25,0.5,0.75,0.25,0.75,TRUE,TRUE,TRUE,TRUE,TRUE,TRUE,1,NA,NA,NA,NA,46.25,53.75,Grade D,Grade D,Score-based certification,50,3.75
fluid,0.5,0.5,0.75,0.25,0.75,TRUE,TRUE,TRUE,TRUE,TRUE,TRUE,1,NA,NA,NA,NA,53.75,46.25,Grade E,Grade E,Critical penalty burden,50,3.75
fluid,0.75,0.5,0.75,0.25,0.75,TRUE,TRUE,TRUE,TRUE,TRUE,TRUE,1,NA,NA,NA,NA,61.25,38.75,Grade E,Grade E,Critical penalty burden,50,11.25
fluid,1,0.5,0.75,0.25,0.75,TRUE,TRUE,TRUE,TRUE,TRUE,TRUE,1,NA,NA,NA,NA,68.75,31.25,Grade E,Grade E,Critical penalty burden,50,18.75
fluid,0,0.75,0.75,0.25,0.75,TRUE,TRUE,TRUE,TRUE,TRUE,TRUE,1,NA,NA,NA,NA,42.5,57.5,Grade D,Grade D,Score-based certification,35,7.5
fluid,0.25,0.75,0.75,0.25,0.75,TRUE,TRUE,TRUE,TRUE,TRUE,TRUE,1,NA,NA,NA,NA,50,50,Grade D,Grade D,Score-based certification,50,0
fluid,0.5,0.75,0.75,0.25,0.75,TRUE,TRUE,TRUE,TRUE,TRUE,TRUE,1,NA,NA,NA,NA,57.5,42.5,Grade E,Grade E,Critical penalty burden,50,7.5
fluid,0.75,0.75,0.75,0.25,0.75,TRUE,TRUE,TRUE,TRUE,TRUE,TRUE,1,NA,NA,NA,NA,65,35,Grade E,Grade E,Critical penalty burden,50,15
fluid,1,0.75,0.75,0.25,0.75,TRUE,TRUE,TRUE,TRUE,TRUE,TRUE,1,NA,NA,NA,NA,72.5,27.5,Grade E,Grade E,Critical penalty burden,50,22.5
fluid,0,1,0.75,0.25,0.75,TRUE,TRUE,TRUE,TRUE,TRUE,TRUE,1,NA,NA,NA,NA,46.25,53.75,Grade D,Grade D,Score-based certification,50,3.75
fluid,0.25,1,0.75,0.25,0.75,TRUE,TRUE,TRUE,TRUE,TRUE,TRUE,1,NA,NA,NA,NA,53.75,46.25,Grade E,Grade E,Critical penalty burden,50,3.75
fluid,0.5,1,0.75,0.25,0.75,TRUE,TRUE,TRUE,TRUE,TRUE,TRUE,1,NA,NA,NA,NA,61.25,38.75,Grade E,Grade E,Critical penalty burden,50,11.25
fluid,0.75,1,0.75,0.25,0.75,TRUE,TRUE,TRUE,TRUE,TRUE,TRUE,1,NA,NA,NA,NA,68.75,31.25,Grade E,Grade E,Critical penalty burden,50,18.75
fluid,1,1,0.75,0.25,0.75,TRUE,TRUE,TRUE,TRUE,TRUE,TRUE,1,NA,NA,NA,NA,76.25,23.75,Grade E,Grade E,Critical penalty burden,50,26.25
fluid,0,0,1,0.25,0.75,TRUE,TRUE,TRUE,TRUE,TRUE,TRUE,1,NA,NA,NA,NA,33.75,66.25,Grade C,Grade C,Score-based certification,35,1.25
fluid,0.25,0,1,0.25,0.75,TRUE,TRUE,TRUE,TRUE,TRUE,TRUE,1,NA,NA,NA,NA,41.25,58.75,Grade D,Grade D,Score-based certification,35,6.25
fluid,0.5,0,1,0.25,0.75,TRUE,TRUE,TRUE,TRUE,TRUE,TRUE,1,NA,NA,NA,NA,48.75,51.25,Grade D,Grade D,Score-based certification,50,1.25
fluid,0.75,0,1,0.25,0.75,TRUE,TRUE,TRUE,TRUE,TRUE,TRUE,1,NA,NA,NA,NA,56.25,43.75,Grade E,Grade E,Critical penalty burden,50,6.25
fluid,1,0,1,0.25,0.75,TRUE,TRUE,TRUE,TRUE,TRUE,TRUE,1,NA,NA,NA,NA,63.75,36.25,Grade E,Grade E,Critical penalty burden,50,13.75
fluid,0,0.25,1,0.25,0.75,TRUE,TRUE,TRUE,TRUE,TRUE,TRUE,1,NA,NA,NA,NA,37.5,62.5,Grade D,Grade D,Score-based certification,35,2.5
fluid,0.25,0.25,1,0.25,0.75,TRUE,TRUE,TRUE,TRUE,TRUE,TRUE,1,NA,NA,NA,NA,45,55,Grade D,Grade D,Score-based certification,50,5
fluid,0.5,0.25,1,0.25,0.75,TRUE,TRUE,TRUE,TRUE,TRUE,TRUE,1,NA,NA,NA,NA,52.5,47.5,Grade E,Grade E,Critical penalty burden,50,2.5
fluid,0.75,0.25,1,0.25,0.75,TRUE,TRUE,TRUE,TRUE,TRUE,TRUE,1,NA,NA,NA,NA,60,40,Grade E,Grade E,Critical penalty burden,50,10
fluid,1,0.25,1,0.25,0.75,TRUE,TRUE,TRUE,TRUE,TRUE,TRUE,1,NA,NA,NA,NA,67.5,32.5,Grade E,Grade E,Critical penalty burden,50,17.5
fluid,0,0.5,1,0.25,0.75,TRUE,TRUE,TRUE,TRUE,TRUE,TRUE,1,NA,NA,NA,NA,41.25,58.75,Grade D,Grade D,Score-based certification,35,6.25
fluid,0.25,0.5,1,0.25,0.75,TRUE,TRUE,TRUE,TRUE,TRUE,TRUE,1,NA,NA,NA,NA,48.75,51.25,Grade D,Grade D,Score-based certification,50,1.25
fluid,0.5,0.5,1,0.25,0.75,TRUE,TRUE,TRUE,TRUE,TRUE,TRUE,1,NA,NA,NA,NA,56.25,43.75,Grade E,Grade E,Critical penalty burden,50,6.25
fluid,0.75,0.5,1,0.25,0.75,TRUE,TRUE,TRUE,TRUE,TRUE,TRUE,1,NA,NA,NA,NA,63.75,36.25,Grade E,Grade E,Critical penalty burden,50,13.75
fluid,1,0.5,1,0.25,0.75,TRUE,TRUE,TRUE,TRUE,TRUE,TRUE,1,NA,NA,NA,NA,71.25,28.75,Grade E,Grade E,Critical penalty burden,50,21.25
fluid,0,0.75,1,0.25,0.75,TRUE,TRUE,TRUE,TRUE,TRUE,TRUE,1,NA,NA,NA,NA,45,55,Grade D,Grade D,Score-based certification,50,5
fluid,0.25,0.75,1,0.25,0.75,TRUE,TRUE,TRUE,TRUE,TRUE,TRUE,1,NA,NA,NA,NA,52.5,47.5,Grade E,Grade E,Critical penalty burden,50,2.5
fluid,0.5,0.75,1,0.25,0.75,TRUE,TRUE,TRUE,TRUE,TRUE,TRUE,1,NA,NA,NA,NA,60,40,Grade E,Grade E,Critical penalty burden,50,10
fluid,0.75,0.75,1,0.25,0.75,TRUE,TRUE,TRUE,TRUE,TRUE,TRUE,1,NA,NA,NA,NA,67.5,32.5,Grade E,Grade E,Critical penalty burden,50,17.5
fluid,1,0.75,1,0.25,0.75,TRUE,TRUE,TRUE,TRUE,TRUE,TRUE,1,NA,NA,NA,NA,75,25,Grade E,Grade E,Critical penalty burden,50,25
fluid,0,1,1,0.25,0.75,TRUE,TRUE,TRUE,TRUE,TRUE,TRUE,1,NA,NA,NA,NA,48.75,51.25,Grade D,Grade D,Score-based certification,50,1.25
fluid,0.25,1,1,0.25,0.75,TRUE,TRUE,TRUE,TRUE,TRUE,TRUE,1,NA,NA,NA,NA,56.25,43.75,Grade E,Grade E,Critical penalty burden,50,6.25
fluid,0.5,1,1,0.25,0.75,TRUE,TRUE,TRUE,TRUE,TRUE,TRUE,1,NA,NA,NA,NA,63.75,36.25,Grade E,Grade E,Critical penalty burden,50,13.75
fluid,0.75,1,1,0.25,0.75,TRUE,TRUE,TRUE,TRUE,TRUE,TRUE,1,NA,NA,NA,NA,71.25,28.75,Grade E,Grade E,Critical penalty burden,50,21.25
fluid,1,1,1,0.25,0.75,TRUE,TRUE,TRUE,TRUE,TRUE,TRUE,1,NA,NA,NA,NA,78.75,21.25,Grade E,Grade E,Critical penalty burden,50,28.75
fluid,0,0,0,0.5,0.75,TRUE,TRUE,TRUE,TRUE,TRUE,TRUE,1,NA,NA,NA,NA,28.75,71.25,Grade C,Grade C,Score-based certification,35,6.25
fluid,0.25,0,0,0.5,0.75,TRUE,TRUE,TRUE,TRUE,TRUE,TRUE,1,NA,NA,NA,NA,36.25,63.75,Grade D,Grade D,Score-based certification,35,1.25
fluid,0.5,0,0,0.5,0.75,TRUE,TRUE,TRUE,TRUE,TRUE,TRUE,1,NA,NA,NA,NA,43.75,56.25,Grade D,Grade D,Score-based certification,50,6.25
fluid,0.75,0,0,0.5,0.75,TRUE,TRUE,TRUE,TRUE,TRUE,TRUE,1,NA,NA,NA,NA,51.25,48.75,Grade E,Grade E,Critical penalty burden,50,1.25
fluid,1,0,0,0.5,0.75,TRUE,TRUE,TRUE,TRUE,TRUE,TRUE,1,NA,NA,NA,NA,58.75,41.25,Grade E,Grade E,Critical penalty burden,50,8.75
fluid,0,0.25,0,0.5,0.75,TRUE,TRUE,TRUE,TRUE,TRUE,TRUE,1,NA,NA,NA,NA,32.5,67.5,Grade C,Grade C,Score-based certification,35,2.5
fluid,0.25,0.25,0,0.5,0.75,TRUE,TRUE,TRUE,TRUE,TRUE,TRUE,1,NA,NA,NA,NA,40,60,Grade D,Grade D,Score-based certification,35,5
fluid,0.5,0.25,0,0.5,0.75,TRUE,TRUE,TRUE,TRUE,TRUE,TRUE,1,NA,NA,NA,NA,47.5,52.5,Grade D,Grade D,Score-based certification,50,2.5
fluid,0.75,0.25,0,0.5,0.75,TRUE,TRUE,TRUE,TRUE,TRUE,TRUE,1,NA,NA,NA,NA,55,45,Grade E,Grade E,Critical penalty burden,50,5
fluid,1,0.25,0,0.5,0.75,TRUE,TRUE,TRUE,TRUE,TRUE,TRUE,1,NA,NA,NA,NA,62.5,37.5,Grade E,Grade E,Critical penalty burden,50,12.5
fluid,0,0.5,0,0.5,0.75,TRUE,TRUE,TRUE,TRUE,TRUE,TRUE,1,NA,NA,NA,NA,36.25,63.75,Grade D,Grade D,Score-based certification,35,1.25
fluid,0.25,0.5,0,0.5,0.75,TRUE,TRUE,TRUE,TRUE,TRUE,TRUE,1,NA,NA,NA,NA,43.75,56.25,Grade D,Grade D,Score-based certification,50,6.25
fluid,0.5,0.5,0,0.5,0.75,TRUE,TRUE,TRUE,TRUE,TRUE,TRUE,1,NA,NA,NA,NA,51.25,48.75,Grade E,Grade E,Critical penalty burden,50,1.25
fluid,0.75,0.5,0,0.5,0.75,TRUE,TRUE,TRUE,TRUE,TRUE,TRUE,1,NA,NA,NA,NA,58.75,41.25,Grade E,Grade E,Critical penalty burden,50,8.75
fluid,1,0.5,0,0.5,0.75,TRUE,TRUE,TRUE,TRUE,TRUE,TRUE,1,NA,NA,NA,NA,66.25,33.75,Grade E,Grade E,Critical penalty burden,50,16.25
fluid,0,0.75,0,0.5,0.75,TRUE,TRUE,TRUE,TRUE,TRUE,TRUE,1,NA,NA,NA,NA,40,60,Grade D,Grade D,Score-based certification,35,5
fluid,0.25,0.75,0,0.5,0.75,TRUE,TRUE,TRUE,TRUE,TRUE,TRUE,1,NA,NA,NA,NA,47.5,52.5,Grade D,Grade D,Score-based certification,50,2.5
fluid,0.5,0.75,0,0.5,0.75,TRUE,TRUE,TRUE,TRUE,TRUE,TRUE,1,NA,NA,NA,NA,55,45,Grade E,Grade E,Critical penalty burden,50,5
fluid,0.75,0.75,0,0.5,0.75,TRUE,TRUE,TRUE,TRUE,TRUE,TRUE,1,NA,NA,NA,NA,62.5,37.5,Grade E,Grade E,Critical penalty burden,50,12.5
fluid,1,0.75,0,0.5,0.75,TRUE,TRUE,TRUE,TRUE,TRUE,TRUE,1,NA,NA,NA,NA,70,30,Grade E,Grade E,Critical penalty burden,50,20
fluid,0,1,0,0.5,0.75,TRUE,TRUE,TRUE,TRUE,TRUE,TRUE,1,NA,NA,NA,NA,43.75,56.25,Grade D,Grade D,Score-based certification,50,6.25
fluid,0.25,1,0,0.5,0.75,TRUE,TRUE,TRUE,TRUE,TRUE,TRUE,1,NA,NA,NA,NA,51.25,48.75,Grade E,Grade E,Critical penalty burden,50,1.25
fluid,0.5,1,0,0.5,0.75,TRUE,TRUE,TRUE,TRUE,TRUE,TRUE,1,NA,NA,NA,NA,58.75,41.25,Grade E,Grade E,Critical penalty burden,50,8.75
fluid,0.75,1,0,0.5,0.75,TRUE,TRUE,TRUE,TRUE,TRUE,TRUE,1,NA,NA,NA,NA,66.25,33.75,Grade E,Grade E,Critical penalty burden,50,16.25
fluid,1,1,0,0.5,0.75,TRUE,TRUE,TRUE,TRUE,TRUE,TRUE,1,NA,NA,NA,NA,73.75,26.25,Grade E,Grade E,Critical penalty burden,50,23.75
fluid,0,0,0.25,0.5,0.75,TRUE,TRUE,TRUE,TRUE,TRUE,TRUE,1,NA,NA,NA,NA,31.25,68.75,Grade C,Grade C,Score-based certification,35,3.75
fluid,0.25,0,0.25,0.5,0.75,TRUE,TRUE,TRUE,TRUE,TRUE,TRUE,1,NA,NA,NA,NA,38.75,61.25,Grade D,Grade D,Score-based certification,35,3.75
fluid,0.5,0,0.25,0.5,0.75,TRUE,TRUE,TRUE,TRUE,TRUE,TRUE,1,NA,NA,NA,NA,46.25,53.75,Grade D,Grade D,Score-based certification,50,3.75
fluid,0.75,0,0.25,0.5,0.75,TRUE,TRUE,TRUE,TRUE,TRUE,TRUE,1,NA,NA,NA,NA,53.75,46.25,Grade E,Grade E,Critical penalty burden,50,3.75
fluid,1,0,0.25,0.5,0.75,TRUE,TRUE,TRUE,TRUE,TRUE,TRUE,1,NA,NA,NA,NA,61.25,38.75,Grade E,Grade E,Critical penalty burden,50,11.25
fluid,0,0.25,0.25,0.5,0.75,TRUE,TRUE,TRUE,TRUE,TRUE,TRUE,1,NA,NA,NA,NA,35,65,Grade C,Grade C,Score-based certification,35,0
fluid,0.25,0.25,0.25,0.5,0.75,TRUE,TRUE,TRUE,TRUE,TRUE,TRUE,1,NA,NA,NA,NA,42.5,57.5,Grade D,Grade D,Score-based certification,35,7.5
fluid,0.5,0.25,0.25,0.5,0.75,TRUE,TRUE,TRUE,TRUE,TRUE,TRUE,1,NA,NA,NA,NA,50,50,Grade D,Grade D,Score-based certification,50,0
fluid,0.75,0.25,0.25,0.5,0.75,TRUE,TRUE,TRUE,TRUE,TRUE,TRUE,1,NA,NA,NA,NA,57.5,42.5,Grade E,Grade E,Critical penalty burden,50,7.5
fluid,1,0.25,0.25,0.5,0.75,TRUE,TRUE,TRUE,TRUE,TRUE,TRUE,1,NA,NA,NA,NA,65,35,Grade E,Grade E,Critical penalty burden,50,15
fluid,0,0.5,0.25,0.5,0.75,TRUE,TRUE,TRUE,TRUE,TRUE,TRUE,1,NA,NA,NA,NA,38.75,61.25,Grade D,Grade D,Score-based certification,35,3.75
fluid,0.25,0.5,0.25,0.5,0.75,TRUE,TRUE,TRUE,TRUE,TRUE,TRUE,1,NA,NA,NA,NA,46.25,53.75,Grade D,Grade D,Score-based certification,50,3.75
fluid,0.5,0.5,0.25,0.5,0.75,TRUE,TRUE,TRUE,TRUE,TRUE,TRUE,1,NA,NA,NA,NA,53.75,46.25,Grade E,Grade E,Critical penalty burden,50,3.75
fluid,0.75,0.5,0.25,0.5,0.75,TRUE,TRUE,TRUE,TRUE,TRUE,TRUE,1,NA,NA,NA,NA,61.25,38.75,Grade E,Grade E,Critical penalty burden,50,11.25
fluid,1,0.5,0.25,0.5,0.75,TRUE,TRUE,TRUE,TRUE,TRUE,TRUE,1,NA,NA,NA,NA,68.75,31.25,Grade E,Grade E,Critical penalty burden,50,18.75
fluid,0,0.75,0.25,0.5,0.75,TRUE,TRUE,TRUE,TRUE,TRUE,TRUE,1,NA,NA,NA,NA,42.5,57.5,Grade D,Grade D,Score-based certification,35,7.5
fluid,0.25,0.75,0.25,0.5,0.75,TRUE,TRUE,TRUE,TRUE,TRUE,TRUE,1,NA,NA,NA,NA,50,50,Grade D,Grade D,Score-based certification,50,0
fluid,0.5,0.75,0.25,0.5,0.75,TRUE,TRUE,TRUE,TRUE,TRUE,TRUE,1,NA,NA,NA,NA,57.5,42.5,Grade E,Grade E,Critical penalty burden,50,7.5
fluid,0.75,0.75,0.25,0.5,0.75,TRUE,TRUE,TRUE,TRUE,TRUE,TRUE,1,NA,NA,NA,NA,65,35,Grade E,Grade E,Critical penalty burden,50,15
fluid,1,0.75,0.25,0.5,0.75,TRUE,TRUE,TRUE,TRUE,TRUE,TRUE,1,NA,NA,NA,NA,72.5,27.5,Grade E,Grade E,Critical penalty burden,50,22.5
fluid,0,1,0.25,0.5,0.75,TRUE,TRUE,TRUE,TRUE,TRUE,TRUE,1,NA,NA,NA,NA,46.25,53.75,Grade D,Grade D,Score-based certification,50,3.75
fluid,0.25,1,0.25,0.5,0.75,TRUE,TRUE,TRUE,TRUE,TRUE,TRUE,1,NA,NA,NA,NA,53.75,46.25,Grade E,Grade E,Critical penalty burden,50,3.75
fluid,0.5,1,0.25,0.5,0.75,TRUE,TRUE,TRUE,TRUE,TRUE,TRUE,1,NA,NA,NA,NA,61.25,38.75,Grade E,Grade E,Critical penalty burden,50,11.25
fluid,0.75,1,0.25,0.5,0.75,TRUE,TRUE,TRUE,TRUE,TRUE,TRUE,1,NA,NA,NA,NA,68.75,31.25,Grade E,Grade E,Critical penalty burden,50,18.75
fluid,1,1,0.25,0.5,0.75,TRUE,TRUE,TRUE,TRUE,TRUE,TRUE,1,NA,NA,NA,NA,76.25,23.75,Grade E,Grade E,Critical penalty burden,50,26.25
fluid,0,0,0.5,0.5,0.75,TRUE,TRUE,TRUE,TRUE,TRUE,TRUE,1,NA,NA,NA,NA,33.75,66.25,Grade C,Grade C,Score-based certification,35,1.25
fluid,0.25,0,0.5,0.5,0.75,TRUE,TRUE,TRUE,TRUE,TRUE,TRUE,1,NA,NA,NA,NA,41.25,58.75,Grade D,Grade D,Score-based certification,35,6.25
fluid,0.5,0,0.5,0.5,0.75,TRUE,TRUE,TRUE,TRUE,TRUE,TRUE,1,NA,NA,NA,NA,48.75,51.25,Grade D,Grade D,Score-based certification,50,1.25
fluid,0.75,0,0.5,0.5,0.75,TRUE,TRUE,TRUE,TRUE,TRUE,TRUE,1,NA,NA,NA,NA,56.25,43.75,Grade E,Grade E,Critical penalty burden,50,6.25
fluid,1,0,0.5,0.5,0.75,TRUE,TRUE,TRUE,TRUE,TRUE,TRUE,1,NA,NA,NA,NA,63.75,36.25,Grade E,Grade E,Critical penalty burden,50,13.75
fluid,0,0.25,0.5,0.5,0.75,TRUE,TRUE,TRUE,TRUE,TRUE,TRUE,1,NA,NA,NA,NA,37.5,62.5,Grade D,Grade D,Score-based certification,35,2.5
fluid,0.25,0.25,0.5,0.5,0.75,TRUE,TRUE,TRUE,TRUE,TRUE,TRUE,1,NA,NA,NA,NA,45,55,Grade D,Grade D,Score-based certification,50,5
fluid,0.5,0.25,0.5,0.5,0.75,TRUE,TRUE,TRUE,TRUE,TRUE,TRUE,1,NA,NA,NA,NA,52.5,47.5,Grade E,Grade E,Critical penalty burden,50,2.5
fluid,0.75,0.25,0.5,0.5,0.75,TRUE,TRUE,TRUE,TRUE,TRUE,TRUE,1,NA,NA,NA,NA,60,40,Grade E,Grade E,Critical penalty burden,50,10
fluid,1,0.25,0.5,0.5,0.75,TRUE,TRUE,TRUE,TRUE,TRUE,TRUE,1,NA,NA,NA,NA,67.5,32.5,Grade E,Grade E,Critical penalty burden,50,17.5
fluid,0,0.5,0.5,0.5,0.75,TRUE,TRUE,TRUE,TRUE,TRUE,TRUE,1,NA,NA,NA,NA,41.25,58.75,Grade D,Grade D,Score-based certification,35,6.25
fluid,0.25,0.5,0.5,0.5,0.75,TRUE,TRUE,TRUE,TRUE,TRUE,TRUE,1,NA,NA,NA,NA,48.75,51.25,Grade D,Grade D,Score-based certification,50,1.25
fluid,0.5,0.5,0.5,0.5,0.75,TRUE,TRUE,TRUE,TRUE,TRUE,TRUE,1,NA,NA,NA,NA,56.25,43.75,Grade E,Grade E,Critical penalty burden,50,6.25
fluid,0.75,0.5,0.5,0.5,0.75,TRUE,TRUE,TRUE,TRUE,TRUE,TRUE,1,NA,NA,NA,NA,63.75,36.25,Grade E,Grade E,Critical penalty burden,50,13.75
fluid,1,0.5,0.5,0.5,0.75,TRUE,TRUE,TRUE,TRUE,TRUE,TRUE,1,NA,NA,NA,NA,71.25,28.75,Grade E,Grade E,Critical penalty burden,50,21.25
fluid,0,0.75,0.5,0.5,0.75,TRUE,TRUE,TRUE,TRUE,TRUE,TRUE,1,NA,NA,NA,NA,45,55,Grade D,Grade D,Score-based certification,50,5
fluid,0.25,0.75,0.5,0.5,0.75,TRUE,TRUE,TRUE,TRUE,TRUE,TRUE,1,NA,NA,NA,NA,52.5,47.5,Grade E,Grade E,Critical penalty burden,50,2.5
fluid,0.5,0.75,0.5,0.5,0.75,TRUE,TRUE,TRUE,TRUE,TRUE,TRUE,1,NA,NA,NA,NA,60,40,Grade E,Grade E,Critical penalty burden,50,10
fluid,0.75,0.75,0.5,0.5,0.75,TRUE,TRUE,TRUE,TRUE,TRUE,TRUE,1,NA,NA,NA,NA,67.5,32.5,Grade E,Grade E,Critical penalty burden,50,17.5
fluid,1,0.75,0.5,0.5,0.75,TRUE,TRUE,TRUE,TRUE,TRUE,TRUE,1,NA,NA,NA,NA,75,25,Grade E,Grade E,Critical penalty burden,50,25
fluid,0,1,0.5,0.5,0.75,TRUE,TRUE,TRUE,TRUE,TRUE,TRUE,1,NA,NA,NA,NA,48.75,51.25,Grade D,Grade D,Score-based certification,50,1.25
fluid,0.25,1,0.5,0.5,0.75,TRUE,TRUE,TRUE,TRUE,TRUE,TRUE,1,NA,NA,NA,NA,56.25,43.75,Grade E,Grade E,Critical penalty burden,50,6.25
fluid,0.5,1,0.5,0.5,0.75,TRUE,TRUE,TRUE,TRUE,TRUE,TRUE,1,NA,NA,NA,NA,63.75,36.25,Grade E,Grade E,Critical penalty burden,50,13.75
fluid,0.75,1,0.5,0.5,0.75,TRUE,TRUE,TRUE,TRUE,TRUE,TRUE,1,NA,NA,NA,NA,71.25,28.75,Grade E,Grade E,Critical penalty burden,50,21.25
fluid,1,1,0.5,0.5,0.75,TRUE,TRUE,TRUE,TRUE,TRUE,TRUE,1,NA,NA,NA,NA,78.75,21.25,Grade E,Grade E,Critical penalty burden,50,28.75
fluid,0,0,0.75,0.5,0.75,TRUE,TRUE,TRUE,TRUE,TRUE,TRUE,1,NA,NA,NA,NA,36.25,63.75,Grade D,Grade D,Score-based certification,35,1.25
fluid,0.25,0,0.75,0.5,0.75,TRUE,TRUE,TRUE,TRUE,TRUE,TRUE,1,NA,NA,NA,NA,43.75,56.25,Grade D,Grade D,Score-based certification,50,6.25
fluid,0.5,0,0.75,0.5,0.75,TRUE,TRUE,TRUE,TRUE,TRUE,TRUE,1,NA,NA,NA,NA,51.25,48.75,Grade E,Grade E,Critical penalty burden,50,1.25
fluid,0.75,0,0.75,0.5,0.75,TRUE,TRUE,TRUE,TRUE,TRUE,TRUE,1,NA,NA,NA,NA,58.75,41.25,Grade E,Grade E,Critical penalty burden,50,8.75
fluid,1,0,0.75,0.5,0.75,TRUE,TRUE,TRUE,TRUE,TRUE,TRUE,1,NA,NA,NA,NA,66.25,33.75,Grade E,Grade E,Critical penalty burden,50,16.25
fluid,0,0.25,0.75,0.5,0.75,TRUE,TRUE,TRUE,TRUE,TRUE,TRUE,1,NA,NA,NA,NA,40,60,Grade D,Grade D,Score-based certification,35,5
fluid,0.25,0.25,0.75,0.5,0.75,TRUE,TRUE,TRUE,TRUE,TRUE,TRUE,1,NA,NA,NA,NA,47.5,52.5,Grade D,Grade D,Score-based certification,50,2.5
fluid,0.5,0.25,0.75,0.5,0.75,TRUE,TRUE,TRUE,TRUE,TRUE,TRUE,1,NA,NA,NA,NA,55,45,Grade E,Grade E,Critical penalty burden,50,5
fluid,0.75,0.25,0.75,0.5,0.75,TRUE,TRUE,TRUE,TRUE,TRUE,TRUE,1,NA,NA,NA,NA,62.5,37.5,Grade E,Grade E,Critical penalty burden,50,12.5
fluid,1,0.25,0.75,0.5,0.75,TRUE,TRUE,TRUE,TRUE,TRUE,TRUE,1,NA,NA,NA,NA,70,30,Grade E,Grade E,Critical penalty burden,50,20
fluid,0,0.5,0.75,0.5,0.75,TRUE,TRUE,TRUE,TRUE,TRUE,TRUE,1,NA,NA,NA,NA,43.75,56.25,Grade D,Grade D,Score-based certification,50,6.25
fluid,0.25,0.5,0.75,0.5,0.75,TRUE,TRUE,TRUE,TRUE,TRUE,TRUE,1,NA,NA,NA,NA,51.25,48.75,Grade E,Grade E,Critical penalty burden,50,1.25
fluid,0.5,0.5,0.75,0.5,0.75,TRUE,TRUE,TRUE,TRUE,TRUE,TRUE,1,NA,NA,NA,NA,58.75,41.25,Grade E,Grade E,Critical penalty burden,50,8.75
fluid,0.75,0.5,0.75,0.5,0.75,TRUE,TRUE,TRUE,TRUE,TRUE,TRUE,1,NA,NA,NA,NA,66.25,33.75,Grade E,Grade E,Critical penalty burden,50,16.25
fluid,1,0.5,0.75,0.5,0.75,TRUE,TRUE,TRUE,TRUE,TRUE,TRUE,1,NA,NA,NA,NA,73.75,26.25,Grade E,Grade E,Critical penalty burden,50,23.75
fluid,0,0.75,0.75,0.5,0.75,TRUE,TRUE,TRUE,TRUE,TRUE,TRUE,1,NA,NA,NA,NA,47.5,52.5,Grade D,Grade D,Score-based certification,50,2.5
fluid,0.25,0.75,0.75,0.5,0.75,TRUE,TRUE,TRUE,TRUE,TRUE,TRUE,1,NA,NA,NA,NA,55,45,Grade E,Grade E,Critical penalty burden,50,5
fluid,0.5,0.75,0.75,0.5,0.75,TRUE,TRUE,TRUE,TRUE,TRUE,TRUE,1,NA,NA,NA,NA,62.5,37.5,Grade E,Grade E,Critical penalty burden,50,12.5
fluid,0.75,0.75,0.75,0.5,0.75,TRUE,TRUE,TRUE,TRUE,TRUE,TRUE,1,NA,NA,NA,NA,70,30,Grade E,Grade E,Critical penalty burden,50,20
fluid,1,0.75,0.75,0.5,0.75,TRUE,TRUE,TRUE,TRUE,TRUE,TRUE,1,NA,NA,NA,NA,77.5,22.5,Grade E,Grade E,Critical penalty burden,50,27.5
fluid,0,1,0.75,0.5,0.75,TRUE,TRUE,TRUE,TRUE,TRUE,TRUE,1,NA,NA,NA,NA,51.25,48.75,Grade E,Grade E,Critical penalty burden,50,1.25
fluid,0.25,1,0.75,0.5,0.75,TRUE,TRUE,TRUE,TRUE,TRUE,TRUE,1,NA,NA,NA,NA,58.75,41.25,Grade E,Grade E,Critical penalty burden,50,8.75
fluid,0.5,1,0.75,0.5,0.75,TRUE,TRUE,TRUE,TRUE,TRUE,TRUE,1,NA,NA,NA,NA,66.25,33.75,Grade E,Grade E,Critical penalty burden,50,16.25
fluid,0.75,1,0.75,0.5,0.75,TRUE,TRUE,TRUE,TRUE,TRUE,TRUE,1,NA,NA,NA,NA,73.75,26.25,Grade E,Grade E,Critical penalty burden,50,23.75
fluid,1,1,0.75,0.5,0.75,TRUE,TRUE,TRUE,TRUE,TRUE,TRUE,1,NA,NA,NA,NA,81.25,18.75,Grade E,Grade E,Critical penalty burden,50,31.25
fluid,0,0,1,0.5,0.75,TRUE,TRUE,TRUE,TRUE,TRUE,TRUE,1,NA,NA,NA,NA,38.75,61.25,Grade D,Grade D,Score-based certification,35,3.75
fluid,0.25,0,1,0.5,0.75,TRUE,TRUE,TRUE,TRUE,TRUE,TRUE,1,NA,NA,NA,NA,46.25,53.75,Grade D,Grade D,Score-based certification,50,3.75
fluid,0.5,0,1,0.5,0.75,TRUE,TRUE,TRUE,TRUE,TRUE,TRUE,1,NA,NA,NA,NA,53.75,46.25,Grade E,Grade E,Critical penalty burden,50,3.75
fluid,0.75,0,1,0.5,0.75,TRUE,TRUE,TRUE,TRUE,TRUE,TRUE,1,NA,NA,NA,NA,61.25,38.75,Grade E,Grade E,Critical penalty burden,50,11.25
fluid,1,0,1,0.5,0.75,TRUE,TRUE,TRUE,TRUE,TRUE,TRUE,1,NA,NA,NA,NA,68.75,31.25,Grade E,Grade E,Critical penalty burden,50,18.75
fluid,0,0.25,1,0.5,0.75,TRUE,TRUE,TRUE,TRUE,TRUE,TRUE,1,NA,NA,NA,NA,42.5,57.5,Grade D,Grade D,Score-based certification,35,7.5
fluid,0.25,0.25,1,0.5,0.75,TRUE,TRUE,TRUE,TRUE,TRUE,TRUE,1,NA,NA,NA,NA,50,50,Grade D,Grade D,Score-based certification,50,0
fluid,0.5,0.25,1,0.5,0.75,TRUE,TRUE,TRUE,TRUE,TRUE,TRUE,1,NA,NA,NA,NA,57.5,42.5,Grade E,Grade E,Critical penalty burden,50,7.5
fluid,0.75,0.25,1,0.5,0.75,TRUE,TRUE,TRUE,TRUE,TRUE,TRUE,1,NA,NA,NA,NA,65,35,Grade E,Grade E,Critical penalty burden,50,15
fluid,1,0.25,1,0.5,0.75,TRUE,TRUE,TRUE,TRUE,TRUE,TRUE,1,NA,NA,NA,NA,72.5,27.5,Grade E,Grade E,Critical penalty burden,50,22.5
fluid,0,0.5,1,0.5,0.75,TRUE,TRUE,TRUE,TRUE,TRUE,TRUE,1,NA,NA,NA,NA,46.25,53.75,Grade D,Grade D,Score-based certification,50,3.75
fluid,0.25,0.5,1,0.5,0.75,TRUE,TRUE,TRUE,TRUE,TRUE,TRUE,1,NA,NA,NA,NA,53.75,46.25,Grade E,Grade E,Critical penalty burden,50,3.75
fluid,0.5,0.5,1,0.5,0.75,TRUE,TRUE,TRUE,TRUE,TRUE,TRUE,1,NA,NA,NA,NA,61.25,38.75,Grade E,Grade E,Critical penalty burden,50,11.25
fluid,0.75,0.5,1,0.5,0.75,TRUE,TRUE,TRUE,TRUE,TRUE,TRUE,1,NA,NA,NA,NA,68.75,31.25,Grade E,Grade E,Critical penalty burden,50,18.75
fluid,1,0.5,1,0.5,0.75,TRUE,TRUE,TRUE,TRUE,TRUE,TRUE,1,NA,NA,NA,NA,76.25,23.75,Grade E,Grade E,Critical penalty burden,50,26.25
fluid,0,0.75,1,0.5,0.75,TRUE,TRUE,TRUE,TRUE,TRUE,TRUE,1,NA,NA,NA,NA,50,50,Grade D,Grade D,Score-based certification,50,0
fluid,0.25,0.75,1,0.5,0.75,TRUE,TRUE,TRUE,TRUE,TRUE,TRUE,1,NA,NA,NA,NA,57.5,42.5,Grade E,Grade E,Critical penalty burden,50,7.5
fluid,0.5,0.75,1,0.5,0.75,TRUE,TRUE,TRUE,TRUE,TRUE,TRUE,1,NA,NA,NA,NA,65,35,Grade E,Grade E,Critical penalty burden,50,15
fluid,0.75,0.75,1,0.5,0.75,TRUE,TRUE,TRUE,TRUE,TRUE,TRUE,1,NA,NA,NA,NA,72.5,27.5,Grade E,Grade E,Critical penalty burden,50,22.5
fluid,1,0.75,1,0.5,0.75,TRUE,TRUE,TRUE,TRUE,TRUE,TRUE,1,NA,NA,NA,NA,80,20,Grade E,Grade E,Critical penalty burden,50,30
fluid,0,1,1,0.5,0.75,TRUE,TRUE,TRUE,TRUE,TRUE,TRUE,1,NA,NA,NA,NA,53.75,46.25,Grade E,Grade E,Critical penalty burden,50,3.75
fluid,0.25,1,1,0.5,0.75,TRUE,TRUE,TRUE,TRUE,TRUE,TRUE,1,NA,NA,NA,NA,61.25,38.75,Grade E,Grade E,Critical penalty burden,50,11.25
fluid,0.5,1,1,0.5,0.75,TRUE,TRUE,TRUE,TRUE,TRUE,TRUE,1,NA,NA,NA,NA,68.75,31.25,Grade E,Grade E,Critical penalty burden,50,18.75
fluid,0.75,1,1,0.5,0.75,TRUE,TRUE,TRUE,TRUE,TRUE,TRUE,1,NA,NA,NA,NA,76.25,23.75,Grade E,Grade E,Critical penalty burden,50,26.25
fluid,1,1,1,0.5,0.75,TRUE,TRUE,TRUE,TRUE,TRUE,TRUE,1,NA,NA,NA,NA,83.75,16.25,Grade E,Grade E,Critical penalty burden,50,33.75
fluid,0,0,0,0.75,0.75,TRUE,TRUE,TRUE,TRUE,TRUE,TRUE,1,NA,NA,NA,NA,33.75,66.25,Grade C,Grade C,Score-based certification,35,1.25
fluid,0.25,0,0,0.75,0.75,TRUE,TRUE,TRUE,TRUE,TRUE,TRUE,1,NA,NA,NA,NA,41.25,58.75,Grade D,Grade D,Score-based certification,35,6.25
fluid,0.5,0,0,0.75,0.75,TRUE,TRUE,TRUE,TRUE,TRUE,TRUE,1,NA,NA,NA,NA,48.75,51.25,Grade D,Grade D,Score-based certification,50,1.25
fluid,0.75,0,0,0.75,0.75,TRUE,TRUE,TRUE,TRUE,TRUE,TRUE,1,NA,NA,NA,NA,56.25,43.75,Grade E,Grade E,Critical penalty burden,50,6.25
fluid,1,0,0,0.75,0.75,TRUE,TRUE,TRUE,TRUE,TRUE,TRUE,1,NA,NA,NA,NA,63.75,36.25,Grade E,Grade E,Critical penalty burden,50,13.75
fluid,0,0.25,0,0.75,0.75,TRUE,TRUE,TRUE,TRUE,TRUE,TRUE,1,NA,NA,NA,NA,37.5,62.5,Grade D,Grade D,Score-based certification,35,2.5
fluid,0.25,0.25,0,0.75,0.75,TRUE,TRUE,TRUE,TRUE,TRUE,TRUE,1,NA,NA,NA,NA,45,55,Grade D,Grade D,Score-based certification,50,5
fluid,0.5,0.25,0,0.75,0.75,TRUE,TRUE,TRUE,TRUE,TRUE,TRUE,1,NA,NA,NA,NA,52.5,47.5,Grade E,Grade E,Critical penalty burden,50,2.5
fluid,0.75,0.25,0,0.75,0.75,TRUE,TRUE,TRUE,TRUE,TRUE,TRUE,1,NA,NA,NA,NA,60,40,Grade E,Grade E,Critical penalty burden,50,10
fluid,1,0.25,0,0.75,0.75,TRUE,TRUE,TRUE,TRUE,TRUE,TRUE,1,NA,NA,NA,NA,67.5,32.5,Grade E,Grade E,Critical penalty burden,50,17.5
fluid,0,0.5,0,0.75,0.75,TRUE,TRUE,TRUE,TRUE,TRUE,TRUE,1,NA,NA,NA,NA,41.25,58.75,Grade D,Grade D,Score-based certification,35,6.25
fluid,0.25,0.5,0,0.75,0.75,TRUE,TRUE,TRUE,TRUE,TRUE,TRUE,1,NA,NA,NA,NA,48.75,51.25,Grade D,Grade D,Score-based certification,50,1.25
fluid,0.5,0.5,0,0.75,0.75,TRUE,TRUE,TRUE,TRUE,TRUE,TRUE,1,NA,NA,NA,NA,56.25,43.75,Grade E,Grade E,Critical penalty burden,50,6.25
fluid,0.75,0.5,0,0.75,0.75,TRUE,TRUE,TRUE,TRUE,TRUE,TRUE,1,NA,NA,NA,NA,63.75,36.25,Grade E,Grade E,Critical penalty burden,50,13.75
fluid,1,0.5,0,0.75,0.75,TRUE,TRUE,TRUE,TRUE,TRUE,TRUE,1,NA,NA,NA,NA,71.25,28.75,Grade E,Grade E,Critical penalty burden,50,21.25
fluid,0,0.75,0,0.75,0.75,TRUE,TRUE,TRUE,TRUE,TRUE,TRUE,1,NA,NA,NA,NA,45,55,Grade D,Grade D,Score-based certification,50,5
fluid,0.25,0.75,0,0.75,0.75,TRUE,TRUE,TRUE,TRUE,TRUE,TRUE,1,NA,NA,NA,NA,52.5,47.5,Grade E,Grade E,Critical penalty burden,50,2.5
fluid,0.5,0.75,0,0.75,0.75,TRUE,TRUE,TRUE,TRUE,TRUE,TRUE,1,NA,NA,NA,NA,60,40,Grade E,Grade E,Critical penalty burden,50,10
fluid,0.75,0.75,0,0.75,0.75,TRUE,TRUE,TRUE,TRUE,TRUE,TRUE,1,NA,NA,NA,NA,67.5,32.5,Grade E,Grade E,Critical penalty burden,50,17.5
fluid,1,0.75,0,0.75,0.75,TRUE,TRUE,TRUE,TRUE,TRUE,TRUE,1,NA,NA,NA,NA,75,25,Grade E,Grade E,Critical penalty burden,50,25
fluid,0,1,0,0.75,0.75,TRUE,TRUE,TRUE,TRUE,TRUE,TRUE,1,NA,NA,NA,NA,48.75,51.25,Grade D,Grade D,Score-based certification,50,1.25
fluid,0.25,1,0,0.75,0.75,TRUE,TRUE,TRUE,TRUE,TRUE,TRUE,1,NA,NA,NA,NA,56.25,43.75,Grade E,Grade E,Critical penalty burden,50,6.25
fluid,0.5,1,0,0.75,0.75,TRUE,TRUE,TRUE,TRUE,TRUE,TRUE,1,NA,NA,NA,NA,63.75,36.25,Grade E,Grade E,Critical penalty burden,50,13.75
fluid,0.75,1,0,0.75,0.75,TRUE,TRUE,TRUE,TRUE,TRUE,TRUE,1,NA,NA,NA,NA,71.25,28.75,Grade E,Grade E,Critical penalty burden,50,21.25
fluid,1,1,0,0.75,0.75,TRUE,TRUE,TRUE,TRUE,TRUE,TRUE,1,NA,NA,NA,NA,78.75,21.25,Grade E,Grade E,Critical penalty burden,50,28.75
fluid,0,0,0.25,0.75,0.75,TRUE,TRUE,TRUE,TRUE,TRUE,TRUE,1,NA,NA,NA,NA,36.25,63.75,Grade D,Grade D,Score-based certification,35,1.25
fluid,0.25,0,0.25,0.75,0.75,TRUE,TRUE,TRUE,TRUE,TRUE,TRUE,1,NA,NA,NA,NA,43.75,56.25,Grade D,Grade D,Score-based certification,50,6.25
fluid,0.5,0,0.25,0.75,0.75,TRUE,TRUE,TRUE,TRUE,TRUE,TRUE,1,NA,NA,NA,NA,51.25,48.75,Grade E,Grade E,Critical penalty burden,50,1.25
fluid,0.75,0,0.25,0.75,0.75,TRUE,TRUE,TRUE,TRUE,TRUE,TRUE,1,NA,NA,NA,NA,58.75,41.25,Grade E,Grade E,Critical penalty burden,50,8.75
fluid,1,0,0.25,0.75,0.75,TRUE,TRUE,TRUE,TRUE,TRUE,TRUE,1,NA,NA,NA,NA,66.25,33.75,Grade E,Grade E,Critical penalty burden,50,16.25
fluid,0,0.25,0.25,0.75,0.75,TRUE,TRUE,TRUE,TRUE,TRUE,TRUE,1,NA,NA,NA,NA,40,60,Grade D,Grade D,Score-based certification,35,5
fluid,0.25,0.25,0.25,0.75,0.75,TRUE,TRUE,TRUE,TRUE,TRUE,TRUE,1,NA,NA,NA,NA,47.5,52.5,Grade D,Grade D,Score-based certification,50,2.5
fluid,0.5,0.25,0.25,0.75,0.75,TRUE,TRUE,TRUE,TRUE,TRUE,TRUE,1,NA,NA,NA,NA,55,45,Grade E,Grade E,Critical penalty burden,50,5
fluid,0.75,0.25,0.25,0.75,0.75,TRUE,TRUE,TRUE,TRUE,TRUE,TRUE,1,NA,NA,NA,NA,62.5,37.5,Grade E,Grade E,Critical penalty burden,50,12.5
fluid,1,0.25,0.25,0.75,0.75,TRUE,TRUE,TRUE,TRUE,TRUE,TRUE,1,NA,NA,NA,NA,70,30,Grade E,Grade E,Critical penalty burden,50,20
fluid,0,0.5,0.25,0.75,0.75,TRUE,TRUE,TRUE,TRUE,TRUE,TRUE,1,NA,NA,NA,NA,43.75,56.25,Grade D,Grade D,Score-based certification,50,6.25
fluid,0.25,0.5,0.25,0.75,0.75,TRUE,TRUE,TRUE,TRUE,TRUE,TRUE,1,NA,NA,NA,NA,51.25,48.75,Grade E,Grade E,Critical penalty burden,50,1.25
fluid,0.5,0.5,0.25,0.75,0.75,TRUE,TRUE,TRUE,TRUE,TRUE,TRUE,1,NA,NA,NA,NA,58.75,41.25,Grade E,Grade E,Critical penalty burden,50,8.75
fluid,0.75,0.5,0.25,0.75,0.75,TRUE,TRUE,TRUE,TRUE,TRUE,TRUE,1,NA,NA,NA,NA,66.25,33.75,Grade E,Grade E,Critical penalty burden,50,16.25
fluid,1,0.5,0.25,0.75,0.75,TRUE,TRUE,TRUE,TRUE,TRUE,TRUE,1,NA,NA,NA,NA,73.75,26.25,Grade E,Grade E,Critical penalty burden,50,23.75
fluid,0,0.75,0.25,0.75,0.75,TRUE,TRUE,TRUE,TRUE,TRUE,TRUE,1,NA,NA,NA,NA,47.5,52.5,Grade D,Grade D,Score-based certification,50,2.5
fluid,0.25,0.75,0.25,0.75,0.75,TRUE,TRUE,TRUE,TRUE,TRUE,TRUE,1,NA,NA,NA,NA,55,45,Grade E,Grade E,Critical penalty burden,50,5
fluid,0.5,0.75,0.25,0.75,0.75,TRUE,TRUE,TRUE,TRUE,TRUE,TRUE,1,NA,NA,NA,NA,62.5,37.5,Grade E,Grade E,Critical penalty burden,50,12.5
fluid,0.75,0.75,0.25,0.75,0.75,TRUE,TRUE,TRUE,TRUE,TRUE,TRUE,1,NA,NA,NA,NA,70,30,Grade E,Grade E,Critical penalty burden,50,20
fluid,1,0.75,0.25,0.75,0.75,TRUE,TRUE,TRUE,TRUE,TRUE,TRUE,1,NA,NA,NA,NA,77.5,22.5,Grade E,Grade E,Critical penalty burden,50,27.5
fluid,0,1,0.25,0.75,0.75,TRUE,TRUE,TRUE,TRUE,TRUE,TRUE,1,NA,NA,NA,NA,51.25,48.75,Grade E,Grade E,Critical penalty burden,50,1.25
fluid,0.25,1,0.25,0.75,0.75,TRUE,TRUE,TRUE,TRUE,TRUE,TRUE,1,NA,NA,NA,NA,58.75,41.25,Grade E,Grade E,Critical penalty burden,50,8.75
fluid,0.5,1,0.25,0.75,0.75,TRUE,TRUE,TRUE,TRUE,TRUE,TRUE,1,NA,NA,NA,NA,66.25,33.75,Grade E,Grade E,Critical penalty burden,50,16.25
fluid,0.75,1,0.25,0.75,0.75,TRUE,TRUE,TRUE,TRUE,TRUE,TRUE,1,NA,NA,NA,NA,73.75,26.25,Grade E,Grade E,Critical penalty burden,50,23.75
fluid,1,1,0.25,0.75,0.75,TRUE,TRUE,TRUE,TRUE,TRUE,TRUE,1,NA,NA,NA,NA,81.25,18.75,Grade E,Grade E,Critical penalty burden,50,31.25
fluid,0,0,0.5,0.75,0.75,TRUE,TRUE,TRUE,TRUE,TRUE,TRUE,1,NA,NA,NA,NA,38.75,61.25,Grade D,Grade D,Score-based certification,35,3.75
fluid,0.25,0,0.5,0.75,0.75,TRUE,TRUE,TRUE,TRUE,TRUE,TRUE,1,NA,NA,NA,NA,46.25,53.75,Grade D,Grade D,Score-based certification,50,3.75
fluid,0.5,0,0.5,0.75,0.75,TRUE,TRUE,TRUE,TRUE,TRUE,TRUE,1,NA,NA,NA,NA,53.75,46.25,Grade E,Grade E,Critical penalty burden,50,3.75
fluid,0.75,0,0.5,0.75,0.75,TRUE,TRUE,TRUE,TRUE,TRUE,TRUE,1,NA,NA,NA,NA,61.25,38.75,Grade E,Grade E,Critical penalty burden,50,11.25
fluid,1,0,0.5,0.75,0.75,TRUE,TRUE,TRUE,TRUE,TRUE,TRUE,1,NA,NA,NA,NA,68.75,31.25,Grade E,Grade E,Critical penalty burden,50,18.75
fluid,0,0.25,0.5,0.75,0.75,TRUE,TRUE,TRUE,TRUE,TRUE,TRUE,1,NA,NA,NA,NA,42.5,57.5,Grade D,Grade D,Score-based certification,35,7.5
fluid,0.25,0.25,0.5,0.75,0.75,TRUE,TRUE,TRUE,TRUE,TRUE,TRUE,1,NA,NA,NA,NA,50,50,Grade D,Grade D,Score-based certification,50,0
fluid,0.5,0.25,0.5,0.75,0.75,TRUE,TRUE,TRUE,TRUE,TRUE,TRUE,1,NA,NA,NA,NA,57.5,42.5,Grade E,Grade E,Critical penalty burden,50,7.5
fluid,0.75,0.25,0.5,0.75,0.75,TRUE,TRUE,TRUE,TRUE,TRUE,TRUE,1,NA,NA,NA,NA,65,35,Grade E,Grade E,Critical penalty burden,50,15
fluid,1,0.25,0.5,0.75,0.75,TRUE,TRUE,TRUE,TRUE,TRUE,TRUE,1,NA,NA,NA,NA,72.5,27.5,Grade E,Grade E,Critical penalty burden,50,22.5
fluid,0,0.5,0.5,0.75,0.75,TRUE,TRUE,TRUE,TRUE,TRUE,TRUE,1,NA,NA,NA,NA,46.25,53.75,Grade D,Grade D,Score-based certification,50,3.75
fluid,0.25,0.5,0.5,0.75,0.75,TRUE,TRUE,TRUE,TRUE,TRUE,TRUE,1,NA,NA,NA,NA,53.75,46.25,Grade E,Grade E,Critical penalty burden,50,3.75
fluid,0.5,0.5,0.5,0.75,0.75,TRUE,TRUE,TRUE,TRUE,TRUE,TRUE,1,NA,NA,NA,NA,61.25,38.75,Grade E,Grade E,Critical penalty burden,50,11.25
fluid,0.75,0.5,0.5,0.75,0.75,TRUE,TRUE,TRUE,TRUE,TRUE,TRUE,1,NA,NA,NA,NA,68.75,31.25,Grade E,Grade E,Critical penalty burden,50,18.75
fluid,1,0.5,0.5,0.75,0.75,TRUE,TRUE,TRUE,TRUE,TRUE,TRUE,1,NA,NA,NA,NA,76.25,23.75,Grade E,Grade E,Critical penalty burden,50,26.25
fluid,0,0.75,0.5,0.75,0.75,TRUE,TRUE,TRUE,TRUE,TRUE,TRUE,1,NA,NA,NA,NA,50,50,Grade D,Grade D,Score-based certification,50,0
fluid,0.25,0.75,0.5,0.75,0.75,TRUE,TRUE,TRUE,TRUE,TRUE,TRUE,1,NA,NA,NA,NA,57.5,42.5,Grade E,Grade E,Critical penalty burden,50,7.5
fluid,0.5,0.75,0.5,0.75,0.75,TRUE,TRUE,TRUE,TRUE,TRUE,TRUE,1,NA,NA,NA,NA,65,35,Grade E,Grade E,Critical penalty burden,50,15
fluid,0.75,0.75,0.5,0.75,0.75,TRUE,TRUE,TRUE,TRUE,TRUE,TRUE,1,NA,NA,NA,NA,72.5,27.5,Grade E,Grade E,Critical penalty burden,50,22.5
fluid,1,0.75,0.5,0.75,0.75,TRUE,TRUE,TRUE,TRUE,TRUE,TRUE,1,NA,NA,NA,NA,80,20,Grade E,Grade E,Critical penalty burden,50,30
fluid,0,1,0.5,0.75,0.75,TRUE,TRUE,TRUE,TRUE,TRUE,TRUE,1,NA,NA,NA,NA,53.75,46.25,Grade E,Grade E,Critical penalty burden,50,3.75
fluid,0.25,1,0.5,0.75,0.75,TRUE,TRUE,TRUE,TRUE,TRUE,TRUE,1,NA,NA,NA,NA,61.25,38.75,Grade E,Grade E,Critical penalty burden,50,11.25
fluid,0.5,1,0.5,0.75,0.75,TRUE,TRUE,TRUE,TRUE,TRUE,TRUE,1,NA,NA,NA,NA,68.75,31.25,Grade E,Grade E,Critical penalty burden,50,18.75
fluid,0.75,1,0.5,0.75,0.75,TRUE,TRUE,TRUE,TRUE,TRUE,TRUE,1,NA,NA,NA,NA,76.25,23.75,Grade E,Grade E,Critical penalty burden,50,26.25
fluid,1,1,0.5,0.75,0.75,TRUE,TRUE,TRUE,TRUE,TRUE,TRUE,1,NA,NA,NA,NA,83.75,16.25,Grade E,Grade E,Critical penalty burden,50,33.75
fluid,0,0,0.75,0.75,0.75,TRUE,TRUE,TRUE,TRUE,TRUE,TRUE,1,NA,NA,NA,NA,41.25,58.75,Grade D,Grade D,Score-based certification,35,6.25
fluid,0.25,0,0.75,0.75,0.75,TRUE,TRUE,TRUE,TRUE,TRUE,TRUE,1,NA,NA,NA,NA,48.75,51.25,Grade D,Grade D,Score-based certification,50,1.25
fluid,0.5,0,0.75,0.75,0.75,TRUE,TRUE,TRUE,TRUE,TRUE,TRUE,1,NA,NA,NA,NA,56.25,43.75,Grade E,Grade E,Critical penalty burden,50,6.25
fluid,0.75,0,0.75,0.75,0.75,TRUE,TRUE,TRUE,TRUE,TRUE,TRUE,1,NA,NA,NA,NA,63.75,36.25,Grade E,Grade E,Critical penalty burden,50,13.75
fluid,1,0,0.75,0.75,0.75,TRUE,TRUE,TRUE,TRUE,TRUE,TRUE,1,NA,NA,NA,NA,71.25,28.75,Grade E,Grade E,Critical penalty burden,50,21.25
fluid,0,0.25,0.75,0.75,0.75,TRUE,TRUE,TRUE,TRUE,TRUE,TRUE,1,NA,NA,NA,NA,45,55,Grade D,Grade D,Score-based certification,50,5
fluid,0.25,0.25,0.75,0.75,0.75,TRUE,TRUE,TRUE,TRUE,TRUE,TRUE,1,NA,NA,NA,NA,52.5,47.5,Grade E,Grade E,Critical penalty burden,50,2.5
fluid,0.5,0.25,0.75,0.75,0.75,TRUE,TRUE,TRUE,TRUE,TRUE,TRUE,1,NA,NA,NA,NA,60,40,Grade E,Grade E,Critical penalty burden,50,10
fluid,0.75,0.25,0.75,0.75,0.75,TRUE,TRUE,TRUE,TRUE,TRUE,TRUE,1,NA,NA,NA,NA,67.5,32.5,Grade E,Grade E,Critical penalty burden,50,17.5
fluid,1,0.25,0.75,0.75,0.75,TRUE,TRUE,TRUE,TRUE,TRUE,TRUE,1,NA,NA,NA,NA,75,25,Grade E,Grade E,Critical penalty burden,50,25
fluid,0,0.5,0.75,0.75,0.75,TRUE,TRUE,TRUE,TRUE,TRUE,TRUE,1,NA,NA,NA,NA,48.75,51.25,Grade D,Grade D,Score-based certification,50,1.25
fluid,0.25,0.5,0.75,0.75,0.75,TRUE,TRUE,TRUE,TRUE,TRUE,TRUE,1,NA,NA,NA,NA,56.25,43.75,Grade E,Grade E,Critical penalty burden,50,6.25
fluid,0.5,0.5,0.75,0.75,0.75,TRUE,TRUE,TRUE,TRUE,TRUE,TRUE,1,NA,NA,NA,NA,63.75,36.25,Grade E,Grade E,Critical penalty burden,50,13.75
fluid,0.75,0.5,0.75,0.75,0.75,TRUE,TRUE,TRUE,TRUE,TRUE,TRUE,1,NA,NA,NA,NA,71.25,28.75,Grade E,Grade E,Critical penalty burden,50,21.25
fluid,1,0.5,0.75,0.75,0.75,TRUE,TRUE,TRUE,TRUE,TRUE,TRUE,1,NA,NA,NA,NA,78.75,21.25,Grade E,Grade E,Critical penalty burden,50,28.75
fluid,0,0.75,0.75,0.75,0.75,TRUE,TRUE,TRUE,TRUE,TRUE,TRUE,1,NA,NA,NA,NA,52.5,47.5,Grade E,Grade E,Critical penalty burden,50,2.5
fluid,0.25,0.75,0.75,0.75,0.75,TRUE,TRUE,TRUE,TRUE,TRUE,TRUE,1,NA,NA,NA,NA,60,40,Grade E,Grade E,Critical penalty burden,50,10
fluid,0.5,0.75,0.75,0.75,0.75,TRUE,TRUE,TRUE,TRUE,TRUE,TRUE,1,NA,NA,NA,NA,67.5,32.5,Grade E,Grade E,Critical penalty burden,50,17.5
fluid,0.75,0.75,0.75,0.75,0.75,TRUE,TRUE,TRUE,TRUE,TRUE,TRUE,1,NA,NA,NA,NA,75,25,Grade E,Grade E,Critical penalty burden,50,25
fluid,1,0.75,0.75,0.75,0.75,TRUE,TRUE,TRUE,TRUE,TRUE,TRUE,1,NA,NA,NA,NA,82.5,17.5,Grade E,Grade E,Critical penalty burden,50,32.5
fluid,0,1,0.75,0.75,0.75,TRUE,TRUE,TRUE,TRUE,TRUE,TRUE,1,NA,NA,NA,NA,56.25,43.75,Grade E,Grade E,Critical penalty burden,50,6.25
fluid,0.25,1,0.75,0.75,0.75,TRUE,TRUE,TRUE,TRUE,TRUE,TRUE,1,NA,NA,NA,NA,63.75,36.25,Grade E,Grade E,Critical penalty burden,50,13.75
fluid,0.5,1,0.75,0.75,0.75,TRUE,TRUE,TRUE,TRUE,TRUE,TRUE,1,NA,NA,NA,NA,71.25,28.75,Grade E,Grade E,Critical penalty burden,50,21.25
fluid,0.75,1,0.75,0.75,0.75,TRUE,TRUE,TRUE,TRUE,TRUE,TRUE,1,NA,NA,NA,NA,78.75,21.25,Grade E,Grade E,Critical penalty burden,50,28.75
fluid,1,1,0.75,0.75,0.75,TRUE,TRUE,TRUE,TRUE,TRUE,TRUE,1,NA,NA,NA,NA,86.25,13.75,Grade E,Grade E,Critical penalty burden,50,36.25
fluid,0,0,1,0.75,0.75,TRUE,TRUE,TRUE,TRUE,TRUE,TRUE,1,NA,NA,NA,NA,43.75,56.25,Grade D,Grade D,Score-based certification,50,6.25
fluid,0.25,0,1,0.75,0.75,TRUE,TRUE,TRUE,TRUE,TRUE,TRUE,1,NA,NA,NA,NA,51.25,48.75,Grade E,Grade E,Critical penalty burden,50,1.25
fluid,0.5,0,1,0.75,0.75,TRUE,TRUE,TRUE,TRUE,TRUE,TRUE,1,NA,NA,NA,NA,58.75,41.25,Grade E,Grade E,Critical penalty burden,50,8.75
fluid,0.75,0,1,0.75,0.75,TRUE,TRUE,TRUE,TRUE,TRUE,TRUE,1,NA,NA,NA,NA,66.25,33.75,Grade E,Grade E,Critical penalty burden,50,16.25
fluid,1,0,1,0.75,0.75,TRUE,TRUE,TRUE,TRUE,TRUE,TRUE,1,NA,NA,NA,NA,73.75,26.25,Grade E,Grade E,Critical penalty burden,50,23.75
fluid,0,0.25,1,0.75,0.75,TRUE,TRUE,TRUE,TRUE,TRUE,TRUE,1,NA,NA,NA,NA,47.5,52.5,Grade D,Grade D,Score-based certification,50,2.5
fluid,0.25,0.25,1,0.75,0.75,TRUE,TRUE,TRUE,TRUE,TRUE,TRUE,1,NA,NA,NA,NA,55,45,Grade E,Grade E,Critical penalty burden,50,5
fluid,0.5,0.25,1,0.75,0.75,TRUE,TRUE,TRUE,TRUE,TRUE,TRUE,1,NA,NA,NA,NA,62.5,37.5,Grade E,Grade E,Critical penalty burden,50,12.5
fluid,0.75,0.25,1,0.75,0.75,TRUE,TRUE,TRUE,TRUE,TRUE,TRUE,1,NA,NA,NA,NA,70,30,Grade E,Grade E,Critical penalty burden,50,20
fluid,1,0.25,1,0.75,0.75,TRUE,TRUE,TRUE,TRUE,TRUE,TRUE,1,NA,NA,NA,NA,77.5,22.5,Grade E,Grade E,Critical penalty burden,50,27.5
fluid,0,0.5,1,0.75,0.75,TRUE,TRUE,TRUE,TRUE,TRUE,TRUE,1,NA,NA,NA,NA,51.25,48.75,Grade E,Grade E,Critical penalty burden,50,1.25
fluid,0.25,0.5,1,0.75,0.75,TRUE,TRUE,TRUE,TRUE,TRUE,TRUE,1,NA,NA,NA,NA,58.75,41.25,Grade E,Grade E,Critical penalty burden,50,8.75
fluid,0.5,0.5,1,0.75,0.75,TRUE,TRUE,TRUE,TRUE,TRUE,TRUE,1,NA,NA,NA,NA,66.25,33.75,Grade E,Grade E,Critical penalty burden,50,16.25
fluid,0.75,0.5,1,0.75,0.75,TRUE,TRUE,TRUE,TRUE,TRUE,TRUE,1,NA,NA,NA,NA,73.75,26.25,Grade E,Grade E,Critical penalty burden,50,23.75
fluid,1,0.5,1,0.75,0.75,TRUE,TRUE,TRUE,TRUE,TRUE,TRUE,1,NA,NA,NA,NA,81.25,18.75,Grade E,Grade E,Critical penalty burden,50,31.25
fluid,0,0.75,1,0.75,0.75,TRUE,TRUE,TRUE,TRUE,TRUE,TRUE,1,NA,NA,NA,NA,55,45,Grade E,Grade E,Critical penalty burden,50,5
fluid,0.25,0.75,1,0.75,0.75,TRUE,TRUE,TRUE,TRUE,TRUE,TRUE,1,NA,NA,NA,NA,62.5,37.5,Grade E,Grade E,Critical penalty burden,50,12.5
fluid,0.5,0.75,1,0.75,0.75,TRUE,TRUE,TRUE,TRUE,TRUE,TRUE,1,NA,NA,NA,NA,70,30,Grade E,Grade E,Critical penalty burden,50,20
fluid,0.75,0.75,1,0.75,0.75,TRUE,TRUE,TRUE,TRUE,TRUE,TRUE,1,NA,NA,NA,NA,77.5,22.5,Grade E,Grade E,Critical penalty burden,50,27.5
fluid,1,0.75,1,0.75,0.75,TRUE,TRUE,TRUE,TRUE,TRUE,TRUE,1,NA,NA,NA,NA,85,15,Grade E,Grade E,Critical penalty burden,50,35
fluid,0,1,1,0.75,0.75,TRUE,TRUE,TRUE,TRUE,TRUE,TRUE,1,NA,NA,NA,NA,58.75,41.25,Grade E,Grade E,Critical penalty burden,50,8.75
fluid,0.25,1,1,0.75,0.75,TRUE,TRUE,TRUE,TRUE,TRUE,TRUE,1,NA,NA,NA,NA,66.25,33.75,Grade E,Grade E,Critical penalty burden,50,16.25
fluid,0.5,1,1,0.75,0.75,TRUE,TRUE,TRUE,TRUE,TRUE,TRUE,1,NA,NA,NA,NA,73.75,26.25,Grade E,Grade E,Critical penalty burden,50,23.75
fluid,0.75,1,1,0.75,0.75,TRUE,TRUE,TRUE,TRUE,TRUE,TRUE,1,NA,NA,NA,NA,81.25,18.75,Grade E,Grade E,Critical penalty burden,50,31.25
fluid,1,1,1,0.75,0.75,TRUE,TRUE,TRUE,TRUE,TRUE,TRUE,1,NA,NA,NA,NA,88.75,11.25,Grade E,Grade E,Critical penalty burden,50,38.75
fluid,0,0,0,1,0.75,TRUE,TRUE,TRUE,TRUE,TRUE,TRUE,1,NA,NA,NA,NA,38.75,61.25,Grade D,Grade D,Score-based certification,35,3.75
fluid,0.25,0,0,1,0.75,TRUE,TRUE,TRUE,TRUE,TRUE,TRUE,1,NA,NA,NA,NA,46.25,53.75,Grade D,Grade D,Score-based certification,50,3.75
fluid,0.5,0,0,1,0.75,TRUE,TRUE,TRUE,TRUE,TRUE,TRUE,1,NA,NA,NA,NA,53.75,46.25,Grade E,Grade E,Critical penalty burden,50,3.75
fluid,0.75,0,0,1,0.75,TRUE,TRUE,TRUE,TRUE,TRUE,TRUE,1,NA,NA,NA,NA,61.25,38.75,Grade E,Grade E,Critical penalty burden,50,11.25
fluid,1,0,0,1,0.75,TRUE,TRUE,TRUE,TRUE,TRUE,TRUE,1,NA,NA,NA,NA,68.75,31.25,Grade E,Grade E,Critical penalty burden,50,18.75
fluid,0,0.25,0,1,0.75,TRUE,TRUE,TRUE,TRUE,TRUE,TRUE,1,NA,NA,NA,NA,42.5,57.5,Grade D,Grade D,Score-based certification,35,7.5
fluid,0.25,0.25,0,1,0.75,TRUE,TRUE,TRUE,TRUE,TRUE,TRUE,1,NA,NA,NA,NA,50,50,Grade D,Grade D,Score-based certification,50,0
fluid,0.5,0.25,0,1,0.75,TRUE,TRUE,TRUE,TRUE,TRUE,TRUE,1,NA,NA,NA,NA,57.5,42.5,Grade E,Grade E,Critical penalty burden,50,7.5
fluid,0.75,0.25,0,1,0.75,TRUE,TRUE,TRUE,TRUE,TRUE,TRUE,1,NA,NA,NA,NA,65,35,Grade E,Grade E,Critical penalty burden,50,15
fluid,1,0.25,0,1,0.75,TRUE,TRUE,TRUE,TRUE,TRUE,TRUE,1,NA,NA,NA,NA,72.5,27.5,Grade E,Grade E,Critical penalty burden,50,22.5
fluid,0,0.5,0,1,0.75,TRUE,TRUE,TRUE,TRUE,TRUE,TRUE,1,NA,NA,NA,NA,46.25,53.75,Grade D,Grade D,Score-based certification,50,3.75
fluid,0.25,0.5,0,1,0.75,TRUE,TRUE,TRUE,TRUE,TRUE,TRUE,1,NA,NA,NA,NA,53.75,46.25,Grade E,Grade E,Critical penalty burden,50,3.75
fluid,0.5,0.5,0,1,0.75,TRUE,TRUE,TRUE,TRUE,TRUE,TRUE,1,NA,NA,NA,NA,61.25,38.75,Grade E,Grade E,Critical penalty burden,50,11.25
fluid,0.75,0.5,0,1,0.75,TRUE,TRUE,TRUE,TRUE,TRUE,TRUE,1,NA,NA,NA,NA,68.75,31.25,Grade E,Grade E,Critical penalty burden,50,18.75
fluid,1,0.5,0,1,0.75,TRUE,TRUE,TRUE,TRUE,TRUE,TRUE,1,NA,NA,NA,NA,76.25,23.75,Grade E,Grade E,Critical penalty burden,50,26.25
fluid,0,0.75,0,1,0.75,TRUE,TRUE,TRUE,TRUE,TRUE,TRUE,1,NA,NA,NA,NA,50,50,Grade D,Grade D,Score-based certification,50,0
fluid,0.25,0.75,0,1,0.75,TRUE,TRUE,TRUE,TRUE,TRUE,TRUE,1,NA,NA,NA,NA,57.5,42.5,Grade E,Grade E,Critical penalty burden,50,7.5
fluid,0.5,0.75,0,1,0.75,TRUE,TRUE,TRUE,TRUE,TRUE,TRUE,1,NA,NA,NA,NA,65,35,Grade E,Grade E,Critical penalty burden,50,15
fluid,0.75,0.75,0,1,0.75,TRUE,TRUE,TRUE,TRUE,TRUE,TRUE,1,NA,NA,NA,NA,72.5,27.5,Grade E,Grade E,Critical penalty burden,50,22.5
fluid,1,0.75,0,1,0.75,TRUE,TRUE,TRUE,TRUE,TRUE,TRUE,1,NA,NA,NA,NA,80,20,Grade E,Grade E,Critical penalty burden,50,30
fluid,0,1,0,1,0.75,TRUE,TRUE,TRUE,TRUE,TRUE,TRUE,1,NA,NA,NA,NA,53.75,46.25,Grade E,Grade E,Critical penalty burden,50,3.75
fluid,0.25,1,0,1,0.75,TRUE,TRUE,TRUE,TRUE,TRUE,TRUE,1,NA,NA,NA,NA,61.25,38.75,Grade E,Grade E,Critical penalty burden,50,11.25
fluid,0.5,1,0,1,0.75,TRUE,TRUE,TRUE,TRUE,TRUE,TRUE,1,NA,NA,NA,NA,68.75,31.25,Grade E,Grade E,Critical penalty burden,50,18.75
fluid,0.75,1,0,1,0.75,TRUE,TRUE,TRUE,TRUE,TRUE,TRUE,1,NA,NA,NA,NA,76.25,23.75,Grade E,Grade E,Critical penalty burden,50,26.25
fluid,1,1,0,1,0.75,TRUE,TRUE,TRUE,TRUE,TRUE,TRUE,1,NA,NA,NA,NA,83.75,16.25,Grade E,Grade E,Critical penalty burden,50,33.75
fluid,0,0,0.25,1,0.75,TRUE,TRUE,TRUE,TRUE,TRUE,TRUE,1,NA,NA,NA,NA,41.25,58.75,Grade D,Grade D,Score-based certification,35,6.25
fluid,0.25,0,0.25,1,0.75,TRUE,TRUE,TRUE,TRUE,TRUE,TRUE,1,NA,NA,NA,NA,48.75,51.25,Grade D,Grade D,Score-based certification,50,1.25
fluid,0.5,0,0.25,1,0.75,TRUE,TRUE,TRUE,TRUE,TRUE,TRUE,1,NA,NA,NA,NA,56.25,43.75,Grade E,Grade E,Critical penalty burden,50,6.25
fluid,0.75,0,0.25,1,0.75,TRUE,TRUE,TRUE,TRUE,TRUE,TRUE,1,NA,NA,NA,NA,63.75,36.25,Grade E,Grade E,Critical penalty burden,50,13.75
fluid,1,0,0.25,1,0.75,TRUE,TRUE,TRUE,TRUE,TRUE,TRUE,1,NA,NA,NA,NA,71.25,28.75,Grade E,Grade E,Critical penalty burden,50,21.25
fluid,0,0.25,0.25,1,0.75,TRUE,TRUE,TRUE,TRUE,TRUE,TRUE,1,NA,NA,NA,NA,45,55,Grade D,Grade D,Score-based certification,50,5
fluid,0.25,0.25,0.25,1,0.75,TRUE,TRUE,TRUE,TRUE,TRUE,TRUE,1,NA,NA,NA,NA,52.5,47.5,Grade E,Grade E,Critical penalty burden,50,2.5
fluid,0.5,0.25,0.25,1,0.75,TRUE,TRUE,TRUE,TRUE,TRUE,TRUE,1,NA,NA,NA,NA,60,40,Grade E,Grade E,Critical penalty burden,50,10
fluid,0.75,0.25,0.25,1,0.75,TRUE,TRUE,TRUE,TRUE,TRUE,TRUE,1,NA,NA,NA,NA,67.5,32.5,Grade E,Grade E,Critical penalty burden,50,17.5
fluid,1,0.25,0.25,1,0.75,TRUE,TRUE,TRUE,TRUE,TRUE,TRUE,1,NA,NA,NA,NA,75,25,Grade E,Grade E,Critical penalty burden,50,25
fluid,0,0.5,0.25,1,0.75,TRUE,TRUE,TRUE,TRUE,TRUE,TRUE,1,NA,NA,NA,NA,48.75,51.25,Grade D,Grade D,Score-based certification,50,1.25
fluid,0.25,0.5,0.25,1,0.75,TRUE,TRUE,TRUE,TRUE,TRUE,TRUE,1,NA,NA,NA,NA,56.25,43.75,Grade E,Grade E,Critical penalty burden,50,6.25
fluid,0.5,0.5,0.25,1,0.75,TRUE,TRUE,TRUE,TRUE,TRUE,TRUE,1,NA,NA,NA,NA,63.75,36.25,Grade E,Grade E,Critical penalty burden,50,13.75
fluid,0.75,0.5,0.25,1,0.75,TRUE,TRUE,TRUE,TRUE,TRUE,TRUE,1,NA,NA,NA,NA,71.25,28.75,Grade E,Grade E,Critical penalty burden,50,21.25
fluid,1,0.5,0.25,1,0.75,TRUE,TRUE,TRUE,TRUE,TRUE,TRUE,1,NA,NA,NA,NA,78.75,21.25,Grade E,Grade E,Critical penalty burden,50,28.75
fluid,0,0.75,0.25,1,0.75,TRUE,TRUE,TRUE,TRUE,TRUE,TRUE,1,NA,NA,NA,NA,52.5,47.5,Grade E,Grade E,Critical penalty burden,50,2.5
fluid,0.25,0.75,0.25,1,0.75,TRUE,TRUE,TRUE,TRUE,TRUE,TRUE,1,NA,NA,NA,NA,60,40,Grade E,Grade E,Critical penalty burden,50,10
fluid,0.5,0.75,0.25,1,0.75,TRUE,TRUE,TRUE,TRUE,TRUE,TRUE,1,NA,NA,NA,NA,67.5,32.5,Grade E,Grade E,Critical penalty burden,50,17.5
fluid,0.75,0.75,0.25,1,0.75,TRUE,TRUE,TRUE,TRUE,TRUE,TRUE,1,NA,NA,NA,NA,75,25,Grade E,Grade E,Critical penalty burden,50,25
fluid,1,0.75,0.25,1,0.75,TRUE,TRUE,TRUE,TRUE,TRUE,TRUE,1,NA,NA,NA,NA,82.5,17.5,Grade E,Grade E,Critical penalty burden,50,32.5
fluid,0,1,0.25,1,0.75,TRUE,TRUE,TRUE,TRUE,TRUE,TRUE,1,NA,NA,NA,NA,56.25,43.75,Grade E,Grade E,Critical penalty burden,50,6.25
fluid,0.25,1,0.25,1,0.75,TRUE,TRUE,TRUE,TRUE,TRUE,TRUE,1,NA,NA,NA,NA,63.75,36.25,Grade E,Grade E,Critical penalty burden,50,13.75
fluid,0.5,1,0.25,1,0.75,TRUE,TRUE,TRUE,TRUE,TRUE,TRUE,1,NA,NA,NA,NA,71.25,28.75,Grade E,Grade E,Critical penalty burden,50,21.25
fluid,0.75,1,0.25,1,0.75,TRUE,TRUE,TRUE,TRUE,TRUE,TRUE,1,NA,NA,NA,NA,78.75,21.25,Grade E,Grade E,Critical penalty burden,50,28.75
fluid,1,1,0.25,1,0.75,TRUE,TRUE,TRUE,TRUE,TRUE,TRUE,1,NA,NA,NA,NA,86.25,13.75,Grade E,Grade E,Critical penalty burden,50,36.25
fluid,0,0,0.5,1,0.75,TRUE,TRUE,TRUE,TRUE,TRUE,TRUE,1,NA,NA,NA,NA,43.75,56.25,Grade D,Grade D,Score-based certification,50,6.25
fluid,0.25,0,0.5,1,0.75,TRUE,TRUE,TRUE,TRUE,TRUE,TRUE,1,NA,NA,NA,NA,51.25,48.75,Grade E,Grade E,Critical penalty burden,50,1.25
fluid,0.5,0,0.5,1,0.75,TRUE,TRUE,TRUE,TRUE,TRUE,TRUE,1,NA,NA,NA,NA,58.75,41.25,Grade E,Grade E,Critical penalty burden,50,8.75
fluid,0.75,0,0.5,1,0.75,TRUE,TRUE,TRUE,TRUE,TRUE,TRUE,1,NA,NA,NA,NA,66.25,33.75,Grade E,Grade E,Critical penalty burden,50,16.25
fluid,1,0,0.5,1,0.75,TRUE,TRUE,TRUE,TRUE,TRUE,TRUE,1,NA,NA,NA,NA,73.75,26.25,Grade E,Grade E,Critical penalty burden,50,23.75
fluid,0,0.25,0.5,1,0.75,TRUE,TRUE,TRUE,TRUE,TRUE,TRUE,1,NA,NA,NA,NA,47.5,52.5,Grade D,Grade D,Score-based certification,50,2.5
fluid,0.25,0.25,0.5,1,0.75,TRUE,TRUE,TRUE,TRUE,TRUE,TRUE,1,NA,NA,NA,NA,55,45,Grade E,Grade E,Critical penalty burden,50,5
fluid,0.5,0.25,0.5,1,0.75,TRUE,TRUE,TRUE,TRUE,TRUE,TRUE,1,NA,NA,NA,NA,62.5,37.5,Grade E,Grade E,Critical penalty burden,50,12.5
fluid,0.75,0.25,0.5,1,0.75,TRUE,TRUE,TRUE,TRUE,TRUE,TRUE,1,NA,NA,NA,NA,70,30,Grade E,Grade E,Critical penalty burden,50,20
fluid,1,0.25,0.5,1,0.75,TRUE,TRUE,TRUE,TRUE,TRUE,TRUE,1,NA,NA,NA,NA,77.5,22.5,Grade E,Grade E,Critical penalty burden,50,27.5
fluid,0,0.5,0.5,1,0.75,TRUE,TRUE,TRUE,TRUE,TRUE,TRUE,1,NA,NA,NA,NA,51.25,48.75,Grade E,Grade E,Critical penalty burden,50,1.25
fluid,0.25,0.5,0.5,1,0.75,TRUE,TRUE,TRUE,TRUE,TRUE,TRUE,1,NA,NA,NA,NA,58.75,41.25,Grade E,Grade E,Critical penalty burden,50,8.75
fluid,0.5,0.5,0.5,1,0.75,TRUE,TRUE,TRUE,TRUE,TRUE,TRUE,1,NA,NA,NA,NA,66.25,33.75,Grade E,Grade E,Critical penalty burden,50,16.25
fluid,0.75,0.5,0.5,1,0.75,TRUE,TRUE,TRUE,TRUE,TRUE,TRUE,1,NA,NA,NA,NA,73.75,26.25,Grade E,Grade E,Critical penalty burden,50,23.75
fluid,1,0.5,0.5,1,0.75,TRUE,TRUE,TRUE,TRUE,TRUE,TRUE,1,NA,NA,NA,NA,81.25,18.75,Grade E,Grade E,Critical penalty burden,50,31.25
fluid,0,0.75,0.5,1,0.75,TRUE,TRUE,TRUE,TRUE,TRUE,TRUE,1,NA,NA,NA,NA,55,45,Grade E,Grade E,Critical penalty burden,50,5
fluid,0.25,0.75,0.5,1,0.75,TRUE,TRUE,TRUE,TRUE,TRUE,TRUE,1,NA,NA,NA,NA,62.5,37.5,Grade E,Grade E,Critical penalty burden,50,12.5
fluid,0.5,0.75,0.5,1,0.75,TRUE,TRUE,TRUE,TRUE,TRUE,TRUE,1,NA,NA,NA,NA,70,30,Grade E,Grade E,Critical penalty burden,50,20
fluid,0.75,0.75,0.5,1,0.75,TRUE,TRUE,TRUE,TRUE,TRUE,TRUE,1,NA,NA,NA,NA,77.5,22.5,Grade E,Grade E,Critical penalty burden,50,27.5
fluid,1,0.75,0.5,1,0.75,TRUE,TRUE,TRUE,TRUE,TRUE,TRUE,1,NA,NA,NA,NA,85,15,Grade E,Grade E,Critical penalty burden,50,35
fluid,0,1,0.5,1,0.75,TRUE,TRUE,TRUE,TRUE,TRUE,TRUE,1,NA,NA,NA,NA,58.75,41.25,Grade E,Grade E,Critical penalty burden,50,8.75
fluid,0.25,1,0.5,1,0.75,TRUE,TRUE,TRUE,TRUE,TRUE,TRUE,1,NA,NA,NA,NA,66.25,33.75,Grade E,Grade E,Critical penalty burden,50,16.25
fluid,0.5,1,0.5,1,0.75,TRUE,TRUE,TRUE,TRUE,TRUE,TRUE,1,NA,NA,NA,NA,73.75,26.25,Grade E,Grade E,Critical penalty burden,50,23.75
fluid,0.75,1,0.5,1,0.75,TRUE,TRUE,TRUE,TRUE,TRUE,TRUE,1,NA,NA,NA,NA,81.25,18.75,Grade E,Grade E,Critical penalty burden,50,31.25
fluid,1,1,0.5,1,0.75,TRUE,TRUE,TRUE,TRUE,TRUE,TRUE,1,NA,NA,NA,NA,88.75,11.25,Grade E,Grade E,Critical penalty burden,50,38.75
fluid,0,0,0.75,1,0.75,TRUE,TRUE,TRUE,TRUE,TRUE,TRUE,1,NA,NA,NA,NA,46.25,53.75,Grade D,Grade D,Score-based certification,50,3.75
fluid,0.25,0,0.75,1,0.75,TRUE,TRUE,TRUE,TRUE,TRUE,TRUE,1,NA,NA,NA,NA,53.75,46.25,Grade E,Grade E,Critical penalty burden,50,3.75
fluid,0.5,0,0.75,1,0.75,TRUE,TRUE,TRUE,TRUE,TRUE,TRUE,1,NA,NA,NA,NA,61.25,38.75,Grade E,Grade E,Critical penalty burden,50,11.25
fluid,0.75,0,0.75,1,0.75,TRUE,TRUE,TRUE,TRUE,TRUE,TRUE,1,NA,NA,NA,NA,68.75,31.25,Grade E,Grade E,Critical penalty burden,50,18.75
fluid,1,0,0.75,1,0.75,TRUE,TRUE,TRUE,TRUE,TRUE,TRUE,1,NA,NA,NA,NA,76.25,23.75,Grade E,Grade E,Critical penalty burden,50,26.25
fluid,0,0.25,0.75,1,0.75,TRUE,TRUE,TRUE,TRUE,TRUE,TRUE,1,NA,NA,NA,NA,50,50,Grade D,Grade D,Score-based certification,50,0
fluid,0.25,0.25,0.75,1,0.75,TRUE,TRUE,TRUE,TRUE,TRUE,TRUE,1,NA,NA,NA,NA,57.5,42.5,Grade E,Grade E,Critical penalty burden,50,7.5
fluid,0.5,0.25,0.75,1,0.75,TRUE,TRUE,TRUE,TRUE,TRUE,TRUE,1,NA,NA,NA,NA,65,35,Grade E,Grade E,Critical penalty burden,50,15
fluid,0.75,0.25,0.75,1,0.75,TRUE,TRUE,TRUE,TRUE,TRUE,TRUE,1,NA,NA,NA,NA,72.5,27.5,Grade E,Grade E,Critical penalty burden,50,22.5
fluid,1,0.25,0.75,1,0.75,TRUE,TRUE,TRUE,TRUE,TRUE,TRUE,1,NA,NA,NA,NA,80,20,Grade E,Grade E,Critical penalty burden,50,30
fluid,0,0.5,0.75,1,0.75,TRUE,TRUE,TRUE,TRUE,TRUE,TRUE,1,NA,NA,NA,NA,53.75,46.25,Grade E,Grade E,Critical penalty burden,50,3.75
fluid,0.25,0.5,0.75,1,0.75,TRUE,TRUE,TRUE,TRUE,TRUE,TRUE,1,NA,NA,NA,NA,61.25,38.75,Grade E,Grade E,Critical penalty burden,50,11.25
fluid,0.5,0.5,0.75,1,0.75,TRUE,TRUE,TRUE,TRUE,TRUE,TRUE,1,NA,NA,NA,NA,68.75,31.25,Grade E,Grade E,Critical penalty burden,50,18.75
fluid,0.75,0.5,0.75,1,0.75,TRUE,TRUE,TRUE,TRUE,TRUE,TRUE,1,NA,NA,NA,NA,76.25,23.75,Grade E,Grade E,Critical penalty burden,50,26.25
fluid,1,0.5,0.75,1,0.75,TRUE,TRUE,TRUE,TRUE,TRUE,TRUE,1,NA,NA,NA,NA,83.75,16.25,Grade E,Grade E,Critical penalty burden,50,33.75
fluid,0,0.75,0.75,1,0.75,TRUE,TRUE,TRUE,TRUE,TRUE,TRUE,1,NA,NA,NA,NA,57.5,42.5,Grade E,Grade E,Critical penalty burden,50,7.5
fluid,0.25,0.75,0.75,1,0.75,TRUE,TRUE,TRUE,TRUE,TRUE,TRUE,1,NA,NA,NA,NA,65,35,Grade E,Grade E,Critical penalty burden,50,15
fluid,0.5,0.75,0.75,1,0.75,TRUE,TRUE,TRUE,TRUE,TRUE,TRUE,1,NA,NA,NA,NA,72.5,27.5,Grade E,Grade E,Critical penalty burden,50,22.5
fluid,0.75,0.75,0.75,1,0.75,TRUE,TRUE,TRUE,TRUE,TRUE,TRUE,1,NA,NA,NA,NA,80,20,Grade E,Grade E,Critical penalty burden,50,30
fluid,1,0.75,0.75,1,0.75,TRUE,TRUE,TRUE,TRUE,TRUE,TRUE,1,NA,NA,NA,NA,87.5,12.5,Grade E,Grade E,Critical penalty burden,50,37.5
fluid,0,1,0.75,1,0.75,TRUE,TRUE,TRUE,TRUE,TRUE,TRUE,1,NA,NA,NA,NA,61.25,38.75,Grade E,Grade E,Critical penalty burden,50,11.25
fluid,0.25,1,0.75,1,0.75,TRUE,TRUE,TRUE,TRUE,TRUE,TRUE,1,NA,NA,NA,NA,68.75,31.25,Grade E,Grade E,Critical penalty burden,50,18.75
fluid,0.5,1,0.75,1,0.75,TRUE,TRUE,TRUE,TRUE,TRUE,TRUE,1,NA,NA,NA,NA,76.25,23.75,Grade E,Grade E,Critical penalty burden,50,26.25
fluid,0.75,1,0.75,1,0.75,TRUE,TRUE,TRUE,TRUE,TRUE,TRUE,1,NA,NA,NA,NA,83.75,16.25,Grade E,Grade E,Critical penalty burden,50,33.75
fluid,1,1,0.75,1,0.75,TRUE,TRUE,TRUE,TRUE,TRUE,TRUE,1,NA,NA,NA,NA,91.25,8.75,Grade E,Grade E,Critical penalty burden,50,41.25
fluid,0,0,1,1,0.75,TRUE,TRUE,TRUE,TRUE,TRUE,TRUE,1,NA,NA,NA,NA,48.75,51.25,Grade D,Grade D,Score-based certification,50,1.25
fluid,0.25,0,1,1,0.75,TRUE,TRUE,TRUE,TRUE,TRUE,TRUE,1,NA,NA,NA,NA,56.25,43.75,Grade E,Grade E,Critical penalty burden,50,6.25
fluid,0.5,0,1,1,0.75,TRUE,TRUE,TRUE,TRUE,TRUE,TRUE,1,NA,NA,NA,NA,63.75,36.25,Grade E,Grade E,Critical penalty burden,50,13.75
fluid,0.75,0,1,1,0.75,TRUE,TRUE,TRUE,TRUE,TRUE,TRUE,1,NA,NA,NA,NA,71.25,28.75,Grade E,Grade E,Critical penalty burden,50,21.25
fluid,1,0,1,1,0.75,TRUE,TRUE,TRUE,TRUE,TRUE,TRUE,1,NA,NA,NA,NA,78.75,21.25,Grade E,Grade E,Critical penalty burden,50,28.75
fluid,0,0.25,1,1,0.75,TRUE,TRUE,TRUE,TRUE,TRUE,TRUE,1,NA,NA,NA,NA,52.5,47.5,Grade E,Grade E,Critical penalty burden,50,2.5
fluid,0.25,0.25,1,1,0.75,TRUE,TRUE,TRUE,TRUE,TRUE,TRUE,1,NA,NA,NA,NA,60,40,Grade E,Grade E,Critical penalty burden,50,10
fluid,0.5,0.25,1,1,0.75,TRUE,TRUE,TRUE,TRUE,TRUE,TRUE,1,NA,NA,NA,NA,67.5,32.5,Grade E,Grade E,Critical penalty burden,50,17.5
fluid,0.75,0.25,1,1,0.75,TRUE,TRUE,TRUE,TRUE,TRUE,TRUE,1,NA,NA,NA,NA,75,25,Grade E,Grade E,Critical penalty burden,50,25
fluid,1,0.25,1,1,0.75,TRUE,TRUE,TRUE,TRUE,TRUE,TRUE,1,NA,NA,NA,NA,82.5,17.5,Grade E,Grade E,Critical penalty burden,50,32.5
fluid,0,0.5,1,1,0.75,TRUE,TRUE,TRUE,TRUE,TRUE,TRUE,1,NA,NA,NA,NA,56.25,43.75,Grade E,Grade E,Critical penalty burden,50,6.25
fluid,0.25,0.5,1,1,0.75,TRUE,TRUE,TRUE,TRUE,TRUE,TRUE,1,NA,NA,NA,NA,63.75,36.25,Grade E,Grade E,Critical penalty burden,50,13.75
fluid,0.5,0.5,1,1,0.75,TRUE,TRUE,TRUE,TRUE,TRUE,TRUE,1,NA,NA,NA,NA,71.25,28.75,Grade E,Grade E,Critical penalty burden,50,21.25
fluid,0.75,0.5,1,1,0.75,TRUE,TRUE,TRUE,TRUE,TRUE,TRUE,1,NA,NA,NA,NA,78.75,21.25,Grade E,Grade E,Critical penalty burden,50,28.75
fluid,1,0.5,1,1,0.75,TRUE,TRUE,TRUE,TRUE,TRUE,TRUE,1,NA,NA,NA,NA,86.25,13.75,Grade E,Grade E,Critical penalty burden,50,36.25
fluid,0,0.75,1,1,0.75,TRUE,TRUE,TRUE,TRUE,TRUE,TRUE,1,NA,NA,NA,NA,60,40,Grade E,Grade E,Critical penalty burden,50,10
fluid,0.25,0.75,1,1,0.75,TRUE,TRUE,TRUE,TRUE,TRUE,TRUE,1,NA,NA,NA,NA,67.5,32.5,Grade E,Grade E,Critical penalty burden,50,17.5
fluid,0.5,0.75,1,1,0.75,TRUE,TRUE,TRUE,TRUE,TRUE,TRUE,1,NA,NA,NA,NA,75,25,Grade E,Grade E,Critical penalty burden,50,25
fluid,0.75,0.75,1,1,0.75,TRUE,TRUE,TRUE,TRUE,TRUE,TRUE,1,NA,NA,NA,NA,82.5,17.5,Grade E,Grade E,Critical penalty burden,50,32.5
fluid,1,0.75,1,1,0.75,TRUE,TRUE,TRUE,TRUE,TRUE,TRUE,1,NA,NA,NA,NA,90,10,Grade E,Grade E,Critical penalty burden,50,40
fluid,0,1,1,1,0.75,TRUE,TRUE,TRUE,TRUE,TRUE,TRUE,1,NA,NA,NA,NA,63.75,36.25,Grade E,Grade E,Critical penalty burden,50,13.75
fluid,0.25,1,1,1,0.75,TRUE,TRUE,TRUE,TRUE,TRUE,TRUE,1,NA,NA,NA,NA,71.25,28.75,Grade E,Grade E,Critical penalty burden,50,21.25
fluid,0.5,1,1,1,0.75,TRUE,TRUE,TRUE,TRUE,TRUE,TRUE,1,NA,NA,NA,NA,78.75,21.25,Grade E,Grade E,Critical penalty burden,50,28.75
fluid,0.75,1,1,1,0.75,TRUE,TRUE,TRUE,TRUE,TRUE,TRUE,1,NA,NA,NA,NA,86.25,13.75,Grade E,Grade E,Critical penalty burden,50,36.25
fluid,1,1,1,1,0.75,TRUE,TRUE,TRUE,TRUE,TRUE,TRUE,1,NA,NA,NA,NA,93.75,6.25,Grade E,Grade E,Critical penalty burden,50,43.75
fluid,0,0,0,0,1,TRUE,TRUE,TRUE,TRUE,TRUE,TRUE,1,NA,NA,NA,NA,25,75,Grade C,Grade C,Score-based certification,20,5
fluid,0.25,0,0,0,1,TRUE,TRUE,TRUE,TRUE,TRUE,TRUE,1,NA,NA,NA,NA,32.5,67.5,Grade C,Grade C,Score-based certification,35,2.5
fluid,0.5,0,0,0,1,TRUE,TRUE,TRUE,TRUE,TRUE,TRUE,1,NA,NA,NA,NA,40,60,Grade D,Grade D,Score-based certification,35,5
fluid,0.75,0,0,0,1,TRUE,TRUE,TRUE,TRUE,TRUE,TRUE,1,NA,NA,NA,NA,47.5,52.5,Grade D,Grade D,Score-based certification,50,2.5
fluid,1,0,0,0,1,TRUE,TRUE,TRUE,TRUE,TRUE,TRUE,1,NA,NA,NA,NA,55,45,Grade E,Grade E,Critical penalty burden,50,5
fluid,0,0.25,0,0,1,TRUE,TRUE,TRUE,TRUE,TRUE,TRUE,1,NA,NA,NA,NA,28.75,71.25,Grade C,Grade C,Score-based certification,35,6.25
fluid,0.25,0.25,0,0,1,TRUE,TRUE,TRUE,TRUE,TRUE,TRUE,1,NA,NA,NA,NA,36.25,63.75,Grade D,Grade D,Score-based certification,35,1.25
fluid,0.5,0.25,0,0,1,TRUE,TRUE,TRUE,TRUE,TRUE,TRUE,1,NA,NA,NA,NA,43.75,56.25,Grade D,Grade D,Score-based certification,50,6.25
fluid,0.75,0.25,0,0,1,TRUE,TRUE,TRUE,TRUE,TRUE,TRUE,1,NA,NA,NA,NA,51.25,48.75,Grade E,Grade E,Critical penalty burden,50,1.25
fluid,1,0.25,0,0,1,TRUE,TRUE,TRUE,TRUE,TRUE,TRUE,1,NA,NA,NA,NA,58.75,41.25,Grade E,Grade E,Critical penalty burden,50,8.75
fluid,0,0.5,0,0,1,TRUE,TRUE,TRUE,TRUE,TRUE,TRUE,1,NA,NA,NA,NA,32.5,67.5,Grade C,Grade C,Score-based certification,35,2.5
fluid,0.25,0.5,0,0,1,TRUE,TRUE,TRUE,TRUE,TRUE,TRUE,1,NA,NA,NA,NA,40,60,Grade D,Grade D,Score-based certification,35,5
fluid,0.5,0.5,0,0,1,TRUE,TRUE,TRUE,TRUE,TRUE,TRUE,1,NA,NA,NA,NA,47.5,52.5,Grade D,Grade D,Score-based certification,50,2.5
fluid,0.75,0.5,0,0,1,TRUE,TRUE,TRUE,TRUE,TRUE,TRUE,1,NA,NA,NA,NA,55,45,Grade E,Grade E,Critical penalty burden,50,5
fluid,1,0.5,0,0,1,TRUE,TRUE,TRUE,TRUE,TRUE,TRUE,1,NA,NA,NA,NA,62.5,37.5,Grade E,Grade E,Critical penalty burden,50,12.5
fluid,0,0.75,0,0,1,TRUE,TRUE,TRUE,TRUE,TRUE,TRUE,1,NA,NA,NA,NA,36.25,63.75,Grade D,Grade D,Score-based certification,35,1.25
fluid,0.25,0.75,0,0,1,TRUE,TRUE,TRUE,TRUE,TRUE,TRUE,1,NA,NA,NA,NA,43.75,56.25,Grade D,Grade D,Score-based certification,50,6.25
fluid,0.5,0.75,0,0,1,TRUE,TRUE,TRUE,TRUE,TRUE,TRUE,1,NA,NA,NA,NA,51.25,48.75,Grade E,Grade E,Critical penalty burden,50,1.25
fluid,0.75,0.75,0,0,1,TRUE,TRUE,TRUE,TRUE,TRUE,TRUE,1,NA,NA,NA,NA,58.75,41.25,Grade E,Grade E,Critical penalty burden,50,8.75
fluid,1,0.75,0,0,1,TRUE,TRUE,TRUE,TRUE,TRUE,TRUE,1,NA,NA,NA,NA,66.25,33.75,Grade E,Grade E,Critical penalty burden,50,16.25
fluid,0,1,0,0,1,TRUE,TRUE,TRUE,TRUE,TRUE,TRUE,1,NA,NA,NA,NA,40,60,Grade D,Grade D,Score-based certification,35,5
fluid,0.25,1,0,0,1,TRUE,TRUE,TRUE,TRUE,TRUE,TRUE,1,NA,NA,NA,NA,47.5,52.5,Grade D,Grade D,Score-based certification,50,2.5
fluid,0.5,1,0,0,1,TRUE,TRUE,TRUE,TRUE,TRUE,TRUE,1,NA,NA,NA,NA,55,45,Grade E,Grade E,Critical penalty burden,50,5
fluid,0.75,1,0,0,1,TRUE,TRUE,TRUE,TRUE,TRUE,TRUE,1,NA,NA,NA,NA,62.5,37.5,Grade E,Grade E,Critical penalty burden,50,12.5
fluid,1,1,0,0,1,TRUE,TRUE,TRUE,TRUE,TRUE,TRUE,1,NA,NA,NA,NA,70,30,Grade E,Grade E,Critical penalty burden,50,20
fluid,0,0,0.25,0,1,TRUE,TRUE,TRUE,TRUE,TRUE,TRUE,1,NA,NA,NA,NA,27.5,72.5,Grade C,Grade C,Score-based certification,20,7.5
fluid,0.25,0,0.25,0,1,TRUE,TRUE,TRUE,TRUE,TRUE,TRUE,1,NA,NA,NA,NA,35,65,Grade C,Grade C,Score-based certification,35,0
fluid,0.5,0,0.25,0,1,TRUE,TRUE,TRUE,TRUE,TRUE,TRUE,1,NA,NA,NA,NA,42.5,57.5,Grade D,Grade D,Score-based certification,35,7.5
fluid,0.75,0,0.25,0,1,TRUE,TRUE,TRUE,TRUE,TRUE,TRUE,1,NA,NA,NA,NA,50,50,Grade D,Grade D,Score-based certification,50,0
fluid,1,0,0.25,0,1,TRUE,TRUE,TRUE,TRUE,TRUE,TRUE,1,NA,NA,NA,NA,57.5,42.5,Grade E,Grade E,Critical penalty burden,50,7.5
fluid,0,0.25,0.25,0,1,TRUE,TRUE,TRUE,TRUE,TRUE,TRUE,1,NA,NA,NA,NA,31.25,68.75,Grade C,Grade C,Score-based certification,35,3.75
fluid,0.25,0.25,0.25,0,1,TRUE,TRUE,TRUE,TRUE,TRUE,TRUE,1,NA,NA,NA,NA,38.75,61.25,Grade D,Grade D,Score-based certification,35,3.75
fluid,0.5,0.25,0.25,0,1,TRUE,TRUE,TRUE,TRUE,TRUE,TRUE,1,NA,NA,NA,NA,46.25,53.75,Grade D,Grade D,Score-based certification,50,3.75
fluid,0.75,0.25,0.25,0,1,TRUE,TRUE,TRUE,TRUE,TRUE,TRUE,1,NA,NA,NA,NA,53.75,46.25,Grade E,Grade E,Critical penalty burden,50,3.75
fluid,1,0.25,0.25,0,1,TRUE,TRUE,TRUE,TRUE,TRUE,TRUE,1,NA,NA,NA,NA,61.25,38.75,Grade E,Grade E,Critical penalty burden,50,11.25
fluid,0,0.5,0.25,0,1,TRUE,TRUE,TRUE,TRUE,TRUE,TRUE,1,NA,NA,NA,NA,35,65,Grade C,Grade C,Score-based certification,35,0
fluid,0.25,0.5,0.25,0,1,TRUE,TRUE,TRUE,TRUE,TRUE,TRUE,1,NA,NA,NA,NA,42.5,57.5,Grade D,Grade D,Score-based certification,35,7.5
fluid,0.5,0.5,0.25,0,1,TRUE,TRUE,TRUE,TRUE,TRUE,TRUE,1,NA,NA,NA,NA,50,50,Grade D,Grade D,Score-based certification,50,0
fluid,0.75,0.5,0.25,0,1,TRUE,TRUE,TRUE,TRUE,TRUE,TRUE,1,NA,NA,NA,NA,57.5,42.5,Grade E,Grade E,Critical penalty burden,50,7.5
fluid,1,0.5,0.25,0,1,TRUE,TRUE,TRUE,TRUE,TRUE,TRUE,1,NA,NA,NA,NA,65,35,Grade E,Grade E,Critical penalty burden,50,15
fluid,0,0.75,0.25,0,1,TRUE,TRUE,TRUE,TRUE,TRUE,TRUE,1,NA,NA,NA,NA,38.75,61.25,Grade D,Grade D,Score-based certification,35,3.75
fluid,0.25,0.75,0.25,0,1,TRUE,TRUE,TRUE,TRUE,TRUE,TRUE,1,NA,NA,NA,NA,46.25,53.75,Grade D,Grade D,Score-based certification,50,3.75
fluid,0.5,0.75,0.25,0,1,TRUE,TRUE,TRUE,TRUE,TRUE,TRUE,1,NA,NA,NA,NA,53.75,46.25,Grade E,Grade E,Critical penalty burden,50,3.75
fluid,0.75,0.75,0.25,0,1,TRUE,TRUE,TRUE,TRUE,TRUE,TRUE,1,NA,NA,NA,NA,61.25,38.75,Grade E,Grade E,Critical penalty burden,50,11.25
fluid,1,0.75,0.25,0,1,TRUE,TRUE,TRUE,TRUE,TRUE,TRUE,1,NA,NA,NA,NA,68.75,31.25,Grade E,Grade E,Critical penalty burden,50,18.75
fluid,0,1,0.25,0,1,TRUE,TRUE,TRUE,TRUE,TRUE,TRUE,1,NA,NA,NA,NA,42.5,57.5,Grade D,Grade D,Score-based certification,35,7.5
fluid,0.25,1,0.25,0,1,TRUE,TRUE,TRUE,TRUE,TRUE,TRUE,1,NA,NA,NA,NA,50,50,Grade D,Grade D,Score-based certification,50,0
fluid,0.5,1,0.25,0,1,TRUE,TRUE,TRUE,TRUE,TRUE,TRUE,1,NA,NA,NA,NA,57.5,42.5,Grade E,Grade E,Critical penalty burden,50,7.5
fluid,0.75,1,0.25,0,1,TRUE,TRUE,TRUE,TRUE,TRUE,TRUE,1,NA,NA,NA,NA,65,35,Grade E,Grade E,Critical penalty burden,50,15
fluid,1,1,0.25,0,1,TRUE,TRUE,TRUE,TRUE,TRUE,TRUE,1,NA,NA,NA,NA,72.5,27.5,Grade E,Grade E,Critical penalty burden,50,22.5
fluid,0,0,0.5,0,1,TRUE,TRUE,TRUE,TRUE,TRUE,TRUE,1,NA,NA,NA,NA,30,70,Grade C,Grade C,Score-based certification,35,5
fluid,0.25,0,0.5,0,1,TRUE,TRUE,TRUE,TRUE,TRUE,TRUE,1,NA,NA,NA,NA,37.5,62.5,Grade D,Grade D,Score-based certification,35,2.5
fluid,0.5,0,0.5,0,1,TRUE,TRUE,TRUE,TRUE,TRUE,TRUE,1,NA,NA,NA,NA,45,55,Grade D,Grade D,Score-based certification,50,5
fluid,0.75,0,0.5,0,1,TRUE,TRUE,TRUE,TRUE,TRUE,TRUE,1,NA,NA,NA,NA,52.5,47.5,Grade E,Grade E,Critical penalty burden,50,2.5
fluid,1,0,0.5,0,1,TRUE,TRUE,TRUE,TRUE,TRUE,TRUE,1,NA,NA,NA,NA,60,40,Grade E,Grade E,Critical penalty burden,50,10
fluid,0,0.25,0.5,0,1,TRUE,TRUE,TRUE,TRUE,TRUE,TRUE,1,NA,NA,NA,NA,33.75,66.25,Grade C,Grade C,Score-based certification,35,1.25
fluid,0.25,0.25,0.5,0,1,TRUE,TRUE,TRUE,TRUE,TRUE,TRUE,1,NA,NA,NA,NA,41.25,58.75,Grade D,Grade D,Score-based certification,35,6.25
fluid,0.5,0.25,0.5,0,1,TRUE,TRUE,TRUE,TRUE,TRUE,TRUE,1,NA,NA,NA,NA,48.75,51.25,Grade D,Grade D,Score-based certification,50,1.25
fluid,0.75,0.25,0.5,0,1,TRUE,TRUE,TRUE,TRUE,TRUE,TRUE,1,NA,NA,NA,NA,56.25,43.75,Grade E,Grade E,Critical penalty burden,50,6.25
fluid,1,0.25,0.5,0,1,TRUE,TRUE,TRUE,TRUE,TRUE,TRUE,1,NA,NA,NA,NA,63.75,36.25,Grade E,Grade E,Critical penalty burden,50,13.75
fluid,0,0.5,0.5,0,1,TRUE,TRUE,TRUE,TRUE,TRUE,TRUE,1,NA,NA,NA,NA,37.5,62.5,Grade D,Grade D,Score-based certification,35,2.5
fluid,0.25,0.5,0.5,0,1,TRUE,TRUE,TRUE,TRUE,TRUE,TRUE,1,NA,NA,NA,NA,45,55,Grade D,Grade D,Score-based certification,50,5
fluid,0.5,0.5,0.5,0,1,TRUE,TRUE,TRUE,TRUE,TRUE,TRUE,1,NA,NA,NA,NA,52.5,47.5,Grade E,Grade E,Critical penalty burden,50,2.5
fluid,0.75,0.5,0.5,0,1,TRUE,TRUE,TRUE,TRUE,TRUE,TRUE,1,NA,NA,NA,NA,60,40,Grade E,Grade E,Critical penalty burden,50,10
fluid,1,0.5,0.5,0,1,TRUE,TRUE,TRUE,TRUE,TRUE,TRUE,1,NA,NA,NA,NA,67.5,32.5,Grade E,Grade E,Critical penalty burden,50,17.5
fluid,0,0.75,0.5,0,1,TRUE,TRUE,TRUE,TRUE,TRUE,TRUE,1,NA,NA,NA,NA,41.25,58.75,Grade D,Grade D,Score-based certification,35,6.25
fluid,0.25,0.75,0.5,0,1,TRUE,TRUE,TRUE,TRUE,TRUE,TRUE,1,NA,NA,NA,NA,48.75,51.25,Grade D,Grade D,Score-based certification,50,1.25
fluid,0.5,0.75,0.5,0,1,TRUE,TRUE,TRUE,TRUE,TRUE,TRUE,1,NA,NA,NA,NA,56.25,43.75,Grade E,Grade E,Critical penalty burden,50,6.25
fluid,0.75,0.75,0.5,0,1,TRUE,TRUE,TRUE,TRUE,TRUE,TRUE,1,NA,NA,NA,NA,63.75,36.25,Grade E,Grade E,Critical penalty burden,50,13.75
fluid,1,0.75,0.5,0,1,TRUE,TRUE,TRUE,TRUE,TRUE,TRUE,1,NA,NA,NA,NA,71.25,28.75,Grade E,Grade E,Critical penalty burden,50,21.25
fluid,0,1,0.5,0,1,TRUE,TRUE,TRUE,TRUE,TRUE,TRUE,1,NA,NA,NA,NA,45,55,Grade D,Grade D,Score-based certification,50,5
fluid,0.25,1,0.5,0,1,TRUE,TRUE,TRUE,TRUE,TRUE,TRUE,1,NA,NA,NA,NA,52.5,47.5,Grade E,Grade E,Critical penalty burden,50,2.5
fluid,0.5,1,0.5,0,1,TRUE,TRUE,TRUE,TRUE,TRUE,TRUE,1,NA,NA,NA,NA,60,40,Grade E,Grade E,Critical penalty burden,50,10
fluid,0.75,1,0.5,0,1,TRUE,TRUE,TRUE,TRUE,TRUE,TRUE,1,NA,NA,NA,NA,67.5,32.5,Grade E,Grade E,Critical penalty burden,50,17.5
fluid,1,1,0.5,0,1,TRUE,TRUE,TRUE,TRUE,TRUE,TRUE,1,NA,NA,NA,NA,75,25,Grade E,Grade E,Critical penalty burden,50,25
fluid,0,0,0.75,0,1,TRUE,TRUE,TRUE,TRUE,TRUE,TRUE,1,NA,NA,NA,NA,32.5,67.5,Grade C,Grade C,Score-based certification,35,2.5
fluid,0.25,0,0.75,0,1,TRUE,TRUE,TRUE,TRUE,TRUE,TRUE,1,NA,NA,NA,NA,40,60,Grade D,Grade D,Score-based certification,35,5
fluid,0.5,0,0.75,0,1,TRUE,TRUE,TRUE,TRUE,TRUE,TRUE,1,NA,NA,NA,NA,47.5,52.5,Grade D,Grade D,Score-based certification,50,2.5
fluid,0.75,0,0.75,0,1,TRUE,TRUE,TRUE,TRUE,TRUE,TRUE,1,NA,NA,NA,NA,55,45,Grade E,Grade E,Critical penalty burden,50,5
fluid,1,0,0.75,0,1,TRUE,TRUE,TRUE,TRUE,TRUE,TRUE,1,NA,NA,NA,NA,62.5,37.5,Grade E,Grade E,Critical penalty burden,50,12.5
fluid,0,0.25,0.75,0,1,TRUE,TRUE,TRUE,TRUE,TRUE,TRUE,1,NA,NA,NA,NA,36.25,63.75,Grade D,Grade D,Score-based certification,35,1.25
fluid,0.25,0.25,0.75,0,1,TRUE,TRUE,TRUE,TRUE,TRUE,TRUE,1,NA,NA,NA,NA,43.75,56.25,Grade D,Grade D,Score-based certification,50,6.25
fluid,0.5,0.25,0.75,0,1,TRUE,TRUE,TRUE,TRUE,TRUE,TRUE,1,NA,NA,NA,NA,51.25,48.75,Grade E,Grade E,Critical penalty burden,50,1.25
fluid,0.75,0.25,0.75,0,1,TRUE,TRUE,TRUE,TRUE,TRUE,TRUE,1,NA,NA,NA,NA,58.75,41.25,Grade E,Grade E,Critical penalty burden,50,8.75
fluid,1,0.25,0.75,0,1,TRUE,TRUE,TRUE,TRUE,TRUE,TRUE,1,NA,NA,NA,NA,66.25,33.75,Grade E,Grade E,Critical penalty burden,50,16.25
fluid,0,0.5,0.75,0,1,TRUE,TRUE,TRUE,TRUE,TRUE,TRUE,1,NA,NA,NA,NA,40,60,Grade D,Grade D,Score-based certification,35,5
fluid,0.25,0.5,0.75,0,1,TRUE,TRUE,TRUE,TRUE,TRUE,TRUE,1,NA,NA,NA,NA,47.5,52.5,Grade D,Grade D,Score-based certification,50,2.5
fluid,0.5,0.5,0.75,0,1,TRUE,TRUE,TRUE,TRUE,TRUE,TRUE,1,NA,NA,NA,NA,55,45,Grade E,Grade E,Critical penalty burden,50,5
fluid,0.75,0.5,0.75,0,1,TRUE,TRUE,TRUE,TRUE,TRUE,TRUE,1,NA,NA,NA,NA,62.5,37.5,Grade E,Grade E,Critical penalty burden,50,12.5
fluid,1,0.5,0.75,0,1,TRUE,TRUE,TRUE,TRUE,TRUE,TRUE,1,NA,NA,NA,NA,70,30,Grade E,Grade E,Critical penalty burden,50,20
fluid,0,0.75,0.75,0,1,TRUE,TRUE,TRUE,TRUE,TRUE,TRUE,1,NA,NA,NA,NA,43.75,56.25,Grade D,Grade D,Score-based certification,50,6.25
fluid,0.25,0.75,0.75,0,1,TRUE,TRUE,TRUE,TRUE,TRUE,TRUE,1,NA,NA,NA,NA,51.25,48.75,Grade E,Grade E,Critical penalty burden,50,1.25
fluid,0.5,0.75,0.75,0,1,TRUE,TRUE,TRUE,TRUE,TRUE,TRUE,1,NA,NA,NA,NA,58.75,41.25,Grade E,Grade E,Critical penalty burden,50,8.75
fluid,0.75,0.75,0.75,0,1,TRUE,TRUE,TRUE,TRUE,TRUE,TRUE,1,NA,NA,NA,NA,66.25,33.75,Grade E,Grade E,Critical penalty burden,50,16.25
fluid,1,0.75,0.75,0,1,TRUE,TRUE,TRUE,TRUE,TRUE,TRUE,1,NA,NA,NA,NA,73.75,26.25,Grade E,Grade E,Critical penalty burden,50,23.75
fluid,0,1,0.75,0,1,TRUE,TRUE,TRUE,TRUE,TRUE,TRUE,1,NA,NA,NA,NA,47.5,52.5,Grade D,Grade D,Score-based certification,50,2.5
fluid,0.25,1,0.75,0,1,TRUE,TRUE,TRUE,TRUE,TRUE,TRUE,1,NA,NA,NA,NA,55,45,Grade E,Grade E,Critical penalty burden,50,5
fluid,0.5,1,0.75,0,1,TRUE,TRUE,TRUE,TRUE,TRUE,TRUE,1,NA,NA,NA,NA,62.5,37.5,Grade E,Grade E,Critical penalty burden,50,12.5
fluid,0.75,1,0.75,0,1,TRUE,TRUE,TRUE,TRUE,TRUE,TRUE,1,NA,NA,NA,NA,70,30,Grade E,Grade E,Critical penalty burden,50,20
fluid,1,1,0.75,0,1,TRUE,TRUE,TRUE,TRUE,TRUE,TRUE,1,NA,NA,NA,NA,77.5,22.5,Grade E,Grade E,Critical penalty burden,50,27.5
fluid,0,0,1,0,1,TRUE,TRUE,TRUE,TRUE,TRUE,TRUE,1,NA,NA,NA,NA,35,65,Grade C,Grade C,Score-based certification,35,0
fluid,0.25,0,1,0,1,TRUE,TRUE,TRUE,TRUE,TRUE,TRUE,1,NA,NA,NA,NA,42.5,57.5,Grade D,Grade D,Score-based certification,35,7.5
fluid,0.5,0,1,0,1,TRUE,TRUE,TRUE,TRUE,TRUE,TRUE,1,NA,NA,NA,NA,50,50,Grade D,Grade D,Score-based certification,50,0
fluid,0.75,0,1,0,1,TRUE,TRUE,TRUE,TRUE,TRUE,TRUE,1,NA,NA,NA,NA,57.5,42.5,Grade E,Grade E,Critical penalty burden,50,7.5
fluid,1,0,1,0,1,TRUE,TRUE,TRUE,TRUE,TRUE,TRUE,1,NA,NA,NA,NA,65,35,Grade E,Grade E,Critical penalty burden,50,15
fluid,0,0.25,1,0,1,TRUE,TRUE,TRUE,TRUE,TRUE,TRUE,1,NA,NA,NA,NA,38.75,61.25,Grade D,Grade D,Score-based certification,35,3.75
fluid,0.25,0.25,1,0,1,TRUE,TRUE,TRUE,TRUE,TRUE,TRUE,1,NA,NA,NA,NA,46.25,53.75,Grade D,Grade D,Score-based certification,50,3.75
fluid,0.5,0.25,1,0,1,TRUE,TRUE,TRUE,TRUE,TRUE,TRUE,1,NA,NA,NA,NA,53.75,46.25,Grade E,Grade E,Critical penalty burden,50,3.75
fluid,0.75,0.25,1,0,1,TRUE,TRUE,TRUE,TRUE,TRUE,TRUE,1,NA,NA,NA,NA,61.25,38.75,Grade E,Grade E,Critical penalty burden,50,11.25
fluid,1,0.25,1,0,1,TRUE,TRUE,TRUE,TRUE,TRUE,TRUE,1,NA,NA,NA,NA,68.75,31.25,Grade E,Grade E,Critical penalty burden,50,18.75
fluid,0,0.5,1,0,1,TRUE,TRUE,TRUE,TRUE,TRUE,TRUE,1,NA,NA,NA,NA,42.5,57.5,Grade D,Grade D,Score-based certification,35,7.5
fluid,0.25,0.5,1,0,1,TRUE,TRUE,TRUE,TRUE,TRUE,TRUE,1,NA,NA,NA,NA,50,50,Grade D,Grade D,Score-based certification,50,0
fluid,0.5,0.5,1,0,1,TRUE,TRUE,TRUE,TRUE,TRUE,TRUE,1,NA,NA,NA,NA,57.5,42.5,Grade E,Grade E,Critical penalty burden,50,7.5
fluid,0.75,0.5,1,0,1,TRUE,TRUE,TRUE,TRUE,TRUE,TRUE,1,NA,NA,NA,NA,65,35,Grade E,Grade E,Critical penalty burden,50,15
fluid,1,0.5,1,0,1,TRUE,TRUE,TRUE,TRUE,TRUE,TRUE,1,NA,NA,NA,NA,72.5,27.5,Grade E,Grade E,Critical penalty burden,50,22.5
fluid,0,0.75,1,0,1,TRUE,TRUE,TRUE,TRUE,TRUE,TRUE,1,NA,NA,NA,NA,46.25,53.75,Grade D,Grade D,Score-based certification,50,3.75
fluid,0.25,0.75,1,0,1,TRUE,TRUE,TRUE,TRUE,TRUE,TRUE,1,NA,NA,NA,NA,53.75,46.25,Grade E,Grade E,Critical penalty burden,50,3.75
fluid,0.5,0.75,1,0,1,TRUE,TRUE,TRUE,TRUE,TRUE,TRUE,1,NA,NA,NA,NA,61.25,38.75,Grade E,Grade E,Critical penalty burden,50,11.25
fluid,0.75,0.75,1,0,1,TRUE,TRUE,TRUE,TRUE,TRUE,TRUE,1,NA,NA,NA,NA,68.75,31.25,Grade E,Grade E,Critical penalty burden,50,18.75
fluid,1,0.75,1,0,1,TRUE,TRUE,TRUE,TRUE,TRUE,TRUE,1,NA,NA,NA,NA,76.25,23.75,Grade E,Grade E,Critical penalty burden,50,26.25
fluid,0,1,1,0,1,TRUE,TRUE,TRUE,TRUE,TRUE,TRUE,1,NA,NA,NA,NA,50,50,Grade D,Grade D,Score-based certification,50,0
fluid,0.25,1,1,0,1,TRUE,TRUE,TRUE,TRUE,TRUE,TRUE,1,NA,NA,NA,NA,57.5,42.5,Grade E,Grade E,Critical penalty burden,50,7.5
fluid,0.5,1,1,0,1,TRUE,TRUE,TRUE,TRUE,TRUE,TRUE,1,NA,NA,NA,NA,65,35,Grade E,Grade E,Critical penalty burden,50,15
fluid,0.75,1,1,0,1,TRUE,TRUE,TRUE,TRUE,TRUE,TRUE,1,NA,NA,NA,NA,72.5,27.5,Grade E,Grade E,Critical penalty burden,50,22.5
fluid,1,1,1,0,1,TRUE,TRUE,TRUE,TRUE,TRUE,TRUE,1,NA,NA,NA,NA,80,20,Grade E,Grade E,Critical penalty burden,50,30
fluid,0,0,0,0.25,1,TRUE,TRUE,TRUE,TRUE,TRUE,TRUE,1,NA,NA,NA,NA,30,70,Grade C,Grade C,Score-based certification,35,5
fluid,0.25,0,0,0.25,1,TRUE,TRUE,TRUE,TRUE,TRUE,TRUE,1,NA,NA,NA,NA,37.5,62.5,Grade D,Grade D,Score-based certification,35,2.5
fluid,0.5,0,0,0.25,1,TRUE,TRUE,TRUE,TRUE,TRUE,TRUE,1,NA,NA,NA,NA,45,55,Grade D,Grade D,Score-based certification,50,5
fluid,0.75,0,0,0.25,1,TRUE,TRUE,TRUE,TRUE,TRUE,TRUE,1,NA,NA,NA,NA,52.5,47.5,Grade E,Grade E,Critical penalty burden,50,2.5
fluid,1,0,0,0.25,1,TRUE,TRUE,TRUE,TRUE,TRUE,TRUE,1,NA,NA,NA,NA,60,40,Grade E,Grade E,Critical penalty burden,50,10
fluid,0,0.25,0,0.25,1,TRUE,TRUE,TRUE,TRUE,TRUE,TRUE,1,NA,NA,NA,NA,33.75,66.25,Grade C,Grade C,Score-based certification,35,1.25
fluid,0.25,0.25,0,0.25,1,TRUE,TRUE,TRUE,TRUE,TRUE,TRUE,1,NA,NA,NA,NA,41.25,58.75,Grade D,Grade D,Score-based certification,35,6.25
fluid,0.5,0.25,0,0.25,1,TRUE,TRUE,TRUE,TRUE,TRUE,TRUE,1,NA,NA,NA,NA,48.75,51.25,Grade D,Grade D,Score-based certification,50,1.25
fluid,0.75,0.25,0,0.25,1,TRUE,TRUE,TRUE,TRUE,TRUE,TRUE,1,NA,NA,NA,NA,56.25,43.75,Grade E,Grade E,Critical penalty burden,50,6.25
fluid,1,0.25,0,0.25,1,TRUE,TRUE,TRUE,TRUE,TRUE,TRUE,1,NA,NA,NA,NA,63.75,36.25,Grade E,Grade E,Critical penalty burden,50,13.75
fluid,0,0.5,0,0.25,1,TRUE,TRUE,TRUE,TRUE,TRUE,TRUE,1,NA,NA,NA,NA,37.5,62.5,Grade D,Grade D,Score-based certification,35,2.5
fluid,0.25,0.5,0,0.25,1,TRUE,TRUE,TRUE,TRUE,TRUE,TRUE,1,NA,NA,NA,NA,45,55,Grade D,Grade D,Score-based certification,50,5
fluid,0.5,0.5,0,0.25,1,TRUE,TRUE,TRUE,TRUE,TRUE,TRUE,1,NA,NA,NA,NA,52.5,47.5,Grade E,Grade E,Critical penalty burden,50,2.5
fluid,0.75,0.5,0,0.25,1,TRUE,TRUE,TRUE,TRUE,TRUE,TRUE,1,NA,NA,NA,NA,60,40,Grade E,Grade E,Critical penalty burden,50,10
fluid,1,0.5,0,0.25,1,TRUE,TRUE,TRUE,TRUE,TRUE,TRUE,1,NA,NA,NA,NA,67.5,32.5,Grade E,Grade E,Critical penalty burden,50,17.5
fluid,0,0.75,0,0.25,1,TRUE,TRUE,TRUE,TRUE,TRUE,TRUE,1,NA,NA,NA,NA,41.25,58.75,Grade D,Grade D,Score-based certification,35,6.25
fluid,0.25,0.75,0,0.25,1,TRUE,TRUE,TRUE,TRUE,TRUE,TRUE,1,NA,NA,NA,NA,48.75,51.25,Grade D,Grade D,Score-based certification,50,1.25
fluid,0.5,0.75,0,0.25,1,TRUE,TRUE,TRUE,TRUE,TRUE,TRUE,1,NA,NA,NA,NA,56.25,43.75,Grade E,Grade E,Critical penalty burden,50,6.25
fluid,0.75,0.75,0,0.25,1,TRUE,TRUE,TRUE,TRUE,TRUE,TRUE,1,NA,NA,NA,NA,63.75,36.25,Grade E,Grade E,Critical penalty burden,50,13.75
fluid,1,0.75,0,0.25,1,TRUE,TRUE,TRUE,TRUE,TRUE,TRUE,1,NA,NA,NA,NA,71.25,28.75,Grade E,Grade E,Critical penalty burden,50,21.25
fluid,0,1,0,0.25,1,TRUE,TRUE,TRUE,TRUE,TRUE,TRUE,1,NA,NA,NA,NA,45,55,Grade D,Grade D,Score-based certification,50,5
fluid,0.25,1,0,0.25,1,TRUE,TRUE,TRUE,TRUE,TRUE,TRUE,1,NA,NA,NA,NA,52.5,47.5,Grade E,Grade E,Critical penalty burden,50,2.5
fluid,0.5,1,0,0.25,1,TRUE,TRUE,TRUE,TRUE,TRUE,TRUE,1,NA,NA,NA,NA,60,40,Grade E,Grade E,Critical penalty burden,50,10
fluid,0.75,1,0,0.25,1,TRUE,TRUE,TRUE,TRUE,TRUE,TRUE,1,NA,NA,NA,NA,67.5,32.5,Grade E,Grade E,Critical penalty burden,50,17.5
fluid,1,1,0,0.25,1,TRUE,TRUE,TRUE,TRUE,TRUE,TRUE,1,NA,NA,NA,NA,75,25,Grade E,Grade E,Critical penalty burden,50,25
fluid,0,0,0.25,0.25,1,TRUE,TRUE,TRUE,TRUE,TRUE,TRUE,1,NA,NA,NA,NA,32.5,67.5,Grade C,Grade C,Score-based certification,35,2.5
fluid,0.25,0,0.25,0.25,1,TRUE,TRUE,TRUE,TRUE,TRUE,TRUE,1,NA,NA,NA,NA,40,60,Grade D,Grade D,Score-based certification,35,5
fluid,0.5,0,0.25,0.25,1,TRUE,TRUE,TRUE,TRUE,TRUE,TRUE,1,NA,NA,NA,NA,47.5,52.5,Grade D,Grade D,Score-based certification,50,2.5
fluid,0.75,0,0.25,0.25,1,TRUE,TRUE,TRUE,TRUE,TRUE,TRUE,1,NA,NA,NA,NA,55,45,Grade E,Grade E,Critical penalty burden,50,5
fluid,1,0,0.25,0.25,1,TRUE,TRUE,TRUE,TRUE,TRUE,TRUE,1,NA,NA,NA,NA,62.5,37.5,Grade E,Grade E,Critical penalty burden,50,12.5
fluid,0,0.25,0.25,0.25,1,TRUE,TRUE,TRUE,TRUE,TRUE,TRUE,1,NA,NA,NA,NA,36.25,63.75,Grade D,Grade D,Score-based certification,35,1.25
fluid,0.25,0.25,0.25,0.25,1,TRUE,TRUE,TRUE,TRUE,TRUE,TRUE,1,NA,NA,NA,NA,43.75,56.25,Grade D,Grade D,Score-based certification,50,6.25
fluid,0.5,0.25,0.25,0.25,1,TRUE,TRUE,TRUE,TRUE,TRUE,TRUE,1,NA,NA,NA,NA,51.25,48.75,Grade E,Grade E,Critical penalty burden,50,1.25
fluid,0.75,0.25,0.25,0.25,1,TRUE,TRUE,TRUE,TRUE,TRUE,TRUE,1,NA,NA,NA,NA,58.75,41.25,Grade E,Grade E,Critical penalty burden,50,8.75
fluid,1,0.25,0.25,0.25,1,TRUE,TRUE,TRUE,TRUE,TRUE,TRUE,1,NA,NA,NA,NA,66.25,33.75,Grade E,Grade E,Critical penalty burden,50,16.25
fluid,0,0.5,0.25,0.25,1,TRUE,TRUE,TRUE,TRUE,TRUE,TRUE,1,NA,NA,NA,NA,40,60,Grade D,Grade D,Score-based certification,35,5
fluid,0.25,0.5,0.25,0.25,1,TRUE,TRUE,TRUE,TRUE,TRUE,TRUE,1,NA,NA,NA,NA,47.5,52.5,Grade D,Grade D,Score-based certification,50,2.5
fluid,0.5,0.5,0.25,0.25,1,TRUE,TRUE,TRUE,TRUE,TRUE,TRUE,1,NA,NA,NA,NA,55,45,Grade E,Grade E,Critical penalty burden,50,5
fluid,0.75,0.5,0.25,0.25,1,TRUE,TRUE,TRUE,TRUE,TRUE,TRUE,1,NA,NA,NA,NA,62.5,37.5,Grade E,Grade E,Critical penalty burden,50,12.5
fluid,1,0.5,0.25,0.25,1,TRUE,TRUE,TRUE,TRUE,TRUE,TRUE,1,NA,NA,NA,NA,70,30,Grade E,Grade E,Critical penalty burden,50,20
fluid,0,0.75,0.25,0.25,1,TRUE,TRUE,TRUE,TRUE,TRUE,TRUE,1,NA,NA,NA,NA,43.75,56.25,Grade D,Grade D,Score-based certification,50,6.25
fluid,0.25,0.75,0.25,0.25,1,TRUE,TRUE,TRUE,TRUE,TRUE,TRUE,1,NA,NA,NA,NA,51.25,48.75,Grade E,Grade E,Critical penalty burden,50,1.25
fluid,0.5,0.75,0.25,0.25,1,TRUE,TRUE,TRUE,TRUE,TRUE,TRUE,1,NA,NA,NA,NA,58.75,41.25,Grade E,Grade E,Critical penalty burden,50,8.75
fluid,0.75,0.75,0.25,0.25,1,TRUE,TRUE,TRUE,TRUE,TRUE,TRUE,1,NA,NA,NA,NA,66.25,33.75,Grade E,Grade E,Critical penalty burden,50,16.25
fluid,1,0.75,0.25,0.25,1,TRUE,TRUE,TRUE,TRUE,TRUE,TRUE,1,NA,NA,NA,NA,73.75,26.25,Grade E,Grade E,Critical penalty burden,50,23.75
fluid,0,1,0.25,0.25,1,TRUE,TRUE,TRUE,TRUE,TRUE,TRUE,1,NA,NA,NA,NA,47.5,52.5,Grade D,Grade D,Score-based certification,50,2.5
fluid,0.25,1,0.25,0.25,1,TRUE,TRUE,TRUE,TRUE,TRUE,TRUE,1,NA,NA,NA,NA,55,45,Grade E,Grade E,Critical penalty burden,50,5
fluid,0.5,1,0.25,0.25,1,TRUE,TRUE,TRUE,TRUE,TRUE,TRUE,1,NA,NA,NA,NA,62.5,37.5,Grade E,Grade E,Critical penalty burden,50,12.5
fluid,0.75,1,0.25,0.25,1,TRUE,TRUE,TRUE,TRUE,TRUE,TRUE,1,NA,NA,NA,NA,70,30,Grade E,Grade E,Critical penalty burden,50,20
fluid,1,1,0.25,0.25,1,TRUE,TRUE,TRUE,TRUE,TRUE,TRUE,1,NA,NA,NA,NA,77.5,22.5,Grade E,Grade E,Critical penalty burden,50,27.5
fluid,0,0,0.5,0.25,1,TRUE,TRUE,TRUE,TRUE,TRUE,TRUE,1,NA,NA,NA,NA,35,65,Grade C,Grade C,Score-based certification,35,0
fluid,0.25,0,0.5,0.25,1,TRUE,TRUE,TRUE,TRUE,TRUE,TRUE,1,NA,NA,NA,NA,42.5,57.5,Grade D,Grade D,Score-based certification,35,7.5
fluid,0.5,0,0.5,0.25,1,TRUE,TRUE,TRUE,TRUE,TRUE,TRUE,1,NA,NA,NA,NA,50,50,Grade D,Grade D,Score-based certification,50,0
fluid,0.75,0,0.5,0.25,1,TRUE,TRUE,TRUE,TRUE,TRUE,TRUE,1,NA,NA,NA,NA,57.5,42.5,Grade E,Grade E,Critical penalty burden,50,7.5
fluid,1,0,0.5,0.25,1,TRUE,TRUE,TRUE,TRUE,TRUE,TRUE,1,NA,NA,NA,NA,65,35,Grade E,Grade E,Critical penalty burden,50,15
fluid,0,0.25,0.5,0.25,1,TRUE,TRUE,TRUE,TRUE,TRUE,TRUE,1,NA,NA,NA,NA,38.75,61.25,Grade D,Grade D,Score-based certification,35,3.75
fluid,0.25,0.25,0.5,0.25,1,TRUE,TRUE,TRUE,TRUE,TRUE,TRUE,1,NA,NA,NA,NA,46.25,53.75,Grade D,Grade D,Score-based certification,50,3.75
fluid,0.5,0.25,0.5,0.25,1,TRUE,TRUE,TRUE,TRUE,TRUE,TRUE,1,NA,NA,NA,NA,53.75,46.25,Grade E,Grade E,Critical penalty burden,50,3.75
fluid,0.75,0.25,0.5,0.25,1,TRUE,TRUE,TRUE,TRUE,TRUE,TRUE,1,NA,NA,NA,NA,61.25,38.75,Grade E,Grade E,Critical penalty burden,50,11.25
fluid,1,0.25,0.5,0.25,1,TRUE,TRUE,TRUE,TRUE,TRUE,TRUE,1,NA,NA,NA,NA,68.75,31.25,Grade E,Grade E,Critical penalty burden,50,18.75
fluid,0,0.5,0.5,0.25,1,TRUE,TRUE,TRUE,TRUE,TRUE,TRUE,1,NA,NA,NA,NA,42.5,57.5,Grade D,Grade D,Score-based certification,35,7.5
fluid,0.25,0.5,0.5,0.25,1,TRUE,TRUE,TRUE,TRUE,TRUE,TRUE,1,NA,NA,NA,NA,50,50,Grade D,Grade D,Score-based certification,50,0
fluid,0.5,0.5,0.5,0.25,1,TRUE,TRUE,TRUE,TRUE,TRUE,TRUE,1,NA,NA,NA,NA,57.5,42.5,Grade E,Grade E,Critical penalty burden,50,7.5
fluid,0.75,0.5,0.5,0.25,1,TRUE,TRUE,TRUE,TRUE,TRUE,TRUE,1,NA,NA,NA,NA,65,35,Grade E,Grade E,Critical penalty burden,50,15
fluid,1,0.5,0.5,0.25,1,TRUE,TRUE,TRUE,TRUE,TRUE,TRUE,1,NA,NA,NA,NA,72.5,27.5,Grade E,Grade E,Critical penalty burden,50,22.5
fluid,0,0.75,0.5,0.25,1,TRUE,TRUE,TRUE,TRUE,TRUE,TRUE,1,NA,NA,NA,NA,46.25,53.75,Grade D,Grade D,Score-based certification,50,3.75
fluid,0.25,0.75,0.5,0.25,1,TRUE,TRUE,TRUE,TRUE,TRUE,TRUE,1,NA,NA,NA,NA,53.75,46.25,Grade E,Grade E,Critical penalty burden,50,3.75
fluid,0.5,0.75,0.5,0.25,1,TRUE,TRUE,TRUE,TRUE,TRUE,TRUE,1,NA,NA,NA,NA,61.25,38.75,Grade E,Grade E,Critical penalty burden,50,11.25
fluid,0.75,0.75,0.5,0.25,1,TRUE,TRUE,TRUE,TRUE,TRUE,TRUE,1,NA,NA,NA,NA,68.75,31.25,Grade E,Grade E,Critical penalty burden,50,18.75
fluid,1,0.75,0.5,0.25,1,TRUE,TRUE,TRUE,TRUE,TRUE,TRUE,1,NA,NA,NA,NA,76.25,23.75,Grade E,Grade E,Critical penalty burden,50,26.25
fluid,0,1,0.5,0.25,1,TRUE,TRUE,TRUE,TRUE,TRUE,TRUE,1,NA,NA,NA,NA,50,50,Grade D,Grade D,Score-based certification,50,0
fluid,0.25,1,0.5,0.25,1,TRUE,TRUE,TRUE,TRUE,TRUE,TRUE,1,NA,NA,NA,NA,57.5,42.5,Grade E,Grade E,Critical penalty burden,50,7.5
fluid,0.5,1,0.5,0.25,1,TRUE,TRUE,TRUE,TRUE,TRUE,TRUE,1,NA,NA,NA,NA,65,35,Grade E,Grade E,Critical penalty burden,50,15
fluid,0.75,1,0.5,0.25,1,TRUE,TRUE,TRUE,TRUE,TRUE,TRUE,1,NA,NA,NA,NA,72.5,27.5,Grade E,Grade E,Critical penalty burden,50,22.5
fluid,1,1,0.5,0.25,1,TRUE,TRUE,TRUE,TRUE,TRUE,TRUE,1,NA,NA,NA,NA,80,20,Grade E,Grade E,Critical penalty burden,50,30
fluid,0,0,0.75,0.25,1,TRUE,TRUE,TRUE,TRUE,TRUE,TRUE,1,NA,NA,NA,NA,37.5,62.5,Grade D,Grade D,Score-based certification,35,2.5
fluid,0.25,0,0.75,0.25,1,TRUE,TRUE,TRUE,TRUE,TRUE,TRUE,1,NA,NA,NA,NA,45,55,Grade D,Grade D,Score-based certification,50,5
fluid,0.5,0,0.75,0.25,1,TRUE,TRUE,TRUE,TRUE,TRUE,TRUE,1,NA,NA,NA,NA,52.5,47.5,Grade E,Grade E,Critical penalty burden,50,2.5
fluid,0.75,0,0.75,0.25,1,TRUE,TRUE,TRUE,TRUE,TRUE,TRUE,1,NA,NA,NA,NA,60,40,Grade E,Grade E,Critical penalty burden,50,10
fluid,1,0,0.75,0.25,1,TRUE,TRUE,TRUE,TRUE,TRUE,TRUE,1,NA,NA,NA,NA,67.5,32.5,Grade E,Grade E,Critical penalty burden,50,17.5
fluid,0,0.25,0.75,0.25,1,TRUE,TRUE,TRUE,TRUE,TRUE,TRUE,1,NA,NA,NA,NA,41.25,58.75,Grade D,Grade D,Score-based certification,35,6.25
fluid,0.25,0.25,0.75,0.25,1,TRUE,TRUE,TRUE,TRUE,TRUE,TRUE,1,NA,NA,NA,NA,48.75,51.25,Grade D,Grade D,Score-based certification,50,1.25
fluid,0.5,0.25,0.75,0.25,1,TRUE,TRUE,TRUE,TRUE,TRUE,TRUE,1,NA,NA,NA,NA,56.25,43.75,Grade E,Grade E,Critical penalty burden,50,6.25
fluid,0.75,0.25,0.75,0.25,1,TRUE,TRUE,TRUE,TRUE,TRUE,TRUE,1,NA,NA,NA,NA,63.75,36.25,Grade E,Grade E,Critical penalty burden,50,13.75
fluid,1,0.25,0.75,0.25,1,TRUE,TRUE,TRUE,TRUE,TRUE,TRUE,1,NA,NA,NA,NA,71.25,28.75,Grade E,Grade E,Critical penalty burden,50,21.25
fluid,0,0.5,0.75,0.25,1,TRUE,TRUE,TRUE,TRUE,TRUE,TRUE,1,NA,NA,NA,NA,45,55,Grade D,Grade D,Score-based certification,50,5
fluid,0.25,0.5,0.75,0.25,1,TRUE,TRUE,TRUE,TRUE,TRUE,TRUE,1,NA,NA,NA,NA,52.5,47.5,Grade E,Grade E,Critical penalty burden,50,2.5
fluid,0.5,0.5,0.75,0.25,1,TRUE,TRUE,TRUE,TRUE,TRUE,TRUE,1,NA,NA,NA,NA,60,40,Grade E,Grade E,Critical penalty burden,50,10
fluid,0.75,0.5,0.75,0.25,1,TRUE,TRUE,TRUE,TRUE,TRUE,TRUE,1,NA,NA,NA,NA,67.5,32.5,Grade E,Grade E,Critical penalty burden,50,17.5
fluid,1,0.5,0.75,0.25,1,TRUE,TRUE,TRUE,TRUE,TRUE,TRUE,1,NA,NA,NA,NA,75,25,Grade E,Grade E,Critical penalty burden,50,25
fluid,0,0.75,0.75,0.25,1,TRUE,TRUE,TRUE,TRUE,TRUE,TRUE,1,NA,NA,NA,NA,48.75,51.25,Grade D,Grade D,Score-based certification,50,1.25
fluid,0.25,0.75,0.75,0.25,1,TRUE,TRUE,TRUE,TRUE,TRUE,TRUE,1,NA,NA,NA,NA,56.25,43.75,Grade E,Grade E,Critical penalty burden,50,6.25
fluid,0.5,0.75,0.75,0.25,1,TRUE,TRUE,TRUE,TRUE,TRUE,TRUE,1,NA,NA,NA,NA,63.75,36.25,Grade E,Grade E,Critical penalty burden,50,13.75
fluid,0.75,0.75,0.75,0.25,1,TRUE,TRUE,TRUE,TRUE,TRUE,TRUE,1,NA,NA,NA,NA,71.25,28.75,Grade E,Grade E,Critical penalty burden,50,21.25
fluid,1,0.75,0.75,0.25,1,TRUE,TRUE,TRUE,TRUE,TRUE,TRUE,1,NA,NA,NA,NA,78.75,21.25,Grade E,Grade E,Critical penalty burden,50,28.75
fluid,0,1,0.75,0.25,1,TRUE,TRUE,TRUE,TRUE,TRUE,TRUE,1,NA,NA,NA,NA,52.5,47.5,Grade E,Grade E,Critical penalty burden,50,2.5
fluid,0.25,1,0.75,0.25,1,TRUE,TRUE,TRUE,TRUE,TRUE,TRUE,1,NA,NA,NA,NA,60,40,Grade E,Grade E,Critical penalty burden,50,10
fluid,0.5,1,0.75,0.25,1,TRUE,TRUE,TRUE,TRUE,TRUE,TRUE,1,NA,NA,NA,NA,67.5,32.5,Grade E,Grade E,Critical penalty burden,50,17.5
fluid,0.75,1,0.75,0.25,1,TRUE,TRUE,TRUE,TRUE,TRUE,TRUE,1,NA,NA,NA,NA,75,25,Grade E,Grade E,Critical penalty burden,50,25
fluid,1,1,0.75,0.25,1,TRUE,TRUE,TRUE,TRUE,TRUE,TRUE,1,NA,NA,NA,NA,82.5,17.5,Grade E,Grade E,Critical penalty burden,50,32.5
fluid,0,0,1,0.25,1,TRUE,TRUE,TRUE,TRUE,TRUE,TRUE,1,NA,NA,NA,NA,40,60,Grade D,Grade D,Score-based certification,35,5
fluid,0.25,0,1,0.25,1,TRUE,TRUE,TRUE,TRUE,TRUE,TRUE,1,NA,NA,NA,NA,47.5,52.5,Grade D,Grade D,Score-based certification,50,2.5
fluid,0.5,0,1,0.25,1,TRUE,TRUE,TRUE,TRUE,TRUE,TRUE,1,NA,NA,NA,NA,55,45,Grade E,Grade E,Critical penalty burden,50,5
fluid,0.75,0,1,0.25,1,TRUE,TRUE,TRUE,TRUE,TRUE,TRUE,1,NA,NA,NA,NA,62.5,37.5,Grade E,Grade E,Critical penalty burden,50,12.5
fluid,1,0,1,0.25,1,TRUE,TRUE,TRUE,TRUE,TRUE,TRUE,1,NA,NA,NA,NA,70,30,Grade E,Grade E,Critical penalty burden,50,20
fluid,0,0.25,1,0.25,1,TRUE,TRUE,TRUE,TRUE,TRUE,TRUE,1,NA,NA,NA,NA,43.75,56.25,Grade D,Grade D,Score-based certification,50,6.25
fluid,0.25,0.25,1,0.25,1,TRUE,TRUE,TRUE,TRUE,TRUE,TRUE,1,NA,NA,NA,NA,51.25,48.75,Grade E,Grade E,Critical penalty burden,50,1.25
fluid,0.5,0.25,1,0.25,1,TRUE,TRUE,TRUE,TRUE,TRUE,TRUE,1,NA,NA,NA,NA,58.75,41.25,Grade E,Grade E,Critical penalty burden,50,8.75
fluid,0.75,0.25,1,0.25,1,TRUE,TRUE,TRUE,TRUE,TRUE,TRUE,1,NA,NA,NA,NA,66.25,33.75,Grade E,Grade E,Critical penalty burden,50,16.25
fluid,1,0.25,1,0.25,1,TRUE,TRUE,TRUE,TRUE,TRUE,TRUE,1,NA,NA,NA,NA,73.75,26.25,Grade E,Grade E,Critical penalty burden,50,23.75
fluid,0,0.5,1,0.25,1,TRUE,TRUE,TRUE,TRUE,TRUE,TRUE,1,NA,NA,NA,NA,47.5,52.5,Grade D,Grade D,Score-based certification,50,2.5
fluid,0.25,0.5,1,0.25,1,TRUE,TRUE,TRUE,TRUE,TRUE,TRUE,1,NA,NA,NA,NA,55,45,Grade E,Grade E,Critical penalty burden,50,5
fluid,0.5,0.5,1,0.25,1,TRUE,TRUE,TRUE,TRUE,TRUE,TRUE,1,NA,NA,NA,NA,62.5,37.5,Grade E,Grade E,Critical penalty burden,50,12.5
fluid,0.75,0.5,1,0.25,1,TRUE,TRUE,TRUE,TRUE,TRUE,TRUE,1,NA,NA,NA,NA,70,30,Grade E,Grade E,Critical penalty burden,50,20
fluid,1,0.5,1,0.25,1,TRUE,TRUE,TRUE,TRUE,TRUE,TRUE,1,NA,NA,NA,NA,77.5,22.5,Grade E,Grade E,Critical penalty burden,50,27.5
fluid,0,0.75,1,0.25,1,TRUE,TRUE,TRUE,TRUE,TRUE,TRUE,1,NA,NA,NA,NA,51.25,48.75,Grade E,Grade E,Critical penalty burden,50,1.25
fluid,0.25,0.75,1,0.25,1,TRUE,TRUE,TRUE,TRUE,TRUE,TRUE,1,NA,NA,NA,NA,58.75,41.25,Grade E,Grade E,Critical penalty burden,50,8.75
fluid,0.5,0.75,1,0.25,1,TRUE,TRUE,TRUE,TRUE,TRUE,TRUE,1,NA,NA,NA,NA,66.25,33.75,Grade E,Grade E,Critical penalty burden,50,16.25
fluid,0.75,0.75,1,0.25,1,TRUE,TRUE,TRUE,TRUE,TRUE,TRUE,1,NA,NA,NA,NA,73.75,26.25,Grade E,Grade E,Critical penalty burden,50,23.75
fluid,1,0.75,1,0.25,1,TRUE,TRUE,TRUE,TRUE,TRUE,TRUE,1,NA,NA,NA,NA,81.25,18.75,Grade E,Grade E,Critical penalty burden,50,31.25
fluid,0,1,1,0.25,1,TRUE,TRUE,TRUE,TRUE,TRUE,TRUE,1,NA,NA,NA,NA,55,45,Grade E,Grade E,Critical penalty burden,50,5
fluid,0.25,1,1,0.25,1,TRUE,TRUE,TRUE,TRUE,TRUE,TRUE,1,NA,NA,NA,NA,62.5,37.5,Grade E,Grade E,Critical penalty burden,50,12.5
fluid,0.5,1,1,0.25,1,TRUE,TRUE,TRUE,TRUE,TRUE,TRUE,1,NA,NA,NA,NA,70,30,Grade E,Grade E,Critical penalty burden,50,20
fluid,0.75,1,1,0.25,1,TRUE,TRUE,TRUE,TRUE,TRUE,TRUE,1,NA,NA,NA,NA,77.5,22.5,Grade E,Grade E,Critical penalty burden,50,27.5
fluid,1,1,1,0.25,1,TRUE,TRUE,TRUE,TRUE,TRUE,TRUE,1,NA,NA,NA,NA,85,15,Grade E,Grade E,Critical penalty burden,50,35
fluid,0,0,0,0.5,1,TRUE,TRUE,TRUE,TRUE,TRUE,TRUE,1,NA,NA,NA,NA,35,65,Grade C,Grade C,Score-based certification,35,0
fluid,0.25,0,0,0.5,1,TRUE,TRUE,TRUE,TRUE,TRUE,TRUE,1,NA,NA,NA,NA,42.5,57.5,Grade D,Grade D,Score-based certification,35,7.5
fluid,0.5,0,0,0.5,1,TRUE,TRUE,TRUE,TRUE,TRUE,TRUE,1,NA,NA,NA,NA,50,50,Grade D,Grade D,Score-based certification,50,0
fluid,0.75,0,0,0.5,1,TRUE,TRUE,TRUE,TRUE,TRUE,TRUE,1,NA,NA,NA,NA,57.5,42.5,Grade E,Grade E,Critical penalty burden,50,7.5
fluid,1,0,0,0.5,1,TRUE,TRUE,TRUE,TRUE,TRUE,TRUE,1,NA,NA,NA,NA,65,35,Grade E,Grade E,Critical penalty burden,50,15
fluid,0,0.25,0,0.5,1,TRUE,TRUE,TRUE,TRUE,TRUE,TRUE,1,NA,NA,NA,NA,38.75,61.25,Grade D,Grade D,Score-based certification,35,3.75
fluid,0.25,0.25,0,0.5,1,TRUE,TRUE,TRUE,TRUE,TRUE,TRUE,1,NA,NA,NA,NA,46.25,53.75,Grade D,Grade D,Score-based certification,50,3.75
fluid,0.5,0.25,0,0.5,1,TRUE,TRUE,TRUE,TRUE,TRUE,TRUE,1,NA,NA,NA,NA,53.75,46.25,Grade E,Grade E,Critical penalty burden,50,3.75
fluid,0.75,0.25,0,0.5,1,TRUE,TRUE,TRUE,TRUE,TRUE,TRUE,1,NA,NA,NA,NA,61.25,38.75,Grade E,Grade E,Critical penalty burden,50,11.25
fluid,1,0.25,0,0.5,1,TRUE,TRUE,TRUE,TRUE,TRUE,TRUE,1,NA,NA,NA,NA,68.75,31.25,Grade E,Grade E,Critical penalty burden,50,18.75
fluid,0,0.5,0,0.5,1,TRUE,TRUE,TRUE,TRUE,TRUE,TRUE,1,NA,NA,NA,NA,42.5,57.5,Grade D,Grade D,Score-based certification,35,7.5
fluid,0.25,0.5,0,0.5,1,TRUE,TRUE,TRUE,TRUE,TRUE,TRUE,1,NA,NA,NA,NA,50,50,Grade D,Grade D,Score-based certification,50,0
fluid,0.5,0.5,0,0.5,1,TRUE,TRUE,TRUE,TRUE,TRUE,TRUE,1,NA,NA,NA,NA,57.5,42.5,Grade E,Grade E,Critical penalty burden,50,7.5
fluid,0.75,0.5,0,0.5,1,TRUE,TRUE,TRUE,TRUE,TRUE,TRUE,1,NA,NA,NA,NA,65,35,Grade E,Grade E,Critical penalty burden,50,15
fluid,1,0.5,0,0.5,1,TRUE,TRUE,TRUE,TRUE,TRUE,TRUE,1,NA,NA,NA,NA,72.5,27.5,Grade E,Grade E,Critical penalty burden,50,22.5
fluid,0,0.75,0,0.5,1,TRUE,TRUE,TRUE,TRUE,TRUE,TRUE,1,NA,NA,NA,NA,46.25,53.75,Grade D,Grade D,Score-based certification,50,3.75
fluid,0.25,0.75,0,0.5,1,TRUE,TRUE,TRUE,TRUE,TRUE,TRUE,1,NA,NA,NA,NA,53.75,46.25,Grade E,Grade E,Critical penalty burden,50,3.75
fluid,0.5,0.75,0,0.5,1,TRUE,TRUE,TRUE,TRUE,TRUE,TRUE,1,NA,NA,NA,NA,61.25,38.75,Grade E,Grade E,Critical penalty burden,50,11.25
fluid,0.75,0.75,0,0.5,1,TRUE,TRUE,TRUE,TRUE,TRUE,TRUE,1,NA,NA,NA,NA,68.75,31.25,Grade E,Grade E,Critical penalty burden,50,18.75
fluid,1,0.75,0,0.5,1,TRUE,TRUE,TRUE,TRUE,TRUE,TRUE,1,NA,NA,NA,NA,76.25,23.75,Grade E,Grade E,Critical penalty burden,50,26.25
fluid,0,1,0,0.5,1,TRUE,TRUE,TRUE,TRUE,TRUE,TRUE,1,NA,NA,NA,NA,50,50,Grade D,Grade D,Score-based certification,50,0
fluid,0.25,1,0,0.5,1,TRUE,TRUE,TRUE,TRUE,TRUE,TRUE,1,NA,NA,NA,NA,57.5,42.5,Grade E,Grade E,Critical penalty burden,50,7.5
fluid,0.5,1,0,0.5,1,TRUE,TRUE,TRUE,TRUE,TRUE,TRUE,1,NA,NA,NA,NA,65,35,Grade E,Grade E,Critical penalty burden,50,15
fluid,0.75,1,0,0.5,1,TRUE,TRUE,TRUE,TRUE,TRUE,TRUE,1,NA,NA,NA,NA,72.5,27.5,Grade E,Grade E,Critical penalty burden,50,22.5
fluid,1,1,0,0.5,1,TRUE,TRUE,TRUE,TRUE,TRUE,TRUE,1,NA,NA,NA,NA,80,20,Grade E,Grade E,Critical penalty burden,50,30
fluid,0,0,0.25,0.5,1,TRUE,TRUE,TRUE,TRUE,TRUE,TRUE,1,NA,NA,NA,NA,37.5,62.5,Grade D,Grade D,Score-based certification,35,2.5
fluid,0.25,0,0.25,0.5,1,TRUE,TRUE,TRUE,TRUE,TRUE,TRUE,1,NA,NA,NA,NA,45,55,Grade D,Grade D,Score-based certification,50,5
fluid,0.5,0,0.25,0.5,1,TRUE,TRUE,TRUE,TRUE,TRUE,TRUE,1,NA,NA,NA,NA,52.5,47.5,Grade E,Grade E,Critical penalty burden,50,2.5
fluid,0.75,0,0.25,0.5,1,TRUE,TRUE,TRUE,TRUE,TRUE,TRUE,1,NA,NA,NA,NA,60,40,Grade E,Grade E,Critical penalty burden,50,10
fluid,1,0,0.25,0.5,1,TRUE,TRUE,TRUE,TRUE,TRUE,TRUE,1,NA,NA,NA,NA,67.5,32.5,Grade E,Grade E,Critical penalty burden,50,17.5
fluid,0,0.25,0.25,0.5,1,TRUE,TRUE,TRUE,TRUE,TRUE,TRUE,1,NA,NA,NA,NA,41.25,58.75,Grade D,Grade D,Score-based certification,35,6.25
fluid,0.25,0.25,0.25,0.5,1,TRUE,TRUE,TRUE,TRUE,TRUE,TRUE,1,NA,NA,NA,NA,48.75,51.25,Grade D,Grade D,Score-based certification,50,1.25
fluid,0.5,0.25,0.25,0.5,1,TRUE,TRUE,TRUE,TRUE,TRUE,TRUE,1,NA,NA,NA,NA,56.25,43.75,Grade E,Grade E,Critical penalty burden,50,6.25
fluid,0.75,0.25,0.25,0.5,1,TRUE,TRUE,TRUE,TRUE,TRUE,TRUE,1,NA,NA,NA,NA,63.75,36.25,Grade E,Grade E,Critical penalty burden,50,13.75
fluid,1,0.25,0.25,0.5,1,TRUE,TRUE,TRUE,TRUE,TRUE,TRUE,1,NA,NA,NA,NA,71.25,28.75,Grade E,Grade E,Critical penalty burden,50,21.25
fluid,0,0.5,0.25,0.5,1,TRUE,TRUE,TRUE,TRUE,TRUE,TRUE,1,NA,NA,NA,NA,45,55,Grade D,Grade D,Score-based certification,50,5
fluid,0.25,0.5,0.25,0.5,1,TRUE,TRUE,TRUE,TRUE,TRUE,TRUE,1,NA,NA,NA,NA,52.5,47.5,Grade E,Grade E,Critical penalty burden,50,2.5
fluid,0.5,0.5,0.25,0.5,1,TRUE,TRUE,TRUE,TRUE,TRUE,TRUE,1,NA,NA,NA,NA,60,40,Grade E,Grade E,Critical penalty burden,50,10
fluid,0.75,0.5,0.25,0.5,1,TRUE,TRUE,TRUE,TRUE,TRUE,TRUE,1,NA,NA,NA,NA,67.5,32.5,Grade E,Grade E,Critical penalty burden,50,17.5
fluid,1,0.5,0.25,0.5,1,TRUE,TRUE,TRUE,TRUE,TRUE,TRUE,1,NA,NA,NA,NA,75,25,Grade E,Grade E,Critical penalty burden,50,25
fluid,0,0.75,0.25,0.5,1,TRUE,TRUE,TRUE,TRUE,TRUE,TRUE,1,NA,NA,NA,NA,48.75,51.25,Grade D,Grade D,Score-based certification,50,1.25
fluid,0.25,0.75,0.25,0.5,1,TRUE,TRUE,TRUE,TRUE,TRUE,TRUE,1,NA,NA,NA,NA,56.25,43.75,Grade E,Grade E,Critical penalty burden,50,6.25
fluid,0.5,0.75,0.25,0.5,1,TRUE,TRUE,TRUE,TRUE,TRUE,TRUE,1,NA,NA,NA,NA,63.75,36.25,Grade E,Grade E,Critical penalty burden,50,13.75
fluid,0.75,0.75,0.25,0.5,1,TRUE,TRUE,TRUE,TRUE,TRUE,TRUE,1,NA,NA,NA,NA,71.25,28.75,Grade E,Grade E,Critical penalty burden,50,21.25
fluid,1,0.75,0.25,0.5,1,TRUE,TRUE,TRUE,TRUE,TRUE,TRUE,1,NA,NA,NA,NA,78.75,21.25,Grade E,Grade E,Critical penalty burden,50,28.75
fluid,0,1,0.25,0.5,1,TRUE,TRUE,TRUE,TRUE,TRUE,TRUE,1,NA,NA,NA,NA,52.5,47.5,Grade E,Grade E,Critical penalty burden,50,2.5
fluid,0.25,1,0.25,0.5,1,TRUE,TRUE,TRUE,TRUE,TRUE,TRUE,1,NA,NA,NA,NA,60,40,Grade E,Grade E,Critical penalty burden,50,10
fluid,0.5,1,0.25,0.5,1,TRUE,TRUE,TRUE,TRUE,TRUE,TRUE,1,NA,NA,NA,NA,67.5,32.5,Grade E,Grade E,Critical penalty burden,50,17.5
fluid,0.75,1,0.25,0.5,1,TRUE,TRUE,TRUE,TRUE,TRUE,TRUE,1,NA,NA,NA,NA,75,25,Grade E,Grade E,Critical penalty burden,50,25
fluid,1,1,0.25,0.5,1,TRUE,TRUE,TRUE,TRUE,TRUE,TRUE,1,NA,NA,NA,NA,82.5,17.5,Grade E,Grade E,Critical penalty burden,50,32.5
fluid,0,0,0.5,0.5,1,TRUE,TRUE,TRUE,TRUE,TRUE,TRUE,1,NA,NA,NA,NA,40,60,Grade D,Grade D,Score-based certification,35,5
fluid,0.25,0,0.5,0.5,1,TRUE,TRUE,TRUE,TRUE,TRUE,TRUE,1,NA,NA,NA,NA,47.5,52.5,Grade D,Grade D,Score-based certification,50,2.5
fluid,0.5,0,0.5,0.5,1,TRUE,TRUE,TRUE,TRUE,TRUE,TRUE,1,NA,NA,NA,NA,55,45,Grade E,Grade E,Critical penalty burden,50,5
fluid,0.75,0,0.5,0.5,1,TRUE,TRUE,TRUE,TRUE,TRUE,TRUE,1,NA,NA,NA,NA,62.5,37.5,Grade E,Grade E,Critical penalty burden,50,12.5
fluid,1,0,0.5,0.5,1,TRUE,TRUE,TRUE,TRUE,TRUE,TRUE,1,NA,NA,NA,NA,70,30,Grade E,Grade E,Critical penalty burden,50,20
fluid,0,0.25,0.5,0.5,1,TRUE,TRUE,TRUE,TRUE,TRUE,TRUE,1,NA,NA,NA,NA,43.75,56.25,Grade D,Grade D,Score-based certification,50,6.25
fluid,0.25,0.25,0.5,0.5,1,TRUE,TRUE,TRUE,TRUE,TRUE,TRUE,1,NA,NA,NA,NA,51.25,48.75,Grade E,Grade E,Critical penalty burden,50,1.25
fluid,0.5,0.25,0.5,0.5,1,TRUE,TRUE,TRUE,TRUE,TRUE,TRUE,1,NA,NA,NA,NA,58.75,41.25,Grade E,Grade E,Critical penalty burden,50,8.75
fluid,0.75,0.25,0.5,0.5,1,TRUE,TRUE,TRUE,TRUE,TRUE,TRUE,1,NA,NA,NA,NA,66.25,33.75,Grade E,Grade E,Critical penalty burden,50,16.25
fluid,1,0.25,0.5,0.5,1,TRUE,TRUE,TRUE,TRUE,TRUE,TRUE,1,NA,NA,NA,NA,73.75,26.25,Grade E,Grade E,Critical penalty burden,50,23.75
fluid,0,0.5,0.5,0.5,1,TRUE,TRUE,TRUE,TRUE,TRUE,TRUE,1,NA,NA,NA,NA,47.5,52.5,Grade D,Grade D,Score-based certification,50,2.5
fluid,0.25,0.5,0.5,0.5,1,TRUE,TRUE,TRUE,TRUE,TRUE,TRUE,1,NA,NA,NA,NA,55,45,Grade E,Grade E,Critical penalty burden,50,5
fluid,0.5,0.5,0.5,0.5,1,TRUE,TRUE,TRUE,TRUE,TRUE,TRUE,1,NA,NA,NA,NA,62.5,37.5,Grade E,Grade E,Critical penalty burden,50,12.5
fluid,0.75,0.5,0.5,0.5,1,TRUE,TRUE,TRUE,TRUE,TRUE,TRUE,1,NA,NA,NA,NA,70,30,Grade E,Grade E,Critical penalty burden,50,20
fluid,1,0.5,0.5,0.5,1,TRUE,TRUE,TRUE,TRUE,TRUE,TRUE,1,NA,NA,NA,NA,77.5,22.5,Grade E,Grade E,Critical penalty burden,50,27.5
fluid,0,0.75,0.5,0.5,1,TRUE,TRUE,TRUE,TRUE,TRUE,TRUE,1,NA,NA,NA,NA,51.25,48.75,Grade E,Grade E,Critical penalty burden,50,1.25
fluid,0.25,0.75,0.5,0.5,1,TRUE,TRUE,TRUE,TRUE,TRUE,TRUE,1,NA,NA,NA,NA,58.75,41.25,Grade E,Grade E,Critical penalty burden,50,8.75
fluid,0.5,0.75,0.5,0.5,1,TRUE,TRUE,TRUE,TRUE,TRUE,TRUE,1,NA,NA,NA,NA,66.25,33.75,Grade E,Grade E,Critical penalty burden,50,16.25
fluid,0.75,0.75,0.5,0.5,1,TRUE,TRUE,TRUE,TRUE,TRUE,TRUE,1,NA,NA,NA,NA,73.75,26.25,Grade E,Grade E,Critical penalty burden,50,23.75
fluid,1,0.75,0.5,0.5,1,TRUE,TRUE,TRUE,TRUE,TRUE,TRUE,1,NA,NA,NA,NA,81.25,18.75,Grade E,Grade E,Critical penalty burden,50,31.25
fluid,0,1,0.5,0.5,1,TRUE,TRUE,TRUE,TRUE,TRUE,TRUE,1,NA,NA,NA,NA,55,45,Grade E,Grade E,Critical penalty burden,50,5
fluid,0.25,1,0.5,0.5,1,TRUE,TRUE,TRUE,TRUE,TRUE,TRUE,1,NA,NA,NA,NA,62.5,37.5,Grade E,Grade E,Critical penalty burden,50,12.5
fluid,0.5,1,0.5,0.5,1,TRUE,TRUE,TRUE,TRUE,TRUE,TRUE,1,NA,NA,NA,NA,70,30,Grade E,Grade E,Critical penalty burden,50,20
fluid,0.75,1,0.5,0.5,1,TRUE,TRUE,TRUE,TRUE,TRUE,TRUE,1,NA,NA,NA,NA,77.5,22.5,Grade E,Grade E,Critical penalty burden,50,27.5
fluid,1,1,0.5,0.5,1,TRUE,TRUE,TRUE,TRUE,TRUE,TRUE,1,NA,NA,NA,NA,85,15,Grade E,Grade E,Critical penalty burden,50,35
fluid,0,0,0.75,0.5,1,TRUE,TRUE,TRUE,TRUE,TRUE,TRUE,1,NA,NA,NA,NA,42.5,57.5,Grade D,Grade D,Score-based certification,35,7.5
fluid,0.25,0,0.75,0.5,1,TRUE,TRUE,TRUE,TRUE,TRUE,TRUE,1,NA,NA,NA,NA,50,50,Grade D,Grade D,Score-based certification,50,0
fluid,0.5,0,0.75,0.5,1,TRUE,TRUE,TRUE,TRUE,TRUE,TRUE,1,NA,NA,NA,NA,57.5,42.5,Grade E,Grade E,Critical penalty burden,50,7.5
fluid,0.75,0,0.75,0.5,1,TRUE,TRUE,TRUE,TRUE,TRUE,TRUE,1,NA,NA,NA,NA,65,35,Grade E,Grade E,Critical penalty burden,50,15
fluid,1,0,0.75,0.5,1,TRUE,TRUE,TRUE,TRUE,TRUE,TRUE,1,NA,NA,NA,NA,72.5,27.5,Grade E,Grade E,Critical penalty burden,50,22.5
fluid,0,0.25,0.75,0.5,1,TRUE,TRUE,TRUE,TRUE,TRUE,TRUE,1,NA,NA,NA,NA,46.25,53.75,Grade D,Grade D,Score-based certification,50,3.75
fluid,0.25,0.25,0.75,0.5,1,TRUE,TRUE,TRUE,TRUE,TRUE,TRUE,1,NA,NA,NA,NA,53.75,46.25,Grade E,Grade E,Critical penalty burden,50,3.75
fluid,0.5,0.25,0.75,0.5,1,TRUE,TRUE,TRUE,TRUE,TRUE,TRUE,1,NA,NA,NA,NA,61.25,38.75,Grade E,Grade E,Critical penalty burden,50,11.25
fluid,0.75,0.25,0.75,0.5,1,TRUE,TRUE,TRUE,TRUE,TRUE,TRUE,1,NA,NA,NA,NA,68.75,31.25,Grade E,Grade E,Critical penalty burden,50,18.75
fluid,1,0.25,0.75,0.5,1,TRUE,TRUE,TRUE,TRUE,TRUE,TRUE,1,NA,NA,NA,NA,76.25,23.75,Grade E,Grade E,Critical penalty burden,50,26.25
fluid,0,0.5,0.75,0.5,1,TRUE,TRUE,TRUE,TRUE,TRUE,TRUE,1,NA,NA,NA,NA,50,50,Grade D,Grade D,Score-based certification,50,0
fluid,0.25,0.5,0.75,0.5,1,TRUE,TRUE,TRUE,TRUE,TRUE,TRUE,1,NA,NA,NA,NA,57.5,42.5,Grade E,Grade E,Critical penalty burden,50,7.5
fluid,0.5,0.5,0.75,0.5,1,TRUE,TRUE,TRUE,TRUE,TRUE,TRUE,1,NA,NA,NA,NA,65,35,Grade E,Grade E,Critical penalty burden,50,15
fluid,0.75,0.5,0.75,0.5,1,TRUE,TRUE,TRUE,TRUE,TRUE,TRUE,1,NA,NA,NA,NA,72.5,27.5,Grade E,Grade E,Critical penalty burden,50,22.5
fluid,1,0.5,0.75,0.5,1,TRUE,TRUE,TRUE,TRUE,TRUE,TRUE,1,NA,NA,NA,NA,80,20,Grade E,Grade E,Critical penalty burden,50,30
fluid,0,0.75,0.75,0.5,1,TRUE,TRUE,TRUE,TRUE,TRUE,TRUE,1,NA,NA,NA,NA,53.75,46.25,Grade E,Grade E,Critical penalty burden,50,3.75
fluid,0.25,0.75,0.75,0.5,1,TRUE,TRUE,TRUE,TRUE,TRUE,TRUE,1,NA,NA,NA,NA,61.25,38.75,Grade E,Grade E,Critical penalty burden,50,11.25
fluid,0.5,0.75,0.75,0.5,1,TRUE,TRUE,TRUE,TRUE,TRUE,TRUE,1,NA,NA,NA,NA,68.75,31.25,Grade E,Grade E,Critical penalty burden,50,18.75
fluid,0.75,0.75,0.75,0.5,1,TRUE,TRUE,TRUE,TRUE,TRUE,TRUE,1,NA,NA,NA,NA,76.25,23.75,Grade E,Grade E,Critical penalty burden,50,26.25
fluid,1,0.75,0.75,0.5,1,TRUE,TRUE,TRUE,TRUE,TRUE,TRUE,1,NA,NA,NA,NA,83.75,16.25,Grade E,Grade E,Critical penalty burden,50,33.75
fluid,0,1,0.75,0.5,1,TRUE,TRUE,TRUE,TRUE,TRUE,TRUE,1,NA,NA,NA,NA,57.5,42.5,Grade E,Grade E,Critical penalty burden,50,7.5
fluid,0.25,1,0.75,0.5,1,TRUE,TRUE,TRUE,TRUE,TRUE,TRUE,1,NA,NA,NA,NA,65,35,Grade E,Grade E,Critical penalty burden,50,15
fluid,0.5,1,0.75,0.5,1,TRUE,TRUE,TRUE,TRUE,TRUE,TRUE,1,NA,NA,NA,NA,72.5,27.5,Grade E,Grade E,Critical penalty burden,50,22.5
fluid,0.75,1,0.75,0.5,1,TRUE,TRUE,TRUE,TRUE,TRUE,TRUE,1,NA,NA,NA,NA,80,20,Grade E,Grade E,Critical penalty burden,50,30
fluid,1,1,0.75,0.5,1,TRUE,TRUE,TRUE,TRUE,TRUE,TRUE,1,NA,NA,NA,NA,87.5,12.5,Grade E,Grade E,Critical penalty burden,50,37.5
fluid,0,0,1,0.5,1,TRUE,TRUE,TRUE,TRUE,TRUE,TRUE,1,NA,NA,NA,NA,45,55,Grade D,Grade D,Score-based certification,50,5
fluid,0.25,0,1,0.5,1,TRUE,TRUE,TRUE,TRUE,TRUE,TRUE,1,NA,NA,NA,NA,52.5,47.5,Grade E,Grade E,Critical penalty burden,50,2.5
fluid,0.5,0,1,0.5,1,TRUE,TRUE,TRUE,TRUE,TRUE,TRUE,1,NA,NA,NA,NA,60,40,Grade E,Grade E,Critical penalty burden,50,10
fluid,0.75,0,1,0.5,1,TRUE,TRUE,TRUE,TRUE,TRUE,TRUE,1,NA,NA,NA,NA,67.5,32.5,Grade E,Grade E,Critical penalty burden,50,17.5
fluid,1,0,1,0.5,1,TRUE,TRUE,TRUE,TRUE,TRUE,TRUE,1,NA,NA,NA,NA,75,25,Grade E,Grade E,Critical penalty burden,50,25
fluid,0,0.25,1,0.5,1,TRUE,TRUE,TRUE,TRUE,TRUE,TRUE,1,NA,NA,NA,NA,48.75,51.25,Grade D,Grade D,Score-based certification,50,1.25
fluid,0.25,0.25,1,0.5,1,TRUE,TRUE,TRUE,TRUE,TRUE,TRUE,1,NA,NA,NA,NA,56.25,43.75,Grade E,Grade E,Critical penalty burden,50,6.25
fluid,0.5,0.25,1,0.5,1,TRUE,TRUE,TRUE,TRUE,TRUE,TRUE,1,NA,NA,NA,NA,63.75,36.25,Grade E,Grade E,Critical penalty burden,50,13.75
fluid,0.75,0.25,1,0.5,1,TRUE,TRUE,TRUE,TRUE,TRUE,TRUE,1,NA,NA,NA,NA,71.25,28.75,Grade E,Grade E,Critical penalty burden,50,21.25
fluid,1,0.25,1,0.5,1,TRUE,TRUE,TRUE,TRUE,TRUE,TRUE,1,NA,NA,NA,NA,78.75,21.25,Grade E,Grade E,Critical penalty burden,50,28.75
fluid,0,0.5,1,0.5,1,TRUE,TRUE,TRUE,TRUE,TRUE,TRUE,1,NA,NA,NA,NA,52.5,47.5,Grade E,Grade E,Critical penalty burden,50,2.5
fluid,0.25,0.5,1,0.5,1,TRUE,TRUE,TRUE,TRUE,TRUE,TRUE,1,NA,NA,NA,NA,60,40,Grade E,Grade E,Critical penalty burden,50,10
fluid,0.5,0.5,1,0.5,1,TRUE,TRUE,TRUE,TRUE,TRUE,TRUE,1,NA,NA,NA,NA,67.5,32.5,Grade E,Grade E,Critical penalty burden,50,17.5
fluid,0.75,0.5,1,0.5,1,TRUE,TRUE,TRUE,TRUE,TRUE,TRUE,1,NA,NA,NA,NA,75,25,Grade E,Grade E,Critical penalty burden,50,25
fluid,1,0.5,1,0.5,1,TRUE,TRUE,TRUE,TRUE,TRUE,TRUE,1,NA,NA,NA,NA,82.5,17.5,Grade E,Grade E,Critical penalty burden,50,32.5
fluid,0,0.75,1,0.5,1,TRUE,TRUE,TRUE,TRUE,TRUE,TRUE,1,NA,NA,NA,NA,56.25,43.75,Grade E,Grade E,Critical penalty burden,50,6.25
fluid,0.25,0.75,1,0.5,1,TRUE,TRUE,TRUE,TRUE,TRUE,TRUE,1,NA,NA,NA,NA,63.75,36.25,Grade E,Grade E,Critical penalty burden,50,13.75
fluid,0.5,0.75,1,0.5,1,TRUE,TRUE,TRUE,TRUE,TRUE,TRUE,1,NA,NA,NA,NA,71.25,28.75,Grade E,Grade E,Critical penalty burden,50,21.25
fluid,0.75,0.75,1,0.5,1,TRUE,TRUE,TRUE,TRUE,TRUE,TRUE,1,NA,NA,NA,NA,78.75,21.25,Grade E,Grade E,Critical penalty burden,50,28.75
fluid,1,0.75,1,0.5,1,TRUE,TRUE,TRUE,TRUE,TRUE,TRUE,1,NA,NA,NA,NA,86.25,13.75,Grade E,Grade E,Critical penalty burden,50,36.25
fluid,0,1,1,0.5,1,TRUE,TRUE,TRUE,TRUE,TRUE,TRUE,1,NA,NA,NA,NA,60,40,Grade E,Grade E,Critical penalty burden,50,10
fluid,0.25,1,1,0.5,1,TRUE,TRUE,TRUE,TRUE,TRUE,TRUE,1,NA,NA,NA,NA,67.5,32.5,Grade E,Grade E,Critical penalty burden,50,17.5
fluid,0.5,1,1,0.5,1,TRUE,TRUE,TRUE,TRUE,TRUE,TRUE,1,NA,NA,NA,NA,75,25,Grade E,Grade E,Critical penalty burden,50,25
fluid,0.75,1,1,0.5,1,TRUE,TRUE,TRUE,TRUE,TRUE,TRUE,1,NA,NA,NA,NA,82.5,17.5,Grade E,Grade E,Critical penalty burden,50,32.5
fluid,1,1,1,0.5,1,TRUE,TRUE,TRUE,TRUE,TRUE,TRUE,1,NA,NA,NA,NA,90,10,Grade E,Grade E,Critical penalty burden,50,40
fluid,0,0,0,0.75,1,TRUE,TRUE,TRUE,TRUE,TRUE,TRUE,1,NA,NA,NA,NA,40,60,Grade D,Grade D,Score-based certification,35,5
fluid,0.25,0,0,0.75,1,TRUE,TRUE,TRUE,TRUE,TRUE,TRUE,1,NA,NA,NA,NA,47.5,52.5,Grade D,Grade D,Score-based certification,50,2.5
fluid,0.5,0,0,0.75,1,TRUE,TRUE,TRUE,TRUE,TRUE,TRUE,1,NA,NA,NA,NA,55,45,Grade E,Grade E,Critical penalty burden,50,5
fluid,0.75,0,0,0.75,1,TRUE,TRUE,TRUE,TRUE,TRUE,TRUE,1,NA,NA,NA,NA,62.5,37.5,Grade E,Grade E,Critical penalty burden,50,12.5
fluid,1,0,0,0.75,1,TRUE,TRUE,TRUE,TRUE,TRUE,TRUE,1,NA,NA,NA,NA,70,30,Grade E,Grade E,Critical penalty burden,50,20
fluid,0,0.25,0,0.75,1,TRUE,TRUE,TRUE,TRUE,TRUE,TRUE,1,NA,NA,NA,NA,43.75,56.25,Grade D,Grade D,Score-based certification,50,6.25
fluid,0.25,0.25,0,0.75,1,TRUE,TRUE,TRUE,TRUE,TRUE,TRUE,1,NA,NA,NA,NA,51.25,48.75,Grade E,Grade E,Critical penalty burden,50,1.25
fluid,0.5,0.25,0,0.75,1,TRUE,TRUE,TRUE,TRUE,TRUE,TRUE,1,NA,NA,NA,NA,58.75,41.25,Grade E,Grade E,Critical penalty burden,50,8.75
fluid,0.75,0.25,0,0.75,1,TRUE,TRUE,TRUE,TRUE,TRUE,TRUE,1,NA,NA,NA,NA,66.25,33.75,Grade E,Grade E,Critical penalty burden,50,16.25
fluid,1,0.25,0,0.75,1,TRUE,TRUE,TRUE,TRUE,TRUE,TRUE,1,NA,NA,NA,NA,73.75,26.25,Grade E,Grade E,Critical penalty burden,50,23.75
fluid,0,0.5,0,0.75,1,TRUE,TRUE,TRUE,TRUE,TRUE,TRUE,1,NA,NA,NA,NA,47.5,52.5,Grade D,Grade D,Score-based certification,50,2.5
fluid,0.25,0.5,0,0.75,1,TRUE,TRUE,TRUE,TRUE,TRUE,TRUE,1,NA,NA,NA,NA,55,45,Grade E,Grade E,Critical penalty burden,50,5
fluid,0.5,0.5,0,0.75,1,TRUE,TRUE,TRUE,TRUE,TRUE,TRUE,1,NA,NA,NA,NA,62.5,37.5,Grade E,Grade E,Critical penalty burden,50,12.5
fluid,0.75,0.5,0,0.75,1,TRUE,TRUE,TRUE,TRUE,TRUE,TRUE,1,NA,NA,NA,NA,70,30,Grade E,Grade E,Critical penalty burden,50,20
fluid,1,0.5,0,0.75,1,TRUE,TRUE,TRUE,TRUE,TRUE,TRUE,1,NA,NA,NA,NA,77.5,22.5,Grade E,Grade E,Critical penalty burden,50,27.5
fluid,0,0.75,0,0.75,1,TRUE,TRUE,TRUE,TRUE,TRUE,TRUE,1,NA,NA,NA,NA,51.25,48.75,Grade E,Grade E,Critical penalty burden,50,1.25
fluid,0.25,0.75,0,0.75,1,TRUE,TRUE,TRUE,TRUE,TRUE,TRUE,1,NA,NA,NA,NA,58.75,41.25,Grade E,Grade E,Critical penalty burden,50,8.75
fluid,0.5,0.75,0,0.75,1,TRUE,TRUE,TRUE,TRUE,TRUE,TRUE,1,NA,NA,NA,NA,66.25,33.75,Grade E,Grade E,Critical penalty burden,50,16.25
fluid,0.75,0.75,0,0.75,1,TRUE,TRUE,TRUE,TRUE,TRUE,TRUE,1,NA,NA,NA,NA,73.75,26.25,Grade E,Grade E,Critical penalty burden,50,23.75
fluid,1,0.75,0,0.75,1,TRUE,TRUE,TRUE,TRUE,TRUE,TRUE,1,NA,NA,NA,NA,81.25,18.75,Grade E,Grade E,Critical penalty burden,50,31.25
fluid,0,1,0,0.75,1,TRUE,TRUE,TRUE,TRUE,TRUE,TRUE,1,NA,NA,NA,NA,55,45,Grade E,Grade E,Critical penalty burden,50,5
fluid,0.25,1,0,0.75,1,TRUE,TRUE,TRUE,TRUE,TRUE,TRUE,1,NA,NA,NA,NA,62.5,37.5,Grade E,Grade E,Critical penalty burden,50,12.5
fluid,0.5,1,0,0.75,1,TRUE,TRUE,TRUE,TRUE,TRUE,TRUE,1,NA,NA,NA,NA,70,30,Grade E,Grade E,Critical penalty burden,50,20
fluid,0.75,1,0,0.75,1,TRUE,TRUE,TRUE,TRUE,TRUE,TRUE,1,NA,NA,NA,NA,77.5,22.5,Grade E,Grade E,Critical penalty burden,50,27.5
fluid,1,1,0,0.75,1,TRUE,TRUE,TRUE,TRUE,TRUE,TRUE,1,NA,NA,NA,NA,85,15,Grade E,Grade E,Critical penalty burden,50,35
fluid,0,0,0.25,0.75,1,TRUE,TRUE,TRUE,TRUE,TRUE,TRUE,1,NA,NA,NA,NA,42.5,57.5,Grade D,Grade D,Score-based certification,35,7.5
fluid,0.25,0,0.25,0.75,1,TRUE,TRUE,TRUE,TRUE,TRUE,TRUE,1,NA,NA,NA,NA,50,50,Grade D,Grade D,Score-based certification,50,0
fluid,0.5,0,0.25,0.75,1,TRUE,TRUE,TRUE,TRUE,TRUE,TRUE,1,NA,NA,NA,NA,57.5,42.5,Grade E,Grade E,Critical penalty burden,50,7.5
fluid,0.75,0,0.25,0.75,1,TRUE,TRUE,TRUE,TRUE,TRUE,TRUE,1,NA,NA,NA,NA,65,35,Grade E,Grade E,Critical penalty burden,50,15
fluid,1,0,0.25,0.75,1,TRUE,TRUE,TRUE,TRUE,TRUE,TRUE,1,NA,NA,NA,NA,72.5,27.5,Grade E,Grade E,Critical penalty burden,50,22.5
fluid,0,0.25,0.25,0.75,1,TRUE,TRUE,TRUE,TRUE,TRUE,TRUE,1,NA,NA,NA,NA,46.25,53.75,Grade D,Grade D,Score-based certification,50,3.75
fluid,0.25,0.25,0.25,0.75,1,TRUE,TRUE,TRUE,TRUE,TRUE,TRUE,1,NA,NA,NA,NA,53.75,46.25,Grade E,Grade E,Critical penalty burden,50,3.75
fluid,0.5,0.25,0.25,0.75,1,TRUE,TRUE,TRUE,TRUE,TRUE,TRUE,1,NA,NA,NA,NA,61.25,38.75,Grade E,Grade E,Critical penalty burden,50,11.25
fluid,0.75,0.25,0.25,0.75,1,TRUE,TRUE,TRUE,TRUE,TRUE,TRUE,1,NA,NA,NA,NA,68.75,31.25,Grade E,Grade E,Critical penalty burden,50,18.75
fluid,1,0.25,0.25,0.75,1,TRUE,TRUE,TRUE,TRUE,TRUE,TRUE,1,NA,NA,NA,NA,76.25,23.75,Grade E,Grade E,Critical penalty burden,50,26.25
fluid,0,0.5,0.25,0.75,1,TRUE,TRUE,TRUE,TRUE,TRUE,TRUE,1,NA,NA,NA,NA,50,50,Grade D,Grade D,Score-based certification,50,0
fluid,0.25,0.5,0.25,0.75,1,TRUE,TRUE,TRUE,TRUE,TRUE,TRUE,1,NA,NA,NA,NA,57.5,42.5,Grade E,Grade E,Critical penalty burden,50,7.5
fluid,0.5,0.5,0.25,0.75,1,TRUE,TRUE,TRUE,TRUE,TRUE,TRUE,1,NA,NA,NA,NA,65,35,Grade E,Grade E,Critical penalty burden,50,15
fluid,0.75,0.5,0.25,0.75,1,TRUE,TRUE,TRUE,TRUE,TRUE,TRUE,1,NA,NA,NA,NA,72.5,27.5,Grade E,Grade E,Critical penalty burden,50,22.5
fluid,1,0.5,0.25,0.75,1,TRUE,TRUE,TRUE,TRUE,TRUE,TRUE,1,NA,NA,NA,NA,80,20,Grade E,Grade E,Critical penalty burden,50,30
fluid,0,0.75,0.25,0.75,1,TRUE,TRUE,TRUE,TRUE,TRUE,TRUE,1,NA,NA,NA,NA,53.75,46.25,Grade E,Grade E,Critical penalty burden,50,3.75
fluid,0.25,0.75,0.25,0.75,1,TRUE,TRUE,TRUE,TRUE,TRUE,TRUE,1,NA,NA,NA,NA,61.25,38.75,Grade E,Grade E,Critical penalty burden,50,11.25
fluid,0.5,0.75,0.25,0.75,1,TRUE,TRUE,TRUE,TRUE,TRUE,TRUE,1,NA,NA,NA,NA,68.75,31.25,Grade E,Grade E,Critical penalty burden,50,18.75
fluid,0.75,0.75,0.25,0.75,1,TRUE,TRUE,TRUE,TRUE,TRUE,TRUE,1,NA,NA,NA,NA,76.25,23.75,Grade E,Grade E,Critical penalty burden,50,26.25
fluid,1,0.75,0.25,0.75,1,TRUE,TRUE,TRUE,TRUE,TRUE,TRUE,1,NA,NA,NA,NA,83.75,16.25,Grade E,Grade E,Critical penalty burden,50,33.75
fluid,0,1,0.25,0.75,1,TRUE,TRUE,TRUE,TRUE,TRUE,TRUE,1,NA,NA,NA,NA,57.5,42.5,Grade E,Grade E,Critical penalty burden,50,7.5
fluid,0.25,1,0.25,0.75,1,TRUE,TRUE,TRUE,TRUE,TRUE,TRUE,1,NA,NA,NA,NA,65,35,Grade E,Grade E,Critical penalty burden,50,15
fluid,0.5,1,0.25,0.75,1,TRUE,TRUE,TRUE,TRUE,TRUE,TRUE,1,NA,NA,NA,NA,72.5,27.5,Grade E,Grade E,Critical penalty burden,50,22.5
fluid,0.75,1,0.25,0.75,1,TRUE,TRUE,TRUE,TRUE,TRUE,TRUE,1,NA,NA,NA,NA,80,20,Grade E,Grade E,Critical penalty burden,50,30
fluid,1,1,0.25,0.75,1,TRUE,TRUE,TRUE,TRUE,TRUE,TRUE,1,NA,NA,NA,NA,87.5,12.5,Grade E,Grade E,Critical penalty burden,50,37.5
fluid,0,0,0.5,0.75,1,TRUE,TRUE,TRUE,TRUE,TRUE,TRUE,1,NA,NA,NA,NA,45,55,Grade D,Grade D,Score-based certification,50,5
fluid,0.25,0,0.5,0.75,1,TRUE,TRUE,TRUE,TRUE,TRUE,TRUE,1,NA,NA,NA,NA,52.5,47.5,Grade E,Grade E,Critical penalty burden,50,2.5
fluid,0.5,0,0.5,0.75,1,TRUE,TRUE,TRUE,TRUE,TRUE,TRUE,1,NA,NA,NA,NA,60,40,Grade E,Grade E,Critical penalty burden,50,10
fluid,0.75,0,0.5,0.75,1,TRUE,TRUE,TRUE,TRUE,TRUE,TRUE,1,NA,NA,NA,NA,67.5,32.5,Grade E,Grade E,Critical penalty burden,50,17.5
fluid,1,0,0.5,0.75,1,TRUE,TRUE,TRUE,TRUE,TRUE,TRUE,1,NA,NA,NA,NA,75,25,Grade E,Grade E,Critical penalty burden,50,25
fluid,0,0.25,0.5,0.75,1,TRUE,TRUE,TRUE,TRUE,TRUE,TRUE,1,NA,NA,NA,NA,48.75,51.25,Grade D,Grade D,Score-based certification,50,1.25
fluid,0.25,0.25,0.5,0.75,1,TRUE,TRUE,TRUE,TRUE,TRUE,TRUE,1,NA,NA,NA,NA,56.25,43.75,Grade E,Grade E,Critical penalty burden,50,6.25
fluid,0.5,0.25,0.5,0.75,1,TRUE,TRUE,TRUE,TRUE,TRUE,TRUE,1,NA,NA,NA,NA,63.75,36.25,Grade E,Grade E,Critical penalty burden,50,13.75
fluid,0.75,0.25,0.5,0.75,1,TRUE,TRUE,TRUE,TRUE,TRUE,TRUE,1,NA,NA,NA,NA,71.25,28.75,Grade E,Grade E,Critical penalty burden,50,21.25
fluid,1,0.25,0.5,0.75,1,TRUE,TRUE,TRUE,TRUE,TRUE,TRUE,1,NA,NA,NA,NA,78.75,21.25,Grade E,Grade E,Critical penalty burden,50,28.75
fluid,0,0.5,0.5,0.75,1,TRUE,TRUE,TRUE,TRUE,TRUE,TRUE,1,NA,NA,NA,NA,52.5,47.5,Grade E,Grade E,Critical penalty burden,50,2.5
fluid,0.25,0.5,0.5,0.75,1,TRUE,TRUE,TRUE,TRUE,TRUE,TRUE,1,NA,NA,NA,NA,60,40,Grade E,Grade E,Critical penalty burden,50,10
fluid,0.5,0.5,0.5,0.75,1,TRUE,TRUE,TRUE,TRUE,TRUE,TRUE,1,NA,NA,NA,NA,67.5,32.5,Grade E,Grade E,Critical penalty burden,50,17.5
fluid,0.75,0.5,0.5,0.75,1,TRUE,TRUE,TRUE,TRUE,TRUE,TRUE,1,NA,NA,NA,NA,75,25,Grade E,Grade E,Critical penalty burden,50,25
fluid,1,0.5,0.5,0.75,1,TRUE,TRUE,TRUE,TRUE,TRUE,TRUE,1,NA,NA,NA,NA,82.5,17.5,Grade E,Grade E,Critical penalty burden,50,32.5
fluid,0,0.75,0.5,0.75,1,TRUE,TRUE,TRUE,TRUE,TRUE,TRUE,1,NA,NA,NA,NA,56.25,43.75,Grade E,Grade E,Critical penalty burden,50,6.25
fluid,0.25,0.75,0.5,0.75,1,TRUE,TRUE,TRUE,TRUE,TRUE,TRUE,1,NA,NA,NA,NA,63.75,36.25,Grade E,Grade E,Critical penalty burden,50,13.75
fluid,0.5,0.75,0.5,0.75,1,TRUE,TRUE,TRUE,TRUE,TRUE,TRUE,1,NA,NA,NA,NA,71.25,28.75,Grade E,Grade E,Critical penalty burden,50,21.25
fluid,0.75,0.75,0.5,0.75,1,TRUE,TRUE,TRUE,TRUE,TRUE,TRUE,1,NA,NA,NA,NA,78.75,21.25,Grade E,Grade E,Critical penalty burden,50,28.75
fluid,1,0.75,0.5,0.75,1,TRUE,TRUE,TRUE,TRUE,TRUE,TRUE,1,NA,NA,NA,NA,86.25,13.75,Grade E,Grade E,Critical penalty burden,50,36.25
fluid,0,1,0.5,0.75,1,TRUE,TRUE,TRUE,TRUE,TRUE,TRUE,1,NA,NA,NA,NA,60,40,Grade E,Grade E,Critical penalty burden,50,10
fluid,0.25,1,0.5,0.75,1,TRUE,TRUE,TRUE,TRUE,TRUE,TRUE,1,NA,NA,NA,NA,67.5,32.5,Grade E,Grade E,Critical penalty burden,50,17.5
fluid,0.5,1,0.5,0.75,1,TRUE,TRUE,TRUE,TRUE,TRUE,TRUE,1,NA,NA,NA,NA,75,25,Grade E,Grade E,Critical penalty burden,50,25
fluid,0.75,1,0.5,0.75,1,TRUE,TRUE,TRUE,TRUE,TRUE,TRUE,1,NA,NA,NA,NA,82.5,17.5,Grade E,Grade E,Critical penalty burden,50,32.5
fluid,1,1,0.5,0.75,1,TRUE,TRUE,TRUE,TRUE,TRUE,TRUE,1,NA,NA,NA,NA,90,10,Grade E,Grade E,Critical penalty burden,50,40
fluid,0,0,0.75,0.75,1,TRUE,TRUE,TRUE,TRUE,TRUE,TRUE,1,NA,NA,NA,NA,47.5,52.5,Grade D,Grade D,Score-based certification,50,2.5
fluid,0.25,0,0.75,0.75,1,TRUE,TRUE,TRUE,TRUE,TRUE,TRUE,1,NA,NA,NA,NA,55,45,Grade E,Grade E,Critical penalty burden,50,5
fluid,0.5,0,0.75,0.75,1,TRUE,TRUE,TRUE,TRUE,TRUE,TRUE,1,NA,NA,NA,NA,62.5,37.5,Grade E,Grade E,Critical penalty burden,50,12.5
fluid,0.75,0,0.75,0.75,1,TRUE,TRUE,TRUE,TRUE,TRUE,TRUE,1,NA,NA,NA,NA,70,30,Grade E,Grade E,Critical penalty burden,50,20
fluid,1,0,0.75,0.75,1,TRUE,TRUE,TRUE,TRUE,TRUE,TRUE,1,NA,NA,NA,NA,77.5,22.5,Grade E,Grade E,Critical penalty burden,50,27.5
fluid,0,0.25,0.75,0.75,1,TRUE,TRUE,TRUE,TRUE,TRUE,TRUE,1,NA,NA,NA,NA,51.25,48.75,Grade E,Grade E,Critical penalty burden,50,1.25
fluid,0.25,0.25,0.75,0.75,1,TRUE,TRUE,TRUE,TRUE,TRUE,TRUE,1,NA,NA,NA,NA,58.75,41.25,Grade E,Grade E,Critical penalty burden,50,8.75
fluid,0.5,0.25,0.75,0.75,1,TRUE,TRUE,TRUE,TRUE,TRUE,TRUE,1,NA,NA,NA,NA,66.25,33.75,Grade E,Grade E,Critical penalty burden,50,16.25
fluid,0.75,0.25,0.75,0.75,1,TRUE,TRUE,TRUE,TRUE,TRUE,TRUE,1,NA,NA,NA,NA,73.75,26.25,Grade E,Grade E,Critical penalty burden,50,23.75
fluid,1,0.25,0.75,0.75,1,TRUE,TRUE,TRUE,TRUE,TRUE,TRUE,1,NA,NA,NA,NA,81.25,18.75,Grade E,Grade E,Critical penalty burden,50,31.25
fluid,0,0.5,0.75,0.75,1,TRUE,TRUE,TRUE,TRUE,TRUE,TRUE,1,NA,NA,NA,NA,55,45,Grade E,Grade E,Critical penalty burden,50,5
fluid,0.25,0.5,0.75,0.75,1,TRUE,TRUE,TRUE,TRUE,TRUE,TRUE,1,NA,NA,NA,NA,62.5,37.5,Grade E,Grade E,Critical penalty burden,50,12.5
fluid,0.5,0.5,0.75,0.75,1,TRUE,TRUE,TRUE,TRUE,TRUE,TRUE,1,NA,NA,NA,NA,70,30,Grade E,Grade E,Critical penalty burden,50,20
fluid,0.75,0.5,0.75,0.75,1,TRUE,TRUE,TRUE,TRUE,TRUE,TRUE,1,NA,NA,NA,NA,77.5,22.5,Grade E,Grade E,Critical penalty burden,50,27.5
fluid,1,0.5,0.75,0.75,1,TRUE,TRUE,TRUE,TRUE,TRUE,TRUE,1,NA,NA,NA,NA,85,15,Grade E,Grade E,Critical penalty burden,50,35
fluid,0,0.75,0.75,0.75,1,TRUE,TRUE,TRUE,TRUE,TRUE,TRUE,1,NA,NA,NA,NA,58.75,41.25,Grade E,Grade E,Critical penalty burden,50,8.75
fluid,0.25,0.75,0.75,0.75,1,TRUE,TRUE,TRUE,TRUE,TRUE,TRUE,1,NA,NA,NA,NA,66.25,33.75,Grade E,Grade E,Critical penalty burden,50,16.25
fluid,0.5,0.75,0.75,0.75,1,TRUE,TRUE,TRUE,TRUE,TRUE,TRUE,1,NA,NA,NA,NA,73.75,26.25,Grade E,Grade E,Critical penalty burden,50,23.75
fluid,0.75,0.75,0.75,0.75,1,TRUE,TRUE,TRUE,TRUE,TRUE,TRUE,1,NA,NA,NA,NA,81.25,18.75,Grade E,Grade E,Critical penalty burden,50,31.25
fluid,1,0.75,0.75,0.75,1,TRUE,TRUE,TRUE,TRUE,TRUE,TRUE,1,NA,NA,NA,NA,88.75,11.25,Grade E,Grade E,Critical penalty burden,50,38.75
fluid,0,1,0.75,0.75,1,TRUE,TRUE,TRUE,TRUE,TRUE,TRUE,1,NA,NA,NA,NA,62.5,37.5,Grade E,Grade E,Critical penalty burden,50,12.5
fluid,0.25,1,0.75,0.75,1,TRUE,TRUE,TRUE,TRUE,TRUE,TRUE,1,NA,NA,NA,NA,70,30,Grade E,Grade E,Critical penalty burden,50,20
fluid,0.5,1,0.75,0.75,1,TRUE,TRUE,TRUE,TRUE,TRUE,TRUE,1,NA,NA,NA,NA,77.5,22.5,Grade E,Grade E,Critical penalty burden,50,27.5
fluid,0.75,1,0.75,0.75,1,TRUE,TRUE,TRUE,TRUE,TRUE,TRUE,1,NA,NA,NA,NA,85,15,Grade E,Grade E,Critical penalty burden,50,35
fluid,1,1,0.75,0.75,1,TRUE,TRUE,TRUE,TRUE,TRUE,TRUE,1,NA,NA,NA,NA,92.5,7.5,Grade E,Grade E,Critical penalty burden,50,42.5
fluid,0,0,1,0.75,1,TRUE,TRUE,TRUE,TRUE,TRUE,TRUE,1,NA,NA,NA,NA,50,50,Grade D,Grade D,Score-based certification,50,0
fluid,0.25,0,1,0.75,1,TRUE,TRUE,TRUE,TRUE,TRUE,TRUE,1,NA,NA,NA,NA,57.5,42.5,Grade E,Grade E,Critical penalty burden,50,7.5
fluid,0.5,0,1,0.75,1,TRUE,TRUE,TRUE,TRUE,TRUE,TRUE,1,NA,NA,NA,NA,65,35,Grade E,Grade E,Critical penalty burden,50,15
fluid,0.75,0,1,0.75,1,TRUE,TRUE,TRUE,TRUE,TRUE,TRUE,1,NA,NA,NA,NA,72.5,27.5,Grade E,Grade E,Critical penalty burden,50,22.5
fluid,1,0,1,0.75,1,TRUE,TRUE,TRUE,TRUE,TRUE,TRUE,1,NA,NA,NA,NA,80,20,Grade E,Grade E,Critical penalty burden,50,30
fluid,0,0.25,1,0.75,1,TRUE,TRUE,TRUE,TRUE,TRUE,TRUE,1,NA,NA,NA,NA,53.75,46.25,Grade E,Grade E,Critical penalty burden,50,3.75
fluid,0.25,0.25,1,0.75,1,TRUE,TRUE,TRUE,TRUE,TRUE,TRUE,1,NA,NA,NA,NA,61.25,38.75,Grade E,Grade E,Critical penalty burden,50,11.25
fluid,0.5,0.25,1,0.75,1,TRUE,TRUE,TRUE,TRUE,TRUE,TRUE,1,NA,NA,NA,NA,68.75,31.25,Grade E,Grade E,Critical penalty burden,50,18.75
fluid,0.75,0.25,1,0.75,1,TRUE,TRUE,TRUE,TRUE,TRUE,TRUE,1,NA,NA,NA,NA,76.25,23.75,Grade E,Grade E,Critical penalty burden,50,26.25
fluid,1,0.25,1,0.75,1,TRUE,TRUE,TRUE,TRUE,TRUE,TRUE,1,NA,NA,NA,NA,83.75,16.25,Grade E,Grade E,Critical penalty burden,50,33.75
fluid,0,0.5,1,0.75,1,TRUE,TRUE,TRUE,TRUE,TRUE,TRUE,1,NA,NA,NA,NA,57.5,42.5,Grade E,Grade E,Critical penalty burden,50,7.5
fluid,0.25,0.5,1,0.75,1,TRUE,TRUE,TRUE,TRUE,TRUE,TRUE,1,NA,NA,NA,NA,65,35,Grade E,Grade E,Critical penalty burden,50,15
fluid,0.5,0.5,1,0.75,1,TRUE,TRUE,TRUE,TRUE,TRUE,TRUE,1,NA,NA,NA,NA,72.5,27.5,Grade E,Grade E,Critical penalty burden,50,22.5
fluid,0.75,0.5,1,0.75,1,TRUE,TRUE,TRUE,TRUE,TRUE,TRUE,1,NA,NA,NA,NA,80,20,Grade E,Grade E,Critical penalty burden,50,30
fluid,1,0.5,1,0.75,1,TRUE,TRUE,TRUE,TRUE,TRUE,TRUE,1,NA,NA,NA,NA,87.5,12.5,Grade E,Grade E,Critical penalty burden,50,37.5
fluid,0,0.75,1,0.75,1,TRUE,TRUE,TRUE,TRUE,TRUE,TRUE,1,NA,NA,NA,NA,61.25,38.75,Grade E,Grade E,Critical penalty burden,50,11.25
fluid,0.25,0.75,1,0.75,1,TRUE,TRUE,TRUE,TRUE,TRUE,TRUE,1,NA,NA,NA,NA,68.75,31.25,Grade E,Grade E,Critical penalty burden,50,18.75
fluid,0.5,0.75,1,0.75,1,TRUE,TRUE,TRUE,TRUE,TRUE,TRUE,1,NA,NA,NA,NA,76.25,23.75,Grade E,Grade E,Critical penalty burden,50,26.25
fluid,0.75,0.75,1,0.75,1,TRUE,TRUE,TRUE,TRUE,TRUE,TRUE,1,NA,NA,NA,NA,83.75,16.25,Grade E,Grade E,Critical penalty burden,50,33.75
fluid,1,0.75,1,0.75,1,TRUE,TRUE,TRUE,TRUE,TRUE,TRUE,1,NA,NA,NA,NA,91.25,8.75,Grade E,Grade E,Critical penalty burden,50,41.25
fluid,0,1,1,0.75,1,TRUE,TRUE,TRUE,TRUE,TRUE,TRUE,1,NA,NA,NA,NA,65,35,Grade E,Grade E,Critical penalty burden,50,15
fluid,0.25,1,1,0.75,1,TRUE,TRUE,TRUE,TRUE,TRUE,TRUE,1,NA,NA,NA,NA,72.5,27.5,Grade E,Grade E,Critical penalty burden,50,22.5
fluid,0.5,1,1,0.75,1,TRUE,TRUE,TRUE,TRUE,TRUE,TRUE,1,NA,NA,NA,NA,80,20,Grade E,Grade E,Critical penalty burden,50,30
fluid,0.75,1,1,0.75,1,TRUE,TRUE,TRUE,TRUE,TRUE,TRUE,1,NA,NA,NA,NA,87.5,12.5,Grade E,Grade E,Critical penalty burden,50,37.5
fluid,1,1,1,0.75,1,TRUE,TRUE,TRUE,TRUE,TRUE,TRUE,1,NA,NA,NA,NA,95,5,Grade E,Grade E,Critical penalty burden,50,45
fluid,0,0,0,1,1,TRUE,TRUE,TRUE,TRUE,TRUE,TRUE,1,NA,NA,NA,NA,45,55,Grade D,Grade D,Score-based certification,50,5
fluid,0.25,0,0,1,1,TRUE,TRUE,TRUE,TRUE,TRUE,TRUE,1,NA,NA,NA,NA,52.5,47.5,Grade E,Grade E,Critical penalty burden,50,2.5
fluid,0.5,0,0,1,1,TRUE,TRUE,TRUE,TRUE,TRUE,TRUE,1,NA,NA,NA,NA,60,40,Grade E,Grade E,Critical penalty burden,50,10
fluid,0.75,0,0,1,1,TRUE,TRUE,TRUE,TRUE,TRUE,TRUE,1,NA,NA,NA,NA,67.5,32.5,Grade E,Grade E,Critical penalty burden,50,17.5
fluid,1,0,0,1,1,TRUE,TRUE,TRUE,TRUE,TRUE,TRUE,1,NA,NA,NA,NA,75,25,Grade E,Grade E,Critical penalty burden,50,25
fluid,0,0.25,0,1,1,TRUE,TRUE,TRUE,TRUE,TRUE,TRUE,1,NA,NA,NA,NA,48.75,51.25,Grade D,Grade D,Score-based certification,50,1.25
fluid,0.25,0.25,0,1,1,TRUE,TRUE,TRUE,TRUE,TRUE,TRUE,1,NA,NA,NA,NA,56.25,43.75,Grade E,Grade E,Critical penalty burden,50,6.25
fluid,0.5,0.25,0,1,1,TRUE,TRUE,TRUE,TRUE,TRUE,TRUE,1,NA,NA,NA,NA,63.75,36.25,Grade E,Grade E,Critical penalty burden,50,13.75
fluid,0.75,0.25,0,1,1,TRUE,TRUE,TRUE,TRUE,TRUE,TRUE,1,NA,NA,NA,NA,71.25,28.75,Grade E,Grade E,Critical penalty burden,50,21.25
fluid,1,0.25,0,1,1,TRUE,TRUE,TRUE,TRUE,TRUE,TRUE,1,NA,NA,NA,NA,78.75,21.25,Grade E,Grade E,Critical penalty burden,50,28.75
fluid,0,0.5,0,1,1,TRUE,TRUE,TRUE,TRUE,TRUE,TRUE,1,NA,NA,NA,NA,52.5,47.5,Grade E,Grade E,Critical penalty burden,50,2.5
fluid,0.25,0.5,0,1,1,TRUE,TRUE,TRUE,TRUE,TRUE,TRUE,1,NA,NA,NA,NA,60,40,Grade E,Grade E,Critical penalty burden,50,10
fluid,0.5,0.5,0,1,1,TRUE,TRUE,TRUE,TRUE,TRUE,TRUE,1,NA,NA,NA,NA,67.5,32.5,Grade E,Grade E,Critical penalty burden,50,17.5
fluid,0.75,0.5,0,1,1,TRUE,TRUE,TRUE,TRUE,TRUE,TRUE,1,NA,NA,NA,NA,75,25,Grade E,Grade E,Critical penalty burden,50,25
fluid,1,0.5,0,1,1,TRUE,TRUE,TRUE,TRUE,TRUE,TRUE,1,NA,NA,NA,NA,82.5,17.5,Grade E,Grade E,Critical penalty burden,50,32.5
fluid,0,0.75,0,1,1,TRUE,TRUE,TRUE,TRUE,TRUE,TRUE,1,NA,NA,NA,NA,56.25,43.75,Grade E,Grade E,Critical penalty burden,50,6.25
fluid,0.25,0.75,0,1,1,TRUE,TRUE,TRUE,TRUE,TRUE,TRUE,1,NA,NA,NA,NA,63.75,36.25,Grade E,Grade E,Critical penalty burden,50,13.75
fluid,0.5,0.75,0,1,1,TRUE,TRUE,TRUE,TRUE,TRUE,TRUE,1,NA,NA,NA,NA,71.25,28.75,Grade E,Grade E,Critical penalty burden,50,21.25
fluid,0.75,0.75,0,1,1,TRUE,TRUE,TRUE,TRUE,TRUE,TRUE,1,NA,NA,NA,NA,78.75,21.25,Grade E,Grade E,Critical penalty burden,50,28.75
fluid,1,0.75,0,1,1,TRUE,TRUE,TRUE,TRUE,TRUE,TRUE,1,NA,NA,NA,NA,86.25,13.75,Grade E,Grade E,Critical penalty burden,50,36.25
fluid,0,1,0,1,1,TRUE,TRUE,TRUE,TRUE,TRUE,TRUE,1,NA,NA,NA,NA,60,40,Grade E,Grade E,Critical penalty burden,50,10
fluid,0.25,1,0,1,1,TRUE,TRUE,TRUE,TRUE,TRUE,TRUE,1,NA,NA,NA,NA,67.5,32.5,Grade E,Grade E,Critical penalty burden,50,17.5
fluid,0.5,1,0,1,1,TRUE,TRUE,TRUE,TRUE,TRUE,TRUE,1,NA,NA,NA,NA,75,25,Grade E,Grade E,Critical penalty burden,50,25
fluid,0.75,1,0,1,1,TRUE,TRUE,TRUE,TRUE,TRUE,TRUE,1,NA,NA,NA,NA,82.5,17.5,Grade E,Grade E,Critical penalty burden,50,32.5
fluid,1,1,0,1,1,TRUE,TRUE,TRUE,TRUE,TRUE,TRUE,1,NA,NA,NA,NA,90,10,Grade E,Grade E,Critical penalty burden,50,40
fluid,0,0,0.25,1,1,TRUE,TRUE,TRUE,TRUE,TRUE,TRUE,1,NA,NA,NA,NA,47.5,52.5,Grade D,Grade D,Score-based certification,50,2.5
fluid,0.25,0,0.25,1,1,TRUE,TRUE,TRUE,TRUE,TRUE,TRUE,1,NA,NA,NA,NA,55,45,Grade E,Grade E,Critical penalty burden,50,5
fluid,0.5,0,0.25,1,1,TRUE,TRUE,TRUE,TRUE,TRUE,TRUE,1,NA,NA,NA,NA,62.5,37.5,Grade E,Grade E,Critical penalty burden,50,12.5
fluid,0.75,0,0.25,1,1,TRUE,TRUE,TRUE,TRUE,TRUE,TRUE,1,NA,NA,NA,NA,70,30,Grade E,Grade E,Critical penalty burden,50,20
fluid,1,0,0.25,1,1,TRUE,TRUE,TRUE,TRUE,TRUE,TRUE,1,NA,NA,NA,NA,77.5,22.5,Grade E,Grade E,Critical penalty burden,50,27.5
fluid,0,0.25,0.25,1,1,TRUE,TRUE,TRUE,TRUE,TRUE,TRUE,1,NA,NA,NA,NA,51.25,48.75,Grade E,Grade E,Critical penalty burden,50,1.25
fluid,0.25,0.25,0.25,1,1,TRUE,TRUE,TRUE,TRUE,TRUE,TRUE,1,NA,NA,NA,NA,58.75,41.25,Grade E,Grade E,Critical penalty burden,50,8.75
fluid,0.5,0.25,0.25,1,1,TRUE,TRUE,TRUE,TRUE,TRUE,TRUE,1,NA,NA,NA,NA,66.25,33.75,Grade E,Grade E,Critical penalty burden,50,16.25
fluid,0.75,0.25,0.25,1,1,TRUE,TRUE,TRUE,TRUE,TRUE,TRUE,1,NA,NA,NA,NA,73.75,26.25,Grade E,Grade E,Critical penalty burden,50,23.75
fluid,1,0.25,0.25,1,1,TRUE,TRUE,TRUE,TRUE,TRUE,TRUE,1,NA,NA,NA,NA,81.25,18.75,Grade E,Grade E,Critical penalty burden,50,31.25
fluid,0,0.5,0.25,1,1,TRUE,TRUE,TRUE,TRUE,TRUE,TRUE,1,NA,NA,NA,NA,55,45,Grade E,Grade E,Critical penalty burden,50,5
fluid,0.25,0.5,0.25,1,1,TRUE,TRUE,TRUE,TRUE,TRUE,TRUE,1,NA,NA,NA,NA,62.5,37.5,Grade E,Grade E,Critical penalty burden,50,12.5
fluid,0.5,0.5,0.25,1,1,TRUE,TRUE,TRUE,TRUE,TRUE,TRUE,1,NA,NA,NA,NA,70,30,Grade E,Grade E,Critical penalty burden,50,20
fluid,0.75,0.5,0.25,1,1,TRUE,TRUE,TRUE,TRUE,TRUE,TRUE,1,NA,NA,NA,NA,77.5,22.5,Grade E,Grade E,Critical penalty burden,50,27.5
fluid,1,0.5,0.25,1,1,TRUE,TRUE,TRUE,TRUE,TRUE,TRUE,1,NA,NA,NA,NA,85,15,Grade E,Grade E,Critical penalty burden,50,35
fluid,0,0.75,0.25,1,1,TRUE,TRUE,TRUE,TRUE,TRUE,TRUE,1,NA,NA,NA,NA,58.75,41.25,Grade E,Grade E,Critical penalty burden,50,8.75
fluid,0.25,0.75,0.25,1,1,TRUE,TRUE,TRUE,TRUE,TRUE,TRUE,1,NA,NA,NA,NA,66.25,33.75,Grade E,Grade E,Critical penalty burden,50,16.25
fluid,0.5,0.75,0.25,1,1,TRUE,TRUE,TRUE,TRUE,TRUE,TRUE,1,NA,NA,NA,NA,73.75,26.25,Grade E,Grade E,Critical penalty burden,50,23.75
fluid,0.75,0.75,0.25,1,1,TRUE,TRUE,TRUE,TRUE,TRUE,TRUE,1,NA,NA,NA,NA,81.25,18.75,Grade E,Grade E,Critical penalty burden,50,31.25
fluid,1,0.75,0.25,1,1,TRUE,TRUE,TRUE,TRUE,TRUE,TRUE,1,NA,NA,NA,NA,88.75,11.25,Grade E,Grade E,Critical penalty burden,50,38.75
fluid,0,1,0.25,1,1,TRUE,TRUE,TRUE,TRUE,TRUE,TRUE,1,NA,NA,NA,NA,62.5,37.5,Grade E,Grade E,Critical penalty burden,50,12.5
fluid,0.25,1,0.25,1,1,TRUE,TRUE,TRUE,TRUE,TRUE,TRUE,1,NA,NA,NA,NA,70,30,Grade E,Grade E,Critical penalty burden,50,20
fluid,0.5,1,0.25,1,1,TRUE,TRUE,TRUE,TRUE,TRUE,TRUE,1,NA,NA,NA,NA,77.5,22.5,Grade E,Grade E,Critical penalty burden,50,27.5
fluid,0.75,1,0.25,1,1,TRUE,TRUE,TRUE,TRUE,TRUE,TRUE,1,NA,NA,NA,NA,85,15,Grade E,Grade E,Critical penalty burden,50,35
fluid,1,1,0.25,1,1,TRUE,TRUE,TRUE,TRUE,TRUE,TRUE,1,NA,NA,NA,NA,92.5,7.5,Grade E,Grade E,Critical penalty burden,50,42.5
fluid,0,0,0.5,1,1,TRUE,TRUE,TRUE,TRUE,TRUE,TRUE,1,NA,NA,NA,NA,50,50,Grade D,Grade D,Score-based certification,50,0
fluid,0.25,0,0.5,1,1,TRUE,TRUE,TRUE,TRUE,TRUE,TRUE,1,NA,NA,NA,NA,57.5,42.5,Grade E,Grade E,Critical penalty burden,50,7.5
fluid,0.5,0,0.5,1,1,TRUE,TRUE,TRUE,TRUE,TRUE,TRUE,1,NA,NA,NA,NA,65,35,Grade E,Grade E,Critical penalty burden,50,15
fluid,0.75,0,0.5,1,1,TRUE,TRUE,TRUE,TRUE,TRUE,TRUE,1,NA,NA,NA,NA,72.5,27.5,Grade E,Grade E,Critical penalty burden,50,22.5
fluid,1,0,0.5,1,1,TRUE,TRUE,TRUE,TRUE,TRUE,TRUE,1,NA,NA,NA,NA,80,20,Grade E,Grade E,Critical penalty burden,50,30
fluid,0,0.25,0.5,1,1,TRUE,TRUE,TRUE,TRUE,TRUE,TRUE,1,NA,NA,NA,NA,53.75,46.25,Grade E,Grade E,Critical penalty burden,50,3.75
fluid,0.25,0.25,0.5,1,1,TRUE,TRUE,TRUE,TRUE,TRUE,TRUE,1,NA,NA,NA,NA,61.25,38.75,Grade E,Grade E,Critical penalty burden,50,11.25
fluid,0.5,0.25,0.5,1,1,TRUE,TRUE,TRUE,TRUE,TRUE,TRUE,1,NA,NA,NA,NA,68.75,31.25,Grade E,Grade E,Critical penalty burden,50,18.75
fluid,0.75,0.25,0.5,1,1,TRUE,TRUE,TRUE,TRUE,TRUE,TRUE,1,NA,NA,NA,NA,76.25,23.75,Grade E,Grade E,Critical penalty burden,50,26.25
fluid,1,0.25,0.5,1,1,TRUE,TRUE,TRUE,TRUE,TRUE,TRUE,1,NA,NA,NA,NA,83.75,16.25,Grade E,Grade E,Critical penalty burden,50,33.75
fluid,0,0.5,0.5,1,1,TRUE,TRUE,TRUE,TRUE,TRUE,TRUE,1,NA,NA,NA,NA,57.5,42.5,Grade E,Grade E,Critical penalty burden,50,7.5
fluid,0.25,0.5,0.5,1,1,TRUE,TRUE,TRUE,TRUE,TRUE,TRUE,1,NA,NA,NA,NA,65,35,Grade E,Grade E,Critical penalty burden,50,15
fluid,0.5,0.5,0.5,1,1,TRUE,TRUE,TRUE,TRUE,TRUE,TRUE,1,NA,NA,NA,NA,72.5,27.5,Grade E,Grade E,Critical penalty burden,50,22.5
fluid,0.75,0.5,0.5,1,1,TRUE,TRUE,TRUE,TRUE,TRUE,TRUE,1,NA,NA,NA,NA,80,20,Grade E,Grade E,Critical penalty burden,50,30
fluid,1,0.5,0.5,1,1,TRUE,TRUE,TRUE,TRUE,TRUE,TRUE,1,NA,NA,NA,NA,87.5,12.5,Grade E,Grade E,Critical penalty burden,50,37.5
fluid,0,0.75,0.5,1,1,TRUE,TRUE,TRUE,TRUE,TRUE,TRUE,1,NA,NA,NA,NA,61.25,38.75,Grade E,Grade E,Critical penalty burden,50,11.25
fluid,0.25,0.75,0.5,1,1,TRUE,TRUE,TRUE,TRUE,TRUE,TRUE,1,NA,NA,NA,NA,68.75,31.25,Grade E,Grade E,Critical penalty burden,50,18.75
fluid,0.5,0.75,0.5,1,1,TRUE,TRUE,TRUE,TRUE,TRUE,TRUE,1,NA,NA,NA,NA,76.25,23.75,Grade E,Grade E,Critical penalty burden,50,26.25
fluid,0.75,0.75,0.5,1,1,TRUE,TRUE,TRUE,TRUE,TRUE,TRUE,1,NA,NA,NA,NA,83.75,16.25,Grade E,Grade E,Critical penalty burden,50,33.75
fluid,1,0.75,0.5,1,1,TRUE,TRUE,TRUE,TRUE,TRUE,TRUE,1,NA,NA,NA,NA,91.25,8.75,Grade E,Grade E,Critical penalty burden,50,41.25
fluid,0,1,0.5,1,1,TRUE,TRUE,TRUE,TRUE,TRUE,TRUE,1,NA,NA,NA,NA,65,35,Grade E,Grade E,Critical penalty burden,50,15
fluid,0.25,1,0.5,1,1,TRUE,TRUE,TRUE,TRUE,TRUE,TRUE,1,NA,NA,NA,NA,72.5,27.5,Grade E,Grade E,Critical penalty burden,50,22.5
fluid,0.5,1,0.5,1,1,TRUE,TRUE,TRUE,TRUE,TRUE,TRUE,1,NA,NA,NA,NA,80,20,Grade E,Grade E,Critical penalty burden,50,30
fluid,0.75,1,0.5,1,1,TRUE,TRUE,TRUE,TRUE,TRUE,TRUE,1,NA,NA,NA,NA,87.5,12.5,Grade E,Grade E,Critical penalty burden,50,37.5
fluid,1,1,0.5,1,1,TRUE,TRUE,TRUE,TRUE,TRUE,TRUE,1,NA,NA,NA,NA,95,5,Grade E,Grade E,Critical penalty burden,50,45
fluid,0,0,0.75,1,1,TRUE,TRUE,TRUE,TRUE,TRUE,TRUE,1,NA,NA,NA,NA,52.5,47.5,Grade E,Grade E,Critical penalty burden,50,2.5
fluid,0.25,0,0.75,1,1,TRUE,TRUE,TRUE,TRUE,TRUE,TRUE,1,NA,NA,NA,NA,60,40,Grade E,Grade E,Critical penalty burden,50,10
fluid,0.5,0,0.75,1,1,TRUE,TRUE,TRUE,TRUE,TRUE,TRUE,1,NA,NA,NA,NA,67.5,32.5,Grade E,Grade E,Critical penalty burden,50,17.5
fluid,0.75,0,0.75,1,1,TRUE,TRUE,TRUE,TRUE,TRUE,TRUE,1,NA,NA,NA,NA,75,25,Grade E,Grade E,Critical penalty burden,50,25
fluid,1,0,0.75,1,1,TRUE,TRUE,TRUE,TRUE,TRUE,TRUE,1,NA,NA,NA,NA,82.5,17.5,Grade E,Grade E,Critical penalty burden,50,32.5
fluid,0,0.25,0.75,1,1,TRUE,TRUE,TRUE,TRUE,TRUE,TRUE,1,NA,NA,NA,NA,56.25,43.75,Grade E,Grade E,Critical penalty burden,50,6.25
fluid,0.25,0.25,0.75,1,1,TRUE,TRUE,TRUE,TRUE,TRUE,TRUE,1,NA,NA,NA,NA,63.75,36.25,Grade E,Grade E,Critical penalty burden,50,13.75
fluid,0.5,0.25,0.75,1,1,TRUE,TRUE,TRUE,TRUE,TRUE,TRUE,1,NA,NA,NA,NA,71.25,28.75,Grade E,Grade E,Critical penalty burden,50,21.25
fluid,0.75,0.25,0.75,1,1,TRUE,TRUE,TRUE,TRUE,TRUE,TRUE,1,NA,NA,NA,NA,78.75,21.25,Grade E,Grade E,Critical penalty burden,50,28.75
fluid,1,0.25,0.75,1,1,TRUE,TRUE,TRUE,TRUE,TRUE,TRUE,1,NA,NA,NA,NA,86.25,13.75,Grade E,Grade E,Critical penalty burden,50,36.25
fluid,0,0.5,0.75,1,1,TRUE,TRUE,TRUE,TRUE,TRUE,TRUE,1,NA,NA,NA,NA,60,40,Grade E,Grade E,Critical penalty burden,50,10
fluid,0.25,0.5,0.75,1,1,TRUE,TRUE,TRUE,TRUE,TRUE,TRUE,1,NA,NA,NA,NA,67.5,32.5,Grade E,Grade E,Critical penalty burden,50,17.5
fluid,0.5,0.5,0.75,1,1,TRUE,TRUE,TRUE,TRUE,TRUE,TRUE,1,NA,NA,NA,NA,75,25,Grade E,Grade E,Critical penalty burden,50,25
fluid,0.75,0.5,0.75,1,1,TRUE,TRUE,TRUE,TRUE,TRUE,TRUE,1,NA,NA,NA,NA,82.5,17.5,Grade E,Grade E,Critical penalty burden,50,32.5
fluid,1,0.5,0.75,1,1,TRUE,TRUE,TRUE,TRUE,TRUE,TRUE,1,NA,NA,NA,NA,90,10,Grade E,Grade E,Critical penalty burden,50,40
fluid,0,0.75,0.75,1,1,TRUE,TRUE,TRUE,TRUE,TRUE,TRUE,1,NA,NA,NA,NA,63.75,36.25,Grade E,Grade E,Critical penalty burden,50,13.75
fluid,0.25,0.75,0.75,1,1,TRUE,TRUE,TRUE,TRUE,TRUE,TRUE,1,NA,NA,NA,NA,71.25,28.75,Grade E,Grade E,Critical penalty burden,50,21.25
fluid,0.5,0.75,0.75,1,1,TRUE,TRUE,TRUE,TRUE,TRUE,TRUE,1,NA,NA,NA,NA,78.75,21.25,Grade E,Grade E,Critical penalty burden,50,28.75
fluid,0.75,0.75,0.75,1,1,TRUE,TRUE,TRUE,TRUE,TRUE,TRUE,1,NA,NA,NA,NA,86.25,13.75,Grade E,Grade E,Critical penalty burden,50,36.25
fluid,1,0.75,0.75,1,1,TRUE,TRUE,TRUE,TRUE,TRUE,TRUE,1,NA,NA,NA,NA,93.75,6.25,Grade E,Grade E,Critical penalty burden,50,43.75
fluid,0,1,0.75,1,1,TRUE,TRUE,TRUE,TRUE,TRUE,TRUE,1,NA,NA,NA,NA,67.5,32.5,Grade E,Grade E,Critical penalty burden,50,17.5
fluid,0.25,1,0.75,1,1,TRUE,TRUE,TRUE,TRUE,TRUE,TRUE,1,NA,NA,NA,NA,75,25,Grade E,Grade E,Critical penalty burden,50,25
fluid,0.5,1,0.75,1,1,TRUE,TRUE,TRUE,TRUE,TRUE,TRUE,1,NA,NA,NA,NA,82.5,17.5,Grade E,Grade E,Critical penalty burden,50,32.5
fluid,0.75,1,0.75,1,1,TRUE,TRUE,TRUE,TRUE,TRUE,TRUE,1,NA,NA,NA,NA,90,10,Grade E,Grade E,Critical penalty burden,50,40
fluid,1,1,0.75,1,1,TRUE,TRUE,TRUE,TRUE,TRUE,TRUE,1,NA,NA,NA,NA,97.5,2.5,Grade E,Grade E,Critical penalty burden,50,47.5
fluid,0,0,1,1,1,TRUE,TRUE,TRUE,TRUE,TRUE,TRUE,1,NA,NA,NA,NA,55,45,Grade E,Grade E,Critical penalty burden,50,5
fluid,0.25,0,1,1,1,TRUE,TRUE,TRUE,TRUE,TRUE,TRUE,1,NA,NA,NA,NA,62.5,37.5,Grade E,Grade E,Critical penalty burden,50,12.5
fluid,0.5,0,1,1,1,TRUE,TRUE,TRUE,TRUE,TRUE,TRUE,1,NA,NA,NA,NA,70,30,Grade E,Grade E,Critical penalty burden,50,20
fluid,0.75,0,1,1,1,TRUE,TRUE,TRUE,TRUE,TRUE,TRUE,1,NA,NA,NA,NA,77.5,22.5,Grade E,Grade E,Critical penalty burden,50,27.5
fluid,1,0,1,1,1,TRUE,TRUE,TRUE,TRUE,TRUE,TRUE,1,NA,NA,NA,NA,85,15,Grade E,Grade E,Critical penalty burden,50,35
fluid,0,0.25,1,1,1,TRUE,TRUE,TRUE,TRUE,TRUE,TRUE,1,NA,NA,NA,NA,58.75,41.25,Grade E,Grade E,Critical penalty burden,50,8.75
fluid,0.25,0.25,1,1,1,TRUE,TRUE,TRUE,TRUE,TRUE,TRUE,1,NA,NA,NA,NA,66.25,33.75,Grade E,Grade E,Critical penalty burden,50,16.25
fluid,0.5,0.25,1,1,1,TRUE,TRUE,TRUE,TRUE,TRUE,TRUE,1,NA,NA,NA,NA,73.75,26.25,Grade E,Grade E,Critical penalty burden,50,23.75
fluid,0.75,0.25,1,1,1,TRUE,TRUE,TRUE,TRUE,TRUE,TRUE,1,NA,NA,NA,NA,81.25,18.75,Grade E,Grade E,Critical penalty burden,50,31.25
fluid,1,0.25,1,1,1,TRUE,TRUE,TRUE,TRUE,TRUE,TRUE,1,NA,NA,NA,NA,88.75,11.25,Grade E,Grade E,Critical penalty burden,50,38.75
fluid,0,0.5,1,1,1,TRUE,TRUE,TRUE,TRUE,TRUE,TRUE,1,NA,NA,NA,NA,62.5,37.5,Grade E,Grade E,Critical penalty burden,50,12.5
fluid,0.25,0.5,1,1,1,TRUE,TRUE,TRUE,TRUE,TRUE,TRUE,1,NA,NA,NA,NA,70,30,Grade E,Grade E,Critical penalty burden,50,20
fluid,0.5,0.5,1,1,1,TRUE,TRUE,TRUE,TRUE,TRUE,TRUE,1,NA,NA,NA,NA,77.5,22.5,Grade E,Grade E,Critical penalty burden,50,27.5
fluid,0.75,0.5,1,1,1,TRUE,TRUE,TRUE,TRUE,TRUE,TRUE,1,NA,NA,NA,NA,85,15,Grade E,Grade E,Critical penalty burden,50,35
fluid,1,0.5,1,1,1,TRUE,TRUE,TRUE,TRUE,TRUE,TRUE,1,NA,NA,NA,NA,92.5,7.5,Grade E,Grade E,Critical penalty burden,50,42.5
fluid,0,0.75,1,1,1,TRUE,TRUE,TRUE,TRUE,TRUE,TRUE,1,NA,NA,NA,NA,66.25,33.75,Grade E,Grade E,Critical penalty burden,50,16.25
fluid,0.25,0.75,1,1,1,TRUE,TRUE,TRUE,TRUE,TRUE,TRUE,1,NA,NA,NA,NA,73.75,26.25,Grade E,Grade E,Critical penalty burden,50,23.75
fluid,0.5,0.75,1,1,1,TRUE,TRUE,TRUE,TRUE,TRUE,TRUE,1,NA,NA,NA,NA,81.25,18.75,Grade E,Grade E,Critical penalty burden,50,31.25
fluid,0.75,0.75,1,1,1,TRUE,TRUE,TRUE,TRUE,TRUE,TRUE,1,NA,NA,NA,NA,88.75,11.25,Grade E,Grade E,Critical penalty burden,50,38.75
fluid,1,0.75,1,1,1,TRUE,TRUE,TRUE,TRUE,TRUE,TRUE,1,NA,NA,NA,NA,96.25,3.75,Grade E,Grade E,Critical penalty burden,50,46.25
fluid,0,1,1,1,1,TRUE,TRUE,TRUE,TRUE,TRUE,TRUE,1,NA,NA,NA,NA,70,30,Grade E,Grade E,Critical penalty burden,50,20
fluid,0.25,1,1,1,1,TRUE,TRUE,TRUE,TRUE,TRUE,TRUE,1,NA,NA,NA,NA,77.5,22.5,Grade E,Grade E,Critical penalty burden,50,27.5
fluid,0.5,1,1,1,1,TRUE,TRUE,TRUE,TRUE,TRUE,TRUE,1,NA,NA,NA,NA,85,15,Grade E,Grade E,Critical penalty burden,50,35
fluid,0.75,1,1,1,1,TRUE,TRUE,TRUE,TRUE,TRUE,TRUE,1,NA,NA,NA,NA,92.5,7.5,Grade E,Grade E,Critical penalty burden,50,42.5
fluid,1,1,1,1,1,TRUE,TRUE,TRUE,TRUE,TRUE,TRUE,1,NA,NA,NA,NA,100,0,Grade E,Grade E,Critical penalty burden,50,50
solid,NA,NA,NA,NA,0,TRUE,TRUE,TRUE,TRUE,TRUE,TRUE,1,0,0,0,0,0,100,Grade A,Grade A,Score-based certification,10,10
solid,NA,NA,NA,NA,0,TRUE,TRUE,TRUE,TRUE,TRUE,TRUE,1,0.25,0,0,0,6.25,93.75,Grade A,Grade A,Score-based certification,10,3.75
solid,NA,NA,NA,NA,0,TRUE,TRUE,TRUE,TRUE,TRUE,TRUE,1,0.5,0,0,0,12.5,87.5,Grade B,Grade B,Score-based certification,10,2.5
solid,NA,NA,NA,NA,0,TRUE,TRUE,TRUE,TRUE,TRUE,TRUE,1,0.75,0,0,0,18.75,81.25,Grade B,Grade B,Score-based certification,20,1.25
solid,NA,NA,NA,NA,0,TRUE,TRUE,TRUE,TRUE,TRUE,TRUE,1,1,0,0,0,25,75,Grade C,Grade C,Score-based certification,20,5
solid,NA,NA,NA,NA,0,TRUE,TRUE,TRUE,TRUE,TRUE,TRUE,1,0,0.25,0,0,6.25,93.75,Grade A,Grade A,Score-based certification,10,3.75
solid,NA,NA,NA,NA,0,TRUE,TRUE,TRUE,TRUE,TRUE,TRUE,1,0.25,0.25,0,0,12.5,87.5,Grade B,Grade B,Score-based certification,10,2.5
solid,NA,NA,NA,NA,0,TRUE,TRUE,TRUE,TRUE,TRUE,TRUE,1,0.5,0.25,0,0,18.75,81.25,Grade B,Grade B,Score-based certification,20,1.25
solid,NA,NA,NA,NA,0,TRUE,TRUE,TRUE,TRUE,TRUE,TRUE,1,0.75,0.25,0,0,25,75,Grade C,Grade C,Score-based certification,20,5
solid,NA,NA,NA,NA,0,TRUE,TRUE,TRUE,TRUE,TRUE,TRUE,1,1,0.25,0,0,31.25,68.75,Grade C,Grade C,Score-based certification,35,3.75
solid,NA,NA,NA,NA,0,TRUE,TRUE,TRUE,TRUE,TRUE,TRUE,1,0,0.5,0,0,12.5,87.5,Grade B,Grade B,Score-based certification,10,2.5
solid,NA,NA,NA,NA,0,TRUE,TRUE,TRUE,TRUE,TRUE,TRUE,1,0.25,0.5,0,0,18.75,81.25,Grade B,Grade B,Score-based certification,20,1.25
solid,NA,NA,NA,NA,0,TRUE,TRUE,TRUE,TRUE,TRUE,TRUE,1,0.5,0.5,0,0,25,75,Grade C,Grade C,Score-based certification,20,5
solid,NA,NA,NA,NA,0,TRUE,TRUE,TRUE,TRUE,TRUE,TRUE,1,0.75,0.5,0,0,31.25,68.75,Grade C,Grade C,Score-based certification,35,3.75
solid,NA,NA,NA,NA,0,TRUE,TRUE,TRUE,TRUE,TRUE,TRUE,1,1,0.5,0,0,37.5,62.5,Grade D,Grade D,Score-based certification,35,2.5
solid,NA,NA,NA,NA,0,TRUE,TRUE,TRUE,TRUE,TRUE,TRUE,1,0,0.75,0,0,18.75,81.25,Grade B,Grade B,Score-based certification,20,1.25
solid,NA,NA,NA,NA,0,TRUE,TRUE,TRUE,TRUE,TRUE,TRUE,1,0.25,0.75,0,0,25,75,Grade C,Grade C,Score-based certification,20,5
solid,NA,NA,NA,NA,0,TRUE,TRUE,TRUE,TRUE,TRUE,TRUE,1,0.5,0.75,0,0,31.25,68.75,Grade C,Grade C,Score-based certification,35,3.75
solid,NA,NA,NA,NA,0,TRUE,TRUE,TRUE,TRUE,TRUE,TRUE,1,0.75,0.75,0,0,37.5,62.5,Grade D,Grade D,Score-based certification,35,2.5
solid,NA,NA,NA,NA,0,TRUE,TRUE,TRUE,TRUE,TRUE,TRUE,1,1,0.75,0,0,43.75,56.25,Grade D,Grade D,Score-based certification,50,6.25
solid,NA,NA,NA,NA,0,TRUE,TRUE,TRUE,TRUE,TRUE,TRUE,1,0,1,0,0,25,75,Grade C,Grade C,Score-based certification,20,5
solid,NA,NA,NA,NA,0,TRUE,TRUE,TRUE,TRUE,TRUE,TRUE,1,0.25,1,0,0,31.25,68.75,Grade C,Grade C,Score-based certification,35,3.75
solid,NA,NA,NA,NA,0,TRUE,TRUE,TRUE,TRUE,TRUE,TRUE,1,0.5,1,0,0,37.5,62.5,Grade D,Grade D,Score-based certification,35,2.5
solid,NA,NA,NA,NA,0,TRUE,TRUE,TRUE,TRUE,TRUE,TRUE,1,0.75,1,0,0,43.75,56.25,Grade D,Grade D,Score-based certification,50,6.25
solid,NA,NA,NA,NA,0,TRUE,TRUE,TRUE,TRUE,TRUE,TRUE,1,1,1,0,0,50,50,Grade D,Grade D,Score-based certification,50,0
solid,NA,NA,NA,NA,0,TRUE,TRUE,TRUE,TRUE,TRUE,TRUE,1,0,0,0.25,0,3.75,96.25,Grade A,Grade A,Score-based certification,10,6.25
solid,NA,NA,NA,NA,0,TRUE,TRUE,TRUE,TRUE,TRUE,TRUE,1,0.25,0,0.25,0,10,90,Grade A,Grade A,Score-based certification,10,0
solid,NA,NA,NA,NA,0,TRUE,TRUE,TRUE,TRUE,TRUE,TRUE,1,0.5,0,0.25,0,16.25,83.75,Grade B,Grade B,Score-based certification,20,3.75
solid,NA,NA,NA,NA,0,TRUE,TRUE,TRUE,TRUE,TRUE,TRUE,1,0.75,0,0.25,0,22.5,77.5,Grade C,Grade C,Score-based certification,20,2.5
solid,NA,NA,NA,NA,0,TRUE,TRUE,TRUE,TRUE,TRUE,TRUE,1,1,0,0.25,0,28.75,71.25,Grade C,Grade C,Score-based certification,35,6.25
solid,NA,NA,NA,NA,0,TRUE,TRUE,TRUE,TRUE,TRUE,TRUE,1,0,0.25,0.25,0,10,90,Grade A,Grade A,Score-based certification,10,0
solid,NA,NA,NA,NA,0,TRUE,TRUE,TRUE,TRUE,TRUE,TRUE,1,0.25,0.25,0.25,0,16.25,83.75,Grade B,Grade B,Score-based certification,20,3.75
solid,NA,NA,NA,NA,0,TRUE,TRUE,TRUE,TRUE,TRUE,TRUE,1,0.5,0.25,0.25,0,22.5,77.5,Grade C,Grade C,Score-based certification,20,2.5
solid,NA,NA,NA,NA,0,TRUE,TRUE,TRUE,TRUE,TRUE,TRUE,1,0.75,0.25,0.25,0,28.75,71.25,Grade C,Grade C,Score-based certification,35,6.25
solid,NA,NA,NA,NA,0,TRUE,TRUE,TRUE,TRUE,TRUE,TRUE,1,1,0.25,0.25,0,35,65,Grade C,Grade C,Score-based certification,35,0
solid,NA,NA,NA,NA,0,TRUE,TRUE,TRUE,TRUE,TRUE,TRUE,1,0,0.5,0.25,0,16.25,83.75,Grade B,Grade B,Score-based certification,20,3.75
solid,NA,NA,NA,NA,0,TRUE,TRUE,TRUE,TRUE,TRUE,TRUE,1,0.25,0.5,0.25,0,22.5,77.5,Grade C,Grade C,Score-based certification,20,2.5
solid,NA,NA,NA,NA,0,TRUE,TRUE,TRUE,TRUE,TRUE,TRUE,1,0.5,0.5,0.25,0,28.75,71.25,Grade C,Grade C,Score-based certification,35,6.25
solid,NA,NA,NA,NA,0,TRUE,TRUE,TRUE,TRUE,TRUE,TRUE,1,0.75,0.5,0.25,0,35,65,Grade C,Grade C,Score-based certification,35,0
solid,NA,NA,NA,NA,0,TRUE,TRUE,TRUE,TRUE,TRUE,TRUE,1,1,0.5,0.25,0,41.25,58.75,Grade D,Grade D,Score-based certification,35,6.25
solid,NA,NA,NA,NA,0,TRUE,TRUE,TRUE,TRUE,TRUE,TRUE,1,0,0.75,0.25,0,22.5,77.5,Grade C,Grade C,Score-based certification,20,2.5
solid,NA,NA,NA,NA,0,TRUE,TRUE,TRUE,TRUE,TRUE,TRUE,1,0.25,0.75,0.25,0,28.75,71.25,Grade C,Grade C,Score-based certification,35,6.25
solid,NA,NA,NA,NA,0,TRUE,TRUE,TRUE,TRUE,TRUE,TRUE,1,0.5,0.75,0.25,0,35,65,Grade C,Grade C,Score-based certification,35,0
solid,NA,NA,NA,NA,0,TRUE,TRUE,TRUE,TRUE,TRUE,TRUE,1,0.75,0.75,0.25,0,41.25,58.75,Grade D,Grade D,Score-based certification,35,6.25
solid,NA,NA,NA,NA,0,TRUE,TRUE,TRUE,TRUE,TRUE,TRUE,1,1,0.75,0.25,0,47.5,52.5,Grade D,Grade D,Score-based certification,50,2.5
solid,NA,NA,NA,NA,0,TRUE,TRUE,TRUE,TRUE,TRUE,TRUE,1,0,1,0.25,0,28.75,71.25,Grade C,Grade C,Score-based certification,35,6.25
solid,NA,NA,NA,NA,0,TRUE,TRUE,TRUE,TRUE,TRUE,TRUE,1,0.25,1,0.25,0,35,65,Grade C,Grade C,Score-based certification,35,0
solid,NA,NA,NA,NA,0,TRUE,TRUE,TRUE,TRUE,TRUE,TRUE,1,0.5,1,0.25,0,41.25,58.75,Grade D,Grade D,Score-based certification,35,6.25
solid,NA,NA,NA,NA,0,TRUE,TRUE,TRUE,TRUE,TRUE,TRUE,1,0.75,1,0.25,0,47.5,52.5,Grade D,Grade D,Score-based certification,50,2.5
solid,NA,NA,NA,NA,0,TRUE,TRUE,TRUE,TRUE,TRUE,TRUE,1,1,1,0.25,0,53.75,46.25,Grade E,Grade E,Critical penalty burden,50,3.75
solid,NA,NA,NA,NA,0,TRUE,TRUE,TRUE,TRUE,TRUE,TRUE,1,0,0,0.5,0,7.5,92.5,Grade A,Grade A,Score-based certification,10,2.5
solid,NA,NA,NA,NA,0,TRUE,TRUE,TRUE,TRUE,TRUE,TRUE,1,0.25,0,0.5,0,13.75,86.25,Grade B,Grade B,Score-based certification,10,3.75
solid,NA,NA,NA,NA,0,TRUE,TRUE,TRUE,TRUE,TRUE,TRUE,1,0.5,0,0.5,0,20,80,Grade B,Grade B,Score-based certification,20,0
solid,NA,NA,NA,NA,0,TRUE,TRUE,TRUE,TRUE,TRUE,TRUE,1,0.75,0,0.5,0,26.25,73.75,Grade C,Grade C,Score-based certification,20,6.25
solid,NA,NA,NA,NA,0,TRUE,TRUE,TRUE,TRUE,TRUE,TRUE,1,1,0,0.5,0,32.5,67.5,Grade C,Grade C,Score-based certification,35,2.5
solid,NA,NA,NA,NA,0,TRUE,TRUE,TRUE,TRUE,TRUE,TRUE,1,0,0.25,0.5,0,13.75,86.25,Grade B,Grade B,Score-based certification,10,3.75
solid,NA,NA,NA,NA,0,TRUE,TRUE,TRUE,TRUE,TRUE,TRUE,1,0.25,0.25,0.5,0,20,80,Grade B,Grade B,Score-based certification,20,0
solid,NA,NA,NA,NA,0,TRUE,TRUE,TRUE,TRUE,TRUE,TRUE,1,0.5,0.25,0.5,0,26.25,73.75,Grade C,Grade C,Score-based certification,20,6.25
solid,NA,NA,NA,NA,0,TRUE,TRUE,TRUE,TRUE,TRUE,TRUE,1,0.75,0.25,0.5,0,32.5,67.5,Grade C,Grade C,Score-based certification,35,2.5
solid,NA,NA,NA,NA,0,TRUE,TRUE,TRUE,TRUE,TRUE,TRUE,1,1,0.25,0.5,0,38.75,61.25,Grade D,Grade D,Score-based certification,35,3.75
solid,NA,NA,NA,NA,0,TRUE,TRUE,TRUE,TRUE,TRUE,TRUE,1,0,0.5,0.5,0,20,80,Grade B,Grade B,Score-based certification,20,0
solid,NA,NA,NA,NA,0,TRUE,TRUE,TRUE,TRUE,TRUE,TRUE,1,0.25,0.5,0.5,0,26.25,73.75,Grade C,Grade C,Score-based certification,20,6.25
solid,NA,NA,NA,NA,0,TRUE,TRUE,TRUE,TRUE,TRUE,TRUE,1,0.5,0.5,0.5,0,32.5,67.5,Grade C,Grade C,Score-based certification,35,2.5
solid,NA,NA,NA,NA,0,TRUE,TRUE,TRUE,TRUE,TRUE,TRUE,1,0.75,0.5,0.5,0,38.75,61.25,Grade D,Grade D,Score-based certification,35,3.75
solid,NA,NA,NA,NA,0,TRUE,TRUE,TRUE,TRUE,TRUE,TRUE,1,1,0.5,0.5,0,45,55,Grade D,Grade D,Score-based certification,50,5
solid,NA,NA,NA,NA,0,TRUE,TRUE,TRUE,TRUE,TRUE,TRUE,1,0,0.75,0.5,0,26.25,73.75,Grade C,Grade C,Score-based certification,20,6.25
solid,NA,NA,NA,NA,0,TRUE,TRUE,TRUE,TRUE,TRUE,TRUE,1,0.25,0.75,0.5,0,32.5,67.5,Grade C,Grade C,Score-based certification,35,2.5
solid,NA,NA,NA,NA,0,TRUE,TRUE,TRUE,TRUE,TRUE,TRUE,1,0.5,0.75,0.5,0,38.75,61.25,Grade D,Grade D,Score-based certification,35,3.75
solid,NA,NA,NA,NA,0,TRUE,TRUE,TRUE,TRUE,TRUE,TRUE,1,0.75,0.75,0.5,0,45,55,Grade D,Grade D,Score-based certification,50,5
solid,NA,NA,NA,NA,0,TRUE,TRUE,TRUE,TRUE,TRUE,TRUE,1,1,0.75,0.5,0,51.25,48.75,Grade E,Grade E,Critical penalty burden,50,1.25
solid,NA,NA,NA,NA,0,TRUE,TRUE,TRUE,TRUE,TRUE,TRUE,1,0,1,0.5,0,32.5,67.5,Grade C,Grade C,Score-based certification,35,2.5
solid,NA,NA,NA,NA,0,TRUE,TRUE,TRUE,TRUE,TRUE,TRUE,1,0.25,1,0.5,0,38.75,61.25,Grade D,Grade D,Score-based certification,35,3.75
solid,NA,NA,NA,NA,0,TRUE,TRUE,TRUE,TRUE,TRUE,TRUE,1,0.5,1,0.5,0,45,55,Grade D,Grade D,Score-based certification,50,5
solid,NA,NA,NA,NA,0,TRUE,TRUE,TRUE,TRUE,TRUE,TRUE,1,0.75,1,0.5,0,51.25,48.75,Grade E,Grade E,Critical penalty burden,50,1.25
solid,NA,NA,NA,NA,0,TRUE,TRUE,TRUE,TRUE,TRUE,TRUE,1,1,1,0.5,0,57.5,42.5,Grade E,Grade E,Critical penalty burden,50,7.5
solid,NA,NA,NA,NA,0,TRUE,TRUE,TRUE,TRUE,TRUE,TRUE,1,0,0,0.75,0,11.25,88.75,Grade B,Grade B,Score-based certification,10,1.25
solid,NA,NA,NA,NA,0,TRUE,TRUE,TRUE,TRUE,TRUE,TRUE,1,0.25,0,0.75,0,17.5,82.5,Grade B,Grade B,Score-based certification,20,2.5
solid,NA,NA,NA,NA,0,TRUE,TRUE,TRUE,TRUE,TRUE,TRUE,1,0.5,0,0.75,0,23.75,76.25,Grade C,Grade C,Score-based certification,20,3.75
solid,NA,NA,NA,NA,0,TRUE,TRUE,TRUE,TRUE,TRUE,TRUE,1,0.75,0,0.75,0,30,70,Grade C,Grade C,Score-based certification,35,5
solid,NA,NA,NA,NA,0,TRUE,TRUE,TRUE,TRUE,TRUE,TRUE,1,1,0,0.75,0,36.25,63.75,Grade D,Grade D,Score-based certification,35,1.25
solid,NA,NA,NA,NA,0,TRUE,TRUE,TRUE,TRUE,TRUE,TRUE,1,0,0.25,0.75,0,17.5,82.5,Grade B,Grade B,Score-based certification,20,2.5
solid,NA,NA,NA,NA,0,TRUE,TRUE,TRUE,TRUE,TRUE,TRUE,1,0.25,0.25,0.75,0,23.75,76.25,Grade C,Grade C,Score-based certification,20,3.75
solid,NA,NA,NA,NA,0,TRUE,TRUE,TRUE,TRUE,TRUE,TRUE,1,0.5,0.25,0.75,0,30,70,Grade C,Grade C,Score-based certification,35,5
solid,NA,NA,NA,NA,0,TRUE,TRUE,TRUE,TRUE,TRUE,TRUE,1,0.75,0.25,0.75,0,36.25,63.75,Grade D,Grade D,Score-based certification,35,1.25
solid,NA,NA,NA,NA,0,TRUE,TRUE,TRUE,TRUE,TRUE,TRUE,1,1,0.25,0.75,0,42.5,57.5,Grade D,Grade D,Score-based certification,35,7.5
solid,NA,NA,NA,NA,0,TRUE,TRUE,TRUE,TRUE,TRUE,TRUE,1,0,0.5,0.75,0,23.75,76.25,Grade C,Grade C,Score-based certification,20,3.75
solid,NA,NA,NA,NA,0,TRUE,TRUE,TRUE,TRUE,TRUE,TRUE,1,0.25,0.5,0.75,0,30,70,Grade C,Grade C,Score-based certification,35,5
solid,NA,NA,NA,NA,0,TRUE,TRUE,TRUE,TRUE,TRUE,TRUE,1,0.5,0.5,0.75,0,36.25,63.75,Grade D,Grade D,Score-based certification,35,1.25
solid,NA,NA,NA,NA,0,TRUE,TRUE,TRUE,TRUE,TRUE,TRUE,1,0.75,0.5,0.75,0,42.5,57.5,Grade D,Grade D,Score-based certification,35,7.5
solid,NA,NA,NA,NA,0,TRUE,TRUE,TRUE,TRUE,TRUE,TRUE,1,1,0.5,0.75,0,48.75,51.25,Grade D,Grade D,Score-based certification,50,1.25
solid,NA,NA,NA,NA,0,TRUE,TRUE,TRUE,TRUE,TRUE,TRUE,1,0,0.75,0.75,0,30,70,Grade C,Grade C,Score-based certification,35,5
solid,NA,NA,NA,NA,0,TRUE,TRUE,TRUE,TRUE,TRUE,TRUE,1,0.25,0.75,0.75,0,36.25,63.75,Grade D,Grade D,Score-based certification,35,1.25
solid,NA,NA,NA,NA,0,TRUE,TRUE,TRUE,TRUE,TRUE,TRUE,1,0.5,0.75,0.75,0,42.5,57.5,Grade D,Grade D,Score-based certification,35,7.5
solid,NA,NA,NA,NA,0,TRUE,TRUE,TRUE,TRUE,TRUE,TRUE,1,0.75,0.75,0.75,0,48.75,51.25,Grade D,Grade D,Score-based certification,50,1.25
solid,NA,NA,NA,NA,0,TRUE,TRUE,TRUE,TRUE,TRUE,TRUE,1,1,0.75,0.75,0,55,45,Grade E,Grade E,Critical penalty burden,50,5
solid,NA,NA,NA,NA,0,TRUE,TRUE,TRUE,TRUE,TRUE,TRUE,1,0,1,0.75,0,36.25,63.75,Grade D,Grade D,Score-based certification,35,1.25
solid,NA,NA,NA,NA,0,TRUE,TRUE,TRUE,TRUE,TRUE,TRUE,1,0.25,1,0.75,0,42.5,57.5,Grade D,Grade D,Score-based certification,35,7.5
solid,NA,NA,NA,NA,0,TRUE,TRUE,TRUE,TRUE,TRUE,TRUE,1,0.5,1,0.75,0,48.75,51.25,Grade D,Grade D,Score-based certification,50,1.25
solid,NA,NA,NA,NA,0,TRUE,TRUE,TRUE,TRUE,TRUE,TRUE,1,0.75,1,0.75,0,55,45,Grade E,Grade E,Critical penalty burden,50,5
solid,NA,NA,NA,NA,0,TRUE,TRUE,TRUE,TRUE,TRUE,TRUE,1,1,1,0.75,0,61.25,38.75,Grade E,Grade E,Critical penalty burden,50,11.25
solid,NA,NA,NA,NA,0,TRUE,TRUE,TRUE,TRUE,TRUE,TRUE,1,0,0,1,0,15,85,Grade B,Grade B,Score-based certification,10,5
solid,NA,NA,NA,NA,0,TRUE,TRUE,TRUE,TRUE,TRUE,TRUE,1,0.25,0,1,0,21.25,78.75,Grade C,Grade C,Score-based certification,20,1.25
solid,NA,NA,NA,NA,0,TRUE,TRUE,TRUE,TRUE,TRUE,TRUE,1,0.5,0,1,0,27.5,72.5,Grade C,Grade C,Score-based certification,20,7.5
solid,NA,NA,NA,NA,0,TRUE,TRUE,TRUE,TRUE,TRUE,TRUE,1,0.75,0,1,0,33.75,66.25,Grade C,Grade C,Score-based certification,35,1.25
solid,NA,NA,NA,NA,0,TRUE,TRUE,TRUE,TRUE,TRUE,TRUE,1,1,0,1,0,40,60,Grade D,Grade D,Score-based certification,35,5
solid,NA,NA,NA,NA,0,TRUE,TRUE,TRUE,TRUE,TRUE,TRUE,1,0,0.25,1,0,21.25,78.75,Grade C,Grade C,Score-based certification,20,1.25
solid,NA,NA,NA,NA,0,TRUE,TRUE,TRUE,TRUE,TRUE,TRUE,1,0.25,0.25,1,0,27.5,72.5,Grade C,Grade C,Score-based certification,20,7.5
solid,NA,NA,NA,NA,0,TRUE,TRUE,TRUE,TRUE,TRUE,TRUE,1,0.5,0.25,1,0,33.75,66.25,Grade C,Grade C,Score-based certification,35,1.25
solid,NA,NA,NA,NA,0,TRUE,TRUE,TRUE,TRUE,TRUE,TRUE,1,0.75,0.25,1,0,40,60,Grade D,Grade D,Score-based certification,35,5
solid,NA,NA,NA,NA,0,TRUE,TRUE,TRUE,TRUE,TRUE,TRUE,1,1,0.25,1,0,46.25,53.75,Grade D,Grade D,Score-based certification,50,3.75
solid,NA,NA,NA,NA,0,TRUE,TRUE,TRUE,TRUE,TRUE,TRUE,1,0,0.5,1,0,27.5,72.5,Grade C,Grade C,Score-based certification,20,7.5
solid,NA,NA,NA,NA,0,TRUE,TRUE,TRUE,TRUE,TRUE,TRUE,1,0.25,0.5,1,0,33.75,66.25,Grade C,Grade C,Score-based certification,35,1.25
solid,NA,NA,NA,NA,0,TRUE,TRUE,TRUE,TRUE,TRUE,TRUE,1,0.5,0.5,1,0,40,60,Grade D,Grade D,Score-based certification,35,5
solid,NA,NA,NA,NA,0,TRUE,TRUE,TRUE,TRUE,TRUE,TRUE,1,0.75,0.5,1,0,46.25,53.75,Grade D,Grade D,Score-based certification,50,3.75
solid,NA,NA,NA,NA,0,TRUE,TRUE,TRUE,TRUE,TRUE,TRUE,1,1,0.5,1,0,52.5,47.5,Grade E,Grade E,Critical penalty burden,50,2.5
solid,NA,NA,NA,NA,0,TRUE,TRUE,TRUE,TRUE,TRUE,TRUE,1,0,0.75,1,0,33.75,66.25,Grade C,Grade C,Score-based certification,35,1.25
solid,NA,NA,NA,NA,0,TRUE,TRUE,TRUE,TRUE,TRUE,TRUE,1,0.25,0.75,1,0,40,60,Grade D,Grade D,Score-based certification,35,5
solid,NA,NA,NA,NA,0,TRUE,TRUE,TRUE,TRUE,TRUE,TRUE,1,0.5,0.75,1,0,46.25,53.75,Grade D,Grade D,Score-based certification,50,3.75
solid,NA,NA,NA,NA,0,TRUE,TRUE,TRUE,TRUE,TRUE,TRUE,1,0.75,0.75,1,0,52.5,47.5,Grade E,Grade E,Critical penalty burden,50,2.5
solid,NA,NA,NA,NA,0,TRUE,TRUE,TRUE,TRUE,TRUE,TRUE,1,1,0.75,1,0,58.75,41.25,Grade E,Grade E,Critical penalty burden,50,8.75
solid,NA,NA,NA,NA,0,TRUE,TRUE,TRUE,TRUE,TRUE,TRUE,1,0,1,1,0,40,60,Grade D,Grade D,Score-based certification,35,5
solid,NA,NA,NA,NA,0,TRUE,TRUE,TRUE,TRUE,TRUE,TRUE,1,0.25,1,1,0,46.25,53.75,Grade D,Grade D,Score-based certification,50,3.75
solid,NA,NA,NA,NA,0,TRUE,TRUE,TRUE,TRUE,TRUE,TRUE,1,0.5,1,1,0,52.5,47.5,Grade E,Grade E,Critical penalty burden,50,2.5
solid,NA,NA,NA,NA,0,TRUE,TRUE,TRUE,TRUE,TRUE,TRUE,1,0.75,1,1,0,58.75,41.25,Grade E,Grade E,Critical penalty burden,50,8.75
solid,NA,NA,NA,NA,0,TRUE,TRUE,TRUE,TRUE,TRUE,TRUE,1,1,1,1,0,65,35,Grade E,Grade E,Critical penalty burden,50,15
solid,NA,NA,NA,NA,0,TRUE,TRUE,TRUE,TRUE,TRUE,TRUE,1,0,0,0,0.25,5,95,Grade A,Grade A,Score-based certification,10,5
solid,NA,NA,NA,NA,0,TRUE,TRUE,TRUE,TRUE,TRUE,TRUE,1,0.25,0,0,0.25,11.25,88.75,Grade B,Grade B,Score-based certification,10,1.25
solid,NA,NA,NA,NA,0,TRUE,TRUE,TRUE,TRUE,TRUE,TRUE,1,0.5,0,0,0.25,17.5,82.5,Grade B,Grade B,Score-based certification,20,2.5
solid,NA,NA,NA,NA,0,TRUE,TRUE,TRUE,TRUE,TRUE,TRUE,1,0.75,0,0,0.25,23.75,76.25,Grade C,Grade C,Score-based certification,20,3.75
solid,NA,NA,NA,NA,0,TRUE,TRUE,TRUE,TRUE,TRUE,TRUE,1,1,0,0,0.25,30,70,Grade C,Grade C,Score-based certification,35,5
solid,NA,NA,NA,NA,0,TRUE,TRUE,TRUE,TRUE,TRUE,TRUE,1,0,0.25,0,0.25,11.25,88.75,Grade B,Grade B,Score-based certification,10,1.25
solid,NA,NA,NA,NA,0,TRUE,TRUE,TRUE,TRUE,TRUE,TRUE,1,0.25,0.25,0,0.25,17.5,82.5,Grade B,Grade B,Score-based certification,20,2.5
solid,NA,NA,NA,NA,0,TRUE,TRUE,TRUE,TRUE,TRUE,TRUE,1,0.5,0.25,0,0.25,23.75,76.25,Grade C,Grade C,Score-based certification,20,3.75
solid,NA,NA,NA,NA,0,TRUE,TRUE,TRUE,TRUE,TRUE,TRUE,1,0.75,0.25,0,0.25,30,70,Grade C,Grade C,Score-based certification,35,5
solid,NA,NA,NA,NA,0,TRUE,TRUE,TRUE,TRUE,TRUE,TRUE,1,1,0.25,0,0.25,36.25,63.75,Grade D,Grade D,Score-based certification,35,1.25
solid,NA,NA,NA,NA,0,TRUE,TRUE,TRUE,TRUE,TRUE,TRUE,1,0,0.5,0,0.25,17.5,82.5,Grade B,Grade B,Score-based certification,20,2.5
solid,NA,NA,NA,NA,0,TRUE,TRUE,TRUE,TRUE,TRUE,TRUE,1,0.25,0.5,0,0.25,23.75,76.25,Grade C,Grade C,Score-based certification,20,3.75
solid,NA,NA,NA,NA,0,TRUE,TRUE,TRUE,TRUE,TRUE,TRUE,1,0.5,0.5,0,0.25,30,70,Grade C,Grade C,Score-based certification,35,5
solid,NA,NA,NA,NA,0,TRUE,TRUE,TRUE,TRUE,TRUE,TRUE,1,0.75,0.5,0,0.25,36.25,63.75,Grade D,Grade D,Score-based certification,35,1.25
solid,NA,NA,NA,NA,0,TRUE,TRUE,TRUE,TRUE,TRUE,TRUE,1,1,0.5,0,0.25,42.5,57.5,Grade D,Grade D,Score-based certification,35,7.5
solid,NA,NA,NA,NA,0,TRUE,TRUE,TRUE,TRUE,TRUE,TRUE,1,0,0.75,0,0.25,23.75,76.25,Grade C,Grade C,Score-based certification,20,3.75
solid,NA,NA,NA,NA,0,TRUE,TRUE,TRUE,TRUE,TRUE,TRUE,1,0.25,0.75,0,0.25,30,70,Grade C,Grade C,Score-based certification,35,5
solid,NA,NA,NA,NA,0,TRUE,TRUE,TRUE,TRUE,TRUE,TRUE,1,0.5,0.75,0,0.25,36.25,63.75,Grade D,Grade D,Score-based certification,35,1.25
solid,NA,NA,NA,NA,0,TRUE,TRUE,TRUE,TRUE,TRUE,TRUE,1,0.75,0.75,0,0.25,42.5,57.5,Grade D,Grade D,Score-based certification,35,7.5
solid,NA,NA,NA,NA,0,TRUE,TRUE,TRUE,TRUE,TRUE,TRUE,1,1,0.75,0,0.25,48.75,51.25,Grade D,Grade D,Score-based certification,50,1.25
solid,NA,NA,NA,NA,0,TRUE,TRUE,TRUE,TRUE,TRUE,TRUE,1,0,1,0,0.25,30,70,Grade C,Grade C,Score-based certification,35,5
solid,NA,NA,NA,NA,0,TRUE,TRUE,TRUE,TRUE,TRUE,TRUE,1,0.25,1,0,0.25,36.25,63.75,Grade D,Grade D,Score-based certification,35,1.25
solid,NA,NA,NA,NA,0,TRUE,TRUE,TRUE,TRUE,TRUE,TRUE,1,0.5,1,0,0.25,42.5,57.5,Grade D,Grade D,Score-based certification,35,7.5
solid,NA,NA,NA,NA,0,TRUE,TRUE,TRUE,TRUE,TRUE,TRUE,1,0.75,1,0,0.25,48.75,51.25,Grade D,Grade D,Score-based certification,50,1.25
solid,NA,NA,NA,NA,0,TRUE,TRUE,TRUE,TRUE,TRUE,TRUE,1,1,1,0,0.25,55,45,Grade E,Grade E,Critical penalty burden,50,5
solid,NA,NA,NA,NA,0,TRUE,TRUE,TRUE,TRUE,TRUE,TRUE,1,0,0,0.25,0.25,8.75,91.25,Grade A,Grade A,Score-based certification,10,1.25
solid,NA,NA,NA,NA,0,TRUE,TRUE,TRUE,TRUE,TRUE,TRUE,1,0.25,0,0.25,0.25,15,85,Grade B,Grade B,Score-based certification,10,5
solid,NA,NA,NA,NA,0,TRUE,TRUE,TRUE,TRUE,TRUE,TRUE,1,0.5,0,0.25,0.25,21.25,78.75,Grade C,Grade C,Score-based certification,20,1.25
solid,NA,NA,NA,NA,0,TRUE,TRUE,TRUE,TRUE,TRUE,TRUE,1,0.75,0,0.25,0.25,27.5,72.5,Grade C,Grade C,Score-based certification,20,7.5
solid,NA,NA,NA,NA,0,TRUE,TRUE,TRUE,TRUE,TRUE,TRUE,1,1,0,0.25,0.25,33.75,66.25,Grade C,Grade C,Score-based certification,35,1.25
solid,NA,NA,NA,NA,0,TRUE,TRUE,TRUE,TRUE,TRUE,TRUE,1,0,0.25,0.25,0.25,15,85,Grade B,Grade B,Score-based certification,10,5
solid,NA,NA,NA,NA,0,TRUE,TRUE,TRUE,TRUE,TRUE,TRUE,1,0.25,0.25,0.25,0.25,21.25,78.75,Grade C,Grade C,Score-based certification,20,1.25
solid,NA,NA,NA,NA,0,TRUE,TRUE,TRUE,TRUE,TRUE,TRUE,1,0.5,0.25,0.25,0.25,27.5,72.5,Grade C,Grade C,Score-based certification,20,7.5
solid,NA,NA,NA,NA,0,TRUE,TRUE,TRUE,TRUE,TRUE,TRUE,1,0.75,0.25,0.25,0.25,33.75,66.25,Grade C,Grade C,Score-based certification,35,1.25
solid,NA,NA,NA,NA,0,TRUE,TRUE,TRUE,TRUE,TRUE,TRUE,1,1,0.25,0.25,0.25,40,60,Grade D,Grade D,Score-based certification,35,5
solid,NA,NA,NA,NA,0,TRUE,TRUE,TRUE,TRUE,TRUE,TRUE,1,0,0.5,0.25,0.25,21.25,78.75,Grade C,Grade C,Score-based certification,20,1.25
solid,NA,NA,NA,NA,0,TRUE,TRUE,TRUE,TRUE,TRUE,TRUE,1,0.25,0.5,0.25,0.25,27.5,72.5,Grade C,Grade C,Score-based certification,20,7.5
solid,NA,NA,NA,NA,0,TRUE,TRUE,TRUE,TRUE,TRUE,TRUE,1,0.5,0.5,0.25,0.25,33.75,66.25,Grade C,Grade C,Score-based certification,35,1.25
solid,NA,NA,NA,NA,0,TRUE,TRUE,TRUE,TRUE,TRUE,TRUE,1,0.75,0.5,0.25,0.25,40,60,Grade D,Grade D,Score-based certification,35,5
solid,NA,NA,NA,NA,0,TRUE,TRUE,TRUE,TRUE,TRUE,TRUE,1,1,0.5,0.25,0.25,46.25,53.75,Grade D,Grade D,Score-based certification,50,3.75
solid,NA,NA,NA,NA,0,TRUE,TRUE,TRUE,TRUE,TRUE,TRUE,1,0,0.75,0.25,0.25,27.5,72.5,Grade C,Grade C,Score-based certification,20,7.5
solid,NA,NA,NA,NA,0,TRUE,TRUE,TRUE,TRUE,TRUE,TRUE,1,0.25,0.75,0.25,0.25,33.75,66.25,Grade C,Grade C,Score-based certification,35,1.25
solid,NA,NA,NA,NA,0,TRUE,TRUE,TRUE,TRUE,TRUE,TRUE,1,0.5,0.75,0.25,0.25,40,60,Grade D,Grade D,Score-based certification,35,5
solid,NA,NA,NA,NA,0,TRUE,TRUE,TRUE,TRUE,TRUE,TRUE,1,0.75,0.75,0.25,0.25,46.25,53.75,Grade D,Grade D,Score-based certification,50,3.75
solid,NA,NA,NA,NA,0,TRUE,TRUE,TRUE,TRUE,TRUE,TRUE,1,1,0.75,0.25,0.25,52.5,47.5,Grade E,Grade E,Critical penalty burden,50,2.5
solid,NA,NA,NA,NA,0,TRUE,TRUE,TRUE,TRUE,TRUE,TRUE,1,0,1,0.25,0.25,33.75,66.25,Grade C,Grade C,Score-based certification,35,1.25
solid,NA,NA,NA,NA,0,TRUE,TRUE,TRUE,TRUE,TRUE,TRUE,1,0.25,1,0.25,0.25,40,60,Grade D,Grade D,Score-based certification,35,5
solid,NA,NA,NA,NA,0,TRUE,TRUE,TRUE,TRUE,TRUE,TRUE,1,0.5,1,0.25,0.25,46.25,53.75,Grade D,Grade D,Score-based certification,50,3.75
solid,NA,NA,NA,NA,0,TRUE,TRUE,TRUE,TRUE,TRUE,TRUE,1,0.75,1,0.25,0.25,52.5,47.5,Grade E,Grade E,Critical penalty burden,50,2.5
solid,NA,NA,NA,NA,0,TRUE,TRUE,TRUE,TRUE,TRUE,TRUE,1,1,1,0.25,0.25,58.75,41.25,Grade E,Grade E,Critical penalty burden,50,8.75
solid,NA,NA,NA,NA,0,TRUE,TRUE,TRUE,TRUE,TRUE,TRUE,1,0,0,0.5,0.25,12.5,87.5,Grade B,Grade B,Score-based certification,10,2.5
solid,NA,NA,NA,NA,0,TRUE,TRUE,TRUE,TRUE,TRUE,TRUE,1,0.25,0,0.5,0.25,18.75,81.25,Grade B,Grade B,Score-based certification,20,1.25
solid,NA,NA,NA,NA,0,TRUE,TRUE,TRUE,TRUE,TRUE,TRUE,1,0.5,0,0.5,0.25,25,75,Grade C,Grade C,Score-based certification,20,5
solid,NA,NA,NA,NA,0,TRUE,TRUE,TRUE,TRUE,TRUE,TRUE,1,0.75,0,0.5,0.25,31.25,68.75,Grade C,Grade C,Score-based certification,35,3.75
solid,NA,NA,NA,NA,0,TRUE,TRUE,TRUE,TRUE,TRUE,TRUE,1,1,0,0.5,0.25,37.5,62.5,Grade D,Grade D,Score-based certification,35,2.5
solid,NA,NA,NA,NA,0,TRUE,TRUE,TRUE,TRUE,TRUE,TRUE,1,0,0.25,0.5,0.25,18.75,81.25,Grade B,Grade B,Score-based certification,20,1.25
solid,NA,NA,NA,NA,0,TRUE,TRUE,TRUE,TRUE,TRUE,TRUE,1,0.25,0.25,0.5,0.25,25,75,Grade C,Grade C,Score-based certification,20,5
solid,NA,NA,NA,NA,0,TRUE,TRUE,TRUE,TRUE,TRUE,TRUE,1,0.5,0.25,0.5,0.25,31.25,68.75,Grade C,Grade C,Score-based certification,35,3.75
solid,NA,NA,NA,NA,0,TRUE,TRUE,TRUE,TRUE,TRUE,TRUE,1,0.75,0.25,0.5,0.25,37.5,62.5,Grade D,Grade D,Score-based certification,35,2.5
solid,NA,NA,NA,NA,0,TRUE,TRUE,TRUE,TRUE,TRUE,TRUE,1,1,0.25,0.5,0.25,43.75,56.25,Grade D,Grade D,Score-based certification,50,6.25
solid,NA,NA,NA,NA,0,TRUE,TRUE,TRUE,TRUE,TRUE,TRUE,1,0,0.5,0.5,0.25,25,75,Grade C,Grade C,Score-based certification,20,5
solid,NA,NA,NA,NA,0,TRUE,TRUE,TRUE,TRUE,TRUE,TRUE,1,0.25,0.5,0.5,0.25,31.25,68.75,Grade C,Grade C,Score-based certification,35,3.75
solid,NA,NA,NA,NA,0,TRUE,TRUE,TRUE,TRUE,TRUE,TRUE,1,0.5,0.5,0.5,0.25,37.5,62.5,Grade D,Grade D,Score-based certification,35,2.5
solid,NA,NA,NA,NA,0,TRUE,TRUE,TRUE,TRUE,TRUE,TRUE,1,0.75,0.5,0.5,0.25,43.75,56.25,Grade D,Grade D,Score-based certification,50,6.25
solid,NA,NA,NA,NA,0,TRUE,TRUE,TRUE,TRUE,TRUE,TRUE,1,1,0.5,0.5,0.25,50,50,Grade D,Grade D,Score-based certification,50,0
solid,NA,NA,NA,NA,0,TRUE,TRUE,TRUE,TRUE,TRUE,TRUE,1,0,0.75,0.5,0.25,31.25,68.75,Grade C,Grade C,Score-based certification,35,3.75
solid,NA,NA,NA,NA,0,TRUE,TRUE,TRUE,TRUE,TRUE,TRUE,1,0.25,0.75,0.5,0.25,37.5,62.5,Grade D,Grade D,Score-based certification,35,2.5
solid,NA,NA,NA,NA,0,TRUE,TRUE,TRUE,TRUE,TRUE,TRUE,1,0.5,0.75,0.5,0.25,43.75,56.25,Grade D,Grade D,Score-based certification,50,6.25
solid,NA,NA,NA,NA,0,TRUE,TRUE,TRUE,TRUE,TRUE,TRUE,1,0.75,0.75,0.5,0.25,50,50,Grade D,Grade D,Score-based certification,50,0
solid,NA,NA,NA,NA,0,TRUE,TRUE,TRUE,TRUE,TRUE,TRUE,1,1,0.75,0.5,0.25,56.25,43.75,Grade E,Grade E,Critical penalty burden,50,6.25
solid,NA,NA,NA,NA,0,TRUE,TRUE,TRUE,TRUE,TRUE,TRUE,1,0,1,0.5,0.25,37.5,62.5,Grade D,Grade D,Score-based certification,35,2.5
solid,NA,NA,NA,NA,0,TRUE,TRUE,TRUE,TRUE,TRUE,TRUE,1,0.25,1,0.5,0.25,43.75,56.25,Grade D,Grade D,Score-based certification,50,6.25
solid,NA,NA,NA,NA,0,TRUE,TRUE,TRUE,TRUE,TRUE,TRUE,1,0.5,1,0.5,0.25,50,50,Grade D,Grade D,Score-based certification,50,0
solid,NA,NA,NA,NA,0,TRUE,TRUE,TRUE,TRUE,TRUE,TRUE,1,0.75,1,0.5,0.25,56.25,43.75,Grade E,Grade E,Critical penalty burden,50,6.25
solid,NA,NA,NA,NA,0,TRUE,TRUE,TRUE,TRUE,TRUE,TRUE,1,1,1,0.5,0.25,62.5,37.5,Grade E,Grade E,Critical penalty burden,50,12.5
solid,NA,NA,NA,NA,0,TRUE,TRUE,TRUE,TRUE,TRUE,TRUE,1,0,0,0.75,0.25,16.25,83.75,Grade B,Grade B,Score-based certification,20,3.75
solid,NA,NA,NA,NA,0,TRUE,TRUE,TRUE,TRUE,TRUE,TRUE,1,0.25,0,0.75,0.25,22.5,77.5,Grade C,Grade C,Score-based certification,20,2.5
solid,NA,NA,NA,NA,0,TRUE,TRUE,TRUE,TRUE,TRUE,TRUE,1,0.5,0,0.75,0.25,28.75,71.25,Grade C,Grade C,Score-based certification,35,6.25
solid,NA,NA,NA,NA,0,TRUE,TRUE,TRUE,TRUE,TRUE,TRUE,1,0.75,0,0.75,0.25,35,65,Grade C,Grade C,Score-based certification,35,0
solid,NA,NA,NA,NA,0,TRUE,TRUE,TRUE,TRUE,TRUE,TRUE,1,1,0,0.75,0.25,41.25,58.75,Grade D,Grade D,Score-based certification,35,6.25
solid,NA,NA,NA,NA,0,TRUE,TRUE,TRUE,TRUE,TRUE,TRUE,1,0,0.25,0.75,0.25,22.5,77.5,Grade C,Grade C,Score-based certification,20,2.5
solid,NA,NA,NA,NA,0,TRUE,TRUE,TRUE,TRUE,TRUE,TRUE,1,0.25,0.25,0.75,0.25,28.75,71.25,Grade C,Grade C,Score-based certification,35,6.25
solid,NA,NA,NA,NA,0,TRUE,TRUE,TRUE,TRUE,TRUE,TRUE,1,0.5,0.25,0.75,0.25,35,65,Grade C,Grade C,Score-based certification,35,0
solid,NA,NA,NA,NA,0,TRUE,TRUE,TRUE,TRUE,TRUE,TRUE,1,0.75,0.25,0.75,0.25,41.25,58.75,Grade D,Grade D,Score-based certification,35,6.25
solid,NA,NA,NA,NA,0,TRUE,TRUE,TRUE,TRUE,TRUE,TRUE,1,1,0.25,0.75,0.25,47.5,52.5,Grade D,Grade D,Score-based certification,50,2.5
solid,NA,NA,NA,NA,0,TRUE,TRUE,TRUE,TRUE,TRUE,TRUE,1,0,0.5,0.75,0.25,28.75,71.25,Grade C,Grade C,Score-based certification,35,6.25
solid,NA,NA,NA,NA,0,TRUE,TRUE,TRUE,TRUE,TRUE,TRUE,1,0.25,0.5,0.75,0.25,35,65,Grade C,Grade C,Score-based certification,35,0
solid,NA,NA,NA,NA,0,TRUE,TRUE,TRUE,TRUE,TRUE,TRUE,1,0.5,0.5,0.75,0.25,41.25,58.75,Grade D,Grade D,Score-based certification,35,6.25
solid,NA,NA,NA,NA,0,TRUE,TRUE,TRUE,TRUE,TRUE,TRUE,1,0.75,0.5,0.75,0.25,47.5,52.5,Grade D,Grade D,Score-based certification,50,2.5
solid,NA,NA,NA,NA,0,TRUE,TRUE,TRUE,TRUE,TRUE,TRUE,1,1,0.5,0.75,0.25,53.75,46.25,Grade E,Grade E,Critical penalty burden,50,3.75
solid,NA,NA,NA,NA,0,TRUE,TRUE,TRUE,TRUE,TRUE,TRUE,1,0,0.75,0.75,0.25,35,65,Grade C,Grade C,Score-based certification,35,0
solid,NA,NA,NA,NA,0,TRUE,TRUE,TRUE,TRUE,TRUE,TRUE,1,0.25,0.75,0.75,0.25,41.25,58.75,Grade D,Grade D,Score-based certification,35,6.25
solid,NA,NA,NA,NA,0,TRUE,TRUE,TRUE,TRUE,TRUE,TRUE,1,0.5,0.75,0.75,0.25,47.5,52.5,Grade D,Grade D,Score-based certification,50,2.5
solid,NA,NA,NA,NA,0,TRUE,TRUE,TRUE,TRUE,TRUE,TRUE,1,0.75,0.75,0.75,0.25,53.75,46.25,Grade E,Grade E,Critical penalty burden,50,3.75
solid,NA,NA,NA,NA,0,TRUE,TRUE,TRUE,TRUE,TRUE,TRUE,1,1,0.75,0.75,0.25,60,40,Grade E,Grade E,Critical penalty burden,50,10
solid,NA,NA,NA,NA,0,TRUE,TRUE,TRUE,TRUE,TRUE,TRUE,1,0,1,0.75,0.25,41.25,58.75,Grade D,Grade D,Score-based certification,35,6.25
solid,NA,NA,NA,NA,0,TRUE,TRUE,TRUE,TRUE,TRUE,TRUE,1,0.25,1,0.75,0.25,47.5,52.5,Grade D,Grade D,Score-based certification,50,2.5
solid,NA,NA,NA,NA,0,TRUE,TRUE,TRUE,TRUE,TRUE,TRUE,1,0.5,1,0.75,0.25,53.75,46.25,Grade E,Grade E,Critical penalty burden,50,3.75
solid,NA,NA,NA,NA,0,TRUE,TRUE,TRUE,TRUE,TRUE,TRUE,1,0.75,1,0.75,0.25,60,40,Grade E,Grade E,Critical penalty burden,50,10
solid,NA,NA,NA,NA,0,TRUE,TRUE,TRUE,TRUE,TRUE,TRUE,1,1,1,0.75,0.25,66.25,33.75,Grade E,Grade E,Critical penalty burden,50,16.25
solid,NA,NA,NA,NA,0,TRUE,TRUE,TRUE,TRUE,TRUE,TRUE,1,0,0,1,0.25,20,80,Grade B,Grade B,Score-based certification,20,0
solid,NA,NA,NA,NA,0,TRUE,TRUE,TRUE,TRUE,TRUE,TRUE,1,0.25,0,1,0.25,26.25,73.75,Grade C,Grade C,Score-based certification,20,6.25
solid,NA,NA,NA,NA,0,TRUE,TRUE,TRUE,TRUE,TRUE,TRUE,1,0.5,0,1,0.25,32.5,67.5,Grade C,Grade C,Score-based certification,35,2.5
solid,NA,NA,NA,NA,0,TRUE,TRUE,TRUE,TRUE,TRUE,TRUE,1,0.75,0,1,0.25,38.75,61.25,Grade D,Grade D,Score-based certification,35,3.75
solid,NA,NA,NA,NA,0,TRUE,TRUE,TRUE,TRUE,TRUE,TRUE,1,1,0,1,0.25,45,55,Grade D,Grade D,Score-based certification,50,5
solid,NA,NA,NA,NA,0,TRUE,TRUE,TRUE,TRUE,TRUE,TRUE,1,0,0.25,1,0.25,26.25,73.75,Grade C,Grade C,Score-based certification,20,6.25
solid,NA,NA,NA,NA,0,TRUE,TRUE,TRUE,TRUE,TRUE,TRUE,1,0.25,0.25,1,0.25,32.5,67.5,Grade C,Grade C,Score-based certification,35,2.5
solid,NA,NA,NA,NA,0,TRUE,TRUE,TRUE,TRUE,TRUE,TRUE,1,0.5,0.25,1,0.25,38.75,61.25,Grade D,Grade D,Score-based certification,35,3.75
solid,NA,NA,NA,NA,0,TRUE,TRUE,TRUE,TRUE,TRUE,TRUE,1,0.75,0.25,1,0.25,45,55,Grade D,Grade D,Score-based certification,50,5
solid,NA,NA,NA,NA,0,TRUE,TRUE,TRUE,TRUE,TRUE,TRUE,1,1,0.25,1,0.25,51.25,48.75,Grade E,Grade E,Critical penalty burden,50,1.25
solid,NA,NA,NA,NA,0,TRUE,TRUE,TRUE,TRUE,TRUE,TRUE,1,0,0.5,1,0.25,32.5,67.5,Grade C,Grade C,Score-based certification,35,2.5
solid,NA,NA,NA,NA,0,TRUE,TRUE,TRUE,TRUE,TRUE,TRUE,1,0.25,0.5,1,0.25,38.75,61.25,Grade D,Grade D,Score-based certification,35,3.75
solid,NA,NA,NA,NA,0,TRUE,TRUE,TRUE,TRUE,TRUE,TRUE,1,0.5,0.5,1,0.25,45,55,Grade D,Grade D,Score-based certification,50,5
solid,NA,NA,NA,NA,0,TRUE,TRUE,TRUE,TRUE,TRUE,TRUE,1,0.75,0.5,1,0.25,51.25,48.75,Grade E,Grade E,Critical penalty burden,50,1.25
solid,NA,NA,NA,NA,0,TRUE,TRUE,TRUE,TRUE,TRUE,TRUE,1,1,0.5,1,0.25,57.5,42.5,Grade E,Grade E,Critical penalty burden,50,7.5
solid,NA,NA,NA,NA,0,TRUE,TRUE,TRUE,TRUE,TRUE,TRUE,1,0,0.75,1,0.25,38.75,61.25,Grade D,Grade D,Score-based certification,35,3.75
solid,NA,NA,NA,NA,0,TRUE,TRUE,TRUE,TRUE,TRUE,TRUE,1,0.25,0.75,1,0.25,45,55,Grade D,Grade D,Score-based certification,50,5
solid,NA,NA,NA,NA,0,TRUE,TRUE,TRUE,TRUE,TRUE,TRUE,1,0.5,0.75,1,0.25,51.25,48.75,Grade E,Grade E,Critical penalty burden,50,1.25
solid,NA,NA,NA,NA,0,TRUE,TRUE,TRUE,TRUE,TRUE,TRUE,1,0.75,0.75,1,0.25,57.5,42.5,Grade E,Grade E,Critical penalty burden,50,7.5
solid,NA,NA,NA,NA,0,TRUE,TRUE,TRUE,TRUE,TRUE,TRUE,1,1,0.75,1,0.25,63.75,36.25,Grade E,Grade E,Critical penalty burden,50,13.75
solid,NA,NA,NA,NA,0,TRUE,TRUE,TRUE,TRUE,TRUE,TRUE,1,0,1,1,0.25,45,55,Grade D,Grade D,Score-based certification,50,5
solid,NA,NA,NA,NA,0,TRUE,TRUE,TRUE,TRUE,TRUE,TRUE,1,0.25,1,1,0.25,51.25,48.75,Grade E,Grade E,Critical penalty burden,50,1.25
solid,NA,NA,NA,NA,0,TRUE,TRUE,TRUE,TRUE,TRUE,TRUE,1,0.5,1,1,0.25,57.5,42.5,Grade E,Grade E,Critical penalty burden,50,7.5
solid,NA,NA,NA,NA,0,TRUE,TRUE,TRUE,TRUE,TRUE,TRUE,1,0.75,1,1,0.25,63.75,36.25,Grade E,Grade E,Critical penalty burden,50,13.75
solid,NA,NA,NA,NA,0,TRUE,TRUE,TRUE,TRUE,TRUE,TRUE,1,1,1,1,0.25,70,30,Grade E,Grade E,Critical penalty burden,50,20
solid,NA,NA,NA,NA,0,TRUE,TRUE,TRUE,TRUE,TRUE,TRUE,1,0,0,0,0.5,10,90,Grade A,Grade A,Score-based certification,10,0
solid,NA,NA,NA,NA,0,TRUE,TRUE,TRUE,TRUE,TRUE,TRUE,1,0.25,0,0,0.5,16.25,83.75,Grade B,Grade B,Score-based certification,20,3.75
solid,NA,NA,NA,NA,0,TRUE,TRUE,TRUE,TRUE,TRUE,TRUE,1,0.5,0,0,0.5,22.5,77.5,Grade C,Grade C,Score-based certification,20,2.5
solid,NA,NA,NA,NA,0,TRUE,TRUE,TRUE,TRUE,TRUE,TRUE,1,0.75,0,0,0.5,28.75,71.25,Grade C,Grade C,Score-based certification,35,6.25
solid,NA,NA,NA,NA,0,TRUE,TRUE,TRUE,TRUE,TRUE,TRUE,1,1,0,0,0.5,35,65,Grade C,Grade C,Score-based certification,35,0
solid,NA,NA,NA,NA,0,TRUE,TRUE,TRUE,TRUE,TRUE,TRUE,1,0,0.25,0,0.5,16.25,83.75,Grade B,Grade B,Score-based certification,20,3.75
solid,NA,NA,NA,NA,0,TRUE,TRUE,TRUE,TRUE,TRUE,TRUE,1,0.25,0.25,0,0.5,22.5,77.5,Grade C,Grade C,Score-based certification,20,2.5
solid,NA,NA,NA,NA,0,TRUE,TRUE,TRUE,TRUE,TRUE,TRUE,1,0.5,0.25,0,0.5,28.75,71.25,Grade C,Grade C,Score-based certification,35,6.25
solid,NA,NA,NA,NA,0,TRUE,TRUE,TRUE,TRUE,TRUE,TRUE,1,0.75,0.25,0,0.5,35,65,Grade C,Grade C,Score-based certification,35,0
solid,NA,NA,NA,NA,0,TRUE,TRUE,TRUE,TRUE,TRUE,TRUE,1,1,0.25,0,0.5,41.25,58.75,Grade D,Grade D,Score-based certification,35,6.25
solid,NA,NA,NA,NA,0,TRUE,TRUE,TRUE,TRUE,TRUE,TRUE,1,0,0.5,0,0.5,22.5,77.5,Grade C,Grade C,Score-based certification,20,2.5
solid,NA,NA,NA,NA,0,TRUE,TRUE,TRUE,TRUE,TRUE,TRUE,1,0.25,0.5,0,0.5,28.75,71.25,Grade C,Grade C,Score-based certification,35,6.25
solid,NA,NA,NA,NA,0,TRUE,TRUE,TRUE,TRUE,TRUE,TRUE,1,0.5,0.5,0,0.5,35,65,Grade C,Grade C,Score-based certification,35,0
solid,NA,NA,NA,NA,0,TRUE,TRUE,TRUE,TRUE,TRUE,TRUE,1,0.75,0.5,0,0.5,41.25,58.75,Grade D,Grade D,Score-based certification,35,6.25
solid,NA,NA,NA,NA,0,TRUE,TRUE,TRUE,TRUE,TRUE,TRUE,1,1,0.5,0,0.5,47.5,52.5,Grade D,Grade D,Score-based certification,50,2.5
solid,NA,NA,NA,NA,0,TRUE,TRUE,TRUE,TRUE,TRUE,TRUE,1,0,0.75,0,0.5,28.75,71.25,Grade C,Grade C,Score-based certification,35,6.25
solid,NA,NA,NA,NA,0,TRUE,TRUE,TRUE,TRUE,TRUE,TRUE,1,0.25,0.75,0,0.5,35,65,Grade C,Grade C,Score-based certification,35,0
solid,NA,NA,NA,NA,0,TRUE,TRUE,TRUE,TRUE,TRUE,TRUE,1,0.5,0.75,0,0.5,41.25,58.75,Grade D,Grade D,Score-based certification,35,6.25
solid,NA,NA,NA,NA,0,TRUE,TRUE,TRUE,TRUE,TRUE,TRUE,1,0.75,0.75,0,0.5,47.5,52.5,Grade D,Grade D,Score-based certification,50,2.5
solid,NA,NA,NA,NA,0,TRUE,TRUE,TRUE,TRUE,TRUE,TRUE,1,1,0.75,0,0.5,53.75,46.25,Grade E,Grade E,Critical penalty burden,50,3.75
solid,NA,NA,NA,NA,0,TRUE,TRUE,TRUE,TRUE,TRUE,TRUE,1,0,1,0,0.5,35,65,Grade C,Grade C,Score-based certification,35,0
solid,NA,NA,NA,NA,0,TRUE,TRUE,TRUE,TRUE,TRUE,TRUE,1,0.25,1,0,0.5,41.25,58.75,Grade D,Grade D,Score-based certification,35,6.25
solid,NA,NA,NA,NA,0,TRUE,TRUE,TRUE,TRUE,TRUE,TRUE,1,0.5,1,0,0.5,47.5,52.5,Grade D,Grade D,Score-based certification,50,2.5
solid,NA,NA,NA,NA,0,TRUE,TRUE,TRUE,TRUE,TRUE,TRUE,1,0.75,1,0,0.5,53.75,46.25,Grade E,Grade E,Critical penalty burden,50,3.75
solid,NA,NA,NA,NA,0,TRUE,TRUE,TRUE,TRUE,TRUE,TRUE,1,1,1,0,0.5,60,40,Grade E,Grade E,Critical penalty burden,50,10
solid,NA,NA,NA,NA,0,TRUE,TRUE,TRUE,TRUE,TRUE,TRUE,1,0,0,0.25,0.5,13.75,86.25,Grade B,Grade B,Score-based certification,10,3.75
solid,NA,NA,NA,NA,0,TRUE,TRUE,TRUE,TRUE,TRUE,TRUE,1,0.25,0,0.25,0.5,20,80,Grade B,Grade B,Score-based certification,20,0
solid,NA,NA,NA,NA,0,TRUE,TRUE,TRUE,TRUE,TRUE,TRUE,1,0.5,0,0.25,0.5,26.25,73.75,Grade C,Grade C,Score-based certification,20,6.25
solid,NA,NA,NA,NA,0,TRUE,TRUE,TRUE,TRUE,TRUE,TRUE,1,0.75,0,0.25,0.5,32.5,67.5,Grade C,Grade C,Score-based certification,35,2.5
solid,NA,NA,NA,NA,0,TRUE,TRUE,TRUE,TRUE,TRUE,TRUE,1,1,0,0.25,0.5,38.75,61.25,Grade D,Grade D,Score-based certification,35,3.75
solid,NA,NA,NA,NA,0,TRUE,TRUE,TRUE,TRUE,TRUE,TRUE,1,0,0.25,0.25,0.5,20,80,Grade B,Grade B,Score-based certification,20,0
solid,NA,NA,NA,NA,0,TRUE,TRUE,TRUE,TRUE,TRUE,TRUE,1,0.25,0.25,0.25,0.5,26.25,73.75,Grade C,Grade C,Score-based certification,20,6.25
solid,NA,NA,NA,NA,0,TRUE,TRUE,TRUE,TRUE,TRUE,TRUE,1,0.5,0.25,0.25,0.5,32.5,67.5,Grade C,Grade C,Score-based certification,35,2.5
solid,NA,NA,NA,NA,0,TRUE,TRUE,TRUE,TRUE,TRUE,TRUE,1,0.75,0.25,0.25,0.5,38.75,61.25,Grade D,Grade D,Score-based certification,35,3.75
solid,NA,NA,NA,NA,0,TRUE,TRUE,TRUE,TRUE,TRUE,TRUE,1,1,0.25,0.25,0.5,45,55,Grade D,Grade D,Score-based certification,50,5
solid,NA,NA,NA,NA,0,TRUE,TRUE,TRUE,TRUE,TRUE,TRUE,1,0,0.5,0.25,0.5,26.25,73.75,Grade C,Grade C,Score-based certification,20,6.25
solid,NA,NA,NA,NA,0,TRUE,TRUE,TRUE,TRUE,TRUE,TRUE,1,0.25,0.5,0.25,0.5,32.5,67.5,Grade C,Grade C,Score-based certification,35,2.5
solid,NA,NA,NA,NA,0,TRUE,TRUE,TRUE,TRUE,TRUE,TRUE,1,0.5,0.5,0.25,0.5,38.75,61.25,Grade D,Grade D,Score-based certification,35,3.75
solid,NA,NA,NA,NA,0,TRUE,TRUE,TRUE,TRUE,TRUE,TRUE,1,0.75,0.5,0.25,0.5,45,55,Grade D,Grade D,Score-based certification,50,5
solid,NA,NA,NA,NA,0,TRUE,TRUE,TRUE,TRUE,TRUE,TRUE,1,1,0.5,0.25,0.5,51.25,48.75,Grade E,Grade E,Critical penalty burden,50,1.25
solid,NA,NA,NA,NA,0,TRUE,TRUE,TRUE,TRUE,TRUE,TRUE,1,0,0.75,0.25,0.5,32.5,67.5,Grade C,Grade C,Score-based certification,35,2.5
solid,NA,NA,NA,NA,0,TRUE,TRUE,TRUE,TRUE,TRUE,TRUE,1,0.25,0.75,0.25,0.5,38.75,61.25,Grade D,Grade D,Score-based certification,35,3.75
solid,NA,NA,NA,NA,0,TRUE,TRUE,TRUE,TRUE,TRUE,TRUE,1,0.5,0.75,0.25,0.5,45,55,Grade D,Grade D,Score-based certification,50,5
solid,NA,NA,NA,NA,0,TRUE,TRUE,TRUE,TRUE,TRUE,TRUE,1,0.75,0.75,0.25,0.5,51.25,48.75,Grade E,Grade E,Critical penalty burden,50,1.25
solid,NA,NA,NA,NA,0,TRUE,TRUE,TRUE,TRUE,TRUE,TRUE,1,1,0.75,0.25,0.5,57.5,42.5,Grade E,Grade E,Critical penalty burden,50,7.5
solid,NA,NA,NA,NA,0,TRUE,TRUE,TRUE,TRUE,TRUE,TRUE,1,0,1,0.25,0.5,38.75,61.25,Grade D,Grade D,Score-based certification,35,3.75
solid,NA,NA,NA,NA,0,TRUE,TRUE,TRUE,TRUE,TRUE,TRUE,1,0.25,1,0.25,0.5,45,55,Grade D,Grade D,Score-based certification,50,5
solid,NA,NA,NA,NA,0,TRUE,TRUE,TRUE,TRUE,TRUE,TRUE,1,0.5,1,0.25,0.5,51.25,48.75,Grade E,Grade E,Critical penalty burden,50,1.25
solid,NA,NA,NA,NA,0,TRUE,TRUE,TRUE,TRUE,TRUE,TRUE,1,0.75,1,0.25,0.5,57.5,42.5,Grade E,Grade E,Critical penalty burden,50,7.5
solid,NA,NA,NA,NA,0,TRUE,TRUE,TRUE,TRUE,TRUE,TRUE,1,1,1,0.25,0.5,63.75,36.25,Grade E,Grade E,Critical penalty burden,50,13.75
solid,NA,NA,NA,NA,0,TRUE,TRUE,TRUE,TRUE,TRUE,TRUE,1,0,0,0.5,0.5,17.5,82.5,Grade B,Grade B,Score-based certification,20,2.5
solid,NA,NA,NA,NA,0,TRUE,TRUE,TRUE,TRUE,TRUE,TRUE,1,0.25,0,0.5,0.5,23.75,76.25,Grade C,Grade C,Score-based certification,20,3.75
solid,NA,NA,NA,NA,0,TRUE,TRUE,TRUE,TRUE,TRUE,TRUE,1,0.5,0,0.5,0.5,30,70,Grade C,Grade C,Score-based certification,35,5
solid,NA,NA,NA,NA,0,TRUE,TRUE,TRUE,TRUE,TRUE,TRUE,1,0.75,0,0.5,0.5,36.25,63.75,Grade D,Grade D,Score-based certification,35,1.25
solid,NA,NA,NA,NA,0,TRUE,TRUE,TRUE,TRUE,TRUE,TRUE,1,1,0,0.5,0.5,42.5,57.5,Grade D,Grade D,Score-based certification,35,7.5
solid,NA,NA,NA,NA,0,TRUE,TRUE,TRUE,TRUE,TRUE,TRUE,1,0,0.25,0.5,0.5,23.75,76.25,Grade C,Grade C,Score-based certification,20,3.75
solid,NA,NA,NA,NA,0,TRUE,TRUE,TRUE,TRUE,TRUE,TRUE,1,0.25,0.25,0.5,0.5,30,70,Grade C,Grade C,Score-based certification,35,5
solid,NA,NA,NA,NA,0,TRUE,TRUE,TRUE,TRUE,TRUE,TRUE,1,0.5,0.25,0.5,0.5,36.25,63.75,Grade D,Grade D,Score-based certification,35,1.25
solid,NA,NA,NA,NA,0,TRUE,TRUE,TRUE,TRUE,TRUE,TRUE,1,0.75,0.25,0.5,0.5,42.5,57.5,Grade D,Grade D,Score-based certification,35,7.5
solid,NA,NA,NA,NA,0,TRUE,TRUE,TRUE,TRUE,TRUE,TRUE,1,1,0.25,0.5,0.5,48.75,51.25,Grade D,Grade D,Score-based certification,50,1.25
solid,NA,NA,NA,NA,0,TRUE,TRUE,TRUE,TRUE,TRUE,TRUE,1,0,0.5,0.5,0.5,30,70,Grade C,Grade C,Score-based certification,35,5
solid,NA,NA,NA,NA,0,TRUE,TRUE,TRUE,TRUE,TRUE,TRUE,1,0.25,0.5,0.5,0.5,36.25,63.75,Grade D,Grade D,Score-based certification,35,1.25
solid,NA,NA,NA,NA,0,TRUE,TRUE,TRUE,TRUE,TRUE,TRUE,1,0.5,0.5,0.5,0.5,42.5,57.5,Grade D,Grade D,Score-based certification,35,7.5
solid,NA,NA,NA,NA,0,TRUE,TRUE,TRUE,TRUE,TRUE,TRUE,1,0.75,0.5,0.5,0.5,48.75,51.25,Grade D,Grade D,Score-based certification,50,1.25
solid,NA,NA,NA,NA,0,TRUE,TRUE,TRUE,TRUE,TRUE,TRUE,1,1,0.5,0.5,0.5,55,45,Grade E,Grade E,Critical penalty burden,50,5
solid,NA,NA,NA,NA,0,TRUE,TRUE,TRUE,TRUE,TRUE,TRUE,1,0,0.75,0.5,0.5,36.25,63.75,Grade D,Grade D,Score-based certification,35,1.25
solid,NA,NA,NA,NA,0,TRUE,TRUE,TRUE,TRUE,TRUE,TRUE,1,0.25,0.75,0.5,0.5,42.5,57.5,Grade D,Grade D,Score-based certification,35,7.5
solid,NA,NA,NA,NA,0,TRUE,TRUE,TRUE,TRUE,TRUE,TRUE,1,0.5,0.75,0.5,0.5,48.75,51.25,Grade D,Grade D,Score-based certification,50,1.25
solid,NA,NA,NA,NA,0,TRUE,TRUE,TRUE,TRUE,TRUE,TRUE,1,0.75,0.75,0.5,0.5,55,45,Grade E,Grade E,Critical penalty burden,50,5
solid,NA,NA,NA,NA,0,TRUE,TRUE,TRUE,TRUE,TRUE,TRUE,1,1,0.75,0.5,0.5,61.25,38.75,Grade E,Grade E,Critical penalty burden,50,11.25
solid,NA,NA,NA,NA,0,TRUE,TRUE,TRUE,TRUE,TRUE,TRUE,1,0,1,0.5,0.5,42.5,57.5,Grade D,Grade D,Score-based certification,35,7.5
solid,NA,NA,NA,NA,0,TRUE,TRUE,TRUE,TRUE,TRUE,TRUE,1,0.25,1,0.5,0.5,48.75,51.25,Grade D,Grade D,Score-based certification,50,1.25
solid,NA,NA,NA,NA,0,TRUE,TRUE,TRUE,TRUE,TRUE,TRUE,1,0.5,1,0.5,0.5,55,45,Grade E,Grade E,Critical penalty burden,50,5
solid,NA,NA,NA,NA,0,TRUE,TRUE,TRUE,TRUE,TRUE,TRUE,1,0.75,1,0.5,0.5,61.25,38.75,Grade E,Grade E,Critical penalty burden,50,11.25
solid,NA,NA,NA,NA,0,TRUE,TRUE,TRUE,TRUE,TRUE,TRUE,1,1,1,0.5,0.5,67.5,32.5,Grade E,Grade E,Critical penalty burden,50,17.5
solid,NA,NA,NA,NA,0,TRUE,TRUE,TRUE,TRUE,TRUE,TRUE,1,0,0,0.75,0.5,21.25,78.75,Grade C,Grade C,Score-based certification,20,1.25
solid,NA,NA,NA,NA,0,TRUE,TRUE,TRUE,TRUE,TRUE,TRUE,1,0.25,0,0.75,0.5,27.5,72.5,Grade C,Grade C,Score-based certification,20,7.5
solid,NA,NA,NA,NA,0,TRUE,TRUE,TRUE,TRUE,TRUE,TRUE,1,0.5,0,0.75,0.5,33.75,66.25,Grade C,Grade C,Score-based certification,35,1.25
solid,NA,NA,NA,NA,0,TRUE,TRUE,TRUE,TRUE,TRUE,TRUE,1,0.75,0,0.75,0.5,40,60,Grade D,Grade D,Score-based certification,35,5
solid,NA,NA,NA,NA,0,TRUE,TRUE,TRUE,TRUE,TRUE,TRUE,1,1,0,0.75,0.5,46.25,53.75,Grade D,Grade D,Score-based certification,50,3.75
solid,NA,NA,NA,NA,0,TRUE,TRUE,TRUE,TRUE,TRUE,TRUE,1,0,0.25,0.75,0.5,27.5,72.5,Grade C,Grade C,Score-based certification,20,7.5
solid,NA,NA,NA,NA,0,TRUE,TRUE,TRUE,TRUE,TRUE,TRUE,1,0.25,0.25,0.75,0.5,33.75,66.25,Grade C,Grade C,Score-based certification,35,1.25
solid,NA,NA,NA,NA,0,TRUE,TRUE,TRUE,TRUE,TRUE,TRUE,1,0.5,0.25,0.75,0.5,40,60,Grade D,Grade D,Score-based certification,35,5
solid,NA,NA,NA,NA,0,TRUE,TRUE,TRUE,TRUE,TRUE,TRUE,1,0.75,0.25,0.75,0.5,46.25,53.75,Grade D,Grade D,Score-based certification,50,3.75
solid,NA,NA,NA,NA,0,TRUE,TRUE,TRUE,TRUE,TRUE,TRUE,1,1,0.25,0.75,0.5,52.5,47.5,Grade E,Grade E,Critical penalty burden,50,2.5
solid,NA,NA,NA,NA,0,TRUE,TRUE,TRUE,TRUE,TRUE,TRUE,1,0,0.5,0.75,0.5,33.75,66.25,Grade C,Grade C,Score-based certification,35,1.25
solid,NA,NA,NA,NA,0,TRUE,TRUE,TRUE,TRUE,TRUE,TRUE,1,0.25,0.5,0.75,0.5,40,60,Grade D,Grade D,Score-based certification,35,5
solid,NA,NA,NA,NA,0,TRUE,TRUE,TRUE,TRUE,TRUE,TRUE,1,0.5,0.5,0.75,0.5,46.25,53.75,Grade D,Grade D,Score-based certification,50,3.75
solid,NA,NA,NA,NA,0,TRUE,TRUE,TRUE,TRUE,TRUE,TRUE,1,0.75,0.5,0.75,0.5,52.5,47.5,Grade E,Grade E,Critical penalty burden,50,2.5
solid,NA,NA,NA,NA,0,TRUE,TRUE,TRUE,TRUE,TRUE,TRUE,1,1,0.5,0.75,0.5,58.75,41.25,Grade E,Grade E,Critical penalty burden,50,8.75
solid,NA,NA,NA,NA,0,TRUE,TRUE,TRUE,TRUE,TRUE,TRUE,1,0,0.75,0.75,0.5,40,60,Grade D,Grade D,Score-based certification,35,5
solid,NA,NA,NA,NA,0,TRUE,TRUE,TRUE,TRUE,TRUE,TRUE,1,0.25,0.75,0.75,0.5,46.25,53.75,Grade D,Grade D,Score-based certification,50,3.75
solid,NA,NA,NA,NA,0,TRUE,TRUE,TRUE,TRUE,TRUE,TRUE,1,0.5,0.75,0.75,0.5,52.5,47.5,Grade E,Grade E,Critical penalty burden,50,2.5
solid,NA,NA,NA,NA,0,TRUE,TRUE,TRUE,TRUE,TRUE,TRUE,1,0.75,0.75,0.75,0.5,58.75,41.25,Grade E,Grade E,Critical penalty burden,50,8.75
solid,NA,NA,NA,NA,0,TRUE,TRUE,TRUE,TRUE,TRUE,TRUE,1,1,0.75,0.75,0.5,65,35,Grade E,Grade E,Critical penalty burden,50,15
solid,NA,NA,NA,NA,0,TRUE,TRUE,TRUE,TRUE,TRUE,TRUE,1,0,1,0.75,0.5,46.25,53.75,Grade D,Grade D,Score-based certification,50,3.75
solid,NA,NA,NA,NA,0,TRUE,TRUE,TRUE,TRUE,TRUE,TRUE,1,0.25,1,0.75,0.5,52.5,47.5,Grade E,Grade E,Critical penalty burden,50,2.5
solid,NA,NA,NA,NA,0,TRUE,TRUE,TRUE,TRUE,TRUE,TRUE,1,0.5,1,0.75,0.5,58.75,41.25,Grade E,Grade E,Critical penalty burden,50,8.75
solid,NA,NA,NA,NA,0,TRUE,TRUE,TRUE,TRUE,TRUE,TRUE,1,0.75,1,0.75,0.5,65,35,Grade E,Grade E,Critical penalty burden,50,15
solid,NA,NA,NA,NA,0,TRUE,TRUE,TRUE,TRUE,TRUE,TRUE,1,1,1,0.75,0.5,71.25,28.75,Grade E,Grade E,Critical penalty burden,50,21.25
solid,NA,NA,NA,NA,0,TRUE,TRUE,TRUE,TRUE,TRUE,TRUE,1,0,0,1,0.5,25,75,Grade C,Grade C,Score-based certification,20,5
solid,NA,NA,NA,NA,0,TRUE,TRUE,TRUE,TRUE,TRUE,TRUE,1,0.25,0,1,0.5,31.25,68.75,Grade C,Grade C,Score-based certification,35,3.75
solid,NA,NA,NA,NA,0,TRUE,TRUE,TRUE,TRUE,TRUE,TRUE,1,0.5,0,1,0.5,37.5,62.5,Grade D,Grade D,Score-based certification,35,2.5
solid,NA,NA,NA,NA,0,TRUE,TRUE,TRUE,TRUE,TRUE,TRUE,1,0.75,0,1,0.5,43.75,56.25,Grade D,Grade D,Score-based certification,50,6.25
solid,NA,NA,NA,NA,0,TRUE,TRUE,TRUE,TRUE,TRUE,TRUE,1,1,0,1,0.5,50,50,Grade D,Grade D,Score-based certification,50,0
solid,NA,NA,NA,NA,0,TRUE,TRUE,TRUE,TRUE,TRUE,TRUE,1,0,0.25,1,0.5,31.25,68.75,Grade C,Grade C,Score-based certification,35,3.75
solid,NA,NA,NA,NA,0,TRUE,TRUE,TRUE,TRUE,TRUE,TRUE,1,0.25,0.25,1,0.5,37.5,62.5,Grade D,Grade D,Score-based certification,35,2.5
solid,NA,NA,NA,NA,0,TRUE,TRUE,TRUE,TRUE,TRUE,TRUE,1,0.5,0.25,1,0.5,43.75,56.25,Grade D,Grade D,Score-based certification,50,6.25
solid,NA,NA,NA,NA,0,TRUE,TRUE,TRUE,TRUE,TRUE,TRUE,1,0.75,0.25,1,0.5,50,50,Grade D,Grade D,Score-based certification,50,0
solid,NA,NA,NA,NA,0,TRUE,TRUE,TRUE,TRUE,TRUE,TRUE,1,1,0.25,1,0.5,56.25,43.75,Grade E,Grade E,Critical penalty burden,50,6.25
solid,NA,NA,NA,NA,0,TRUE,TRUE,TRUE,TRUE,TRUE,TRUE,1,0,0.5,1,0.5,37.5,62.5,Grade D,Grade D,Score-based certification,35,2.5
solid,NA,NA,NA,NA,0,TRUE,TRUE,TRUE,TRUE,TRUE,TRUE,1,0.25,0.5,1,0.5,43.75,56.25,Grade D,Grade D,Score-based certification,50,6.25
solid,NA,NA,NA,NA,0,TRUE,TRUE,TRUE,TRUE,TRUE,TRUE,1,0.5,0.5,1,0.5,50,50,Grade D,Grade D,Score-based certification,50,0
solid,NA,NA,NA,NA,0,TRUE,TRUE,TRUE,TRUE,TRUE,TRUE,1,0.75,0.5,1,0.5,56.25,43.75,Grade E,Grade E,Critical penalty burden,50,6.25
solid,NA,NA,NA,NA,0,TRUE,TRUE,TRUE,TRUE,TRUE,TRUE,1,1,0.5,1,0.5,62.5,37.5,Grade E,Grade E,Critical penalty burden,50,12.5
solid,NA,NA,NA,NA,0,TRUE,TRUE,TRUE,TRUE,TRUE,TRUE,1,0,0.75,1,0.5,43.75,56.25,Grade D,Grade D,Score-based certification,50,6.25
solid,NA,NA,NA,NA,0,TRUE,TRUE,TRUE,TRUE,TRUE,TRUE,1,0.25,0.75,1,0.5,50,50,Grade D,Grade D,Score-based certification,50,0
solid,NA,NA,NA,NA,0,TRUE,TRUE,TRUE,TRUE,TRUE,TRUE,1,0.5,0.75,1,0.5,56.25,43.75,Grade E,Grade E,Critical penalty burden,50,6.25
solid,NA,NA,NA,NA,0,TRUE,TRUE,TRUE,TRUE,TRUE,TRUE,1,0.75,0.75,1,0.5,62.5,37.5,Grade E,Grade E,Critical penalty burden,50,12.5
solid,NA,NA,NA,NA,0,TRUE,TRUE,TRUE,TRUE,TRUE,TRUE,1,1,0.75,1,0.5,68.75,31.25,Grade E,Grade E,Critical penalty burden,50,18.75
solid,NA,NA,NA,NA,0,TRUE,TRUE,TRUE,TRUE,TRUE,TRUE,1,0,1,1,0.5,50,50,Grade D,Grade D,Score-based certification,50,0
solid,NA,NA,NA,NA,0,TRUE,TRUE,TRUE,TRUE,TRUE,TRUE,1,0.25,1,1,0.5,56.25,43.75,Grade E,Grade E,Critical penalty burden,50,6.25
solid,NA,NA,NA,NA,0,TRUE,TRUE,TRUE,TRUE,TRUE,TRUE,1,0.5,1,1,0.5,62.5,37.5,Grade E,Grade E,Critical penalty burden,50,12.5
solid,NA,NA,NA,NA,0,TRUE,TRUE,TRUE,TRUE,TRUE,TRUE,1,0.75,1,1,0.5,68.75,31.25,Grade E,Grade E,Critical penalty burden,50,18.75
solid,NA,NA,NA,NA,0,TRUE,TRUE,TRUE,TRUE,TRUE,TRUE,1,1,1,1,0.5,75,25,Grade E,Grade E,Critical penalty burden,50,25
solid,NA,NA,NA,NA,0,TRUE,TRUE,TRUE,TRUE,TRUE,TRUE,1,0,0,0,0.75,15,85,Grade B,Grade B,Score-based certification,10,5
solid,NA,NA,NA,NA,0,TRUE,TRUE,TRUE,TRUE,TRUE,TRUE,1,0.25,0,0,0.75,21.25,78.75,Grade C,Grade C,Score-based certification,20,1.25
solid,NA,NA,NA,NA,0,TRUE,TRUE,TRUE,TRUE,TRUE,TRUE,1,0.5,0,0,0.75,27.5,72.5,Grade C,Grade C,Score-based certification,20,7.5
solid,NA,NA,NA,NA,0,TRUE,TRUE,TRUE,TRUE,TRUE,TRUE,1,0.75,0,0,0.75,33.75,66.25,Grade C,Grade C,Score-based certification,35,1.25
solid,NA,NA,NA,NA,0,TRUE,TRUE,TRUE,TRUE,TRUE,TRUE,1,1,0,0,0.75,40,60,Grade D,Grade D,Score-based certification,35,5
solid,NA,NA,NA,NA,0,TRUE,TRUE,TRUE,TRUE,TRUE,TRUE,1,0,0.25,0,0.75,21.25,78.75,Grade C,Grade C,Score-based certification,20,1.25
solid,NA,NA,NA,NA,0,TRUE,TRUE,TRUE,TRUE,TRUE,TRUE,1,0.25,0.25,0,0.75,27.5,72.5,Grade C,Grade C,Score-based certification,20,7.5
solid,NA,NA,NA,NA,0,TRUE,TRUE,TRUE,TRUE,TRUE,TRUE,1,0.5,0.25,0,0.75,33.75,66.25,Grade C,Grade C,Score-based certification,35,1.25
solid,NA,NA,NA,NA,0,TRUE,TRUE,TRUE,TRUE,TRUE,TRUE,1,0.75,0.25,0,0.75,40,60,Grade D,Grade D,Score-based certification,35,5
solid,NA,NA,NA,NA,0,TRUE,TRUE,TRUE,TRUE,TRUE,TRUE,1,1,0.25,0,0.75,46.25,53.75,Grade D,Grade D,Score-based certification,50,3.75
solid,NA,NA,NA,NA,0,TRUE,TRUE,TRUE,TRUE,TRUE,TRUE,1,0,0.5,0,0.75,27.5,72.5,Grade C,Grade C,Score-based certification,20,7.5
solid,NA,NA,NA,NA,0,TRUE,TRUE,TRUE,TRUE,TRUE,TRUE,1,0.25,0.5,0,0.75,33.75,66.25,Grade C,Grade C,Score-based certification,35,1.25
solid,NA,NA,NA,NA,0,TRUE,TRUE,TRUE,TRUE,TRUE,TRUE,1,0.5,0.5,0,0.75,40,60,Grade D,Grade D,Score-based certification,35,5
solid,NA,NA,NA,NA,0,TRUE,TRUE,TRUE,TRUE,TRUE,TRUE,1,0.75,0.5,0,0.75,46.25,53.75,Grade D,Grade D,Score-based certification,50,3.75
solid,NA,NA,NA,NA,0,TRUE,TRUE,TRUE,TRUE,TRUE,TRUE,1,1,0.5,0,0.75,52.5,47.5,Grade E,Grade E,Critical penalty burden,50,2.5
solid,NA,NA,NA,NA,0,TRUE,TRUE,TRUE,TRUE,TRUE,TRUE,1,0,0.75,0,0.75,33.75,66.25,Grade C,Grade C,Score-based certification,35,1.25
solid,NA,NA,NA,NA,0,TRUE,TRUE,TRUE,TRUE,TRUE,TRUE,1,0.25,0.75,0,0.75,40,60,Grade D,Grade D,Score-based certification,35,5
solid,NA,NA,NA,NA,0,TRUE,TRUE,TRUE,TRUE,TRUE,TRUE,1,0.5,0.75,0,0.75,46.25,53.75,Grade D,Grade D,Score-based certification,50,3.75
solid,NA,NA,NA,NA,0,TRUE,TRUE,TRUE,TRUE,TRUE,TRUE,1,0.75,0.75,0,0.75,52.5,47.5,Grade E,Grade E,Critical penalty burden,50,2.5
solid,NA,NA,NA,NA,0,TRUE,TRUE,TRUE,TRUE,TRUE,TRUE,1,1,0.75,0,0.75,58.75,41.25,Grade E,Grade E,Critical penalty burden,50,8.75
solid,NA,NA,NA,NA,0,TRUE,TRUE,TRUE,TRUE,TRUE,TRUE,1,0,1,0,0.75,40,60,Grade D,Grade D,Score-based certification,35,5
solid,NA,NA,NA,NA,0,TRUE,TRUE,TRUE,TRUE,TRUE,TRUE,1,0.25,1,0,0.75,46.25,53.75,Grade D,Grade D,Score-based certification,50,3.75
solid,NA,NA,NA,NA,0,TRUE,TRUE,TRUE,TRUE,TRUE,TRUE,1,0.5,1,0,0.75,52.5,47.5,Grade E,Grade E,Critical penalty burden,50,2.5
solid,NA,NA,NA,NA,0,TRUE,TRUE,TRUE,TRUE,TRUE,TRUE,1,0.75,1,0,0.75,58.75,41.25,Grade E,Grade E,Critical penalty burden,50,8.75
solid,NA,NA,NA,NA,0,TRUE,TRUE,TRUE,TRUE,TRUE,TRUE,1,1,1,0,0.75,65,35,Grade E,Grade E,Critical penalty burden,50,15
solid,NA,NA,NA,NA,0,TRUE,TRUE,TRUE,TRUE,TRUE,TRUE,1,0,0,0.25,0.75,18.75,81.25,Grade B,Grade B,Score-based certification,20,1.25
solid,NA,NA,NA,NA,0,TRUE,TRUE,TRUE,TRUE,TRUE,TRUE,1,0.25,0,0.25,0.75,25,75,Grade C,Grade C,Score-based certification,20,5
solid,NA,NA,NA,NA,0,TRUE,TRUE,TRUE,TRUE,TRUE,TRUE,1,0.5,0,0.25,0.75,31.25,68.75,Grade C,Grade C,Score-based certification,35,3.75
solid,NA,NA,NA,NA,0,TRUE,TRUE,TRUE,TRUE,TRUE,TRUE,1,0.75,0,0.25,0.75,37.5,62.5,Grade D,Grade D,Score-based certification,35,2.5
solid,NA,NA,NA,NA,0,TRUE,TRUE,TRUE,TRUE,TRUE,TRUE,1,1,0,0.25,0.75,43.75,56.25,Grade D,Grade D,Score-based certification,50,6.25
solid,NA,NA,NA,NA,0,TRUE,TRUE,TRUE,TRUE,TRUE,TRUE,1,0,0.25,0.25,0.75,25,75,Grade C,Grade C,Score-based certification,20,5
solid,NA,NA,NA,NA,0,TRUE,TRUE,TRUE,TRUE,TRUE,TRUE,1,0.25,0.25,0.25,0.75,31.25,68.75,Grade C,Grade C,Score-based certification,35,3.75
solid,NA,NA,NA,NA,0,TRUE,TRUE,TRUE,TRUE,TRUE,TRUE,1,0.5,0.25,0.25,0.75,37.5,62.5,Grade D,Grade D,Score-based certification,35,2.5
solid,NA,NA,NA,NA,0,TRUE,TRUE,TRUE,TRUE,TRUE,TRUE,1,0.75,0.25,0.25,0.75,43.75,56.25,Grade D,Grade D,Score-based certification,50,6.25
solid,NA,NA,NA,NA,0,TRUE,TRUE,TRUE,TRUE,TRUE,TRUE,1,1,0.25,0.25,0.75,50,50,Grade D,Grade D,Score-based certification,50,0
solid,NA,NA,NA,NA,0,TRUE,TRUE,TRUE,TRUE,TRUE,TRUE,1,0,0.5,0.25,0.75,31.25,68.75,Grade C,Grade C,Score-based certification,35,3.75
solid,NA,NA,NA,NA,0,TRUE,TRUE,TRUE,TRUE,TRUE,TRUE,1,0.25,0.5,0.25,0.75,37.5,62.5,Grade D,Grade D,Score-based certification,35,2.5
solid,NA,NA,NA,NA,0,TRUE,TRUE,TRUE,TRUE,TRUE,TRUE,1,0.5,0.5,0.25,0.75,43.75,56.25,Grade D,Grade D,Score-based certification,50,6.25
solid,NA,NA,NA,NA,0,TRUE,TRUE,TRUE,TRUE,TRUE,TRUE,1,0.75,0.5,0.25,0.75,50,50,Grade D,Grade D,Score-based certification,50,0
solid,NA,NA,NA,NA,0,TRUE,TRUE,TRUE,TRUE,TRUE,TRUE,1,1,0.5,0.25,0.75,56.25,43.75,Grade E,Grade E,Critical penalty burden,50,6.25
solid,NA,NA,NA,NA,0,TRUE,TRUE,TRUE,TRUE,TRUE,TRUE,1,0,0.75,0.25,0.75,37.5,62.5,Grade D,Grade D,Score-based certification,35,2.5
solid,NA,NA,NA,NA,0,TRUE,TRUE,TRUE,TRUE,TRUE,TRUE,1,0.25,0.75,0.25,0.75,43.75,56.25,Grade D,Grade D,Score-based certification,50,6.25
solid,NA,NA,NA,NA,0,TRUE,TRUE,TRUE,TRUE,TRUE,TRUE,1,0.5,0.75,0.25,0.75,50,50,Grade D,Grade D,Score-based certification,50,0
solid,NA,NA,NA,NA,0,TRUE,TRUE,TRUE,TRUE,TRUE,TRUE,1,0.75,0.75,0.25,0.75,56.25,43.75,Grade E,Grade E,Critical penalty burden,50,6.25
solid,NA,NA,NA,NA,0,TRUE,TRUE,TRUE,TRUE,TRUE,TRUE,1,1,0.75,0.25,0.75,62.5,37.5,Grade E,Grade E,Critical penalty burden,50,12.5
solid,NA,NA,NA,NA,0,TRUE,TRUE,TRUE,TRUE,TRUE,TRUE,1,0,1,0.25,0.75,43.75,56.25,Grade D,Grade D,Score-based certification,50,6.25
solid,NA,NA,NA,NA,0,TRUE,TRUE,TRUE,TRUE,TRUE,TRUE,1,0.25,1,0.25,0.75,50,50,Grade D,Grade D,Score-based certification,50,0
solid,NA,NA,NA,NA,0,TRUE,TRUE,TRUE,TRUE,TRUE,TRUE,1,0.5,1,0.25,0.75,56.25,43.75,Grade E,Grade E,Critical penalty burden,50,6.25
solid,NA,NA,NA,NA,0,TRUE,TRUE,TRUE,TRUE,TRUE,TRUE,1,0.75,1,0.25,0.75,62.5,37.5,Grade E,Grade E,Critical penalty burden,50,12.5
solid,NA,NA,NA,NA,0,TRUE,TRUE,TRUE,TRUE,TRUE,TRUE,1,1,1,0.25,0.75,68.75,31.25,Grade E,Grade E,Critical penalty burden,50,18.75
solid,NA,NA,NA,NA,0,TRUE,TRUE,TRUE,TRUE,TRUE,TRUE,1,0,0,0.5,0.75,22.5,77.5,Grade C,Grade C,Score-based certification,20,2.5
solid,NA,NA,NA,NA,0,TRUE,TRUE,TRUE,TRUE,TRUE,TRUE,1,0.25,0,0.5,0.75,28.75,71.25,Grade C,Grade C,Score-based certification,35,6.25
solid,NA,NA,NA,NA,0,TRUE,TRUE,TRUE,TRUE,TRUE,TRUE,1,0.5,0,0.5,0.75,35,65,Grade C,Grade C,Score-based certification,35,0
solid,NA,NA,NA,NA,0,TRUE,TRUE,TRUE,TRUE,TRUE,TRUE,1,0.75,0,0.5,0.75,41.25,58.75,Grade D,Grade D,Score-based certification,35,6.25
solid,NA,NA,NA,NA,0,TRUE,TRUE,TRUE,TRUE,TRUE,TRUE,1,1,0,0.5,0.75,47.5,52.5,Grade D,Grade D,Score-based certification,50,2.5
solid,NA,NA,NA,NA,0,TRUE,TRUE,TRUE,TRUE,TRUE,TRUE,1,0,0.25,0.5,0.75,28.75,71.25,Grade C,Grade C,Score-based certification,35,6.25
solid,NA,NA,NA,NA,0,TRUE,TRUE,TRUE,TRUE,TRUE,TRUE,1,0.25,0.25,0.5,0.75,35,65,Grade C,Grade C,Score-based certification,35,0
solid,NA,NA,NA,NA,0,TRUE,TRUE,TRUE,TRUE,TRUE,TRUE,1,0.5,0.25,0.5,0.75,41.25,58.75,Grade D,Grade D,Score-based certification,35,6.25
solid,NA,NA,NA,NA,0,TRUE,TRUE,TRUE,TRUE,TRUE,TRUE,1,0.75,0.25,0.5,0.75,47.5,52.5,Grade D,Grade D,Score-based certification,50,2.5
solid,NA,NA,NA,NA,0,TRUE,TRUE,TRUE,TRUE,TRUE,TRUE,1,1,0.25,0.5,0.75,53.75,46.25,Grade E,Grade E,Critical penalty burden,50,3.75
solid,NA,NA,NA,NA,0,TRUE,TRUE,TRUE,TRUE,TRUE,TRUE,1,0,0.5,0.5,0.75,35,65,Grade C,Grade C,Score-based certification,35,0
solid,NA,NA,NA,NA,0,TRUE,TRUE,TRUE,TRUE,TRUE,TRUE,1,0.25,0.5,0.5,0.75,41.25,58.75,Grade D,Grade D,Score-based certification,35,6.25
solid,NA,NA,NA,NA,0,TRUE,TRUE,TRUE,TRUE,TRUE,TRUE,1,0.5,0.5,0.5,0.75,47.5,52.5,Grade D,Grade D,Score-based certification,50,2.5
solid,NA,NA,NA,NA,0,TRUE,TRUE,TRUE,TRUE,TRUE,TRUE,1,0.75,0.5,0.5,0.75,53.75,46.25,Grade E,Grade E,Critical penalty burden,50,3.75
solid,NA,NA,NA,NA,0,TRUE,TRUE,TRUE,TRUE,TRUE,TRUE,1,1,0.5,0.5,0.75,60,40,Grade E,Grade E,Critical penalty burden,50,10
solid,NA,NA,NA,NA,0,TRUE,TRUE,TRUE,TRUE,TRUE,TRUE,1,0,0.75,0.5,0.75,41.25,58.75,Grade D,Grade D,Score-based certification,35,6.25
solid,NA,NA,NA,NA,0,TRUE,TRUE,TRUE,TRUE,TRUE,TRUE,1,0.25,0.75,0.5,0.75,47.5,52.5,Grade D,Grade D,Score-based certification,50,2.5
solid,NA,NA,NA,NA,0,TRUE,TRUE,TRUE,TRUE,TRUE,TRUE,1,0.5,0.75,0.5,0.75,53.75,46.25,Grade E,Grade E,Critical penalty burden,50,3.75
solid,NA,NA,NA,NA,0,TRUE,TRUE,TRUE,TRUE,TRUE,TRUE,1,0.75,0.75,0.5,0.75,60,40,Grade E,Grade E,Critical penalty burden,50,10
solid,NA,NA,NA,NA,0,TRUE,TRUE,TRUE,TRUE,TRUE,TRUE,1,1,0.75,0.5,0.75,66.25,33.75,Grade E,Grade E,Critical penalty burden,50,16.25
solid,NA,NA,NA,NA,0,TRUE,TRUE,TRUE,TRUE,TRUE,TRUE,1,0,1,0.5,0.75,47.5,52.5,Grade D,Grade D,Score-based certification,50,2.5
solid,NA,NA,NA,NA,0,TRUE,TRUE,TRUE,TRUE,TRUE,TRUE,1,0.25,1,0.5,0.75,53.75,46.25,Grade E,Grade E,Critical penalty burden,50,3.75
solid,NA,NA,NA,NA,0,TRUE,TRUE,TRUE,TRUE,TRUE,TRUE,1,0.5,1,0.5,0.75,60,40,Grade E,Grade E,Critical penalty burden,50,10
solid,NA,NA,NA,NA,0,TRUE,TRUE,TRUE,TRUE,TRUE,TRUE,1,0.75,1,0.5,0.75,66.25,33.75,Grade E,Grade E,Critical penalty burden,50,16.25
solid,NA,NA,NA,NA,0,TRUE,TRUE,TRUE,TRUE,TRUE,TRUE,1,1,1,0.5,0.75,72.5,27.5,Grade E,Grade E,Critical penalty burden,50,22.5
solid,NA,NA,NA,NA,0,TRUE,TRUE,TRUE,TRUE,TRUE,TRUE,1,0,0,0.75,0.75,26.25,73.75,Grade C,Grade C,Score-based certification,20,6.25
solid,NA,NA,NA,NA,0,TRUE,TRUE,TRUE,TRUE,TRUE,TRUE,1,0.25,0,0.75,0.75,32.5,67.5,Grade C,Grade C,Score-based certification,35,2.5
solid,NA,NA,NA,NA,0,TRUE,TRUE,TRUE,TRUE,TRUE,TRUE,1,0.5,0,0.75,0.75,38.75,61.25,Grade D,Grade D,Score-based certification,35,3.75
solid,NA,NA,NA,NA,0,TRUE,TRUE,TRUE,TRUE,TRUE,TRUE,1,0.75,0,0.75,0.75,45,55,Grade D,Grade D,Score-based certification,50,5
solid,NA,NA,NA,NA,0,TRUE,TRUE,TRUE,TRUE,TRUE,TRUE,1,1,0,0.75,0.75,51.25,48.75,Grade E,Grade E,Critical penalty burden,50,1.25
solid,NA,NA,NA,NA,0,TRUE,TRUE,TRUE,TRUE,TRUE,TRUE,1,0,0.25,0.75,0.75,32.5,67.5,Grade C,Grade C,Score-based certification,35,2.5
solid,NA,NA,NA,NA,0,TRUE,TRUE,TRUE,TRUE,TRUE,TRUE,1,0.25,0.25,0.75,0.75,38.75,61.25,Grade D,Grade D,Score-based certification,35,3.75
solid,NA,NA,NA,NA,0,TRUE,TRUE,TRUE,TRUE,TRUE,TRUE,1,0.5,0.25,0.75,0.75,45,55,Grade D,Grade D,Score-based certification,50,5
solid,NA,NA,NA,NA,0,TRUE,TRUE,TRUE,TRUE,TRUE,TRUE,1,0.75,0.25,0.75,0.75,51.25,48.75,Grade E,Grade E,Critical penalty burden,50,1.25
solid,NA,NA,NA,NA,0,TRUE,TRUE,TRUE,TRUE,TRUE,TRUE,1,1,0.25,0.75,0.75,57.5,42.5,Grade E,Grade E,Critical penalty burden,50,7.5
solid,NA,NA,NA,NA,0,TRUE,TRUE,TRUE,TRUE,TRUE,TRUE,1,0,0.5,0.75,0.75,38.75,61.25,Grade D,Grade D,Score-based certification,35,3.75
solid,NA,NA,NA,NA,0,TRUE,TRUE,TRUE,TRUE,TRUE,TRUE,1,0.25,0.5,0.75,0.75,45,55,Grade D,Grade D,Score-based certification,50,5
solid,NA,NA,NA,NA,0,TRUE,TRUE,TRUE,TRUE,TRUE,TRUE,1,0.5,0.5,0.75,0.75,51.25,48.75,Grade E,Grade E,Critical penalty burden,50,1.25
solid,NA,NA,NA,NA,0,TRUE,TRUE,TRUE,TRUE,TRUE,TRUE,1,0.75,0.5,0.75,0.75,57.5,42.5,Grade E,Grade E,Critical penalty burden,50,7.5
solid,NA,NA,NA,NA,0,TRUE,TRUE,TRUE,TRUE,TRUE,TRUE,1,1,0.5,0.75,0.75,63.75,36.25,Grade E,Grade E,Critical penalty burden,50,13.75
solid,NA,NA,NA,NA,0,TRUE,TRUE,TRUE,TRUE,TRUE,TRUE,1,0,0.75,0.75,0.75,45,55,Grade D,Grade D,Score-based certification,50,5
solid,NA,NA,NA,NA,0,TRUE,TRUE,TRUE,TRUE,TRUE,TRUE,1,0.25,0.75,0.75,0.75,51.25,48.75,Grade E,Grade E,Critical penalty burden,50,1.25
solid,NA,NA,NA,NA,0,TRUE,TRUE,TRUE,TRUE,TRUE,TRUE,1,0.5,0.75,0.75,0.75,57.5,42.5,Grade E,Grade E,Critical penalty burden,50,7.5
solid,NA,NA,NA,NA,0,TRUE,TRUE,TRUE,TRUE,TRUE,TRUE,1,0.75,0.75,0.75,0.75,63.75,36.25,Grade E,Grade E,Critical penalty burden,50,13.75
solid,NA,NA,NA,NA,0,TRUE,TRUE,TRUE,TRUE,TRUE,TRUE,1,1,0.75,0.75,0.75,70,30,Grade E,Grade E,Critical penalty burden,50,20
solid,NA,NA,NA,NA,0,TRUE,TRUE,TRUE,TRUE,TRUE,TRUE,1,0,1,0.75,0.75,51.25,48.75,Grade E,Grade E,Critical penalty burden,50,1.25
solid,NA,NA,NA,NA,0,TRUE,TRUE,TRUE,TRUE,TRUE,TRUE,1,0.25,1,0.75,0.75,57.5,42.5,Grade E,Grade E,Critical penalty burden,50,7.5
solid,NA,NA,NA,NA,0,TRUE,TRUE,TRUE,TRUE,TRUE,TRUE,1,0.5,1,0.75,0.75,63.75,36.25,Grade E,Grade E,Critical penalty burden,50,13.75
solid,NA,NA,NA,NA,0,TRUE,TRUE,TRUE,TRUE,TRUE,TRUE,1,0.75,1,0.75,0.75,70,30,Grade E,Grade E,Critical penalty burden,50,20
solid,NA,NA,NA,NA,0,TRUE,TRUE,TRUE,TRUE,TRUE,TRUE,1,1,1,0.75,0.75,76.25,23.75,Grade E,Grade E,Critical penalty burden,50,26.25
solid,NA,NA,NA,NA,0,TRUE,TRUE,TRUE,TRUE,TRUE,TRUE,1,0,0,1,0.75,30,70,Grade C,Grade C,Score-based certification,35,5
solid,NA,NA,NA,NA,0,TRUE,TRUE,TRUE,TRUE,TRUE,TRUE,1,0.25,0,1,0.75,36.25,63.75,Grade D,Grade D,Score-based certification,35,1.25
solid,NA,NA,NA,NA,0,TRUE,TRUE,TRUE,TRUE,TRUE,TRUE,1,0.5,0,1,0.75,42.5,57.5,Grade D,Grade D,Score-based certification,35,7.5
solid,NA,NA,NA,NA,0,TRUE,TRUE,TRUE,TRUE,TRUE,TRUE,1,0.75,0,1,0.75,48.75,51.25,Grade D,Grade D,Score-based certification,50,1.25
solid,NA,NA,NA,NA,0,TRUE,TRUE,TRUE,TRUE,TRUE,TRUE,1,1,0,1,0.75,55,45,Grade E,Grade E,Critical penalty burden,50,5
solid,NA,NA,NA,NA,0,TRUE,TRUE,TRUE,TRUE,TRUE,TRUE,1,0,0.25,1,0.75,36.25,63.75,Grade D,Grade D,Score-based certification,35,1.25
solid,NA,NA,NA,NA,0,TRUE,TRUE,TRUE,TRUE,TRUE,TRUE,1,0.25,0.25,1,0.75,42.5,57.5,Grade D,Grade D,Score-based certification,35,7.5
solid,NA,NA,NA,NA,0,TRUE,TRUE,TRUE,TRUE,TRUE,TRUE,1,0.5,0.25,1,0.75,48.75,51.25,Grade D,Grade D,Score-based certification,50,1.25
solid,NA,NA,NA,NA,0,TRUE,TRUE,TRUE,TRUE,TRUE,TRUE,1,0.75,0.25,1,0.75,55,45,Grade E,Grade E,Critical penalty burden,50,5
solid,NA,NA,NA,NA,0,TRUE,TRUE,TRUE,TRUE,TRUE,TRUE,1,1,0.25,1,0.75,61.25,38.75,Grade E,Grade E,Critical penalty burden,50,11.25
solid,NA,NA,NA,NA,0,TRUE,TRUE,TRUE,TRUE,TRUE,TRUE,1,0,0.5,1,0.75,42.5,57.5,Grade D,Grade D,Score-based certification,35,7.5
solid,NA,NA,NA,NA,0,TRUE,TRUE,TRUE,TRUE,TRUE,TRUE,1,0.25,0.5,1,0.75,48.75,51.25,Grade D,Grade D,Score-based certification,50,1.25
solid,NA,NA,NA,NA,0,TRUE,TRUE,TRUE,TRUE,TRUE,TRUE,1,0.5,0.5,1,0.75,55,45,Grade E,Grade E,Critical penalty burden,50,5
solid,NA,NA,NA,NA,0,TRUE,TRUE,TRUE,TRUE,TRUE,TRUE,1,0.75,0.5,1,0.75,61.25,38.75,Grade E,Grade E,Critical penalty burden,50,11.25
solid,NA,NA,NA,NA,0,TRUE,TRUE,TRUE,TRUE,TRUE,TRUE,1,1,0.5,1,0.75,67.5,32.5,Grade E,Grade E,Critical penalty burden,50,17.5
solid,NA,NA,NA,NA,0,TRUE,TRUE,TRUE,TRUE,TRUE,TRUE,1,0,0.75,1,0.75,48.75,51.25,Grade D,Grade D,Score-based certification,50,1.25
solid,NA,NA,NA,NA,0,TRUE,TRUE,TRUE,TRUE,TRUE,TRUE,1,0.25,0.75,1,0.75,55,45,Grade E,Grade E,Critical penalty burden,50,5
solid,NA,NA,NA,NA,0,TRUE,TRUE,TRUE,TRUE,TRUE,TRUE,1,0.5,0.75,1,0.75,61.25,38.75,Grade E,Grade E,Critical penalty burden,50,11.25
solid,NA,NA,NA,NA,0,TRUE,TRUE,TRUE,TRUE,TRUE,TRUE,1,0.75,0.75,1,0.75,67.5,32.5,Grade E,Grade E,Critical penalty burden,50,17.5
solid,NA,NA,NA,NA,0,TRUE,TRUE,TRUE,TRUE,TRUE,TRUE,1,1,0.75,1,0.75,73.75,26.25,Grade E,Grade E,Critical penalty burden,50,23.75
solid,NA,NA,NA,NA,0,TRUE,TRUE,TRUE,TRUE,TRUE,TRUE,1,0,1,1,0.75,55,45,Grade E,Grade E,Critical penalty burden,50,5
solid,NA,NA,NA,NA,0,TRUE,TRUE,TRUE,TRUE,TRUE,TRUE,1,0.25,1,1,0.75,61.25,38.75,Grade E,Grade E,Critical penalty burden,50,11.25
solid,NA,NA,NA,NA,0,TRUE,TRUE,TRUE,TRUE,TRUE,TRUE,1,0.5,1,1,0.75,67.5,32.5,Grade E,Grade E,Critical penalty burden,50,17.5
solid,NA,NA,NA,NA,0,TRUE,TRUE,TRUE,TRUE,TRUE,TRUE,1,0.75,1,1,0.75,73.75,26.25,Grade E,Grade E,Critical penalty burden,50,23.75
solid,NA,NA,NA,NA,0,TRUE,TRUE,TRUE,TRUE,TRUE,TRUE,1,1,1,1,0.75,80,20,Grade E,Grade E,Critical penalty burden,50,30
solid,NA,NA,NA,NA,0,TRUE,TRUE,TRUE,TRUE,TRUE,TRUE,1,0,0,0,1,20,80,Grade B,Grade B,Score-based certification,20,0
solid,NA,NA,NA,NA,0,TRUE,TRUE,TRUE,TRUE,TRUE,TRUE,1,0.25,0,0,1,26.25,73.75,Grade C,Grade C,Score-based certification,20,6.25
solid,NA,NA,NA,NA,0,TRUE,TRUE,TRUE,TRUE,TRUE,TRUE,1,0.5,0,0,1,32.5,67.5,Grade C,Grade C,Score-based certification,35,2.5
solid,NA,NA,NA,NA,0,TRUE,TRUE,TRUE,TRUE,TRUE,TRUE,1,0.75,0,0,1,38.75,61.25,Grade D,Grade D,Score-based certification,35,3.75
solid,NA,NA,NA,NA,0,TRUE,TRUE,TRUE,TRUE,TRUE,TRUE,1,1,0,0,1,45,55,Grade D,Grade D,Score-based certification,50,5
solid,NA,NA,NA,NA,0,TRUE,TRUE,TRUE,TRUE,TRUE,TRUE,1,0,0.25,0,1,26.25,73.75,Grade C,Grade C,Score-based certification,20,6.25
solid,NA,NA,NA,NA,0,TRUE,TRUE,TRUE,TRUE,TRUE,TRUE,1,0.25,0.25,0,1,32.5,67.5,Grade C,Grade C,Score-based certification,35,2.5
solid,NA,NA,NA,NA,0,TRUE,TRUE,TRUE,TRUE,TRUE,TRUE,1,0.5,0.25,0,1,38.75,61.25,Grade D,Grade D,Score-based certification,35,3.75
solid,NA,NA,NA,NA,0,TRUE,TRUE,TRUE,TRUE,TRUE,TRUE,1,0.75,0.25,0,1,45,55,Grade D,Grade D,Score-based certification,50,5
solid,NA,NA,NA,NA,0,TRUE,TRUE,TRUE,TRUE,TRUE,TRUE,1,1,0.25,0,1,51.25,48.75,Grade E,Grade E,Critical penalty burden,50,1.25
solid,NA,NA,NA,NA,0,TRUE,TRUE,TRUE,TRUE,TRUE,TRUE,1,0,0.5,0,1,32.5,67.5,Grade C,Grade C,Score-based certification,35,2.5
solid,NA,NA,NA,NA,0,TRUE,TRUE,TRUE,TRUE,TRUE,TRUE,1,0.25,0.5,0,1,38.75,61.25,Grade D,Grade D,Score-based certification,35,3.75
solid,NA,NA,NA,NA,0,TRUE,TRUE,TRUE,TRUE,TRUE,TRUE,1,0.5,0.5,0,1,45,55,Grade D,Grade D,Score-based certification,50,5
solid,NA,NA,NA,NA,0,TRUE,TRUE,TRUE,TRUE,TRUE,TRUE,1,0.75,0.5,0,1,51.25,48.75,Grade E,Grade E,Critical penalty burden,50,1.25
solid,NA,NA,NA,NA,0,TRUE,TRUE,TRUE,TRUE,TRUE,TRUE,1,1,0.5,0,1,57.5,42.5,Grade E,Grade E,Critical penalty burden,50,7.5
solid,NA,NA,NA,NA,0,TRUE,TRUE,TRUE,TRUE,TRUE,TRUE,1,0,0.75,0,1,38.75,61.25,Grade D,Grade D,Score-based certification,35,3.75
solid,NA,NA,NA,NA,0,TRUE,TRUE,TRUE,TRUE,TRUE,TRUE,1,0.25,0.75,0,1,45,55,Grade D,Grade D,Score-based certification,50,5
solid,NA,NA,NA,NA,0,TRUE,TRUE,TRUE,TRUE,TRUE,TRUE,1,0.5,0.75,0,1,51.25,48.75,Grade E,Grade E,Critical penalty burden,50,1.25
solid,NA,NA,NA,NA,0,TRUE,TRUE,TRUE,TRUE,TRUE,TRUE,1,0.75,0.75,0,1,57.5,42.5,Grade E,Grade E,Critical penalty burden,50,7.5
solid,NA,NA,NA,NA,0,TRUE,TRUE,TRUE,TRUE,TRUE,TRUE,1,1,0.75,0,1,63.75,36.25,Grade E,Grade E,Critical penalty burden,50,13.75
solid,NA,NA,NA,NA,0,TRUE,TRUE,TRUE,TRUE,TRUE,TRUE,1,0,1,0,1,45,55,Grade D,Grade D,Score-based certification,50,5
solid,NA,NA,NA,NA,0,TRUE,TRUE,TRUE,TRUE,TRUE,TRUE,1,0.25,1,0,1,51.25,48.75,Grade E,Grade E,Critical penalty burden,50,1.25
solid,NA,NA,NA,NA,0,TRUE,TRUE,TRUE,TRUE,TRUE,TRUE,1,0.5,1,0,1,57.5,42.5,Grade E,Grade E,Critical penalty burden,50,7.5
solid,NA,NA,NA,NA,0,TRUE,TRUE,TRUE,TRUE,TRUE,TRUE,1,0.75,1,0,1,63.75,36.25,Grade E,Grade E,Critical penalty burden,50,13.75
solid,NA,NA,NA,NA,0,TRUE,TRUE,TRUE,TRUE,TRUE,TRUE,1,1,1,0,1,70,30,Grade E,Grade E,Critical penalty burden,50,20
solid,NA,NA,NA,NA,0,TRUE,TRUE,TRUE,TRUE,TRUE,TRUE,1,0,0,0.25,1,23.75,76.25,Grade C,Grade C,Score-based certification,20,3.75
solid,NA,NA,NA,NA,0,TRUE,TRUE,TRUE,TRUE,TRUE,TRUE,1,0.25,0,0.25,1,30,70,Grade C,Grade C,Score-based certification,35,5
solid,NA,NA,NA,NA,0,TRUE,TRUE,TRUE,TRUE,TRUE,TRUE,1,0.5,0,0.25,1,36.25,63.75,Grade D,Grade D,Score-based certification,35,1.25
solid,NA,NA,NA,NA,0,TRUE,TRUE,TRUE,TRUE,TRUE,TRUE,1,0.75,0,0.25,1,42.5,57.5,Grade D,Grade D,Score-based certification,35,7.5
solid,NA,NA,NA,NA,0,TRUE,TRUE,TRUE,TRUE,TRUE,TRUE,1,1,0,0.25,1,48.75,51.25,Grade D,Grade D,Score-based certification,50,1.25
solid,NA,NA,NA,NA,0,TRUE,TRUE,TRUE,TRUE,TRUE,TRUE,1,0,0.25,0.25,1,30,70,Grade C,Grade C,Score-based certification,35,5
solid,NA,NA,NA,NA,0,TRUE,TRUE,TRUE,TRUE,TRUE,TRUE,1,0.25,0.25,0.25,1,36.25,63.75,Grade D,Grade D,Score-based certification,35,1.25
solid,NA,NA,NA,NA,0,TRUE,TRUE,TRUE,TRUE,TRUE,TRUE,1,0.5,0.25,0.25,1,42.5,57.5,Grade D,Grade D,Score-based certification,35,7.5
solid,NA,NA,NA,NA,0,TRUE,TRUE,TRUE,TRUE,TRUE,TRUE,1,0.75,0.25,0.25,1,48.75,51.25,Grade D,Grade D,Score-based certification,50,1.25
solid,NA,NA,NA,NA,0,TRUE,TRUE,TRUE,TRUE,TRUE,TRUE,1,1,0.25,0.25,1,55,45,Grade E,Grade E,Critical penalty burden,50,5
solid,NA,NA,NA,NA,0,TRUE,TRUE,TRUE,TRUE,TRUE,TRUE,1,0,0.5,0.25,1,36.25,63.75,Grade D,Grade D,Score-based certification,35,1.25
solid,NA,NA,NA,NA,0,TRUE,TRUE,TRUE,TRUE,TRUE,TRUE,1,0.25,0.5,0.25,1,42.5,57.5,Grade D,Grade D,Score-based certification,35,7.5
solid,NA,NA,NA,NA,0,TRUE,TRUE,TRUE,TRUE,TRUE,TRUE,1,0.5,0.5,0.25,1,48.75,51.25,Grade D,Grade D,Score-based certification,50,1.25
solid,NA,NA,NA,NA,0,TRUE,TRUE,TRUE,TRUE,TRUE,TRUE,1,0.75,0.5,0.25,1,55,45,Grade E,Grade E,Critical penalty burden,50,5
solid,NA,NA,NA,NA,0,TRUE,TRUE,TRUE,TRUE,TRUE,TRUE,1,1,0.5,0.25,1,61.25,38.75,Grade E,Grade E,Critical penalty burden,50,11.25
solid,NA,NA,NA,NA,0,TRUE,TRUE,TRUE,TRUE,TRUE,TRUE,1,0,0.75,0.25,1,42.5,57.5,Grade D,Grade D,Score-based certification,35,7.5
solid,NA,NA,NA,NA,0,TRUE,TRUE,TRUE,TRUE,TRUE,TRUE,1,0.25,0.75,0.25,1,48.75,51.25,Grade D,Grade D,Score-based certification,50,1.25
solid,NA,NA,NA,NA,0,TRUE,TRUE,TRUE,TRUE,TRUE,TRUE,1,0.5,0.75,0.25,1,55,45,Grade E,Grade E,Critical penalty burden,50,5
solid,NA,NA,NA,NA,0,TRUE,TRUE,TRUE,TRUE,TRUE,TRUE,1,0.75,0.75,0.25,1,61.25,38.75,Grade E,Grade E,Critical penalty burden,50,11.25
solid,NA,NA,NA,NA,0,TRUE,TRUE,TRUE,TRUE,TRUE,TRUE,1,1,0.75,0.25,1,67.5,32.5,Grade E,Grade E,Critical penalty burden,50,17.5
solid,NA,NA,NA,NA,0,TRUE,TRUE,TRUE,TRUE,TRUE,TRUE,1,0,1,0.25,1,48.75,51.25,Grade D,Grade D,Score-based certification,50,1.25
solid,NA,NA,NA,NA,0,TRUE,TRUE,TRUE,TRUE,TRUE,TRUE,1,0.25,1,0.25,1,55,45,Grade E,Grade E,Critical penalty burden,50,5
solid,NA,NA,NA,NA,0,TRUE,TRUE,TRUE,TRUE,TRUE,TRUE,1,0.5,1,0.25,1,61.25,38.75,Grade E,Grade E,Critical penalty burden,50,11.25
solid,NA,NA,NA,NA,0,TRUE,TRUE,TRUE,TRUE,TRUE,TRUE,1,0.75,1,0.25,1,67.5,32.5,Grade E,Grade E,Critical penalty burden,50,17.5
solid,NA,NA,NA,NA,0,TRUE,TRUE,TRUE,TRUE,TRUE,TRUE,1,1,1,0.25,1,73.75,26.25,Grade E,Grade E,Critical penalty burden,50,23.75
solid,NA,NA,NA,NA,0,TRUE,TRUE,TRUE,TRUE,TRUE,TRUE,1,0,0,0.5,1,27.5,72.5,Grade C,Grade C,Score-based certification,20,7.5
solid,NA,NA,NA,NA,0,TRUE,TRUE,TRUE,TRUE,TRUE,TRUE,1,0.25,0,0.5,1,33.75,66.25,Grade C,Grade C,Score-based certification,35,1.25
solid,NA,NA,NA,NA,0,TRUE,TRUE,TRUE,TRUE,TRUE,TRUE,1,0.5,0,0.5,1,40,60,Grade D,Grade D,Score-based certification,35,5
solid,NA,NA,NA,NA,0,TRUE,TRUE,TRUE,TRUE,TRUE,TRUE,1,0.75,0,0.5,1,46.25,53.75,Grade D,Grade D,Score-based certification,50,3.75
solid,NA,NA,NA,NA,0,TRUE,TRUE,TRUE,TRUE,TRUE,TRUE,1,1,0,0.5,1,52.5,47.5,Grade E,Grade E,Critical penalty burden,50,2.5
solid,NA,NA,NA,NA,0,TRUE,TRUE,TRUE,TRUE,TRUE,TRUE,1,0,0.25,0.5,1,33.75,66.25,Grade C,Grade C,Score-based certification,35,1.25
solid,NA,NA,NA,NA,0,TRUE,TRUE,TRUE,TRUE,TRUE,TRUE,1,0.25,0.25,0.5,1,40,60,Grade D,Grade D,Score-based certification,35,5
solid,NA,NA,NA,NA,0,TRUE,TRUE,TRUE,TRUE,TRUE,TRUE,1,0.5,0.25,0.5,1,46.25,53.75,Grade D,Grade D,Score-based certification,50,3.75
solid,NA,NA,NA,NA,0,TRUE,TRUE,TRUE,TRUE,TRUE,TRUE,1,0.75,0.25,0.5,1,52.5,47.5,Grade E,Grade E,Critical penalty burden,50,2.5
solid,NA,NA,NA,NA,0,TRUE,TRUE,TRUE,TRUE,TRUE,TRUE,1,1,0.25,0.5,1,58.75,41.25,Grade E,Grade E,Critical penalty burden,50,8.75
solid,NA,NA,NA,NA,0,TRUE,TRUE,TRUE,TRUE,TRUE,TRUE,1,0,0.5,0.5,1,40,60,Grade D,Grade D,Score-based certification,35,5
solid,NA,NA,NA,NA,0,TRUE,TRUE,TRUE,TRUE,TRUE,TRUE,1,0.25,0.5,0.5,1,46.25,53.75,Grade D,Grade D,Score-based certification,50,3.75
solid,NA,NA,NA,NA,0,TRUE,TRUE,TRUE,TRUE,TRUE,TRUE,1,0.5,0.5,0.5,1,52.5,47.5,Grade E,Grade E,Critical penalty burden,50,2.5
solid,NA,NA,NA,NA,0,TRUE,TRUE,TRUE,TRUE,TRUE,TRUE,1,0.75,0.5,0.5,1,58.75,41.25,Grade E,Grade E,Critical penalty burden,50,8.75
solid,NA,NA,NA,NA,0,TRUE,TRUE,TRUE,TRUE,TRUE,TRUE,1,1,0.5,0.5,1,65,35,Grade E,Grade E,Critical penalty burden,50,15
solid,NA,NA,NA,NA,0,TRUE,TRUE,TRUE,TRUE,TRUE,TRUE,1,0,0.75,0.5,1,46.25,53.75,Grade D,Grade D,Score-based certification,50,3.75
solid,NA,NA,NA,NA,0,TRUE,TRUE,TRUE,TRUE,TRUE,TRUE,1,0.25,0.75,0.5,1,52.5,47.5,Grade E,Grade E,Critical penalty burden,50,2.5
solid,NA,NA,NA,NA,0,TRUE,TRUE,TRUE,TRUE,TRUE,TRUE,1,0.5,0.75,0.5,1,58.75,41.25,Grade E,Grade E,Critical penalty burden,50,8.75
solid,NA,NA,NA,NA,0,TRUE,TRUE,TRUE,TRUE,TRUE,TRUE,1,0.75,0.75,0.5,1,65,35,Grade E,Grade E,Critical penalty burden,50,15
solid,NA,NA,NA,NA,0,TRUE,TRUE,TRUE,TRUE,TRUE,TRUE,1,1,0.75,0.5,1,71.25,28.75,Grade E,Grade E,Critical penalty burden,50,21.25
solid,NA,NA,NA,NA,0,TRUE,TRUE,TRUE,TRUE,TRUE,TRUE,1,0,1,0.5,1,52.5,47.5,Grade E,Grade E,Critical penalty burden,50,2.5
solid,NA,NA,NA,NA,0,TRUE,TRUE,TRUE,TRUE,TRUE,TRUE,1,0.25,1,0.5,1,58.75,41.25,Grade E,Grade E,Critical penalty burden,50,8.75
solid,NA,NA,NA,NA,0,TRUE,TRUE,TRUE,TRUE,TRUE,TRUE,1,0.5,1,0.5,1,65,35,Grade E,Grade E,Critical penalty burden,50,15
solid,NA,NA,NA,NA,0,TRUE,TRUE,TRUE,TRUE,TRUE,TRUE,1,0.75,1,0.5,1,71.25,28.75,Grade E,Grade E,Critical penalty burden,50,21.25
solid,NA,NA,NA,NA,0,TRUE,TRUE,TRUE,TRUE,TRUE,TRUE,1,1,1,0.5,1,77.5,22.5,Grade E,Grade E,Critical penalty burden,50,27.5
solid,NA,NA,NA,NA,0,TRUE,TRUE,TRUE,TRUE,TRUE,TRUE,1,0,0,0.75,1,31.25,68.75,Grade C,Grade C,Score-based certification,35,3.75
solid,NA,NA,NA,NA,0,TRUE,TRUE,TRUE,TRUE,TRUE,TRUE,1,0.25,0,0.75,1,37.5,62.5,Grade D,Grade D,Score-based certification,35,2.5
solid,NA,NA,NA,NA,0,TRUE,TRUE,TRUE,TRUE,TRUE,TRUE,1,0.5,0,0.75,1,43.75,56.25,Grade D,Grade D,Score-based certification,50,6.25
solid,NA,NA,NA,NA,0,TRUE,TRUE,TRUE,TRUE,TRUE,TRUE,1,0.75,0,0.75,1,50,50,Grade D,Grade D,Score-based certification,50,0
solid,NA,NA,NA,NA,0,TRUE,TRUE,TRUE,TRUE,TRUE,TRUE,1,1,0,0.75,1,56.25,43.75,Grade E,Grade E,Critical penalty burden,50,6.25
solid,NA,NA,NA,NA,0,TRUE,TRUE,TRUE,TRUE,TRUE,TRUE,1,0,0.25,0.75,1,37.5,62.5,Grade D,Grade D,Score-based certification,35,2.5
solid,NA,NA,NA,NA,0,TRUE,TRUE,TRUE,TRUE,TRUE,TRUE,1,0.25,0.25,0.75,1,43.75,56.25,Grade D,Grade D,Score-based certification,50,6.25
solid,NA,NA,NA,NA,0,TRUE,TRUE,TRUE,TRUE,TRUE,TRUE,1,0.5,0.25,0.75,1,50,50,Grade D,Grade D,Score-based certification,50,0
solid,NA,NA,NA,NA,0,TRUE,TRUE,TRUE,TRUE,TRUE,TRUE,1,0.75,0.25,0.75,1,56.25,43.75,Grade E,Grade E,Critical penalty burden,50,6.25
solid,NA,NA,NA,NA,0,TRUE,TRUE,TRUE,TRUE,TRUE,TRUE,1,1,0.25,0.75,1,62.5,37.5,Grade E,Grade E,Critical penalty burden,50,12.5
solid,NA,NA,NA,NA,0,TRUE,TRUE,TRUE,TRUE,TRUE,TRUE,1,0,0.5,0.75,1,43.75,56.25,Grade D,Grade D,Score-based certification,50,6.25
solid,NA,NA,NA,NA,0,TRUE,TRUE,TRUE,TRUE,TRUE,TRUE,1,0.25,0.5,0.75,1,50,50,Grade D,Grade D,Score-based certification,50,0
solid,NA,NA,NA,NA,0,TRUE,TRUE,TRUE,TRUE,TRUE,TRUE,1,0.5,0.5,0.75,1,56.25,43.75,Grade E,Grade E,Critical penalty burden,50,6.25
solid,NA,NA,NA,NA,0,TRUE,TRUE,TRUE,TRUE,TRUE,TRUE,1,0.75,0.5,0.75,1,62.5,37.5,Grade E,Grade E,Critical penalty burden,50,12.5
solid,NA,NA,NA,NA,0,TRUE,TRUE,TRUE,TRUE,TRUE,TRUE,1,1,0.5,0.75,1,68.75,31.25,Grade E,Grade E,Critical penalty burden,50,18.75
solid,NA,NA,NA,NA,0,TRUE,TRUE,TRUE,TRUE,TRUE,TRUE,1,0,0.75,0.75,1,50,50,Grade D,Grade D,Score-based certification,50,0
solid,NA,NA,NA,NA,0,TRUE,TRUE,TRUE,TRUE,TRUE,TRUE,1,0.25,0.75,0.75,1,56.25,43.75,Grade E,Grade E,Critical penalty burden,50,6.25
solid,NA,NA,NA,NA,0,TRUE,TRUE,TRUE,TRUE,TRUE,TRUE,1,0.5,0.75,0.75,1,62.5,37.5,Grade E,Grade E,Critical penalty burden,50,12.5
solid,NA,NA,NA,NA,0,TRUE,TRUE,TRUE,TRUE,TRUE,TRUE,1,0.75,0.75,0.75,1,68.75,31.25,Grade E,Grade E,Critical penalty burden,50,18.75
solid,NA,NA,NA,NA,0,TRUE,TRUE,TRUE,TRUE,TRUE,TRUE,1,1,0.75,0.75,1,75,25,Grade E,Grade E,Critical penalty burden,50,25
solid,NA,NA,NA,NA,0,TRUE,TRUE,TRUE,TRUE,TRUE,TRUE,1,0,1,0.75,1,56.25,43.75,Grade E,Grade E,Critical penalty burden,50,6.25
solid,NA,NA,NA,NA,0,TRUE,TRUE,TRUE,TRUE,TRUE,TRUE,1,0.25,1,0.75,1,62.5,37.5,Grade E,Grade E,Critical penalty burden,50,12.5
solid,NA,NA,NA,NA,0,TRUE,TRUE,TRUE,TRUE,TRUE,TRUE,1,0.5,1,0.75,1,68.75,31.25,Grade E,Grade E,Critical penalty burden,50,18.75
solid,NA,NA,NA,NA,0,TRUE,TRUE,TRUE,TRUE,TRUE,TRUE,1,0.75,1,0.75,1,75,25,Grade E,Grade E,Critical penalty burden,50,25
solid,NA,NA,NA,NA,0,TRUE,TRUE,TRUE,TRUE,TRUE,TRUE,1,1,1,0.75,1,81.25,18.75,Grade E,Grade E,Critical penalty burden,50,31.25
solid,NA,NA,NA,NA,0,TRUE,TRUE,TRUE,TRUE,TRUE,TRUE,1,0,0,1,1,35,65,Grade C,Grade C,Score-based certification,35,0
solid,NA,NA,NA,NA,0,TRUE,TRUE,TRUE,TRUE,TRUE,TRUE,1,0.25,0,1,1,41.25,58.75,Grade D,Grade D,Score-based certification,35,6.25
solid,NA,NA,NA,NA,0,TRUE,TRUE,TRUE,TRUE,TRUE,TRUE,1,0.5,0,1,1,47.5,52.5,Grade D,Grade D,Score-based certification,50,2.5
solid,NA,NA,NA,NA,0,TRUE,TRUE,TRUE,TRUE,TRUE,TRUE,1,0.75,0,1,1,53.75,46.25,Grade E,Grade E,Critical penalty burden,50,3.75
solid,NA,NA,NA,NA,0,TRUE,TRUE,TRUE,TRUE,TRUE,TRUE,1,1,0,1,1,60,40,Grade E,Grade E,Critical penalty burden,50,10
solid,NA,NA,NA,NA,0,TRUE,TRUE,TRUE,TRUE,TRUE,TRUE,1,0,0.25,1,1,41.25,58.75,Grade D,Grade D,Score-based certification,35,6.25
solid,NA,NA,NA,NA,0,TRUE,TRUE,TRUE,TRUE,TRUE,TRUE,1,0.25,0.25,1,1,47.5,52.5,Grade D,Grade D,Score-based certification,50,2.5
solid,NA,NA,NA,NA,0,TRUE,TRUE,TRUE,TRUE,TRUE,TRUE,1,0.5,0.25,1,1,53.75,46.25,Grade E,Grade E,Critical penalty burden,50,3.75
solid,NA,NA,NA,NA,0,TRUE,TRUE,TRUE,TRUE,TRUE,TRUE,1,0.75,0.25,1,1,60,40,Grade E,Grade E,Critical penalty burden,50,10
solid,NA,NA,NA,NA,0,TRUE,TRUE,TRUE,TRUE,TRUE,TRUE,1,1,0.25,1,1,66.25,33.75,Grade E,Grade E,Critical penalty burden,50,16.25
solid,NA,NA,NA,NA,0,TRUE,TRUE,TRUE,TRUE,TRUE,TRUE,1,0,0.5,1,1,47.5,52.5,Grade D,Grade D,Score-based certification,50,2.5
solid,NA,NA,NA,NA,0,TRUE,TRUE,TRUE,TRUE,TRUE,TRUE,1,0.25,0.5,1,1,53.75,46.25,Grade E,Grade E,Critical penalty burden,50,3.75
solid,NA,NA,NA,NA,0,TRUE,TRUE,TRUE,TRUE,TRUE,TRUE,1,0.5,0.5,1,1,60,40,Grade E,Grade E,Critical penalty burden,50,10
solid,NA,NA,NA,NA,0,TRUE,TRUE,TRUE,TRUE,TRUE,TRUE,1,0.75,0.5,1,1,66.25,33.75,Grade E,Grade E,Critical penalty burden,50,16.25
solid,NA,NA,NA,NA,0,TRUE,TRUE,TRUE,TRUE,TRUE,TRUE,1,1,0.5,1,1,72.5,27.5,Grade E,Grade E,Critical penalty burden,50,22.5
solid,NA,NA,NA,NA,0,TRUE,TRUE,TRUE,TRUE,TRUE,TRUE,1,0,0.75,1,1,53.75,46.25,Grade E,Grade E,Critical penalty burden,50,3.75
solid,NA,NA,NA,NA,0,TRUE,TRUE,TRUE,TRUE,TRUE,TRUE,1,0.25,0.75,1,1,60,40,Grade E,Grade E,Critical penalty burden,50,10
solid,NA,NA,NA,NA,0,TRUE,TRUE,TRUE,TRUE,TRUE,TRUE,1,0.5,0.75,1,1,66.25,33.75,Grade E,Grade E,Critical penalty burden,50,16.25
solid,NA,NA,NA,NA,0,TRUE,TRUE,TRUE,TRUE,TRUE,TRUE,1,0.75,0.75,1,1,72.5,27.5,Grade E,Grade E,Critical penalty burden,50,22.5
solid,NA,NA,NA,NA,0,TRUE,TRUE,TRUE,TRUE,TRUE,TRUE,1,1,0.75,1,1,78.75,21.25,Grade E,Grade E,Critical penalty burden,50,28.75
solid,NA,NA,NA,NA,0,TRUE,TRUE,TRUE,TRUE,TRUE,TRUE,1,0,1,1,1,60,40,Grade E,Grade E,Critical penalty burden,50,10
solid,NA,NA,NA,NA,0,TRUE,TRUE,TRUE,TRUE,TRUE,TRUE,1,0.25,1,1,1,66.25,33.75,Grade E,Grade E,Critical penalty burden,50,16.25
solid,NA,NA,NA,NA,0,TRUE,TRUE,TRUE,TRUE,TRUE,TRUE,1,0.5,1,1,1,72.5,27.5,Grade E,Grade E,Critical penalty burden,50,22.5
solid,NA,NA,NA,NA,0,TRUE,TRUE,TRUE,TRUE,TRUE,TRUE,1,0.75,1,1,1,78.75,21.25,Grade E,Grade E,Critical penalty burden,50,28.75
solid,NA,NA,NA,NA,0,TRUE,TRUE,TRUE,TRUE,TRUE,TRUE,1,1,1,1,1,85,15,Grade E,Grade E,Critical penalty burden,50,35
solid,NA,NA,NA,NA,0.25,TRUE,TRUE,TRUE,TRUE,TRUE,TRUE,1,0,0,0,0,3.75,96.25,Grade A,Grade A,Score-based certification,10,6.25
solid,NA,NA,NA,NA,0.25,TRUE,TRUE,TRUE,TRUE,TRUE,TRUE,1,0.25,0,0,0,10,90,Grade A,Grade A,Score-based certification,10,0
solid,NA,NA,NA,NA,0.25,TRUE,TRUE,TRUE,TRUE,TRUE,TRUE,1,0.5,0,0,0,16.25,83.75,Grade B,Grade B,Score-based certification,20,3.75
solid,NA,NA,NA,NA,0.25,TRUE,TRUE,TRUE,TRUE,TRUE,TRUE,1,0.75,0,0,0,22.5,77.5,Grade C,Grade C,Score-based certification,20,2.5
solid,NA,NA,NA,NA,0.25,TRUE,TRUE,TRUE,TRUE,TRUE,TRUE,1,1,0,0,0,28.75,71.25,Grade C,Grade C,Score-based certification,35,6.25
solid,NA,NA,NA,NA,0.25,TRUE,TRUE,TRUE,TRUE,TRUE,TRUE,1,0,0.25,0,0,10,90,Grade A,Grade A,Score-based certification,10,0
solid,NA,NA,NA,NA,0.25,TRUE,TRUE,TRUE,TRUE,TRUE,TRUE,1,0.25,0.25,0,0,16.25,83.75,Grade B,Grade B,Score-based certification,20,3.75
solid,NA,NA,NA,NA,0.25,TRUE,TRUE,TRUE,TRUE,TRUE,TRUE,1,0.5,0.25,0,0,22.5,77.5,Grade C,Grade C,Score-based certification,20,2.5
solid,NA,NA,NA,NA,0.25,TRUE,TRUE,TRUE,TRUE,TRUE,TRUE,1,0.75,0.25,0,0,28.75,71.25,Grade C,Grade C,Score-based certification,35,6.25
solid,NA,NA,NA,NA,0.25,TRUE,TRUE,TRUE,TRUE,TRUE,TRUE,1,1,0.25,0,0,35,65,Grade C,Grade C,Score-based certification,35,0
solid,NA,NA,NA,NA,0.25,TRUE,TRUE,TRUE,TRUE,TRUE,TRUE,1,0,0.5,0,0,16.25,83.75,Grade B,Grade B,Score-based certification,20,3.75
solid,NA,NA,NA,NA,0.25,TRUE,TRUE,TRUE,TRUE,TRUE,TRUE,1,0.25,0.5,0,0,22.5,77.5,Grade C,Grade C,Score-based certification,20,2.5
solid,NA,NA,NA,NA,0.25,TRUE,TRUE,TRUE,TRUE,TRUE,TRUE,1,0.5,0.5,0,0,28.75,71.25,Grade C,Grade C,Score-based certification,35,6.25
solid,NA,NA,NA,NA,0.25,TRUE,TRUE,TRUE,TRUE,TRUE,TRUE,1,0.75,0.5,0,0,35,65,Grade C,Grade C,Score-based certification,35,0
solid,NA,NA,NA,NA,0.25,TRUE,TRUE,TRUE,TRUE,TRUE,TRUE,1,1,0.5,0,0,41.25,58.75,Grade D,Grade D,Score-based certification,35,6.25
solid,NA,NA,NA,NA,0.25,TRUE,TRUE,TRUE,TRUE,TRUE,TRUE,1,0,0.75,0,0,22.5,77.5,Grade C,Grade C,Score-based certification,20,2.5
solid,NA,NA,NA,NA,0.25,TRUE,TRUE,TRUE,TRUE,TRUE,TRUE,1,0.25,0.75,0,0,28.75,71.25,Grade C,Grade C,Score-based certification,35,6.25
solid,NA,NA,NA,NA,0.25,TRUE,TRUE,TRUE,TRUE,TRUE,TRUE,1,0.5,0.75,0,0,35,65,Grade C,Grade C,Score-based certification,35,0
solid,NA,NA,NA,NA,0.25,TRUE,TRUE,TRUE,TRUE,TRUE,TRUE,1,0.75,0.75,0,0,41.25,58.75,Grade D,Grade D,Score-based certification,35,6.25
solid,NA,NA,NA,NA,0.25,TRUE,TRUE,TRUE,TRUE,TRUE,TRUE,1,1,0.75,0,0,47.5,52.5,Grade D,Grade D,Score-based certification,50,2.5
solid,NA,NA,NA,NA,0.25,TRUE,TRUE,TRUE,TRUE,TRUE,TRUE,1,0,1,0,0,28.75,71.25,Grade C,Grade C,Score-based certification,35,6.25
solid,NA,NA,NA,NA,0.25,TRUE,TRUE,TRUE,TRUE,TRUE,TRUE,1,0.25,1,0,0,35,65,Grade C,Grade C,Score-based certification,35,0
solid,NA,NA,NA,NA,0.25,TRUE,TRUE,TRUE,TRUE,TRUE,TRUE,1,0.5,1,0,0,41.25,58.75,Grade D,Grade D,Score-based certification,35,6.25
solid,NA,NA,NA,NA,0.25,TRUE,TRUE,TRUE,TRUE,TRUE,TRUE,1,0.75,1,0,0,47.5,52.5,Grade D,Grade D,Score-based certification,50,2.5
solid,NA,NA,NA,NA,0.25,TRUE,TRUE,TRUE,TRUE,TRUE,TRUE,1,1,1,0,0,53.75,46.25,Grade E,Grade E,Critical penalty burden,50,3.75
solid,NA,NA,NA,NA,0.25,TRUE,TRUE,TRUE,TRUE,TRUE,TRUE,1,0,0,0.25,0,7.5,92.5,Grade A,Grade A,Score-based certification,10,2.5
solid,NA,NA,NA,NA,0.25,TRUE,TRUE,TRUE,TRUE,TRUE,TRUE,1,0.25,0,0.25,0,13.75,86.25,Grade B,Grade B,Score-based certification,10,3.75
solid,NA,NA,NA,NA,0.25,TRUE,TRUE,TRUE,TRUE,TRUE,TRUE,1,0.5,0,0.25,0,20,80,Grade B,Grade B,Score-based certification,20,0
solid,NA,NA,NA,NA,0.25,TRUE,TRUE,TRUE,TRUE,TRUE,TRUE,1,0.75,0,0.25,0,26.25,73.75,Grade C,Grade C,Score-based certification,20,6.25
solid,NA,NA,NA,NA,0.25,TRUE,TRUE,TRUE,TRUE,TRUE,TRUE,1,1,0,0.25,0,32.5,67.5,Grade C,Grade C,Score-based certification,35,2.5
solid,NA,NA,NA,NA,0.25,TRUE,TRUE,TRUE,TRUE,TRUE,TRUE,1,0,0.25,0.25,0,13.75,86.25,Grade B,Grade B,Score-based certification,10,3.75
solid,NA,NA,NA,NA,0.25,TRUE,TRUE,TRUE,TRUE,TRUE,TRUE,1,0.25,0.25,0.25,0,20,80,Grade B,Grade B,Score-based certification,20,0
solid,NA,NA,NA,NA,0.25,TRUE,TRUE,TRUE,TRUE,TRUE,TRUE,1,0.5,0.25,0.25,0,26.25,73.75,Grade C,Grade C,Score-based certification,20,6.25
solid,NA,NA,NA,NA,0.25,TRUE,TRUE,TRUE,TRUE,TRUE,TRUE,1,0.75,0.25,0.25,0,32.5,67.5,Grade C,Grade C,Score-based certification,35,2.5
solid,NA,NA,NA,NA,0.25,TRUE,TRUE,TRUE,TRUE,TRUE,TRUE,1,1,0.25,0.25,0,38.75,61.25,Grade D,Grade D,Score-based certification,35,3.75
solid,NA,NA,NA,NA,0.25,TRUE,TRUE,TRUE,TRUE,TRUE,TRUE,1,0,0.5,0.25,0,20,80,Grade B,Grade B,Score-based certification,20,0
solid,NA,NA,NA,NA,0.25,TRUE,TRUE,TRUE,TRUE,TRUE,TRUE,1,0.25,0.5,0.25,0,26.25,73.75,Grade C,Grade C,Score-based certification,20,6.25
solid,NA,NA,NA,NA,0.25,TRUE,TRUE,TRUE,TRUE,TRUE,TRUE,1,0.5,0.5,0.25,0,32.5,67.5,Grade C,Grade C,Score-based certification,35,2.5
solid,NA,NA,NA,NA,0.25,TRUE,TRUE,TRUE,TRUE,TRUE,TRUE,1,0.75,0.5,0.25,0,38.75,61.25,Grade D,Grade D,Score-based certification,35,3.75
solid,NA,NA,NA,NA,0.25,TRUE,TRUE,TRUE,TRUE,TRUE,TRUE,1,1,0.5,0.25,0,45,55,Grade D,Grade D,Score-based certification,50,5
solid,NA,NA,NA,NA,0.25,TRUE,TRUE,TRUE,TRUE,TRUE,TRUE,1,0,0.75,0.25,0,26.25,73.75,Grade C,Grade C,Score-based certification,20,6.25
solid,NA,NA,NA,NA,0.25,TRUE,TRUE,TRUE,TRUE,TRUE,TRUE,1,0.25,0.75,0.25,0,32.5,67.5,Grade C,Grade C,Score-based certification,35,2.5
solid,NA,NA,NA,NA,0.25,TRUE,TRUE,TRUE,TRUE,TRUE,TRUE,1,0.5,0.75,0.25,0,38.75,61.25,Grade D,Grade D,Score-based certification,35,3.75
solid,NA,NA,NA,NA,0.25,TRUE,TRUE,TRUE,TRUE,TRUE,TRUE,1,0.75,0.75,0.25,0,45,55,Grade D,Grade D,Score-based certification,50,5
solid,NA,NA,NA,NA,0.25,TRUE,TRUE,TRUE,TRUE,TRUE,TRUE,1,1,0.75,0.25,0,51.25,48.75,Grade E,Grade E,Critical penalty burden,50,1.25
solid,NA,NA,NA,NA,0.25,TRUE,TRUE,TRUE,TRUE,TRUE,TRUE,1,0,1,0.25,0,32.5,67.5,Grade C,Grade C,Score-based certification,35,2.5
solid,NA,NA,NA,NA,0.25,TRUE,TRUE,TRUE,TRUE,TRUE,TRUE,1,0.25,1,0.25,0,38.75,61.25,Grade D,Grade D,Score-based certification,35,3.75
solid,NA,NA,NA,NA,0.25,TRUE,TRUE,TRUE,TRUE,TRUE,TRUE,1,0.5,1,0.25,0,45,55,Grade D,Grade D,Score-based certification,50,5
solid,NA,NA,NA,NA,0.25,TRUE,TRUE,TRUE,TRUE,TRUE,TRUE,1,0.75,1,0.25,0,51.25,48.75,Grade E,Grade E,Critical penalty burden,50,1.25
solid,NA,NA,NA,NA,0.25,TRUE,TRUE,TRUE,TRUE,TRUE,TRUE,1,1,1,0.25,0,57.5,42.5,Grade E,Grade E,Critical penalty burden,50,7.5
solid,NA,NA,NA,NA,0.25,TRUE,TRUE,TRUE,TRUE,TRUE,TRUE,1,0,0,0.5,0,11.25,88.75,Grade B,Grade B,Score-based certification,10,1.25
solid,NA,NA,NA,NA,0.25,TRUE,TRUE,TRUE,TRUE,TRUE,TRUE,1,0.25,0,0.5,0,17.5,82.5,Grade B,Grade B,Score-based certification,20,2.5
solid,NA,NA,NA,NA,0.25,TRUE,TRUE,TRUE,TRUE,TRUE,TRUE,1,0.5,0,0.5,0,23.75,76.25,Grade C,Grade C,Score-based certification,20,3.75
solid,NA,NA,NA,NA,0.25,TRUE,TRUE,TRUE,TRUE,TRUE,TRUE,1,0.75,0,0.5,0,30,70,Grade C,Grade C,Score-based certification,35,5
solid,NA,NA,NA,NA,0.25,TRUE,TRUE,TRUE,TRUE,TRUE,TRUE,1,1,0,0.5,0,36.25,63.75,Grade D,Grade D,Score-based certification,35,1.25
solid,NA,NA,NA,NA,0.25,TRUE,TRUE,TRUE,TRUE,TRUE,TRUE,1,0,0.25,0.5,0,17.5,82.5,Grade B,Grade B,Score-based certification,20,2.5
solid,NA,NA,NA,NA,0.25,TRUE,TRUE,TRUE,TRUE,TRUE,TRUE,1,0.25,0.25,0.5,0,23.75,76.25,Grade C,Grade C,Score-based certification,20,3.75
solid,NA,NA,NA,NA,0.25,TRUE,TRUE,TRUE,TRUE,TRUE,TRUE,1,0.5,0.25,0.5,0,30,70,Grade C,Grade C,Score-based certification,35,5
solid,NA,NA,NA,NA,0.25,TRUE,TRUE,TRUE,TRUE,TRUE,TRUE,1,0.75,0.25,0.5,0,36.25,63.75,Grade D,Grade D,Score-based certification,35,1.25
solid,NA,NA,NA,NA,0.25,TRUE,TRUE,TRUE,TRUE,TRUE,TRUE,1,1,0.25,0.5,0,42.5,57.5,Grade D,Grade D,Score-based certification,35,7.5
solid,NA,NA,NA,NA,0.25,TRUE,TRUE,TRUE,TRUE,TRUE,TRUE,1,0,0.5,0.5,0,23.75,76.25,Grade C,Grade C,Score-based certification,20,3.75
solid,NA,NA,NA,NA,0.25,TRUE,TRUE,TRUE,TRUE,TRUE,TRUE,1,0.25,0.5,0.5,0,30,70,Grade C,Grade C,Score-based certification,35,5
solid,NA,NA,NA,NA,0.25,TRUE,TRUE,TRUE,TRUE,TRUE,TRUE,1,0.5,0.5,0.5,0,36.25,63.75,Grade D,Grade D,Score-based certification,35,1.25
solid,NA,NA,NA,NA,0.25,TRUE,TRUE,TRUE,TRUE,TRUE,TRUE,1,0.75,0.5,0.5,0,42.5,57.5,Grade D,Grade D,Score-based certification,35,7.5
solid,NA,NA,NA,NA,0.25,TRUE,TRUE,TRUE,TRUE,TRUE,TRUE,1,1,0.5,0.5,0,48.75,51.25,Grade D,Grade D,Score-based certification,50,1.25
solid,NA,NA,NA,NA,0.25,TRUE,TRUE,TRUE,TRUE,TRUE,TRUE,1,0,0.75,0.5,0,30,70,Grade C,Grade C,Score-based certification,35,5
solid,NA,NA,NA,NA,0.25,TRUE,TRUE,TRUE,TRUE,TRUE,TRUE,1,0.25,0.75,0.5,0,36.25,63.75,Grade D,Grade D,Score-based certification,35,1.25
solid,NA,NA,NA,NA,0.25,TRUE,TRUE,TRUE,TRUE,TRUE,TRUE,1,0.5,0.75,0.5,0,42.5,57.5,Grade D,Grade D,Score-based certification,35,7.5
solid,NA,NA,NA,NA,0.25,TRUE,TRUE,TRUE,TRUE,TRUE,TRUE,1,0.75,0.75,0.5,0,48.75,51.25,Grade D,Grade D,Score-based certification,50,1.25
solid,NA,NA,NA,NA,0.25,TRUE,TRUE,TRUE,TRUE,TRUE,TRUE,1,1,0.75,0.5,0,55,45,Grade E,Grade E,Critical penalty burden,50,5
solid,NA,NA,NA,NA,0.25,TRUE,TRUE,TRUE,TRUE,TRUE,TRUE,1,0,1,0.5,0,36.25,63.75,Grade D,Grade D,Score-based certification,35,1.25
solid,NA,NA,NA,NA,0.25,TRUE,TRUE,TRUE,TRUE,TRUE,TRUE,1,0.25,1,0.5,0,42.5,57.5,Grade D,Grade D,Score-based certification,35,7.5
solid,NA,NA,NA,NA,0.25,TRUE,TRUE,TRUE,TRUE,TRUE,TRUE,1,0.5,1,0.5,0,48.75,51.25,Grade D,Grade D,Score-based certification,50,1.25
solid,NA,NA,NA,NA,0.25,TRUE,TRUE,TRUE,TRUE,TRUE,TRUE,1,0.75,1,0.5,0,55,45,Grade E,Grade E,Critical penalty burden,50,5
solid,NA,NA,NA,NA,0.25,TRUE,TRUE,TRUE,TRUE,TRUE,TRUE,1,1,1,0.5,0,61.25,38.75,Grade E,Grade E,Critical penalty burden,50,11.25
solid,NA,NA,NA,NA,0.25,TRUE,TRUE,TRUE,TRUE,TRUE,TRUE,1,0,0,0.75,0,15,85,Grade B,Grade B,Score-based certification,10,5
solid,NA,NA,NA,NA,0.25,TRUE,TRUE,TRUE,TRUE,TRUE,TRUE,1,0.25,0,0.75,0,21.25,78.75,Grade C,Grade C,Score-based certification,20,1.25
solid,NA,NA,NA,NA,0.25,TRUE,TRUE,TRUE,TRUE,TRUE,TRUE,1,0.5,0,0.75,0,27.5,72.5,Grade C,Grade C,Score-based certification,20,7.5
solid,NA,NA,NA,NA,0.25,TRUE,TRUE,TRUE,TRUE,TRUE,TRUE,1,0.75,0,0.75,0,33.75,66.25,Grade C,Grade C,Score-based certification,35,1.25
solid,NA,NA,NA,NA,0.25,TRUE,TRUE,TRUE,TRUE,TRUE,TRUE,1,1,0,0.75,0,40,60,Grade D,Grade D,Score-based certification,35,5
solid,NA,NA,NA,NA,0.25,TRUE,TRUE,TRUE,TRUE,TRUE,TRUE,1,0,0.25,0.75,0,21.25,78.75,Grade C,Grade C,Score-based certification,20,1.25
solid,NA,NA,NA,NA,0.25,TRUE,TRUE,TRUE,TRUE,TRUE,TRUE,1,0.25,0.25,0.75,0,27.5,72.5,Grade C,Grade C,Score-based certification,20,7.5
solid,NA,NA,NA,NA,0.25,TRUE,TRUE,TRUE,TRUE,TRUE,TRUE,1,0.5,0.25,0.75,0,33.75,66.25,Grade C,Grade C,Score-based certification,35,1.25
solid,NA,NA,NA,NA,0.25,TRUE,TRUE,TRUE,TRUE,TRUE,TRUE,1,0.75,0.25,0.75,0,40,60,Grade D,Grade D,Score-based certification,35,5
solid,NA,NA,NA,NA,0.25,TRUE,TRUE,TRUE,TRUE,TRUE,TRUE,1,1,0.25,0.75,0,46.25,53.75,Grade D,Grade D,Score-based certification,50,3.75
solid,NA,NA,NA,NA,0.25,TRUE,TRUE,TRUE,TRUE,TRUE,TRUE,1,0,0.5,0.75,0,27.5,72.5,Grade C,Grade C,Score-based certification,20,7.5
solid,NA,NA,NA,NA,0.25,TRUE,TRUE,TRUE,TRUE,TRUE,TRUE,1,0.25,0.5,0.75,0,33.75,66.25,Grade C,Grade C,Score-based certification,35,1.25
solid,NA,NA,NA,NA,0.25,TRUE,TRUE,TRUE,TRUE,TRUE,TRUE,1,0.5,0.5,0.75,0,40,60,Grade D,Grade D,Score-based certification,35,5
solid,NA,NA,NA,NA,0.25,TRUE,TRUE,TRUE,TRUE,TRUE,TRUE,1,0.75,0.5,0.75,0,46.25,53.75,Grade D,Grade D,Score-based certification,50,3.75
solid,NA,NA,NA,NA,0.25,TRUE,TRUE,TRUE,TRUE,TRUE,TRUE,1,1,0.5,0.75,0,52.5,47.5,Grade E,Grade E,Critical penalty burden,50,2.5
solid,NA,NA,NA,NA,0.25,TRUE,TRUE,TRUE,TRUE,TRUE,TRUE,1,0,0.75,0.75,0,33.75,66.25,Grade C,Grade C,Score-based certification,35,1.25
solid,NA,NA,NA,NA,0.25,TRUE,TRUE,TRUE,TRUE,TRUE,TRUE,1,0.25,0.75,0.75,0,40,60,Grade D,Grade D,Score-based certification,35,5
solid,NA,NA,NA,NA,0.25,TRUE,TRUE,TRUE,TRUE,TRUE,TRUE,1,0.5,0.75,0.75,0,46.25,53.75,Grade D,Grade D,Score-based certification,50,3.75
solid,NA,NA,NA,NA,0.25,TRUE,TRUE,TRUE,TRUE,TRUE,TRUE,1,0.75,0.75,0.75,0,52.5,47.5,Grade E,Grade E,Critical penalty burden,50,2.5
solid,NA,NA,NA,NA,0.25,TRUE,TRUE,TRUE,TRUE,TRUE,TRUE,1,1,0.75,0.75,0,58.75,41.25,Grade E,Grade E,Critical penalty burden,50,8.75
solid,NA,NA,NA,NA,0.25,TRUE,TRUE,TRUE,TRUE,TRUE,TRUE,1,0,1,0.75,0,40,60,Grade D,Grade D,Score-based certification,35,5
solid,NA,NA,NA,NA,0.25,TRUE,TRUE,TRUE,TRUE,TRUE,TRUE,1,0.25,1,0.75,0,46.25,53.75,Grade D,Grade D,Score-based certification,50,3.75
solid,NA,NA,NA,NA,0.25,TRUE,TRUE,TRUE,TRUE,TRUE,TRUE,1,0.5,1,0.75,0,52.5,47.5,Grade E,Grade E,Critical penalty burden,50,2.5
solid,NA,NA,NA,NA,0.25,TRUE,TRUE,TRUE,TRUE,TRUE,TRUE,1,0.75,1,0.75,0,58.75,41.25,Grade E,Grade E,Critical penalty burden,50,8.75
solid,NA,NA,NA,NA,0.25,TRUE,TRUE,TRUE,TRUE,TRUE,TRUE,1,1,1,0.75,0,65,35,Grade E,Grade E,Critical penalty burden,50,15
solid,NA,NA,NA,NA,0.25,TRUE,TRUE,TRUE,TRUE,TRUE,TRUE,1,0,0,1,0,18.75,81.25,Grade B,Grade B,Score-based certification,20,1.25
solid,NA,NA,NA,NA,0.25,TRUE,TRUE,TRUE,TRUE,TRUE,TRUE,1,0.25,0,1,0,25,75,Grade C,Grade C,Score-based certification,20,5
solid,NA,NA,NA,NA,0.25,TRUE,TRUE,TRUE,TRUE,TRUE,TRUE,1,0.5,0,1,0,31.25,68.75,Grade C,Grade C,Score-based certification,35,3.75
solid,NA,NA,NA,NA,0.25,TRUE,TRUE,TRUE,TRUE,TRUE,TRUE,1,0.75,0,1,0,37.5,62.5,Grade D,Grade D,Score-based certification,35,2.5
solid,NA,NA,NA,NA,0.25,TRUE,TRUE,TRUE,TRUE,TRUE,TRUE,1,1,0,1,0,43.75,56.25,Grade D,Grade D,Score-based certification,50,6.25
solid,NA,NA,NA,NA,0.25,TRUE,TRUE,TRUE,TRUE,TRUE,TRUE,1,0,0.25,1,0,25,75,Grade C,Grade C,Score-based certification,20,5
solid,NA,NA,NA,NA,0.25,TRUE,TRUE,TRUE,TRUE,TRUE,TRUE,1,0.25,0.25,1,0,31.25,68.75,Grade C,Grade C,Score-based certification,35,3.75
solid,NA,NA,NA,NA,0.25,TRUE,TRUE,TRUE,TRUE,TRUE,TRUE,1,0.5,0.25,1,0,37.5,62.5,Grade D,Grade D,Score-based certification,35,2.5
solid,NA,NA,NA,NA,0.25,TRUE,TRUE,TRUE,TRUE,TRUE,TRUE,1,0.75,0.25,1,0,43.75,56.25,Grade D,Grade D,Score-based certification,50,6.25
solid,NA,NA,NA,NA,0.25,TRUE,TRUE,TRUE,TRUE,TRUE,TRUE,1,1,0.25,1,0,50,50,Grade D,Grade D,Score-based certification,50,0
solid,NA,NA,NA,NA,0.25,TRUE,TRUE,TRUE,TRUE,TRUE,TRUE,1,0,0.5,1,0,31.25,68.75,Grade C,Grade C,Score-based certification,35,3.75
solid,NA,NA,NA,NA,0.25,TRUE,TRUE,TRUE,TRUE,TRUE,TRUE,1,0.25,0.5,1,0,37.5,62.5,Grade D,Grade D,Score-based certification,35,2.5
solid,NA,NA,NA,NA,0.25,TRUE,TRUE,TRUE,TRUE,TRUE,TRUE,1,0.5,0.5,1,0,43.75,56.25,Grade D,Grade D,Score-based certification,50,6.25
solid,NA,NA,NA,NA,0.25,TRUE,TRUE,TRUE,TRUE,TRUE,TRUE,1,0.75,0.5,1,0,50,50,Grade D,Grade D,Score-based certification,50,0
solid,NA,NA,NA,NA,0.25,TRUE,TRUE,TRUE,TRUE,TRUE,TRUE,1,1,0.5,1,0,56.25,43.75,Grade E,Grade E,Critical penalty burden,50,6.25
solid,NA,NA,NA,NA,0.25,TRUE,TRUE,TRUE,TRUE,TRUE,TRUE,1,0,0.75,1,0,37.5,62.5,Grade D,Grade D,Score-based certification,35,2.5
solid,NA,NA,NA,NA,0.25,TRUE,TRUE,TRUE,TRUE,TRUE,TRUE,1,0.25,0.75,1,0,43.75,56.25,Grade D,Grade D,Score-based certification,50,6.25
solid,NA,NA,NA,NA,0.25,TRUE,TRUE,TRUE,TRUE,TRUE,TRUE,1,0.5,0.75,1,0,50,50,Grade D,Grade D,Score-based certification,50,0
solid,NA,NA,NA,NA,0.25,TRUE,TRUE,TRUE,TRUE,TRUE,TRUE,1,0.75,0.75,1,0,56.25,43.75,Grade E,Grade E,Critical penalty burden,50,6.25
solid,NA,NA,NA,NA,0.25,TRUE,TRUE,TRUE,TRUE,TRUE,TRUE,1,1,0.75,1,0,62.5,37.5,Grade E,Grade E,Critical penalty burden,50,12.5
solid,NA,NA,NA,NA,0.25,TRUE,TRUE,TRUE,TRUE,TRUE,TRUE,1,0,1,1,0,43.75,56.25,Grade D,Grade D,Score-based certification,50,6.25
solid,NA,NA,NA,NA,0.25,TRUE,TRUE,TRUE,TRUE,TRUE,TRUE,1,0.25,1,1,0,50,50,Grade D,Grade D,Score-based certification,50,0
solid,NA,NA,NA,NA,0.25,TRUE,TRUE,TRUE,TRUE,TRUE,TRUE,1,0.5,1,1,0,56.25,43.75,Grade E,Grade E,Critical penalty burden,50,6.25
solid,NA,NA,NA,NA,0.25,TRUE,TRUE,TRUE,TRUE,TRUE,TRUE,1,0.75,1,1,0,62.5,37.5,Grade E,Grade E,Critical penalty burden,50,12.5
solid,NA,NA,NA,NA,0.25,TRUE,TRUE,TRUE,TRUE,TRUE,TRUE,1,1,1,1,0,68.75,31.25,Grade E,Grade E,Critical penalty burden,50,18.75
solid,NA,NA,NA,NA,0.25,TRUE,TRUE,TRUE,TRUE,TRUE,TRUE,1,0,0,0,0.25,8.75,91.25,Grade A,Grade A,Score-based certification,10,1.25
solid,NA,NA,NA,NA,0.25,TRUE,TRUE,TRUE,TRUE,TRUE,TRUE,1,0.25,0,0,0.25,15,85,Grade B,Grade B,Score-based certification,10,5
solid,NA,NA,NA,NA,0.25,TRUE,TRUE,TRUE,TRUE,TRUE,TRUE,1,0.5,0,0,0.25,21.25,78.75,Grade C,Grade C,Score-based certification,20,1.25
solid,NA,NA,NA,NA,0.25,TRUE,TRUE,TRUE,TRUE,TRUE,TRUE,1,0.75,0,0,0.25,27.5,72.5,Grade C,Grade C,Score-based certification,20,7.5
solid,NA,NA,NA,NA,0.25,TRUE,TRUE,TRUE,TRUE,TRUE,TRUE,1,1,0,0,0.25,33.75,66.25,Grade C,Grade C,Score-based certification,35,1.25
solid,NA,NA,NA,NA,0.25,TRUE,TRUE,TRUE,TRUE,TRUE,TRUE,1,0,0.25,0,0.25,15,85,Grade B,Grade B,Score-based certification,10,5
solid,NA,NA,NA,NA,0.25,TRUE,TRUE,TRUE,TRUE,TRUE,TRUE,1,0.25,0.25,0,0.25,21.25,78.75,Grade C,Grade C,Score-based certification,20,1.25
solid,NA,NA,NA,NA,0.25,TRUE,TRUE,TRUE,TRUE,TRUE,TRUE,1,0.5,0.25,0,0.25,27.5,72.5,Grade C,Grade C,Score-based certification,20,7.5
solid,NA,NA,NA,NA,0.25,TRUE,TRUE,TRUE,TRUE,TRUE,TRUE,1,0.75,0.25,0,0.25,33.75,66.25,Grade C,Grade C,Score-based certification,35,1.25
solid,NA,NA,NA,NA,0.25,TRUE,TRUE,TRUE,TRUE,TRUE,TRUE,1,1,0.25,0,0.25,40,60,Grade D,Grade D,Score-based certification,35,5
solid,NA,NA,NA,NA,0.25,TRUE,TRUE,TRUE,TRUE,TRUE,TRUE,1,0,0.5,0,0.25,21.25,78.75,Grade C,Grade C,Score-based certification,20,1.25
solid,NA,NA,NA,NA,0.25,TRUE,TRUE,TRUE,TRUE,TRUE,TRUE,1,0.25,0.5,0,0.25,27.5,72.5,Grade C,Grade C,Score-based certification,20,7.5
solid,NA,NA,NA,NA,0.25,TRUE,TRUE,TRUE,TRUE,TRUE,TRUE,1,0.5,0.5,0,0.25,33.75,66.25,Grade C,Grade C,Score-based certification,35,1.25
solid,NA,NA,NA,NA,0.25,TRUE,TRUE,TRUE,TRUE,TRUE,TRUE,1,0.75,0.5,0,0.25,40,60,Grade D,Grade D,Score-based certification,35,5
solid,NA,NA,NA,NA,0.25,TRUE,TRUE,TRUE,TRUE,TRUE,TRUE,1,1,0.5,0,0.25,46.25,53.75,Grade D,Grade D,Score-based certification,50,3.75
solid,NA,NA,NA,NA,0.25,TRUE,TRUE,TRUE,TRUE,TRUE,TRUE,1,0,0.75,0,0.25,27.5,72.5,Grade C,Grade C,Score-based certification,20,7.5
solid,NA,NA,NA,NA,0.25,TRUE,TRUE,TRUE,TRUE,TRUE,TRUE,1,0.25,0.75,0,0.25,33.75,66.25,Grade C,Grade C,Score-based certification,35,1.25
solid,NA,NA,NA,NA,0.25,TRUE,TRUE,TRUE,TRUE,TRUE,TRUE,1,0.5,0.75,0,0.25,40,60,Grade D,Grade D,Score-based certification,35,5
solid,NA,NA,NA,NA,0.25,TRUE,TRUE,TRUE,TRUE,TRUE,TRUE,1,0.75,0.75,0,0.25,46.25,53.75,Grade D,Grade D,Score-based certification,50,3.75
solid,NA,NA,NA,NA,0.25,TRUE,TRUE,TRUE,TRUE,TRUE,TRUE,1,1,0.75,0,0.25,52.5,47.5,Grade E,Grade E,Critical penalty burden,50,2.5
solid,NA,NA,NA,NA,0.25,TRUE,TRUE,TRUE,TRUE,TRUE,TRUE,1,0,1,0,0.25,33.75,66.25,Grade C,Grade C,Score-based certification,35,1.25
solid,NA,NA,NA,NA,0.25,TRUE,TRUE,TRUE,TRUE,TRUE,TRUE,1,0.25,1,0,0.25,40,60,Grade D,Grade D,Score-based certification,35,5
solid,NA,NA,NA,NA,0.25,TRUE,TRUE,TRUE,TRUE,TRUE,TRUE,1,0.5,1,0,0.25,46.25,53.75,Grade D,Grade D,Score-based certification,50,3.75
solid,NA,NA,NA,NA,0.25,TRUE,TRUE,TRUE,TRUE,TRUE,TRUE,1,0.75,1,0,0.25,52.5,47.5,Grade E,Grade E,Critical penalty burden,50,2.5
solid,NA,NA,NA,NA,0.25,TRUE,TRUE,TRUE,TRUE,TRUE,TRUE,1,1,1,0,0.25,58.75,41.25,Grade E,Grade E,Critical penalty burden,50,8.75
solid,NA,NA,NA,NA,0.25,TRUE,TRUE,TRUE,TRUE,TRUE,TRUE,1,0,0,0.25,0.25,12.5,87.5,Grade B,Grade B,Score-based certification,10,2.5
solid,NA,NA,NA,NA,0.25,TRUE,TRUE,TRUE,TRUE,TRUE,TRUE,1,0.25,0,0.25,0.25,18.75,81.25,Grade B,Grade B,Score-based certification,20,1.25
solid,NA,NA,NA,NA,0.25,TRUE,TRUE,TRUE,TRUE,TRUE,TRUE,1,0.5,0,0.25,0.25,25,75,Grade C,Grade C,Score-based certification,20,5
solid,NA,NA,NA,NA,0.25,TRUE,TRUE,TRUE,TRUE,TRUE,TRUE,1,0.75,0,0.25,0.25,31.25,68.75,Grade C,Grade C,Score-based certification,35,3.75
solid,NA,NA,NA,NA,0.25,TRUE,TRUE,TRUE,TRUE,TRUE,TRUE,1,1,0,0.25,0.25,37.5,62.5,Grade D,Grade D,Score-based certification,35,2.5
solid,NA,NA,NA,NA,0.25,TRUE,TRUE,TRUE,TRUE,TRUE,TRUE,1,0,0.25,0.25,0.25,18.75,81.25,Grade B,Grade B,Score-based certification,20,1.25
solid,NA,NA,NA,NA,0.25,TRUE,TRUE,TRUE,TRUE,TRUE,TRUE,1,0.25,0.25,0.25,0.25,25,75,Grade C,Grade C,Score-based certification,20,5
solid,NA,NA,NA,NA,0.25,TRUE,TRUE,TRUE,TRUE,TRUE,TRUE,1,0.5,0.25,0.25,0.25,31.25,68.75,Grade C,Grade C,Score-based certification,35,3.75
solid,NA,NA,NA,NA,0.25,TRUE,TRUE,TRUE,TRUE,TRUE,TRUE,1,0.75,0.25,0.25,0.25,37.5,62.5,Grade D,Grade D,Score-based certification,35,2.5
solid,NA,NA,NA,NA,0.25,TRUE,TRUE,TRUE,TRUE,TRUE,TRUE,1,1,0.25,0.25,0.25,43.75,56.25,Grade D,Grade D,Score-based certification,50,6.25
solid,NA,NA,NA,NA,0.25,TRUE,TRUE,TRUE,TRUE,TRUE,TRUE,1,0,0.5,0.25,0.25,25,75,Grade C,Grade C,Score-based certification,20,5
solid,NA,NA,NA,NA,0.25,TRUE,TRUE,TRUE,TRUE,TRUE,TRUE,1,0.25,0.5,0.25,0.25,31.25,68.75,Grade C,Grade C,Score-based certification,35,3.75
solid,NA,NA,NA,NA,0.25,TRUE,TRUE,TRUE,TRUE,TRUE,TRUE,1,0.5,0.5,0.25,0.25,37.5,62.5,Grade D,Grade D,Score-based certification,35,2.5
solid,NA,NA,NA,NA,0.25,TRUE,TRUE,TRUE,TRUE,TRUE,TRUE,1,0.75,0.5,0.25,0.25,43.75,56.25,Grade D,Grade D,Score-based certification,50,6.25
solid,NA,NA,NA,NA,0.25,TRUE,TRUE,TRUE,TRUE,TRUE,TRUE,1,1,0.5,0.25,0.25,50,50,Grade D,Grade D,Score-based certification,50,0
solid,NA,NA,NA,NA,0.25,TRUE,TRUE,TRUE,TRUE,TRUE,TRUE,1,0,0.75,0.25,0.25,31.25,68.75,Grade C,Grade C,Score-based certification,35,3.75
solid,NA,NA,NA,NA,0.25,TRUE,TRUE,TRUE,TRUE,TRUE,TRUE,1,0.25,0.75,0.25,0.25,37.5,62.5,Grade D,Grade D,Score-based certification,35,2.5
solid,NA,NA,NA,NA,0.25,TRUE,TRUE,TRUE,TRUE,TRUE,TRUE,1,0.5,0.75,0.25,0.25,43.75,56.25,Grade D,Grade D,Score-based certification,50,6.25
solid,NA,NA,NA,NA,0.25,TRUE,TRUE,TRUE,TRUE,TRUE,TRUE,1,0.75,0.75,0.25,0.25,50,50,Grade D,Grade D,Score-based certification,50,0
solid,NA,NA,NA,NA,0.25,TRUE,TRUE,TRUE,TRUE,TRUE,TRUE,1,1,0.75,0.25,0.25,56.25,43.75,Grade E,Grade E,Critical penalty burden,50,6.25
solid,NA,NA,NA,NA,0.25,TRUE,TRUE,TRUE,TRUE,TRUE,TRUE,1,0,1,0.25,0.25,37.5,62.5,Grade D,Grade D,Score-based certification,35,2.5
solid,NA,NA,NA,NA,0.25,TRUE,TRUE,TRUE,TRUE,TRUE,TRUE,1,0.25,1,0.25,0.25,43.75,56.25,Grade D,Grade D,Score-based certification,50,6.25
solid,NA,NA,NA,NA,0.25,TRUE,TRUE,TRUE,TRUE,TRUE,TRUE,1,0.5,1,0.25,0.25,50,50,Grade D,Grade D,Score-based certification,50,0
solid,NA,NA,NA,NA,0.25,TRUE,TRUE,TRUE,TRUE,TRUE,TRUE,1,0.75,1,0.25,0.25,56.25,43.75,Grade E,Grade E,Critical penalty burden,50,6.25
solid,NA,NA,NA,NA,0.25,TRUE,TRUE,TRUE,TRUE,TRUE,TRUE,1,1,1,0.25,0.25,62.5,37.5,Grade E,Grade E,Critical penalty burden,50,12.5
solid,NA,NA,NA,NA,0.25,TRUE,TRUE,TRUE,TRUE,TRUE,TRUE,1,0,0,0.5,0.25,16.25,83.75,Grade B,Grade B,Score-based certification,20,3.75
solid,NA,NA,NA,NA,0.25,TRUE,TRUE,TRUE,TRUE,TRUE,TRUE,1,0.25,0,0.5,0.25,22.5,77.5,Grade C,Grade C,Score-based certification,20,2.5
solid,NA,NA,NA,NA,0.25,TRUE,TRUE,TRUE,TRUE,TRUE,TRUE,1,0.5,0,0.5,0.25,28.75,71.25,Grade C,Grade C,Score-based certification,35,6.25
solid,NA,NA,NA,NA,0.25,TRUE,TRUE,TRUE,TRUE,TRUE,TRUE,1,0.75,0,0.5,0.25,35,65,Grade C,Grade C,Score-based certification,35,0
solid,NA,NA,NA,NA,0.25,TRUE,TRUE,TRUE,TRUE,TRUE,TRUE,1,1,0,0.5,0.25,41.25,58.75,Grade D,Grade D,Score-based certification,35,6.25
solid,NA,NA,NA,NA,0.25,TRUE,TRUE,TRUE,TRUE,TRUE,TRUE,1,0,0.25,0.5,0.25,22.5,77.5,Grade C,Grade C,Score-based certification,20,2.5
solid,NA,NA,NA,NA,0.25,TRUE,TRUE,TRUE,TRUE,TRUE,TRUE,1,0.25,0.25,0.5,0.25,28.75,71.25,Grade C,Grade C,Score-based certification,35,6.25
solid,NA,NA,NA,NA,0.25,TRUE,TRUE,TRUE,TRUE,TRUE,TRUE,1,0.5,0.25,0.5,0.25,35,65,Grade C,Grade C,Score-based certification,35,0
solid,NA,NA,NA,NA,0.25,TRUE,TRUE,TRUE,TRUE,TRUE,TRUE,1,0.75,0.25,0.5,0.25,41.25,58.75,Grade D,Grade D,Score-based certification,35,6.25
solid,NA,NA,NA,NA,0.25,TRUE,TRUE,TRUE,TRUE,TRUE,TRUE,1,1,0.25,0.5,0.25,47.5,52.5,Grade D,Grade D,Score-based certification,50,2.5
solid,NA,NA,NA,NA,0.25,TRUE,TRUE,TRUE,TRUE,TRUE,TRUE,1,0,0.5,0.5,0.25,28.75,71.25,Grade C,Grade C,Score-based certification,35,6.25
solid,NA,NA,NA,NA,0.25,TRUE,TRUE,TRUE,TRUE,TRUE,TRUE,1,0.25,0.5,0.5,0.25,35,65,Grade C,Grade C,Score-based certification,35,0
solid,NA,NA,NA,NA,0.25,TRUE,TRUE,TRUE,TRUE,TRUE,TRUE,1,0.5,0.5,0.5,0.25,41.25,58.75,Grade D,Grade D,Score-based certification,35,6.25
solid,NA,NA,NA,NA,0.25,TRUE,TRUE,TRUE,TRUE,TRUE,TRUE,1,0.75,0.5,0.5,0.25,47.5,52.5,Grade D,Grade D,Score-based certification,50,2.5
solid,NA,NA,NA,NA,0.25,TRUE,TRUE,TRUE,TRUE,TRUE,TRUE,1,1,0.5,0.5,0.25,53.75,46.25,Grade E,Grade E,Critical penalty burden,50,3.75
solid,NA,NA,NA,NA,0.25,TRUE,TRUE,TRUE,TRUE,TRUE,TRUE,1,0,0.75,0.5,0.25,35,65,Grade C,Grade C,Score-based certification,35,0
solid,NA,NA,NA,NA,0.25,TRUE,TRUE,TRUE,TRUE,TRUE,TRUE,1,0.25,0.75,0.5,0.25,41.25,58.75,Grade D,Grade D,Score-based certification,35,6.25
solid,NA,NA,NA,NA,0.25,TRUE,TRUE,TRUE,TRUE,TRUE,TRUE,1,0.5,0.75,0.5,0.25,47.5,52.5,Grade D,Grade D,Score-based certification,50,2.5
solid,NA,NA,NA,NA,0.25,TRUE,TRUE,TRUE,TRUE,TRUE,TRUE,1,0.75,0.75,0.5,0.25,53.75,46.25,Grade E,Grade E,Critical penalty burden,50,3.75
solid,NA,NA,NA,NA,0.25,TRUE,TRUE,TRUE,TRUE,TRUE,TRUE,1,1,0.75,0.5,0.25,60,40,Grade E,Grade E,Critical penalty burden,50,10
solid,NA,NA,NA,NA,0.25,TRUE,TRUE,TRUE,TRUE,TRUE,TRUE,1,0,1,0.5,0.25,41.25,58.75,Grade D,Grade D,Score-based certification,35,6.25
solid,NA,NA,NA,NA,0.25,TRUE,TRUE,TRUE,TRUE,TRUE,TRUE,1,0.25,1,0.5,0.25,47.5,52.5,Grade D,Grade D,Score-based certification,50,2.5
solid,NA,NA,NA,NA,0.25,TRUE,TRUE,TRUE,TRUE,TRUE,TRUE,1,0.5,1,0.5,0.25,53.75,46.25,Grade E,Grade E,Critical penalty burden,50,3.75
solid,NA,NA,NA,NA,0.25,TRUE,TRUE,TRUE,TRUE,TRUE,TRUE,1,0.75,1,0.5,0.25,60,40,Grade E,Grade E,Critical penalty burden,50,10
solid,NA,NA,NA,NA,0.25,TRUE,TRUE,TRUE,TRUE,TRUE,TRUE,1,1,1,0.5,0.25,66.25,33.75,Grade E,Grade E,Critical penalty burden,50,16.25
solid,NA,NA,NA,NA,0.25,TRUE,TRUE,TRUE,TRUE,TRUE,TRUE,1,0,0,0.75,0.25,20,80,Grade B,Grade B,Score-based certification,20,0
solid,NA,NA,NA,NA,0.25,TRUE,TRUE,TRUE,TRUE,TRUE,TRUE,1,0.25,0,0.75,0.25,26.25,73.75,Grade C,Grade C,Score-based certification,20,6.25
solid,NA,NA,NA,NA,0.25,TRUE,TRUE,TRUE,TRUE,TRUE,TRUE,1,0.5,0,0.75,0.25,32.5,67.5,Grade C,Grade C,Score-based certification,35,2.5
solid,NA,NA,NA,NA,0.25,TRUE,TRUE,TRUE,TRUE,TRUE,TRUE,1,0.75,0,0.75,0.25,38.75,61.25,Grade D,Grade D,Score-based certification,35,3.75
solid,NA,NA,NA,NA,0.25,TRUE,TRUE,TRUE,TRUE,TRUE,TRUE,1,1,0,0.75,0.25,45,55,Grade D,Grade D,Score-based certification,50,5
solid,NA,NA,NA,NA,0.25,TRUE,TRUE,TRUE,TRUE,TRUE,TRUE,1,0,0.25,0.75,0.25,26.25,73.75,Grade C,Grade C,Score-based certification,20,6.25
solid,NA,NA,NA,NA,0.25,TRUE,TRUE,TRUE,TRUE,TRUE,TRUE,1,0.25,0.25,0.75,0.25,32.5,67.5,Grade C,Grade C,Score-based certification,35,2.5
solid,NA,NA,NA,NA,0.25,TRUE,TRUE,TRUE,TRUE,TRUE,TRUE,1,0.5,0.25,0.75,0.25,38.75,61.25,Grade D,Grade D,Score-based certification,35,3.75
solid,NA,NA,NA,NA,0.25,TRUE,TRUE,TRUE,TRUE,TRUE,TRUE,1,0.75,0.25,0.75,0.25,45,55,Grade D,Grade D,Score-based certification,50,5
solid,NA,NA,NA,NA,0.25,TRUE,TRUE,TRUE,TRUE,TRUE,TRUE,1,1,0.25,0.75,0.25,51.25,48.75,Grade E,Grade E,Critical penalty burden,50,1.25
solid,NA,NA,NA,NA,0.25,TRUE,TRUE,TRUE,TRUE,TRUE,TRUE,1,0,0.5,0.75,0.25,32.5,67.5,Grade C,Grade C,Score-based certification,35,2.5
solid,NA,NA,NA,NA,0.25,TRUE,TRUE,TRUE,TRUE,TRUE,TRUE,1,0.25,0.5,0.75,0.25,38.75,61.25,Grade D,Grade D,Score-based certification,35,3.75
solid,NA,NA,NA,NA,0.25,TRUE,TRUE,TRUE,TRUE,TRUE,TRUE,1,0.5,0.5,0.75,0.25,45,55,Grade D,Grade D,Score-based certification,50,5
solid,NA,NA,NA,NA,0.25,TRUE,TRUE,TRUE,TRUE,TRUE,TRUE,1,0.75,0.5,0.75,0.25,51.25,48.75,Grade E,Grade E,Critical penalty burden,50,1.25
solid,NA,NA,NA,NA,0.25,TRUE,TRUE,TRUE,TRUE,TRUE,TRUE,1,1,0.5,0.75,0.25,57.5,42.5,Grade E,Grade E,Critical penalty burden,50,7.5
solid,NA,NA,NA,NA,0.25,TRUE,TRUE,TRUE,TRUE,TRUE,TRUE,1,0,0.75,0.75,0.25,38.75,61.25,Grade D,Grade D,Score-based certification,35,3.75
solid,NA,NA,NA,NA,0.25,TRUE,TRUE,TRUE,TRUE,TRUE,TRUE,1,0.25,0.75,0.75,0.25,45,55,Grade D,Grade D,Score-based certification,50,5
solid,NA,NA,NA,NA,0.25,TRUE,TRUE,TRUE,TRUE,TRUE,TRUE,1,0.5,0.75,0.75,0.25,51.25,48.75,Grade E,Grade E,Critical penalty burden,50,1.25
solid,NA,NA,NA,NA,0.25,TRUE,TRUE,TRUE,TRUE,TRUE,TRUE,1,0.75,0.75,0.75,0.25,57.5,42.5,Grade E,Grade E,Critical penalty burden,50,7.5
solid,NA,NA,NA,NA,0.25,TRUE,TRUE,TRUE,TRUE,TRUE,TRUE,1,1,0.75,0.75,0.25,63.75,36.25,Grade E,Grade E,Critical penalty burden,50,13.75
solid,NA,NA,NA,NA,0.25,TRUE,TRUE,TRUE,TRUE,TRUE,TRUE,1,0,1,0.75,0.25,45,55,Grade D,Grade D,Score-based certification,50,5
solid,NA,NA,NA,NA,0.25,TRUE,TRUE,TRUE,TRUE,TRUE,TRUE,1,0.25,1,0.75,0.25,51.25,48.75,Grade E,Grade E,Critical penalty burden,50,1.25
solid,NA,NA,NA,NA,0.25,TRUE,TRUE,TRUE,TRUE,TRUE,TRUE,1,0.5,1,0.75,0.25,57.5,42.5,Grade E,Grade E,Critical penalty burden,50,7.5
solid,NA,NA,NA,NA,0.25,TRUE,TRUE,TRUE,TRUE,TRUE,TRUE,1,0.75,1,0.75,0.25,63.75,36.25,Grade E,Grade E,Critical penalty burden,50,13.75
solid,NA,NA,NA,NA,0.25,TRUE,TRUE,TRUE,TRUE,TRUE,TRUE,1,1,1,0.75,0.25,70,30,Grade E,Grade E,Critical penalty burden,50,20
solid,NA,NA,NA,NA,0.25,TRUE,TRUE,TRUE,TRUE,TRUE,TRUE,1,0,0,1,0.25,23.75,76.25,Grade C,Grade C,Score-based certification,20,3.75
solid,NA,NA,NA,NA,0.25,TRUE,TRUE,TRUE,TRUE,TRUE,TRUE,1,0.25,0,1,0.25,30,70,Grade C,Grade C,Score-based certification,35,5
solid,NA,NA,NA,NA,0.25,TRUE,TRUE,TRUE,TRUE,TRUE,TRUE,1,0.5,0,1,0.25,36.25,63.75,Grade D,Grade D,Score-based certification,35,1.25
solid,NA,NA,NA,NA,0.25,TRUE,TRUE,TRUE,TRUE,TRUE,TRUE,1,0.75,0,1,0.25,42.5,57.5,Grade D,Grade D,Score-based certification,35,7.5
solid,NA,NA,NA,NA,0.25,TRUE,TRUE,TRUE,TRUE,TRUE,TRUE,1,1,0,1,0.25,48.75,51.25,Grade D,Grade D,Score-based certification,50,1.25
solid,NA,NA,NA,NA,0.25,TRUE,TRUE,TRUE,TRUE,TRUE,TRUE,1,0,0.25,1,0.25,30,70,Grade C,Grade C,Score-based certification,35,5
solid,NA,NA,NA,NA,0.25,TRUE,TRUE,TRUE,TRUE,TRUE,TRUE,1,0.25,0.25,1,0.25,36.25,63.75,Grade D,Grade D,Score-based certification,35,1.25
solid,NA,NA,NA,NA,0.25,TRUE,TRUE,TRUE,TRUE,TRUE,TRUE,1,0.5,0.25,1,0.25,42.5,57.5,Grade D,Grade D,Score-based certification,35,7.5
solid,NA,NA,NA,NA,0.25,TRUE,TRUE,TRUE,TRUE,TRUE,TRUE,1,0.75,0.25,1,0.25,48.75,51.25,Grade D,Grade D,Score-based certification,50,1.25
solid,NA,NA,NA,NA,0.25,TRUE,TRUE,TRUE,TRUE,TRUE,TRUE,1,1,0.25,1,0.25,55,45,Grade E,Grade E,Critical penalty burden,50,5
solid,NA,NA,NA,NA,0.25,TRUE,TRUE,TRUE,TRUE,TRUE,TRUE,1,0,0.5,1,0.25,36.25,63.75,Grade D,Grade D,Score-based certification,35,1.25
solid,NA,NA,NA,NA,0.25,TRUE,TRUE,TRUE,TRUE,TRUE,TRUE,1,0.25,0.5,1,0.25,42.5,57.5,Grade D,Grade D,Score-based certification,35,7.5
solid,NA,NA,NA,NA,0.25,TRUE,TRUE,TRUE,TRUE,TRUE,TRUE,1,0.5,0.5,1,0.25,48.75,51.25,Grade D,Grade D,Score-based certification,50,1.25
solid,NA,NA,NA,NA,0.25,TRUE,TRUE,TRUE,TRUE,TRUE,TRUE,1,0.75,0.5,1,0.25,55,45,Grade E,Grade E,Critical penalty burden,50,5
solid,NA,NA,NA,NA,0.25,TRUE,TRUE,TRUE,TRUE,TRUE,TRUE,1,1,0.5,1,0.25,61.25,38.75,Grade E,Grade E,Critical penalty burden,50,11.25
solid,NA,NA,NA,NA,0.25,TRUE,TRUE,TRUE,TRUE,TRUE,TRUE,1,0,0.75,1,0.25,42.5,57.5,Grade D,Grade D,Score-based certification,35,7.5
solid,NA,NA,NA,NA,0.25,TRUE,TRUE,TRUE,TRUE,TRUE,TRUE,1,0.25,0.75,1,0.25,48.75,51.25,Grade D,Grade D,Score-based certification,50,1.25
solid,NA,NA,NA,NA,0.25,TRUE,TRUE,TRUE,TRUE,TRUE,TRUE,1,0.5,0.75,1,0.25,55,45,Grade E,Grade E,Critical penalty burden,50,5
solid,NA,NA,NA,NA,0.25,TRUE,TRUE,TRUE,TRUE,TRUE,TRUE,1,0.75,0.75,1,0.25,61.25,38.75,Grade E,Grade E,Critical penalty burden,50,11.25
solid,NA,NA,NA,NA,0.25,TRUE,TRUE,TRUE,TRUE,TRUE,TRUE,1,1,0.75,1,0.25,67.5,32.5,Grade E,Grade E,Critical penalty burden,50,17.5
solid,NA,NA,NA,NA,0.25,TRUE,TRUE,TRUE,TRUE,TRUE,TRUE,1,0,1,1,0.25,48.75,51.25,Grade D,Grade D,Score-based certification,50,1.25
solid,NA,NA,NA,NA,0.25,TRUE,TRUE,TRUE,TRUE,TRUE,TRUE,1,0.25,1,1,0.25,55,45,Grade E,Grade E,Critical penalty burden,50,5
solid,NA,NA,NA,NA,0.25,TRUE,TRUE,TRUE,TRUE,TRUE,TRUE,1,0.5,1,1,0.25,61.25,38.75,Grade E,Grade E,Critical penalty burden,50,11.25
solid,NA,NA,NA,NA,0.25,TRUE,TRUE,TRUE,TRUE,TRUE,TRUE,1,0.75,1,1,0.25,67.5,32.5,Grade E,Grade E,Critical penalty burden,50,17.5
solid,NA,NA,NA,NA,0.25,TRUE,TRUE,TRUE,TRUE,TRUE,TRUE,1,1,1,1,0.25,73.75,26.25,Grade E,Grade E,Critical penalty burden,50,23.75
solid,NA,NA,NA,NA,0.25,TRUE,TRUE,TRUE,TRUE,TRUE,TRUE,1,0,0,0,0.5,13.75,86.25,Grade B,Grade B,Score-based certification,10,3.75
solid,NA,NA,NA,NA,0.25,TRUE,TRUE,TRUE,TRUE,TRUE,TRUE,1,0.25,0,0,0.5,20,80,Grade B,Grade B,Score-based certification,20,0
solid,NA,NA,NA,NA,0.25,TRUE,TRUE,TRUE,TRUE,TRUE,TRUE,1,0.5,0,0,0.5,26.25,73.75,Grade C,Grade C,Score-based certification,20,6.25
solid,NA,NA,NA,NA,0.25,TRUE,TRUE,TRUE,TRUE,TRUE,TRUE,1,0.75,0,0,0.5,32.5,67.5,Grade C,Grade C,Score-based certification,35,2.5
solid,NA,NA,NA,NA,0.25,TRUE,TRUE,TRUE,TRUE,TRUE,TRUE,1,1,0,0,0.5,38.75,61.25,Grade D,Grade D,Score-based certification,35,3.75
solid,NA,NA,NA,NA,0.25,TRUE,TRUE,TRUE,TRUE,TRUE,TRUE,1,0,0.25,0,0.5,20,80,Grade B,Grade B,Score-based certification,20,0
solid,NA,NA,NA,NA,0.25,TRUE,TRUE,TRUE,TRUE,TRUE,TRUE,1,0.25,0.25,0,0.5,26.25,73.75,Grade C,Grade C,Score-based certification,20,6.25
solid,NA,NA,NA,NA,0.25,TRUE,TRUE,TRUE,TRUE,TRUE,TRUE,1,0.5,0.25,0,0.5,32.5,67.5,Grade C,Grade C,Score-based certification,35,2.5
solid,NA,NA,NA,NA,0.25,TRUE,TRUE,TRUE,TRUE,TRUE,TRUE,1,0.75,0.25,0,0.5,38.75,61.25,Grade D,Grade D,Score-based certification,35,3.75
solid,NA,NA,NA,NA,0.25,TRUE,TRUE,TRUE,TRUE,TRUE,TRUE,1,1,0.25,0,0.5,45,55,Grade D,Grade D,Score-based certification,50,5
solid,NA,NA,NA,NA,0.25,TRUE,TRUE,TRUE,TRUE,TRUE,TRUE,1,0,0.5,0,0.5,26.25,73.75,Grade C,Grade C,Score-based certification,20,6.25
solid,NA,NA,NA,NA,0.25,TRUE,TRUE,TRUE,TRUE,TRUE,TRUE,1,0.25,0.5,0,0.5,32.5,67.5,Grade C,Grade C,Score-based certification,35,2.5
solid,NA,NA,NA,NA,0.25,TRUE,TRUE,TRUE,TRUE,TRUE,TRUE,1,0.5,0.5,0,0.5,38.75,61.25,Grade D,Grade D,Score-based certification,35,3.75
solid,NA,NA,NA,NA,0.25,TRUE,TRUE,TRUE,TRUE,TRUE,TRUE,1,0.75,0.5,0,0.5,45,55,Grade D,Grade D,Score-based certification,50,5
solid,NA,NA,NA,NA,0.25,TRUE,TRUE,TRUE,TRUE,TRUE,TRUE,1,1,0.5,0,0.5,51.25,48.75,Grade E,Grade E,Critical penalty burden,50,1.25
solid,NA,NA,NA,NA,0.25,TRUE,TRUE,TRUE,TRUE,TRUE,TRUE,1,0,0.75,0,0.5,32.5,67.5,Grade C,Grade C,Score-based certification,35,2.5
solid,NA,NA,NA,NA,0.25,TRUE,TRUE,TRUE,TRUE,TRUE,TRUE,1,0.25,0.75,0,0.5,38.75,61.25,Grade D,Grade D,Score-based certification,35,3.75
solid,NA,NA,NA,NA,0.25,TRUE,TRUE,TRUE,TRUE,TRUE,TRUE,1,0.5,0.75,0,0.5,45,55,Grade D,Grade D,Score-based certification,50,5
solid,NA,NA,NA,NA,0.25,TRUE,TRUE,TRUE,TRUE,TRUE,TRUE,1,0.75,0.75,0,0.5,51.25,48.75,Grade E,Grade E,Critical penalty burden,50,1.25
solid,NA,NA,NA,NA,0.25,TRUE,TRUE,TRUE,TRUE,TRUE,TRUE,1,1,0.75,0,0.5,57.5,42.5,Grade E,Grade E,Critical penalty burden,50,7.5
solid,NA,NA,NA,NA,0.25,TRUE,TRUE,TRUE,TRUE,TRUE,TRUE,1,0,1,0,0.5,38.75,61.25,Grade D,Grade D,Score-based certification,35,3.75
solid,NA,NA,NA,NA,0.25,TRUE,TRUE,TRUE,TRUE,TRUE,TRUE,1,0.25,1,0,0.5,45,55,Grade D,Grade D,Score-based certification,50,5
solid,NA,NA,NA,NA,0.25,TRUE,TRUE,TRUE,TRUE,TRUE,TRUE,1,0.5,1,0,0.5,51.25,48.75,Grade E,Grade E,Critical penalty burden,50,1.25
solid,NA,NA,NA,NA,0.25,TRUE,TRUE,TRUE,TRUE,TRUE,TRUE,1,0.75,1,0,0.5,57.5,42.5,Grade E,Grade E,Critical penalty burden,50,7.5
solid,NA,NA,NA,NA,0.25,TRUE,TRUE,TRUE,TRUE,TRUE,TRUE,1,1,1,0,0.5,63.75,36.25,Grade E,Grade E,Critical penalty burden,50,13.75
solid,NA,NA,NA,NA,0.25,TRUE,TRUE,TRUE,TRUE,TRUE,TRUE,1,0,0,0.25,0.5,17.5,82.5,Grade B,Grade B,Score-based certification,20,2.5
solid,NA,NA,NA,NA,0.25,TRUE,TRUE,TRUE,TRUE,TRUE,TRUE,1,0.25,0,0.25,0.5,23.75,76.25,Grade C,Grade C,Score-based certification,20,3.75
solid,NA,NA,NA,NA,0.25,TRUE,TRUE,TRUE,TRUE,TRUE,TRUE,1,0.5,0,0.25,0.5,30,70,Grade C,Grade C,Score-based certification,35,5
solid,NA,NA,NA,NA,0.25,TRUE,TRUE,TRUE,TRUE,TRUE,TRUE,1,0.75,0,0.25,0.5,36.25,63.75,Grade D,Grade D,Score-based certification,35,1.25
solid,NA,NA,NA,NA,0.25,TRUE,TRUE,TRUE,TRUE,TRUE,TRUE,1,1,0,0.25,0.5,42.5,57.5,Grade D,Grade D,Score-based certification,35,7.5
solid,NA,NA,NA,NA,0.25,TRUE,TRUE,TRUE,TRUE,TRUE,TRUE,1,0,0.25,0.25,0.5,23.75,76.25,Grade C,Grade C,Score-based certification,20,3.75
solid,NA,NA,NA,NA,0.25,TRUE,TRUE,TRUE,TRUE,TRUE,TRUE,1,0.25,0.25,0.25,0.5,30,70,Grade C,Grade C,Score-based certification,35,5
solid,NA,NA,NA,NA,0.25,TRUE,TRUE,TRUE,TRUE,TRUE,TRUE,1,0.5,0.25,0.25,0.5,36.25,63.75,Grade D,Grade D,Score-based certification,35,1.25
solid,NA,NA,NA,NA,0.25,TRUE,TRUE,TRUE,TRUE,TRUE,TRUE,1,0.75,0.25,0.25,0.5,42.5,57.5,Grade D,Grade D,Score-based certification,35,7.5
solid,NA,NA,NA,NA,0.25,TRUE,TRUE,TRUE,TRUE,TRUE,TRUE,1,1,0.25,0.25,0.5,48.75,51.25,Grade D,Grade D,Score-based certification,50,1.25
solid,NA,NA,NA,NA,0.25,TRUE,TRUE,TRUE,TRUE,TRUE,TRUE,1,0,0.5,0.25,0.5,30,70,Grade C,Grade C,Score-based certification,35,5
solid,NA,NA,NA,NA,0.25,TRUE,TRUE,TRUE,TRUE,TRUE,TRUE,1,0.25,0.5,0.25,0.5,36.25,63.75,Grade D,Grade D,Score-based certification,35,1.25
solid,NA,NA,NA,NA,0.25,TRUE,TRUE,TRUE,TRUE,TRUE,TRUE,1,0.5,0.5,0.25,0.5,42.5,57.5,Grade D,Grade D,Score-based certification,35,7.5
solid,NA,NA,NA,NA,0.25,TRUE,TRUE,TRUE,TRUE,TRUE,TRUE,1,0.75,0.5,0.25,0.5,48.75,51.25,Grade D,Grade D,Score-based certification,50,1.25
solid,NA,NA,NA,NA,0.25,TRUE,TRUE,TRUE,TRUE,TRUE,TRUE,1,1,0.5,0.25,0.5,55,45,Grade E,Grade E,Critical penalty burden,50,5
solid,NA,NA,NA,NA,0.25,TRUE,TRUE,TRUE,TRUE,TRUE,TRUE,1,0,0.75,0.25,0.5,36.25,63.75,Grade D,Grade D,Score-based certification,35,1.25
solid,NA,NA,NA,NA,0.25,TRUE,TRUE,TRUE,TRUE,TRUE,TRUE,1,0.25,0.75,0.25,0.5,42.5,57.5,Grade D,Grade D,Score-based certification,35,7.5
solid,NA,NA,NA,NA,0.25,TRUE,TRUE,TRUE,TRUE,TRUE,TRUE,1,0.5,0.75,0.25,0.5,48.75,51.25,Grade D,Grade D,Score-based certification,50,1.25
solid,NA,NA,NA,NA,0.25,TRUE,TRUE,TRUE,TRUE,TRUE,TRUE,1,0.75,0.75,0.25,0.5,55,45,Grade E,Grade E,Critical penalty burden,50,5
solid,NA,NA,NA,NA,0.25,TRUE,TRUE,TRUE,TRUE,TRUE,TRUE,1,1,0.75,0.25,0.5,61.25,38.75,Grade E,Grade E,Critical penalty burden,50,11.25
solid,NA,NA,NA,NA,0.25,TRUE,TRUE,TRUE,TRUE,TRUE,TRUE,1,0,1,0.25,0.5,42.5,57.5,Grade D,Grade D,Score-based certification,35,7.5
solid,NA,NA,NA,NA,0.25,TRUE,TRUE,TRUE,TRUE,TRUE,TRUE,1,0.25,1,0.25,0.5,48.75,51.25,Grade D,Grade D,Score-based certification,50,1.25
solid,NA,NA,NA,NA,0.25,TRUE,TRUE,TRUE,TRUE,TRUE,TRUE,1,0.5,1,0.25,0.5,55,45,Grade E,Grade E,Critical penalty burden,50,5
solid,NA,NA,NA,NA,0.25,TRUE,TRUE,TRUE,TRUE,TRUE,TRUE,1,0.75,1,0.25,0.5,61.25,38.75,Grade E,Grade E,Critical penalty burden,50,11.25
solid,NA,NA,NA,NA,0.25,TRUE,TRUE,TRUE,TRUE,TRUE,TRUE,1,1,1,0.25,0.5,67.5,32.5,Grade E,Grade E,Critical penalty burden,50,17.5
solid,NA,NA,NA,NA,0.25,TRUE,TRUE,TRUE,TRUE,TRUE,TRUE,1,0,0,0.5,0.5,21.25,78.75,Grade C,Grade C,Score-based certification,20,1.25
solid,NA,NA,NA,NA,0.25,TRUE,TRUE,TRUE,TRUE,TRUE,TRUE,1,0.25,0,0.5,0.5,27.5,72.5,Grade C,Grade C,Score-based certification,20,7.5
solid,NA,NA,NA,NA,0.25,TRUE,TRUE,TRUE,TRUE,TRUE,TRUE,1,0.5,0,0.5,0.5,33.75,66.25,Grade C,Grade C,Score-based certification,35,1.25
solid,NA,NA,NA,NA,0.25,TRUE,TRUE,TRUE,TRUE,TRUE,TRUE,1,0.75,0,0.5,0.5,40,60,Grade D,Grade D,Score-based certification,35,5
solid,NA,NA,NA,NA,0.25,TRUE,TRUE,TRUE,TRUE,TRUE,TRUE,1,1,0,0.5,0.5,46.25,53.75,Grade D,Grade D,Score-based certification,50,3.75
solid,NA,NA,NA,NA,0.25,TRUE,TRUE,TRUE,TRUE,TRUE,TRUE,1,0,0.25,0.5,0.5,27.5,72.5,Grade C,Grade C,Score-based certification,20,7.5
solid,NA,NA,NA,NA,0.25,TRUE,TRUE,TRUE,TRUE,TRUE,TRUE,1,0.25,0.25,0.5,0.5,33.75,66.25,Grade C,Grade C,Score-based certification,35,1.25
solid,NA,NA,NA,NA,0.25,TRUE,TRUE,TRUE,TRUE,TRUE,TRUE,1,0.5,0.25,0.5,0.5,40,60,Grade D,Grade D,Score-based certification,35,5
solid,NA,NA,NA,NA,0.25,TRUE,TRUE,TRUE,TRUE,TRUE,TRUE,1,0.75,0.25,0.5,0.5,46.25,53.75,Grade D,Grade D,Score-based certification,50,3.75
solid,NA,NA,NA,NA,0.25,TRUE,TRUE,TRUE,TRUE,TRUE,TRUE,1,1,0.25,0.5,0.5,52.5,47.5,Grade E,Grade E,Critical penalty burden,50,2.5
solid,NA,NA,NA,NA,0.25,TRUE,TRUE,TRUE,TRUE,TRUE,TRUE,1,0,0.5,0.5,0.5,33.75,66.25,Grade C,Grade C,Score-based certification,35,1.25
solid,NA,NA,NA,NA,0.25,TRUE,TRUE,TRUE,TRUE,TRUE,TRUE,1,0.25,0.5,0.5,0.5,40,60,Grade D,Grade D,Score-based certification,35,5
solid,NA,NA,NA,NA,0.25,TRUE,TRUE,TRUE,TRUE,TRUE,TRUE,1,0.5,0.5,0.5,0.5,46.25,53.75,Grade D,Grade D,Score-based certification,50,3.75
solid,NA,NA,NA,NA,0.25,TRUE,TRUE,TRUE,TRUE,TRUE,TRUE,1,0.75,0.5,0.5,0.5,52.5,47.5,Grade E,Grade E,Critical penalty burden,50,2.5
solid,NA,NA,NA,NA,0.25,TRUE,TRUE,TRUE,TRUE,TRUE,TRUE,1,1,0.5,0.5,0.5,58.75,41.25,Grade E,Grade E,Critical penalty burden,50,8.75
solid,NA,NA,NA,NA,0.25,TRUE,TRUE,TRUE,TRUE,TRUE,TRUE,1,0,0.75,0.5,0.5,40,60,Grade D,Grade D,Score-based certification,35,5
solid,NA,NA,NA,NA,0.25,TRUE,TRUE,TRUE,TRUE,TRUE,TRUE,1,0.25,0.75,0.5,0.5,46.25,53.75,Grade D,Grade D,Score-based certification,50,3.75
solid,NA,NA,NA,NA,0.25,TRUE,TRUE,TRUE,TRUE,TRUE,TRUE,1,0.5,0.75,0.5,0.5,52.5,47.5,Grade E,Grade E,Critical penalty burden,50,2.5
solid,NA,NA,NA,NA,0.25,TRUE,TRUE,TRUE,TRUE,TRUE,TRUE,1,0.75,0.75,0.5,0.5,58.75,41.25,Grade E,Grade E,Critical penalty burden,50,8.75
solid,NA,NA,NA,NA,0.25,TRUE,TRUE,TRUE,TRUE,TRUE,TRUE,1,1,0.75,0.5,0.5,65,35,Grade E,Grade E,Critical penalty burden,50,15
solid,NA,NA,NA,NA,0.25,TRUE,TRUE,TRUE,TRUE,TRUE,TRUE,1,0,1,0.5,0.5,46.25,53.75,Grade D,Grade D,Score-based certification,50,3.75
solid,NA,NA,NA,NA,0.25,TRUE,TRUE,TRUE,TRUE,TRUE,TRUE,1,0.25,1,0.5,0.5,52.5,47.5,Grade E,Grade E,Critical penalty burden,50,2.5
solid,NA,NA,NA,NA,0.25,TRUE,TRUE,TRUE,TRUE,TRUE,TRUE,1,0.5,1,0.5,0.5,58.75,41.25,Grade E,Grade E,Critical penalty burden,50,8.75
solid,NA,NA,NA,NA,0.25,TRUE,TRUE,TRUE,TRUE,TRUE,TRUE,1,0.75,1,0.5,0.5,65,35,Grade E,Grade E,Critical penalty burden,50,15
solid,NA,NA,NA,NA,0.25,TRUE,TRUE,TRUE,TRUE,TRUE,TRUE,1,1,1,0.5,0.5,71.25,28.75,Grade E,Grade E,Critical penalty burden,50,21.25
solid,NA,NA,NA,NA,0.25,TRUE,TRUE,TRUE,TRUE,TRUE,TRUE,1,0,0,0.75,0.5,25,75,Grade C,Grade C,Score-based certification,20,5
solid,NA,NA,NA,NA,0.25,TRUE,TRUE,TRUE,TRUE,TRUE,TRUE,1,0.25,0,0.75,0.5,31.25,68.75,Grade C,Grade C,Score-based certification,35,3.75
solid,NA,NA,NA,NA,0.25,TRUE,TRUE,TRUE,TRUE,TRUE,TRUE,1,0.5,0,0.75,0.5,37.5,62.5,Grade D,Grade D,Score-based certification,35,2.5
solid,NA,NA,NA,NA,0.25,TRUE,TRUE,TRUE,TRUE,TRUE,TRUE,1,0.75,0,0.75,0.5,43.75,56.25,Grade D,Grade D,Score-based certification,50,6.25
solid,NA,NA,NA,NA,0.25,TRUE,TRUE,TRUE,TRUE,TRUE,TRUE,1,1,0,0.75,0.5,50,50,Grade D,Grade D,Score-based certification,50,0
solid,NA,NA,NA,NA,0.25,TRUE,TRUE,TRUE,TRUE,TRUE,TRUE,1,0,0.25,0.75,0.5,31.25,68.75,Grade C,Grade C,Score-based certification,35,3.75
solid,NA,NA,NA,NA,0.25,TRUE,TRUE,TRUE,TRUE,TRUE,TRUE,1,0.25,0.25,0.75,0.5,37.5,62.5,Grade D,Grade D,Score-based certification,35,2.5
solid,NA,NA,NA,NA,0.25,TRUE,TRUE,TRUE,TRUE,TRUE,TRUE,1,0.5,0.25,0.75,0.5,43.75,56.25,Grade D,Grade D,Score-based certification,50,6.25
solid,NA,NA,NA,NA,0.25,TRUE,TRUE,TRUE,TRUE,TRUE,TRUE,1,0.75,0.25,0.75,0.5,50,50,Grade D,Grade D,Score-based certification,50,0
solid,NA,NA,NA,NA,0.25,TRUE,TRUE,TRUE,TRUE,TRUE,TRUE,1,1,0.25,0.75,0.5,56.25,43.75,Grade E,Grade E,Critical penalty burden,50,6.25
solid,NA,NA,NA,NA,0.25,TRUE,TRUE,TRUE,TRUE,TRUE,TRUE,1,0,0.5,0.75,0.5,37.5,62.5,Grade D,Grade D,Score-based certification,35,2.5
solid,NA,NA,NA,NA,0.25,TRUE,TRUE,TRUE,TRUE,TRUE,TRUE,1,0.25,0.5,0.75,0.5,43.75,56.25,Grade D,Grade D,Score-based certification,50,6.25
solid,NA,NA,NA,NA,0.25,TRUE,TRUE,TRUE,TRUE,TRUE,TRUE,1,0.5,0.5,0.75,0.5,50,50,Grade D,Grade D,Score-based certification,50,0
solid,NA,NA,NA,NA,0.25,TRUE,TRUE,TRUE,TRUE,TRUE,TRUE,1,0.75,0.5,0.75,0.5,56.25,43.75,Grade E,Grade E,Critical penalty burden,50,6.25
solid,NA,NA,NA,NA,0.25,TRUE,TRUE,TRUE,TRUE,TRUE,TRUE,1,1,0.5,0.75,0.5,62.5,37.5,Grade E,Grade E,Critical penalty burden,50,12.5
solid,NA,NA,NA,NA,0.25,TRUE,TRUE,TRUE,TRUE,TRUE,TRUE,1,0,0.75,0.75,0.5,43.75,56.25,Grade D,Grade D,Score-based certification,50,6.25
solid,NA,NA,NA,NA,0.25,TRUE,TRUE,TRUE,TRUE,TRUE,TRUE,1,0.25,0.75,0.75,0.5,50,50,Grade D,Grade D,Score-based certification,50,0
solid,NA,NA,NA,NA,0.25,TRUE,TRUE,TRUE,TRUE,TRUE,TRUE,1,0.5,0.75,0.75,0.5,56.25,43.75,Grade E,Grade E,Critical penalty burden,50,6.25
solid,NA,NA,NA,NA,0.25,TRUE,TRUE,TRUE,TRUE,TRUE,TRUE,1,0.75,0.75,0.75,0.5,62.5,37.5,Grade E,Grade E,Critical penalty burden,50,12.5
solid,NA,NA,NA,NA,0.25,TRUE,TRUE,TRUE,TRUE,TRUE,TRUE,1,1,0.75,0.75,0.5,68.75,31.25,Grade E,Grade E,Critical penalty burden,50,18.75
solid,NA,NA,NA,NA,0.25,TRUE,TRUE,TRUE,TRUE,TRUE,TRUE,1,0,1,0.75,0.5,50,50,Grade D,Grade D,Score-based certification,50,0
solid,NA,NA,NA,NA,0.25,TRUE,TRUE,TRUE,TRUE,TRUE,TRUE,1,0.25,1,0.75,0.5,56.25,43.75,Grade E,Grade E,Critical penalty burden,50,6.25
solid,NA,NA,NA,NA,0.25,TRUE,TRUE,TRUE,TRUE,TRUE,TRUE,1,0.5,1,0.75,0.5,62.5,37.5,Grade E,Grade E,Critical penalty burden,50,12.5
solid,NA,NA,NA,NA,0.25,TRUE,TRUE,TRUE,TRUE,TRUE,TRUE,1,0.75,1,0.75,0.5,68.75,31.25,Grade E,Grade E,Critical penalty burden,50,18.75
solid,NA,NA,NA,NA,0.25,TRUE,TRUE,TRUE,TRUE,TRUE,TRUE,1,1,1,0.75,0.5,75,25,Grade E,Grade E,Critical penalty burden,50,25
solid,NA,NA,NA,NA,0.25,TRUE,TRUE,TRUE,TRUE,TRUE,TRUE,1,0,0,1,0.5,28.75,71.25,Grade C,Grade C,Score-based certification,35,6.25
solid,NA,NA,NA,NA,0.25,TRUE,TRUE,TRUE,TRUE,TRUE,TRUE,1,0.25,0,1,0.5,35,65,Grade C,Grade C,Score-based certification,35,0
solid,NA,NA,NA,NA,0.25,TRUE,TRUE,TRUE,TRUE,TRUE,TRUE,1,0.5,0,1,0.5,41.25,58.75,Grade D,Grade D,Score-based certification,35,6.25
solid,NA,NA,NA,NA,0.25,TRUE,TRUE,TRUE,TRUE,TRUE,TRUE,1,0.75,0,1,0.5,47.5,52.5,Grade D,Grade D,Score-based certification,50,2.5
solid,NA,NA,NA,NA,0.25,TRUE,TRUE,TRUE,TRUE,TRUE,TRUE,1,1,0,1,0.5,53.75,46.25,Grade E,Grade E,Critical penalty burden,50,3.75
solid,NA,NA,NA,NA,0.25,TRUE,TRUE,TRUE,TRUE,TRUE,TRUE,1,0,0.25,1,0.5,35,65,Grade C,Grade C,Score-based certification,35,0
solid,NA,NA,NA,NA,0.25,TRUE,TRUE,TRUE,TRUE,TRUE,TRUE,1,0.25,0.25,1,0.5,41.25,58.75,Grade D,Grade D,Score-based certification,35,6.25
solid,NA,NA,NA,NA,0.25,TRUE,TRUE,TRUE,TRUE,TRUE,TRUE,1,0.5,0.25,1,0.5,47.5,52.5,Grade D,Grade D,Score-based certification,50,2.5
solid,NA,NA,NA,NA,0.25,TRUE,TRUE,TRUE,TRUE,TRUE,TRUE,1,0.75,0.25,1,0.5,53.75,46.25,Grade E,Grade E,Critical penalty burden,50,3.75
solid,NA,NA,NA,NA,0.25,TRUE,TRUE,TRUE,TRUE,TRUE,TRUE,1,1,0.25,1,0.5,60,40,Grade E,Grade E,Critical penalty burden,50,10
solid,NA,NA,NA,NA,0.25,TRUE,TRUE,TRUE,TRUE,TRUE,TRUE,1,0,0.5,1,0.5,41.25,58.75,Grade D,Grade D,Score-based certification,35,6.25
solid,NA,NA,NA,NA,0.25,TRUE,TRUE,TRUE,TRUE,TRUE,TRUE,1,0.25,0.5,1,0.5,47.5,52.5,Grade D,Grade D,Score-based certification,50,2.5
solid,NA,NA,NA,NA,0.25,TRUE,TRUE,TRUE,TRUE,TRUE,TRUE,1,0.5,0.5,1,0.5,53.75,46.25,Grade E,Grade E,Critical penalty burden,50,3.75
solid,NA,NA,NA,NA,0.25,TRUE,TRUE,TRUE,TRUE,TRUE,TRUE,1,0.75,0.5,1,0.5,60,40,Grade E,Grade E,Critical penalty burden,50,10
solid,NA,NA,NA,NA,0.25,TRUE,TRUE,TRUE,TRUE,TRUE,TRUE,1,1,0.5,1,0.5,66.25,33.75,Grade E,Grade E,Critical penalty burden,50,16.25
solid,NA,NA,NA,NA,0.25,TRUE,TRUE,TRUE,TRUE,TRUE,TRUE,1,0,0.75,1,0.5,47.5,52.5,Grade D,Grade D,Score-based certification,50,2.5
solid,NA,NA,NA,NA,0.25,TRUE,TRUE,TRUE,TRUE,TRUE,TRUE,1,0.25,0.75,1,0.5,53.75,46.25,Grade E,Grade E,Critical penalty burden,50,3.75
solid,NA,NA,NA,NA,0.25,TRUE,TRUE,TRUE,TRUE,TRUE,TRUE,1,0.5,0.75,1,0.5,60,40,Grade E,Grade E,Critical penalty burden,50,10
solid,NA,NA,NA,NA,0.25,TRUE,TRUE,TRUE,TRUE,TRUE,TRUE,1,0.75,0.75,1,0.5,66.25,33.75,Grade E,Grade E,Critical penalty burden,50,16.25
solid,NA,NA,NA,NA,0.25,TRUE,TRUE,TRUE,TRUE,TRUE,TRUE,1,1,0.75,1,0.5,72.5,27.5,Grade E,Grade E,Critical penalty burden,50,22.5
solid,NA,NA,NA,NA,0.25,TRUE,TRUE,TRUE,TRUE,TRUE,TRUE,1,0,1,1,0.5,53.75,46.25,Grade E,Grade E,Critical penalty burden,50,3.75
solid,NA,NA,NA,NA,0.25,TRUE,TRUE,TRUE,TRUE,TRUE,TRUE,1,0.25,1,1,0.5,60,40,Grade E,Grade E,Critical penalty burden,50,10
solid,NA,NA,NA,NA,0.25,TRUE,TRUE,TRUE,TRUE,TRUE,TRUE,1,0.5,1,1,0.5,66.25,33.75,Grade E,Grade E,Critical penalty burden,50,16.25
solid,NA,NA,NA,NA,0.25,TRUE,TRUE,TRUE,TRUE,TRUE,TRUE,1,0.75,1,1,0.5,72.5,27.5,Grade E,Grade E,Critical penalty burden,50,22.5
solid,NA,NA,NA,NA,0.25,TRUE,TRUE,TRUE,TRUE,TRUE,TRUE,1,1,1,1,0.5,78.75,21.25,Grade E,Grade E,Critical penalty burden,50,28.75
solid,NA,NA,NA,NA,0.25,TRUE,TRUE,TRUE,TRUE,TRUE,TRUE,1,0,0,0,0.75,18.75,81.25,Grade B,Grade B,Score-based certification,20,1.25
solid,NA,NA,NA,NA,0.25,TRUE,TRUE,TRUE,TRUE,TRUE,TRUE,1,0.25,0,0,0.75,25,75,Grade C,Grade C,Score-based certification,20,5
solid,NA,NA,NA,NA,0.25,TRUE,TRUE,TRUE,TRUE,TRUE,TRUE,1,0.5,0,0,0.75,31.25,68.75,Grade C,Grade C,Score-based certification,35,3.75
solid,NA,NA,NA,NA,0.25,TRUE,TRUE,TRUE,TRUE,TRUE,TRUE,1,0.75,0,0,0.75,37.5,62.5,Grade D,Grade D,Score-based certification,35,2.5
solid,NA,NA,NA,NA,0.25,TRUE,TRUE,TRUE,TRUE,TRUE,TRUE,1,1,0,0,0.75,43.75,56.25,Grade D,Grade D,Score-based certification,50,6.25
solid,NA,NA,NA,NA,0.25,TRUE,TRUE,TRUE,TRUE,TRUE,TRUE,1,0,0.25,0,0.75,25,75,Grade C,Grade C,Score-based certification,20,5
solid,NA,NA,NA,NA,0.25,TRUE,TRUE,TRUE,TRUE,TRUE,TRUE,1,0.25,0.25,0,0.75,31.25,68.75,Grade C,Grade C,Score-based certification,35,3.75
solid,NA,NA,NA,NA,0.25,TRUE,TRUE,TRUE,TRUE,TRUE,TRUE,1,0.5,0.25,0,0.75,37.5,62.5,Grade D,Grade D,Score-based certification,35,2.5
solid,NA,NA,NA,NA,0.25,TRUE,TRUE,TRUE,TRUE,TRUE,TRUE,1,0.75,0.25,0,0.75,43.75,56.25,Grade D,Grade D,Score-based certification,50,6.25
solid,NA,NA,NA,NA,0.25,TRUE,TRUE,TRUE,TRUE,TRUE,TRUE,1,1,0.25,0,0.75,50,50,Grade D,Grade D,Score-based certification,50,0
solid,NA,NA,NA,NA,0.25,TRUE,TRUE,TRUE,TRUE,TRUE,TRUE,1,0,0.5,0,0.75,31.25,68.75,Grade C,Grade C,Score-based certification,35,3.75
solid,NA,NA,NA,NA,0.25,TRUE,TRUE,TRUE,TRUE,TRUE,TRUE,1,0.25,0.5,0,0.75,37.5,62.5,Grade D,Grade D,Score-based certification,35,2.5
solid,NA,NA,NA,NA,0.25,TRUE,TRUE,TRUE,TRUE,TRUE,TRUE,1,0.5,0.5,0,0.75,43.75,56.25,Grade D,Grade D,Score-based certification,50,6.25
solid,NA,NA,NA,NA,0.25,TRUE,TRUE,TRUE,TRUE,TRUE,TRUE,1,0.75,0.5,0,0.75,50,50,Grade D,Grade D,Score-based certification,50,0
solid,NA,NA,NA,NA,0.25,TRUE,TRUE,TRUE,TRUE,TRUE,TRUE,1,1,0.5,0,0.75,56.25,43.75,Grade E,Grade E,Critical penalty burden,50,6.25
solid,NA,NA,NA,NA,0.25,TRUE,TRUE,TRUE,TRUE,TRUE,TRUE,1,0,0.75,0,0.75,37.5,62.5,Grade D,Grade D,Score-based certification,35,2.5
solid,NA,NA,NA,NA,0.25,TRUE,TRUE,TRUE,TRUE,TRUE,TRUE,1,0.25,0.75,0,0.75,43.75,56.25,Grade D,Grade D,Score-based certification,50,6.25
solid,NA,NA,NA,NA,0.25,TRUE,TRUE,TRUE,TRUE,TRUE,TRUE,1,0.5,0.75,0,0.75,50,50,Grade D,Grade D,Score-based certification,50,0
solid,NA,NA,NA,NA,0.25,TRUE,TRUE,TRUE,TRUE,TRUE,TRUE,1,0.75,0.75,0,0.75,56.25,43.75,Grade E,Grade E,Critical penalty burden,50,6.25
solid,NA,NA,NA,NA,0.25,TRUE,TRUE,TRUE,TRUE,TRUE,TRUE,1,1,0.75,0,0.75,62.5,37.5,Grade E,Grade E,Critical penalty burden,50,12.5
solid,NA,NA,NA,NA,0.25,TRUE,TRUE,TRUE,TRUE,TRUE,TRUE,1,0,1,0,0.75,43.75,56.25,Grade D,Grade D,Score-based certification,50,6.25
solid,NA,NA,NA,NA,0.25,TRUE,TRUE,TRUE,TRUE,TRUE,TRUE,1,0.25,1,0,0.75,50,50,Grade D,Grade D,Score-based certification,50,0
solid,NA,NA,NA,NA,0.25,TRUE,TRUE,TRUE,TRUE,TRUE,TRUE,1,0.5,1,0,0.75,56.25,43.75,Grade E,Grade E,Critical penalty burden,50,6.25
solid,NA,NA,NA,NA,0.25,TRUE,TRUE,TRUE,TRUE,TRUE,TRUE,1,0.75,1,0,0.75,62.5,37.5,Grade E,Grade E,Critical penalty burden,50,12.5
solid,NA,NA,NA,NA,0.25,TRUE,TRUE,TRUE,TRUE,TRUE,TRUE,1,1,1,0,0.75,68.75,31.25,Grade E,Grade E,Critical penalty burden,50,18.75
solid,NA,NA,NA,NA,0.25,TRUE,TRUE,TRUE,TRUE,TRUE,TRUE,1,0,0,0.25,0.75,22.5,77.5,Grade C,Grade C,Score-based certification,20,2.5
solid,NA,NA,NA,NA,0.25,TRUE,TRUE,TRUE,TRUE,TRUE,TRUE,1,0.25,0,0.25,0.75,28.75,71.25,Grade C,Grade C,Score-based certification,35,6.25
solid,NA,NA,NA,NA,0.25,TRUE,TRUE,TRUE,TRUE,TRUE,TRUE,1,0.5,0,0.25,0.75,35,65,Grade C,Grade C,Score-based certification,35,0
solid,NA,NA,NA,NA,0.25,TRUE,TRUE,TRUE,TRUE,TRUE,TRUE,1,0.75,0,0.25,0.75,41.25,58.75,Grade D,Grade D,Score-based certification,35,6.25
solid,NA,NA,NA,NA,0.25,TRUE,TRUE,TRUE,TRUE,TRUE,TRUE,1,1,0,0.25,0.75,47.5,52.5,Grade D,Grade D,Score-based certification,50,2.5
solid,NA,NA,NA,NA,0.25,TRUE,TRUE,TRUE,TRUE,TRUE,TRUE,1,0,0.25,0.25,0.75,28.75,71.25,Grade C,Grade C,Score-based certification,35,6.25
solid,NA,NA,NA,NA,0.25,TRUE,TRUE,TRUE,TRUE,TRUE,TRUE,1,0.25,0.25,0.25,0.75,35,65,Grade C,Grade C,Score-based certification,35,0
solid,NA,NA,NA,NA,0.25,TRUE,TRUE,TRUE,TRUE,TRUE,TRUE,1,0.5,0.25,0.25,0.75,41.25,58.75,Grade D,Grade D,Score-based certification,35,6.25
solid,NA,NA,NA,NA,0.25,TRUE,TRUE,TRUE,TRUE,TRUE,TRUE,1,0.75,0.25,0.25,0.75,47.5,52.5,Grade D,Grade D,Score-based certification,50,2.5
solid,NA,NA,NA,NA,0.25,TRUE,TRUE,TRUE,TRUE,TRUE,TRUE,1,1,0.25,0.25,0.75,53.75,46.25,Grade E,Grade E,Critical penalty burden,50,3.75
solid,NA,NA,NA,NA,0.25,TRUE,TRUE,TRUE,TRUE,TRUE,TRUE,1,0,0.5,0.25,0.75,35,65,Grade C,Grade C,Score-based certification,35,0
solid,NA,NA,NA,NA,0.25,TRUE,TRUE,TRUE,TRUE,TRUE,TRUE,1,0.25,0.5,0.25,0.75,41.25,58.75,Grade D,Grade D,Score-based certification,35,6.25
solid,NA,NA,NA,NA,0.25,TRUE,TRUE,TRUE,TRUE,TRUE,TRUE,1,0.5,0.5,0.25,0.75,47.5,52.5,Grade D,Grade D,Score-based certification,50,2.5
solid,NA,NA,NA,NA,0.25,TRUE,TRUE,TRUE,TRUE,TRUE,TRUE,1,0.75,0.5,0.25,0.75,53.75,46.25,Grade E,Grade E,Critical penalty burden,50,3.75
solid,NA,NA,NA,NA,0.25,TRUE,TRUE,TRUE,TRUE,TRUE,TRUE,1,1,0.5,0.25,0.75,60,40,Grade E,Grade E,Critical penalty burden,50,10
solid,NA,NA,NA,NA,0.25,TRUE,TRUE,TRUE,TRUE,TRUE,TRUE,1,0,0.75,0.25,0.75,41.25,58.75,Grade D,Grade D,Score-based certification,35,6.25
solid,NA,NA,NA,NA,0.25,TRUE,TRUE,TRUE,TRUE,TRUE,TRUE,1,0.25,0.75,0.25,0.75,47.5,52.5,Grade D,Grade D,Score-based certification,50,2.5
solid,NA,NA,NA,NA,0.25,TRUE,TRUE,TRUE,TRUE,TRUE,TRUE,1,0.5,0.75,0.25,0.75,53.75,46.25,Grade E,Grade E,Critical penalty burden,50,3.75
solid,NA,NA,NA,NA,0.25,TRUE,TRUE,TRUE,TRUE,TRUE,TRUE,1,0.75,0.75,0.25,0.75,60,40,Grade E,Grade E,Critical penalty burden,50,10
solid,NA,NA,NA,NA,0.25,TRUE,TRUE,TRUE,TRUE,TRUE,TRUE,1,1,0.75,0.25,0.75,66.25,33.75,Grade E,Grade E,Critical penalty burden,50,16.25
solid,NA,NA,NA,NA,0.25,TRUE,TRUE,TRUE,TRUE,TRUE,TRUE,1,0,1,0.25,0.75,47.5,52.5,Grade D,Grade D,Score-based certification,50,2.5
solid,NA,NA,NA,NA,0.25,TRUE,TRUE,TRUE,TRUE,TRUE,TRUE,1,0.25,1,0.25,0.75,53.75,46.25,Grade E,Grade E,Critical penalty burden,50,3.75
solid,NA,NA,NA,NA,0.25,TRUE,TRUE,TRUE,TRUE,TRUE,TRUE,1,0.5,1,0.25,0.75,60,40,Grade E,Grade E,Critical penalty burden,50,10
solid,NA,NA,NA,NA,0.25,TRUE,TRUE,TRUE,TRUE,TRUE,TRUE,1,0.75,1,0.25,0.75,66.25,33.75,Grade E,Grade E,Critical penalty burden,50,16.25
solid,NA,NA,NA,NA,0.25,TRUE,TRUE,TRUE,TRUE,TRUE,TRUE,1,1,1,0.25,0.75,72.5,27.5,Grade E,Grade E,Critical penalty burden,50,22.5
solid,NA,NA,NA,NA,0.25,TRUE,TRUE,TRUE,TRUE,TRUE,TRUE,1,0,0,0.5,0.75,26.25,73.75,Grade C,Grade C,Score-based certification,20,6.25
solid,NA,NA,NA,NA,0.25,TRUE,TRUE,TRUE,TRUE,TRUE,TRUE,1,0.25,0,0.5,0.75,32.5,67.5,Grade C,Grade C,Score-based certification,35,2.5
solid,NA,NA,NA,NA,0.25,TRUE,TRUE,TRUE,TRUE,TRUE,TRUE,1,0.5,0,0.5,0.75,38.75,61.25,Grade D,Grade D,Score-based certification,35,3.75
solid,NA,NA,NA,NA,0.25,TRUE,TRUE,TRUE,TRUE,TRUE,TRUE,1,0.75,0,0.5,0.75,45,55,Grade D,Grade D,Score-based certification,50,5
solid,NA,NA,NA,NA,0.25,TRUE,TRUE,TRUE,TRUE,TRUE,TRUE,1,1,0,0.5,0.75,51.25,48.75,Grade E,Grade E,Critical penalty burden,50,1.25
solid,NA,NA,NA,NA,0.25,TRUE,TRUE,TRUE,TRUE,TRUE,TRUE,1,0,0.25,0.5,0.75,32.5,67.5,Grade C,Grade C,Score-based certification,35,2.5
solid,NA,NA,NA,NA,0.25,TRUE,TRUE,TRUE,TRUE,TRUE,TRUE,1,0.25,0.25,0.5,0.75,38.75,61.25,Grade D,Grade D,Score-based certification,35,3.75
solid,NA,NA,NA,NA,0.25,TRUE,TRUE,TRUE,TRUE,TRUE,TRUE,1,0.5,0.25,0.5,0.75,45,55,Grade D,Grade D,Score-based certification,50,5
solid,NA,NA,NA,NA,0.25,TRUE,TRUE,TRUE,TRUE,TRUE,TRUE,1,0.75,0.25,0.5,0.75,51.25,48.75,Grade E,Grade E,Critical penalty burden,50,1.25
solid,NA,NA,NA,NA,0.25,TRUE,TRUE,TRUE,TRUE,TRUE,TRUE,1,1,0.25,0.5,0.75,57.5,42.5,Grade E,Grade E,Critical penalty burden,50,7.5
solid,NA,NA,NA,NA,0.25,TRUE,TRUE,TRUE,TRUE,TRUE,TRUE,1,0,0.5,0.5,0.75,38.75,61.25,Grade D,Grade D,Score-based certification,35,3.75
solid,NA,NA,NA,NA,0.25,TRUE,TRUE,TRUE,TRUE,TRUE,TRUE,1,0.25,0.5,0.5,0.75,45,55,Grade D,Grade D,Score-based certification,50,5
solid,NA,NA,NA,NA,0.25,TRUE,TRUE,TRUE,TRUE,TRUE,TRUE,1,0.5,0.5,0.5,0.75,51.25,48.75,Grade E,Grade E,Critical penalty burden,50,1.25
solid,NA,NA,NA,NA,0.25,TRUE,TRUE,TRUE,TRUE,TRUE,TRUE,1,0.75,0.5,0.5,0.75,57.5,42.5,Grade E,Grade E,Critical penalty burden,50,7.5
solid,NA,NA,NA,NA,0.25,TRUE,TRUE,TRUE,TRUE,TRUE,TRUE,1,1,0.5,0.5,0.75,63.75,36.25,Grade E,Grade E,Critical penalty burden,50,13.75
solid,NA,NA,NA,NA,0.25,TRUE,TRUE,TRUE,TRUE,TRUE,TRUE,1,0,0.75,0.5,0.75,45,55,Grade D,Grade D,Score-based certification,50,5
solid,NA,NA,NA,NA,0.25,TRUE,TRUE,TRUE,TRUE,TRUE,TRUE,1,0.25,0.75,0.5,0.75,51.25,48.75,Grade E,Grade E,Critical penalty burden,50,1.25
solid,NA,NA,NA,NA,0.25,TRUE,TRUE,TRUE,TRUE,TRUE,TRUE,1,0.5,0.75,0.5,0.75,57.5,42.5,Grade E,Grade E,Critical penalty burden,50,7.5
solid,NA,NA,NA,NA,0.25,TRUE,TRUE,TRUE,TRUE,TRUE,TRUE,1,0.75,0.75,0.5,0.75,63.75,36.25,Grade E,Grade E,Critical penalty burden,50,13.75
solid,NA,NA,NA,NA,0.25,TRUE,TRUE,TRUE,TRUE,TRUE,TRUE,1,1,0.75,0.5,0.75,70,30,Grade E,Grade E,Critical penalty burden,50,20
solid,NA,NA,NA,NA,0.25,TRUE,TRUE,TRUE,TRUE,TRUE,TRUE,1,0,1,0.5,0.75,51.25,48.75,Grade E,Grade E,Critical penalty burden,50,1.25
solid,NA,NA,NA,NA,0.25,TRUE,TRUE,TRUE,TRUE,TRUE,TRUE,1,0.25,1,0.5,0.75,57.5,42.5,Grade E,Grade E,Critical penalty burden,50,7.5
solid,NA,NA,NA,NA,0.25,TRUE,TRUE,TRUE,TRUE,TRUE,TRUE,1,0.5,1,0.5,0.75,63.75,36.25,Grade E,Grade E,Critical penalty burden,50,13.75
solid,NA,NA,NA,NA,0.25,TRUE,TRUE,TRUE,TRUE,TRUE,TRUE,1,0.75,1,0.5,0.75,70,30,Grade E,Grade E,Critical penalty burden,50,20
solid,NA,NA,NA,NA,0.25,TRUE,TRUE,TRUE,TRUE,TRUE,TRUE,1,1,1,0.5,0.75,76.25,23.75,Grade E,Grade E,Critical penalty burden,50,26.25
solid,NA,NA,NA,NA,0.25,TRUE,TRUE,TRUE,TRUE,TRUE,TRUE,1,0,0,0.75,0.75,30,70,Grade C,Grade C,Score-based certification,35,5
solid,NA,NA,NA,NA,0.25,TRUE,TRUE,TRUE,TRUE,TRUE,TRUE,1,0.25,0,0.75,0.75,36.25,63.75,Grade D,Grade D,Score-based certification,35,1.25
solid,NA,NA,NA,NA,0.25,TRUE,TRUE,TRUE,TRUE,TRUE,TRUE,1,0.5,0,0.75,0.75,42.5,57.5,Grade D,Grade D,Score-based certification,35,7.5
solid,NA,NA,NA,NA,0.25,TRUE,TRUE,TRUE,TRUE,TRUE,TRUE,1,0.75,0,0.75,0.75,48.75,51.25,Grade D,Grade D,Score-based certification,50,1.25
solid,NA,NA,NA,NA,0.25,TRUE,TRUE,TRUE,TRUE,TRUE,TRUE,1,1,0,0.75,0.75,55,45,Grade E,Grade E,Critical penalty burden,50,5
solid,NA,NA,NA,NA,0.25,TRUE,TRUE,TRUE,TRUE,TRUE,TRUE,1,0,0.25,0.75,0.75,36.25,63.75,Grade D,Grade D,Score-based certification,35,1.25
solid,NA,NA,NA,NA,0.25,TRUE,TRUE,TRUE,TRUE,TRUE,TRUE,1,0.25,0.25,0.75,0.75,42.5,57.5,Grade D,Grade D,Score-based certification,35,7.5
solid,NA,NA,NA,NA,0.25,TRUE,TRUE,TRUE,TRUE,TRUE,TRUE,1,0.5,0.25,0.75,0.75,48.75,51.25,Grade D,Grade D,Score-based certification,50,1.25
solid,NA,NA,NA,NA,0.25,TRUE,TRUE,TRUE,TRUE,TRUE,TRUE,1,0.75,0.25,0.75,0.75,55,45,Grade E,Grade E,Critical penalty burden,50,5
solid,NA,NA,NA,NA,0.25,TRUE,TRUE,TRUE,TRUE,TRUE,TRUE,1,1,0.25,0.75,0.75,61.25,38.75,Grade E,Grade E,Critical penalty burden,50,11.25
solid,NA,NA,NA,NA,0.25,TRUE,TRUE,TRUE,TRUE,TRUE,TRUE,1,0,0.5,0.75,0.75,42.5,57.5,Grade D,Grade D,Score-based certification,35,7.5
solid,NA,NA,NA,NA,0.25,TRUE,TRUE,TRUE,TRUE,TRUE,TRUE,1,0.25,0.5,0.75,0.75,48.75,51.25,Grade D,Grade D,Score-based certification,50,1.25
solid,NA,NA,NA,NA,0.25,TRUE,TRUE,TRUE,TRUE,TRUE,TRUE,1,0.5,0.5,0.75,0.75,55,45,Grade E,Grade E,Critical penalty burden,50,5
solid,NA,NA,NA,NA,0.25,TRUE,TRUE,TRUE,TRUE,TRUE,TRUE,1,0.75,0.5,0.75,0.75,61.25,38.75,Grade E,Grade E,Critical penalty burden,50,11.25
solid,NA,NA,NA,NA,0.25,TRUE,TRUE,TRUE,TRUE,TRUE,TRUE,1,1,0.5,0.75,0.75,67.5,32.5,Grade E,Grade E,Critical penalty burden,50,17.5
solid,NA,NA,NA,NA,0.25,TRUE,TRUE,TRUE,TRUE,TRUE,TRUE,1,0,0.75,0.75,0.75,48.75,51.25,Grade D,Grade D,Score-based certification,50,1.25
solid,NA,NA,NA,NA,0.25,TRUE,TRUE,TRUE,TRUE,TRUE,TRUE,1,0.25,0.75,0.75,0.75,55,45,Grade E,Grade E,Critical penalty burden,50,5
solid,NA,NA,NA,NA,0.25,TRUE,TRUE,TRUE,TRUE,TRUE,TRUE,1,0.5,0.75,0.75,0.75,61.25,38.75,Grade E,Grade E,Critical penalty burden,50,11.25
solid,NA,NA,NA,NA,0.25,TRUE,TRUE,TRUE,TRUE,TRUE,TRUE,1,0.75,0.75,0.75,0.75,67.5,32.5,Grade E,Grade E,Critical penalty burden,50,17.5
solid,NA,NA,NA,NA,0.25,TRUE,TRUE,TRUE,TRUE,TRUE,TRUE,1,1,0.75,0.75,0.75,73.75,26.25,Grade E,Grade E,Critical penalty burden,50,23.75
solid,NA,NA,NA,NA,0.25,TRUE,TRUE,TRUE,TRUE,TRUE,TRUE,1,0,1,0.75,0.75,55,45,Grade E,Grade E,Critical penalty burden,50,5
solid,NA,NA,NA,NA,0.25,TRUE,TRUE,TRUE,TRUE,TRUE,TRUE,1,0.25,1,0.75,0.75,61.25,38.75,Grade E,Grade E,Critical penalty burden,50,11.25
solid,NA,NA,NA,NA,0.25,TRUE,TRUE,TRUE,TRUE,TRUE,TRUE,1,0.5,1,0.75,0.75,67.5,32.5,Grade E,Grade E,Critical penalty burden,50,17.5
solid,NA,NA,NA,NA,0.25,TRUE,TRUE,TRUE,TRUE,TRUE,TRUE,1,0.75,1,0.75,0.75,73.75,26.25,Grade E,Grade E,Critical penalty burden,50,23.75
solid,NA,NA,NA,NA,0.25,TRUE,TRUE,TRUE,TRUE,TRUE,TRUE,1,1,1,0.75,0.75,80,20,Grade E,Grade E,Critical penalty burden,50,30
solid,NA,NA,NA,NA,0.25,TRUE,TRUE,TRUE,TRUE,TRUE,TRUE,1,0,0,1,0.75,33.75,66.25,Grade C,Grade C,Score-based certification,35,1.25
solid,NA,NA,NA,NA,0.25,TRUE,TRUE,TRUE,TRUE,TRUE,TRUE,1,0.25,0,1,0.75,40,60,Grade D,Grade D,Score-based certification,35,5
solid,NA,NA,NA,NA,0.25,TRUE,TRUE,TRUE,TRUE,TRUE,TRUE,1,0.5,0,1,0.75,46.25,53.75,Grade D,Grade D,Score-based certification,50,3.75
solid,NA,NA,NA,NA,0.25,TRUE,TRUE,TRUE,TRUE,TRUE,TRUE,1,0.75,0,1,0.75,52.5,47.5,Grade E,Grade E,Critical penalty burden,50,2.5
solid,NA,NA,NA,NA,0.25,TRUE,TRUE,TRUE,TRUE,TRUE,TRUE,1,1,0,1,0.75,58.75,41.25,Grade E,Grade E,Critical penalty burden,50,8.75
solid,NA,NA,NA,NA,0.25,TRUE,TRUE,TRUE,TRUE,TRUE,TRUE,1,0,0.25,1,0.75,40,60,Grade D,Grade D,Score-based certification,35,5
solid,NA,NA,NA,NA,0.25,TRUE,TRUE,TRUE,TRUE,TRUE,TRUE,1,0.25,0.25,1,0.75,46.25,53.75,Grade D,Grade D,Score-based certification,50,3.75
solid,NA,NA,NA,NA,0.25,TRUE,TRUE,TRUE,TRUE,TRUE,TRUE,1,0.5,0.25,1,0.75,52.5,47.5,Grade E,Grade E,Critical penalty burden,50,2.5
solid,NA,NA,NA,NA,0.25,TRUE,TRUE,TRUE,TRUE,TRUE,TRUE,1,0.75,0.25,1,0.75,58.75,41.25,Grade E,Grade E,Critical penalty burden,50,8.75
solid,NA,NA,NA,NA,0.25,TRUE,TRUE,TRUE,TRUE,TRUE,TRUE,1,1,0.25,1,0.75,65,35,Grade E,Grade E,Critical penalty burden,50,15
solid,NA,NA,NA,NA,0.25,TRUE,TRUE,TRUE,TRUE,TRUE,TRUE,1,0,0.5,1,0.75,46.25,53.75,Grade D,Grade D,Score-based certification,50,3.75
solid,NA,NA,NA,NA,0.25,TRUE,TRUE,TRUE,TRUE,TRUE,TRUE,1,0.25,0.5,1,0.75,52.5,47.5,Grade E,Grade E,Critical penalty burden,50,2.5
solid,NA,NA,NA,NA,0.25,TRUE,TRUE,TRUE,TRUE,TRUE,TRUE,1,0.5,0.5,1,0.75,58.75,41.25,Grade E,Grade E,Critical penalty burden,50,8.75
solid,NA,NA,NA,NA,0.25,TRUE,TRUE,TRUE,TRUE,TRUE,TRUE,1,0.75,0.5,1,0.75,65,35,Grade E,Grade E,Critical penalty burden,50,15
solid,NA,NA,NA,NA,0.25,TRUE,TRUE,TRUE,TRUE,TRUE,TRUE,1,1,0.5,1,0.75,71.25,28.75,Grade E,Grade E,Critical penalty burden,50,21.25
solid,NA,NA,NA,NA,0.25,TRUE,TRUE,TRUE,TRUE,TRUE,TRUE,1,0,0.75,1,0.75,52.5,47.5,Grade E,Grade E,Critical penalty burden,50,2.5
solid,NA,NA,NA,NA,0.25,TRUE,TRUE,TRUE,TRUE,TRUE,TRUE,1,0.25,0.75,1,0.75,58.75,41.25,Grade E,Grade E,Critical penalty burden,50,8.75
solid,NA,NA,NA,NA,0.25,TRUE,TRUE,TRUE,TRUE,TRUE,TRUE,1,0.5,0.75,1,0.75,65,35,Grade E,Grade E,Critical penalty burden,50,15
solid,NA,NA,NA,NA,0.25,TRUE,TRUE,TRUE,TRUE,TRUE,TRUE,1,0.75,0.75,1,0.75,71.25,28.75,Grade E,Grade E,Critical penalty burden,50,21.25
solid,NA,NA,NA,NA,0.25,TRUE,TRUE,TRUE,TRUE,TRUE,TRUE,1,1,0.75,1,0.75,77.5,22.5,Grade E,Grade E,Critical penalty burden,50,27.5
solid,NA,NA,NA,NA,0.25,TRUE,TRUE,TRUE,TRUE,TRUE,TRUE,1,0,1,1,0.75,58.75,41.25,Grade E,Grade E,Critical penalty burden,50,8.75
solid,NA,NA,NA,NA,0.25,TRUE,TRUE,TRUE,TRUE,TRUE,TRUE,1,0.25,1,1,0.75,65,35,Grade E,Grade E,Critical penalty burden,50,15
solid,NA,NA,NA,NA,0.25,TRUE,TRUE,TRUE,TRUE,TRUE,TRUE,1,0.5,1,1,0.75,71.25,28.75,Grade E,Grade E,Critical penalty burden,50,21.25
solid,NA,NA,NA,NA,0.25,TRUE,TRUE,TRUE,TRUE,TRUE,TRUE,1,0.75,1,1,0.75,77.5,22.5,Grade E,Grade E,Critical penalty burden,50,27.5
solid,NA,NA,NA,NA,0.25,TRUE,TRUE,TRUE,TRUE,TRUE,TRUE,1,1,1,1,0.75,83.75,16.25,Grade E,Grade E,Critical penalty burden,50,33.75
solid,NA,NA,NA,NA,0.25,TRUE,TRUE,TRUE,TRUE,TRUE,TRUE,1,0,0,0,1,23.75,76.25,Grade C,Grade C,Score-based certification,20,3.75
solid,NA,NA,NA,NA,0.25,TRUE,TRUE,TRUE,TRUE,TRUE,TRUE,1,0.25,0,0,1,30,70,Grade C,Grade C,Score-based certification,35,5
solid,NA,NA,NA,NA,0.25,TRUE,TRUE,TRUE,TRUE,TRUE,TRUE,1,0.5,0,0,1,36.25,63.75,Grade D,Grade D,Score-based certification,35,1.25
solid,NA,NA,NA,NA,0.25,TRUE,TRUE,TRUE,TRUE,TRUE,TRUE,1,0.75,0,0,1,42.5,57.5,Grade D,Grade D,Score-based certification,35,7.5
solid,NA,NA,NA,NA,0.25,TRUE,TRUE,TRUE,TRUE,TRUE,TRUE,1,1,0,0,1,48.75,51.25,Grade D,Grade D,Score-based certification,50,1.25
solid,NA,NA,NA,NA,0.25,TRUE,TRUE,TRUE,TRUE,TRUE,TRUE,1,0,0.25,0,1,30,70,Grade C,Grade C,Score-based certification,35,5
solid,NA,NA,NA,NA,0.25,TRUE,TRUE,TRUE,TRUE,TRUE,TRUE,1,0.25,0.25,0,1,36.25,63.75,Grade D,Grade D,Score-based certification,35,1.25
solid,NA,NA,NA,NA,0.25,TRUE,TRUE,TRUE,TRUE,TRUE,TRUE,1,0.5,0.25,0,1,42.5,57.5,Grade D,Grade D,Score-based certification,35,7.5
solid,NA,NA,NA,NA,0.25,TRUE,TRUE,TRUE,TRUE,TRUE,TRUE,1,0.75,0.25,0,1,48.75,51.25,Grade D,Grade D,Score-based certification,50,1.25
solid,NA,NA,NA,NA,0.25,TRUE,TRUE,TRUE,TRUE,TRUE,TRUE,1,1,0.25,0,1,55,45,Grade E,Grade E,Critical penalty burden,50,5
solid,NA,NA,NA,NA,0.25,TRUE,TRUE,TRUE,TRUE,TRUE,TRUE,1,0,0.5,0,1,36.25,63.75,Grade D,Grade D,Score-based certification,35,1.25
solid,NA,NA,NA,NA,0.25,TRUE,TRUE,TRUE,TRUE,TRUE,TRUE,1,0.25,0.5,0,1,42.5,57.5,Grade D,Grade D,Score-based certification,35,7.5
solid,NA,NA,NA,NA,0.25,TRUE,TRUE,TRUE,TRUE,TRUE,TRUE,1,0.5,0.5,0,1,48.75,51.25,Grade D,Grade D,Score-based certification,50,1.25
solid,NA,NA,NA,NA,0.25,TRUE,TRUE,TRUE,TRUE,TRUE,TRUE,1,0.75,0.5,0,1,55,45,Grade E,Grade E,Critical penalty burden,50,5
solid,NA,NA,NA,NA,0.25,TRUE,TRUE,TRUE,TRUE,TRUE,TRUE,1,1,0.5,0,1,61.25,38.75,Grade E,Grade E,Critical penalty burden,50,11.25
solid,NA,NA,NA,NA,0.25,TRUE,TRUE,TRUE,TRUE,TRUE,TRUE,1,0,0.75,0,1,42.5,57.5,Grade D,Grade D,Score-based certification,35,7.5
solid,NA,NA,NA,NA,0.25,TRUE,TRUE,TRUE,TRUE,TRUE,TRUE,1,0.25,0.75,0,1,48.75,51.25,Grade D,Grade D,Score-based certification,50,1.25
solid,NA,NA,NA,NA,0.25,TRUE,TRUE,TRUE,TRUE,TRUE,TRUE,1,0.5,0.75,0,1,55,45,Grade E,Grade E,Critical penalty burden,50,5
solid,NA,NA,NA,NA,0.25,TRUE,TRUE,TRUE,TRUE,TRUE,TRUE,1,0.75,0.75,0,1,61.25,38.75,Grade E,Grade E,Critical penalty burden,50,11.25
solid,NA,NA,NA,NA,0.25,TRUE,TRUE,TRUE,TRUE,TRUE,TRUE,1,1,0.75,0,1,67.5,32.5,Grade E,Grade E,Critical penalty burden,50,17.5
solid,NA,NA,NA,NA,0.25,TRUE,TRUE,TRUE,TRUE,TRUE,TRUE,1,0,1,0,1,48.75,51.25,Grade D,Grade D,Score-based certification,50,1.25
solid,NA,NA,NA,NA,0.25,TRUE,TRUE,TRUE,TRUE,TRUE,TRUE,1,0.25,1,0,1,55,45,Grade E,Grade E,Critical penalty burden,50,5
solid,NA,NA,NA,NA,0.25,TRUE,TRUE,TRUE,TRUE,TRUE,TRUE,1,0.5,1,0,1,61.25,38.75,Grade E,Grade E,Critical penalty burden,50,11.25
solid,NA,NA,NA,NA,0.25,TRUE,TRUE,TRUE,TRUE,TRUE,TRUE,1,0.75,1,0,1,67.5,32.5,Grade E,Grade E,Critical penalty burden,50,17.5
solid,NA,NA,NA,NA,0.25,TRUE,TRUE,TRUE,TRUE,TRUE,TRUE,1,1,1,0,1,73.75,26.25,Grade E,Grade E,Critical penalty burden,50,23.75
solid,NA,NA,NA,NA,0.25,TRUE,TRUE,TRUE,TRUE,TRUE,TRUE,1,0,0,0.25,1,27.5,72.5,Grade C,Grade C,Score-based certification,20,7.5
solid,NA,NA,NA,NA,0.25,TRUE,TRUE,TRUE,TRUE,TRUE,TRUE,1,0.25,0,0.25,1,33.75,66.25,Grade C,Grade C,Score-based certification,35,1.25
solid,NA,NA,NA,NA,0.25,TRUE,TRUE,TRUE,TRUE,TRUE,TRUE,1,0.5,0,0.25,1,40,60,Grade D,Grade D,Score-based certification,35,5
solid,NA,NA,NA,NA,0.25,TRUE,TRUE,TRUE,TRUE,TRUE,TRUE,1,0.75,0,0.25,1,46.25,53.75,Grade D,Grade D,Score-based certification,50,3.75
solid,NA,NA,NA,NA,0.25,TRUE,TRUE,TRUE,TRUE,TRUE,TRUE,1,1,0,0.25,1,52.5,47.5,Grade E,Grade E,Critical penalty burden,50,2.5
solid,NA,NA,NA,NA,0.25,TRUE,TRUE,TRUE,TRUE,TRUE,TRUE,1,0,0.25,0.25,1,33.75,66.25,Grade C,Grade C,Score-based certification,35,1.25
solid,NA,NA,NA,NA,0.25,TRUE,TRUE,TRUE,TRUE,TRUE,TRUE,1,0.25,0.25,0.25,1,40,60,Grade D,Grade D,Score-based certification,35,5
solid,NA,NA,NA,NA,0.25,TRUE,TRUE,TRUE,TRUE,TRUE,TRUE,1,0.5,0.25,0.25,1,46.25,53.75,Grade D,Grade D,Score-based certification,50,3.75
solid,NA,NA,NA,NA,0.25,TRUE,TRUE,TRUE,TRUE,TRUE,TRUE,1,0.75,0.25,0.25,1,52.5,47.5,Grade E,Grade E,Critical penalty burden,50,2.5
solid,NA,NA,NA,NA,0.25,TRUE,TRUE,TRUE,TRUE,TRUE,TRUE,1,1,0.25,0.25,1,58.75,41.25,Grade E,Grade E,Critical penalty burden,50,8.75
solid,NA,NA,NA,NA,0.25,TRUE,TRUE,TRUE,TRUE,TRUE,TRUE,1,0,0.5,0.25,1,40,60,Grade D,Grade D,Score-based certification,35,5
solid,NA,NA,NA,NA,0.25,TRUE,TRUE,TRUE,TRUE,TRUE,TRUE,1,0.25,0.5,0.25,1,46.25,53.75,Grade D,Grade D,Score-based certification,50,3.75
solid,NA,NA,NA,NA,0.25,TRUE,TRUE,TRUE,TRUE,TRUE,TRUE,1,0.5,0.5,0.25,1,52.5,47.5,Grade E,Grade E,Critical penalty burden,50,2.5
solid,NA,NA,NA,NA,0.25,TRUE,TRUE,TRUE,TRUE,TRUE,TRUE,1,0.75,0.5,0.25,1,58.75,41.25,Grade E,Grade E,Critical penalty burden,50,8.75
solid,NA,NA,NA,NA,0.25,TRUE,TRUE,TRUE,TRUE,TRUE,TRUE,1,1,0.5,0.25,1,65,35,Grade E,Grade E,Critical penalty burden,50,15
solid,NA,NA,NA,NA,0.25,TRUE,TRUE,TRUE,TRUE,TRUE,TRUE,1,0,0.75,0.25,1,46.25,53.75,Grade D,Grade D,Score-based certification,50,3.75
solid,NA,NA,NA,NA,0.25,TRUE,TRUE,TRUE,TRUE,TRUE,TRUE,1,0.25,0.75,0.25,1,52.5,47.5,Grade E,Grade E,Critical penalty burden,50,2.5
solid,NA,NA,NA,NA,0.25,TRUE,TRUE,TRUE,TRUE,TRUE,TRUE,1,0.5,0.75,0.25,1,58.75,41.25,Grade E,Grade E,Critical penalty burden,50,8.75
solid,NA,NA,NA,NA,0.25,TRUE,TRUE,TRUE,TRUE,TRUE,TRUE,1,0.75,0.75,0.25,1,65,35,Grade E,Grade E,Critical penalty burden,50,15
solid,NA,NA,NA,NA,0.25,TRUE,TRUE,TRUE,TRUE,TRUE,TRUE,1,1,0.75,0.25,1,71.25,28.75,Grade E,Grade E,Critical penalty burden,50,21.25
solid,NA,NA,NA,NA,0.25,TRUE,TRUE,TRUE,TRUE,TRUE,TRUE,1,0,1,0.25,1,52.5,47.5,Grade E,Grade E,Critical penalty burden,50,2.5
solid,NA,NA,NA,NA,0.25,TRUE,TRUE,TRUE,TRUE,TRUE,TRUE,1,0.25,1,0.25,1,58.75,41.25,Grade E,Grade E,Critical penalty burden,50,8.75
solid,NA,NA,NA,NA,0.25,TRUE,TRUE,TRUE,TRUE,TRUE,TRUE,1,0.5,1,0.25,1,65,35,Grade E,Grade E,Critical penalty burden,50,15
solid,NA,NA,NA,NA,0.25,TRUE,TRUE,TRUE,TRUE,TRUE,TRUE,1,0.75,1,0.25,1,71.25,28.75,Grade E,Grade E,Critical penalty burden,50,21.25
solid,NA,NA,NA,NA,0.25,TRUE,TRUE,TRUE,TRUE,TRUE,TRUE,1,1,1,0.25,1,77.5,22.5,Grade E,Grade E,Critical penalty burden,50,27.5
solid,NA,NA,NA,NA,0.25,TRUE,TRUE,TRUE,TRUE,TRUE,TRUE,1,0,0,0.5,1,31.25,68.75,Grade C,Grade C,Score-based certification,35,3.75
solid,NA,NA,NA,NA,0.25,TRUE,TRUE,TRUE,TRUE,TRUE,TRUE,1,0.25,0,0.5,1,37.5,62.5,Grade D,Grade D,Score-based certification,35,2.5
solid,NA,NA,NA,NA,0.25,TRUE,TRUE,TRUE,TRUE,TRUE,TRUE,1,0.5,0,0.5,1,43.75,56.25,Grade D,Grade D,Score-based certification,50,6.25
solid,NA,NA,NA,NA,0.25,TRUE,TRUE,TRUE,TRUE,TRUE,TRUE,1,0.75,0,0.5,1,50,50,Grade D,Grade D,Score-based certification,50,0
solid,NA,NA,NA,NA,0.25,TRUE,TRUE,TRUE,TRUE,TRUE,TRUE,1,1,0,0.5,1,56.25,43.75,Grade E,Grade E,Critical penalty burden,50,6.25
solid,NA,NA,NA,NA,0.25,TRUE,TRUE,TRUE,TRUE,TRUE,TRUE,1,0,0.25,0.5,1,37.5,62.5,Grade D,Grade D,Score-based certification,35,2.5
solid,NA,NA,NA,NA,0.25,TRUE,TRUE,TRUE,TRUE,TRUE,TRUE,1,0.25,0.25,0.5,1,43.75,56.25,Grade D,Grade D,Score-based certification,50,6.25
solid,NA,NA,NA,NA,0.25,TRUE,TRUE,TRUE,TRUE,TRUE,TRUE,1,0.5,0.25,0.5,1,50,50,Grade D,Grade D,Score-based certification,50,0
solid,NA,NA,NA,NA,0.25,TRUE,TRUE,TRUE,TRUE,TRUE,TRUE,1,0.75,0.25,0.5,1,56.25,43.75,Grade E,Grade E,Critical penalty burden,50,6.25
solid,NA,NA,NA,NA,0.25,TRUE,TRUE,TRUE,TRUE,TRUE,TRUE,1,1,0.25,0.5,1,62.5,37.5,Grade E,Grade E,Critical penalty burden,50,12.5
solid,NA,NA,NA,NA,0.25,TRUE,TRUE,TRUE,TRUE,TRUE,TRUE,1,0,0.5,0.5,1,43.75,56.25,Grade D,Grade D,Score-based certification,50,6.25
solid,NA,NA,NA,NA,0.25,TRUE,TRUE,TRUE,TRUE,TRUE,TRUE,1,0.25,0.5,0.5,1,50,50,Grade D,Grade D,Score-based certification,50,0
solid,NA,NA,NA,NA,0.25,TRUE,TRUE,TRUE,TRUE,TRUE,TRUE,1,0.5,0.5,0.5,1,56.25,43.75,Grade E,Grade E,Critical penalty burden,50,6.25
solid,NA,NA,NA,NA,0.25,TRUE,TRUE,TRUE,TRUE,TRUE,TRUE,1,0.75,0.5,0.5,1,62.5,37.5,Grade E,Grade E,Critical penalty burden,50,12.5
solid,NA,NA,NA,NA,0.25,TRUE,TRUE,TRUE,TRUE,TRUE,TRUE,1,1,0.5,0.5,1,68.75,31.25,Grade E,Grade E,Critical penalty burden,50,18.75
solid,NA,NA,NA,NA,0.25,TRUE,TRUE,TRUE,TRUE,TRUE,TRUE,1,0,0.75,0.5,1,50,50,Grade D,Grade D,Score-based certification,50,0
solid,NA,NA,NA,NA,0.25,TRUE,TRUE,TRUE,TRUE,TRUE,TRUE,1,0.25,0.75,0.5,1,56.25,43.75,Grade E,Grade E,Critical penalty burden,50,6.25
solid,NA,NA,NA,NA,0.25,TRUE,TRUE,TRUE,TRUE,TRUE,TRUE,1,0.5,0.75,0.5,1,62.5,37.5,Grade E,Grade E,Critical penalty burden,50,12.5
solid,NA,NA,NA,NA,0.25,TRUE,TRUE,TRUE,TRUE,TRUE,TRUE,1,0.75,0.75,0.5,1,68.75,31.25,Grade E,Grade E,Critical penalty burden,50,18.75
solid,NA,NA,NA,NA,0.25,TRUE,TRUE,TRUE,TRUE,TRUE,TRUE,1,1,0.75,0.5,1,75,25,Grade E,Grade E,Critical penalty burden,50,25
solid,NA,NA,NA,NA,0.25,TRUE,TRUE,TRUE,TRUE,TRUE,TRUE,1,0,1,0.5,1,56.25,43.75,Grade E,Grade E,Critical penalty burden,50,6.25
solid,NA,NA,NA,NA,0.25,TRUE,TRUE,TRUE,TRUE,TRUE,TRUE,1,0.25,1,0.5,1,62.5,37.5,Grade E,Grade E,Critical penalty burden,50,12.5
solid,NA,NA,NA,NA,0.25,TRUE,TRUE,TRUE,TRUE,TRUE,TRUE,1,0.5,1,0.5,1,68.75,31.25,Grade E,Grade E,Critical penalty burden,50,18.75
solid,NA,NA,NA,NA,0.25,TRUE,TRUE,TRUE,TRUE,TRUE,TRUE,1,0.75,1,0.5,1,75,25,Grade E,Grade E,Critical penalty burden,50,25
solid,NA,NA,NA,NA,0.25,TRUE,TRUE,TRUE,TRUE,TRUE,TRUE,1,1,1,0.5,1,81.25,18.75,Grade E,Grade E,Critical penalty burden,50,31.25
solid,NA,NA,NA,NA,0.25,TRUE,TRUE,TRUE,TRUE,TRUE,TRUE,1,0,0,0.75,1,35,65,Grade C,Grade C,Score-based certification,35,0
solid,NA,NA,NA,NA,0.25,TRUE,TRUE,TRUE,TRUE,TRUE,TRUE,1,0.25,0,0.75,1,41.25,58.75,Grade D,Grade D,Score-based certification,35,6.25
solid,NA,NA,NA,NA,0.25,TRUE,TRUE,TRUE,TRUE,TRUE,TRUE,1,0.5,0,0.75,1,47.5,52.5,Grade D,Grade D,Score-based certification,50,2.5
solid,NA,NA,NA,NA,0.25,TRUE,TRUE,TRUE,TRUE,TRUE,TRUE,1,0.75,0,0.75,1,53.75,46.25,Grade E,Grade E,Critical penalty burden,50,3.75
solid,NA,NA,NA,NA,0.25,TRUE,TRUE,TRUE,TRUE,TRUE,TRUE,1,1,0,0.75,1,60,40,Grade E,Grade E,Critical penalty burden,50,10
solid,NA,NA,NA,NA,0.25,TRUE,TRUE,TRUE,TRUE,TRUE,TRUE,1,0,0.25,0.75,1,41.25,58.75,Grade D,Grade D,Score-based certification,35,6.25
solid,NA,NA,NA,NA,0.25,TRUE,TRUE,TRUE,TRUE,TRUE,TRUE,1,0.25,0.25,0.75,1,47.5,52.5,Grade D,Grade D,Score-based certification,50,2.5
solid,NA,NA,NA,NA,0.25,TRUE,TRUE,TRUE,TRUE,TRUE,TRUE,1,0.5,0.25,0.75,1,53.75,46.25,Grade E,Grade E,Critical penalty burden,50,3.75
solid,NA,NA,NA,NA,0.25,TRUE,TRUE,TRUE,TRUE,TRUE,TRUE,1,0.75,0.25,0.75,1,60,40,Grade E,Grade E,Critical penalty burden,50,10
solid,NA,NA,NA,NA,0.25,TRUE,TRUE,TRUE,TRUE,TRUE,TRUE,1,1,0.25,0.75,1,66.25,33.75,Grade E,Grade E,Critical penalty burden,50,16.25
solid,NA,NA,NA,NA,0.25,TRUE,TRUE,TRUE,TRUE,TRUE,TRUE,1,0,0.5,0.75,1,47.5,52.5,Grade D,Grade D,Score-based certification,50,2.5
solid,NA,NA,NA,NA,0.25,TRUE,TRUE,TRUE,TRUE,TRUE,TRUE,1,0.25,0.5,0.75,1,53.75,46.25,Grade E,Grade E,Critical penalty burden,50,3.75
solid,NA,NA,NA,NA,0.25,TRUE,TRUE,TRUE,TRUE,TRUE,TRUE,1,0.5,0.5,0.75,1,60,40,Grade E,Grade E,Critical penalty burden,50,10
solid,NA,NA,NA,NA,0.25,TRUE,TRUE,TRUE,TRUE,TRUE,TRUE,1,0.75,0.5,0.75,1,66.25,33.75,Grade E,Grade E,Critical penalty burden,50,16.25
solid,NA,NA,NA,NA,0.25,TRUE,TRUE,TRUE,TRUE,TRUE,TRUE,1,1,0.5,0.75,1,72.5,27.5,Grade E,Grade E,Critical penalty burden,50,22.5
solid,NA,NA,NA,NA,0.25,TRUE,TRUE,TRUE,TRUE,TRUE,TRUE,1,0,0.75,0.75,1,53.75,46.25,Grade E,Grade E,Critical penalty burden,50,3.75
solid,NA,NA,NA,NA,0.25,TRUE,TRUE,TRUE,TRUE,TRUE,TRUE,1,0.25,0.75,0.75,1,60,40,Grade E,Grade E,Critical penalty burden,50,10
solid,NA,NA,NA,NA,0.25,TRUE,TRUE,TRUE,TRUE,TRUE,TRUE,1,0.5,0.75,0.75,1,66.25,33.75,Grade E,Grade E,Critical penalty burden,50,16.25
solid,NA,NA,NA,NA,0.25,TRUE,TRUE,TRUE,TRUE,TRUE,TRUE,1,0.75,0.75,0.75,1,72.5,27.5,Grade E,Grade E,Critical penalty burden,50,22.5
solid,NA,NA,NA,NA,0.25,TRUE,TRUE,TRUE,TRUE,TRUE,TRUE,1,1,0.75,0.75,1,78.75,21.25,Grade E,Grade E,Critical penalty burden,50,28.75
solid,NA,NA,NA,NA,0.25,TRUE,TRUE,TRUE,TRUE,TRUE,TRUE,1,0,1,0.75,1,60,40,Grade E,Grade E,Critical penalty burden,50,10
solid,NA,NA,NA,NA,0.25,TRUE,TRUE,TRUE,TRUE,TRUE,TRUE,1,0.25,1,0.75,1,66.25,33.75,Grade E,Grade E,Critical penalty burden,50,16.25
solid,NA,NA,NA,NA,0.25,TRUE,TRUE,TRUE,TRUE,TRUE,TRUE,1,0.5,1,0.75,1,72.5,27.5,Grade E,Grade E,Critical penalty burden,50,22.5
solid,NA,NA,NA,NA,0.25,TRUE,TRUE,TRUE,TRUE,TRUE,TRUE,1,0.75,1,0.75,1,78.75,21.25,Grade E,Grade E,Critical penalty burden,50,28.75
solid,NA,NA,NA,NA,0.25,TRUE,TRUE,TRUE,TRUE,TRUE,TRUE,1,1,1,0.75,1,85,15,Grade E,Grade E,Critical penalty burden,50,35
solid,NA,NA,NA,NA,0.25,TRUE,TRUE,TRUE,TRUE,TRUE,TRUE,1,0,0,1,1,38.75,61.25,Grade D,Grade D,Score-based certification,35,3.75
solid,NA,NA,NA,NA,0.25,TRUE,TRUE,TRUE,TRUE,TRUE,TRUE,1,0.25,0,1,1,45,55,Grade D,Grade D,Score-based certification,50,5
solid,NA,NA,NA,NA,0.25,TRUE,TRUE,TRUE,TRUE,TRUE,TRUE,1,0.5,0,1,1,51.25,48.75,Grade E,Grade E,Critical penalty burden,50,1.25
solid,NA,NA,NA,NA,0.25,TRUE,TRUE,TRUE,TRUE,TRUE,TRUE,1,0.75,0,1,1,57.5,42.5,Grade E,Grade E,Critical penalty burden,50,7.5
solid,NA,NA,NA,NA,0.25,TRUE,TRUE,TRUE,TRUE,TRUE,TRUE,1,1,0,1,1,63.75,36.25,Grade E,Grade E,Critical penalty burden,50,13.75
solid,NA,NA,NA,NA,0.25,TRUE,TRUE,TRUE,TRUE,TRUE,TRUE,1,0,0.25,1,1,45,55,Grade D,Grade D,Score-based certification,50,5
solid,NA,NA,NA,NA,0.25,TRUE,TRUE,TRUE,TRUE,TRUE,TRUE,1,0.25,0.25,1,1,51.25,48.75,Grade E,Grade E,Critical penalty burden,50,1.25
solid,NA,NA,NA,NA,0.25,TRUE,TRUE,TRUE,TRUE,TRUE,TRUE,1,0.5,0.25,1,1,57.5,42.5,Grade E,Grade E,Critical penalty burden,50,7.5
solid,NA,NA,NA,NA,0.25,TRUE,TRUE,TRUE,TRUE,TRUE,TRUE,1,0.75,0.25,1,1,63.75,36.25,Grade E,Grade E,Critical penalty burden,50,13.75
solid,NA,NA,NA,NA,0.25,TRUE,TRUE,TRUE,TRUE,TRUE,TRUE,1,1,0.25,1,1,70,30,Grade E,Grade E,Critical penalty burden,50,20
solid,NA,NA,NA,NA,0.25,TRUE,TRUE,TRUE,TRUE,TRUE,TRUE,1,0,0.5,1,1,51.25,48.75,Grade E,Grade E,Critical penalty burden,50,1.25
solid,NA,NA,NA,NA,0.25,TRUE,TRUE,TRUE,TRUE,TRUE,TRUE,1,0.25,0.5,1,1,57.5,42.5,Grade E,Grade E,Critical penalty burden,50,7.5
solid,NA,NA,NA,NA,0.25,TRUE,TRUE,TRUE,TRUE,TRUE,TRUE,1,0.5,0.5,1,1,63.75,36.25,Grade E,Grade E,Critical penalty burden,50,13.75
solid,NA,NA,NA,NA,0.25,TRUE,TRUE,TRUE,TRUE,TRUE,TRUE,1,0.75,0.5,1,1,70,30,Grade E,Grade E,Critical penalty burden,50,20
solid,NA,NA,NA,NA,0.25,TRUE,TRUE,TRUE,TRUE,TRUE,TRUE,1,1,0.5,1,1,76.25,23.75,Grade E,Grade E,Critical penalty burden,50,26.25
solid,NA,NA,NA,NA,0.25,TRUE,TRUE,TRUE,TRUE,TRUE,TRUE,1,0,0.75,1,1,57.5,42.5,Grade E,Grade E,Critical penalty burden,50,7.5
solid,NA,NA,NA,NA,0.25,TRUE,TRUE,TRUE,TRUE,TRUE,TRUE,1,0.25,0.75,1,1,63.75,36.25,Grade E,Grade E,Critical penalty burden,50,13.75
solid,NA,NA,NA,NA,0.25,TRUE,TRUE,TRUE,TRUE,TRUE,TRUE,1,0.5,0.75,1,1,70,30,Grade E,Grade E,Critical penalty burden,50,20
solid,NA,NA,NA,NA,0.25,TRUE,TRUE,TRUE,TRUE,TRUE,TRUE,1,0.75,0.75,1,1,76.25,23.75,Grade E,Grade E,Critical penalty burden,50,26.25
solid,NA,NA,NA,NA,0.25,TRUE,TRUE,TRUE,TRUE,TRUE,TRUE,1,1,0.75,1,1,82.5,17.5,Grade E,Grade E,Critical penalty burden,50,32.5
solid,NA,NA,NA,NA,0.25,TRUE,TRUE,TRUE,TRUE,TRUE,TRUE,1,0,1,1,1,63.75,36.25,Grade E,Grade E,Critical penalty burden,50,13.75
solid,NA,NA,NA,NA,0.25,TRUE,TRUE,TRUE,TRUE,TRUE,TRUE,1,0.25,1,1,1,70,30,Grade E,Grade E,Critical penalty burden,50,20
solid,NA,NA,NA,NA,0.25,TRUE,TRUE,TRUE,TRUE,TRUE,TRUE,1,0.5,1,1,1,76.25,23.75,Grade E,Grade E,Critical penalty burden,50,26.25
solid,NA,NA,NA,NA,0.25,TRUE,TRUE,TRUE,TRUE,TRUE,TRUE,1,0.75,1,1,1,82.5,17.5,Grade E,Grade E,Critical penalty burden,50,32.5
solid,NA,NA,NA,NA,0.25,TRUE,TRUE,TRUE,TRUE,TRUE,TRUE,1,1,1,1,1,88.75,11.25,Grade E,Grade E,Critical penalty burden,50,38.75
solid,NA,NA,NA,NA,0.5,TRUE,TRUE,TRUE,TRUE,TRUE,TRUE,1,0,0,0,0,7.5,92.5,Grade A,Grade A,Score-based certification,10,2.5
solid,NA,NA,NA,NA,0.5,TRUE,TRUE,TRUE,TRUE,TRUE,TRUE,1,0.25,0,0,0,13.75,86.25,Grade B,Grade B,Score-based certification,10,3.75
solid,NA,NA,NA,NA,0.5,TRUE,TRUE,TRUE,TRUE,TRUE,TRUE,1,0.5,0,0,0,20,80,Grade B,Grade B,Score-based certification,20,0
solid,NA,NA,NA,NA,0.5,TRUE,TRUE,TRUE,TRUE,TRUE,TRUE,1,0.75,0,0,0,26.25,73.75,Grade C,Grade C,Score-based certification,20,6.25
solid,NA,NA,NA,NA,0.5,TRUE,TRUE,TRUE,TRUE,TRUE,TRUE,1,1,0,0,0,32.5,67.5,Grade C,Grade C,Score-based certification,35,2.5
solid,NA,NA,NA,NA,0.5,TRUE,TRUE,TRUE,TRUE,TRUE,TRUE,1,0,0.25,0,0,13.75,86.25,Grade B,Grade B,Score-based certification,10,3.75
solid,NA,NA,NA,NA,0.5,TRUE,TRUE,TRUE,TRUE,TRUE,TRUE,1,0.25,0.25,0,0,20,80,Grade B,Grade B,Score-based certification,20,0
solid,NA,NA,NA,NA,0.5,TRUE,TRUE,TRUE,TRUE,TRUE,TRUE,1,0.5,0.25,0,0,26.25,73.75,Grade C,Grade C,Score-based certification,20,6.25
solid,NA,NA,NA,NA,0.5,TRUE,TRUE,TRUE,TRUE,TRUE,TRUE,1,0.75,0.25,0,0,32.5,67.5,Grade C,Grade C,Score-based certification,35,2.5
solid,NA,NA,NA,NA,0.5,TRUE,TRUE,TRUE,TRUE,TRUE,TRUE,1,1,0.25,0,0,38.75,61.25,Grade D,Grade D,Score-based certification,35,3.75
solid,NA,NA,NA,NA,0.5,TRUE,TRUE,TRUE,TRUE,TRUE,TRUE,1,0,0.5,0,0,20,80,Grade B,Grade B,Score-based certification,20,0
solid,NA,NA,NA,NA,0.5,TRUE,TRUE,TRUE,TRUE,TRUE,TRUE,1,0.25,0.5,0,0,26.25,73.75,Grade C,Grade C,Score-based certification,20,6.25
solid,NA,NA,NA,NA,0.5,TRUE,TRUE,TRUE,TRUE,TRUE,TRUE,1,0.5,0.5,0,0,32.5,67.5,Grade C,Grade C,Score-based certification,35,2.5
solid,NA,NA,NA,NA,0.5,TRUE,TRUE,TRUE,TRUE,TRUE,TRUE,1,0.75,0.5,0,0,38.75,61.25,Grade D,Grade D,Score-based certification,35,3.75
solid,NA,NA,NA,NA,0.5,TRUE,TRUE,TRUE,TRUE,TRUE,TRUE,1,1,0.5,0,0,45,55,Grade D,Grade D,Score-based certification,50,5
solid,NA,NA,NA,NA,0.5,TRUE,TRUE,TRUE,TRUE,TRUE,TRUE,1,0,0.75,0,0,26.25,73.75,Grade C,Grade C,Score-based certification,20,6.25
solid,NA,NA,NA,NA,0.5,TRUE,TRUE,TRUE,TRUE,TRUE,TRUE,1,0.25,0.75,0,0,32.5,67.5,Grade C,Grade C,Score-based certification,35,2.5
solid,NA,NA,NA,NA,0.5,TRUE,TRUE,TRUE,TRUE,TRUE,TRUE,1,0.5,0.75,0,0,38.75,61.25,Grade D,Grade D,Score-based certification,35,3.75
solid,NA,NA,NA,NA,0.5,TRUE,TRUE,TRUE,TRUE,TRUE,TRUE,1,0.75,0.75,0,0,45,55,Grade D,Grade D,Score-based certification,50,5
solid,NA,NA,NA,NA,0.5,TRUE,TRUE,TRUE,TRUE,TRUE,TRUE,1,1,0.75,0,0,51.25,48.75,Grade E,Grade E,Critical penalty burden,50,1.25
solid,NA,NA,NA,NA,0.5,TRUE,TRUE,TRUE,TRUE,TRUE,TRUE,1,0,1,0,0,32.5,67.5,Grade C,Grade C,Score-based certification,35,2.5
solid,NA,NA,NA,NA,0.5,TRUE,TRUE,TRUE,TRUE,TRUE,TRUE,1,0.25,1,0,0,38.75,61.25,Grade D,Grade D,Score-based certification,35,3.75
solid,NA,NA,NA,NA,0.5,TRUE,TRUE,TRUE,TRUE,TRUE,TRUE,1,0.5,1,0,0,45,55,Grade D,Grade D,Score-based certification,50,5
solid,NA,NA,NA,NA,0.5,TRUE,TRUE,TRUE,TRUE,TRUE,TRUE,1,0.75,1,0,0,51.25,48.75,Grade E,Grade E,Critical penalty burden,50,1.25
solid,NA,NA,NA,NA,0.5,TRUE,TRUE,TRUE,TRUE,TRUE,TRUE,1,1,1,0,0,57.5,42.5,Grade E,Grade E,Critical penalty burden,50,7.5
solid,NA,NA,NA,NA,0.5,TRUE,TRUE,TRUE,TRUE,TRUE,TRUE,1,0,0,0.25,0,11.25,88.75,Grade B,Grade B,Score-based certification,10,1.25
solid,NA,NA,NA,NA,0.5,TRUE,TRUE,TRUE,TRUE,TRUE,TRUE,1,0.25,0,0.25,0,17.5,82.5,Grade B,Grade B,Score-based certification,20,2.5
solid,NA,NA,NA,NA,0.5,TRUE,TRUE,TRUE,TRUE,TRUE,TRUE,1,0.5,0,0.25,0,23.75,76.25,Grade C,Grade C,Score-based certification,20,3.75
solid,NA,NA,NA,NA,0.5,TRUE,TRUE,TRUE,TRUE,TRUE,TRUE,1,0.75,0,0.25,0,30,70,Grade C,Grade C,Score-based certification,35,5
solid,NA,NA,NA,NA,0.5,TRUE,TRUE,TRUE,TRUE,TRUE,TRUE,1,1,0,0.25,0,36.25,63.75,Grade D,Grade D,Score-based certification,35,1.25
solid,NA,NA,NA,NA,0.5,TRUE,TRUE,TRUE,TRUE,TRUE,TRUE,1,0,0.25,0.25,0,17.5,82.5,Grade B,Grade B,Score-based certification,20,2.5
solid,NA,NA,NA,NA,0.5,TRUE,TRUE,TRUE,TRUE,TRUE,TRUE,1,0.25,0.25,0.25,0,23.75,76.25,Grade C,Grade C,Score-based certification,20,3.75
solid,NA,NA,NA,NA,0.5,TRUE,TRUE,TRUE,TRUE,TRUE,TRUE,1,0.5,0.25,0.25,0,30,70,Grade C,Grade C,Score-based certification,35,5
solid,NA,NA,NA,NA,0.5,TRUE,TRUE,TRUE,TRUE,TRUE,TRUE,1,0.75,0.25,0.25,0,36.25,63.75,Grade D,Grade D,Score-based certification,35,1.25
solid,NA,NA,NA,NA,0.5,TRUE,TRUE,TRUE,TRUE,TRUE,TRUE,1,1,0.25,0.25,0,42.5,57.5,Grade D,Grade D,Score-based certification,35,7.5
solid,NA,NA,NA,NA,0.5,TRUE,TRUE,TRUE,TRUE,TRUE,TRUE,1,0,0.5,0.25,0,23.75,76.25,Grade C,Grade C,Score-based certification,20,3.75
solid,NA,NA,NA,NA,0.5,TRUE,TRUE,TRUE,TRUE,TRUE,TRUE,1,0.25,0.5,0.25,0,30,70,Grade C,Grade C,Score-based certification,35,5
solid,NA,NA,NA,NA,0.5,TRUE,TRUE,TRUE,TRUE,TRUE,TRUE,1,0.5,0.5,0.25,0,36.25,63.75,Grade D,Grade D,Score-based certification,35,1.25
solid,NA,NA,NA,NA,0.5,TRUE,TRUE,TRUE,TRUE,TRUE,TRUE,1,0.75,0.5,0.25,0,42.5,57.5,Grade D,Grade D,Score-based certification,35,7.5
solid,NA,NA,NA,NA,0.5,TRUE,TRUE,TRUE,TRUE,TRUE,TRUE,1,1,0.5,0.25,0,48.75,51.25,Grade D,Grade D,Score-based certification,50,1.25
solid,NA,NA,NA,NA,0.5,TRUE,TRUE,TRUE,TRUE,TRUE,TRUE,1,0,0.75,0.25,0,30,70,Grade C,Grade C,Score-based certification,35,5
solid,NA,NA,NA,NA,0.5,TRUE,TRUE,TRUE,TRUE,TRUE,TRUE,1,0.25,0.75,0.25,0,36.25,63.75,Grade D,Grade D,Score-based certification,35,1.25
solid,NA,NA,NA,NA,0.5,TRUE,TRUE,TRUE,TRUE,TRUE,TRUE,1,0.5,0.75,0.25,0,42.5,57.5,Grade D,Grade D,Score-based certification,35,7.5
solid,NA,NA,NA,NA,0.5,TRUE,TRUE,TRUE,TRUE,TRUE,TRUE,1,0.75,0.75,0.25,0,48.75,51.25,Grade D,Grade D,Score-based certification,50,1.25
solid,NA,NA,NA,NA,0.5,TRUE,TRUE,TRUE,TRUE,TRUE,TRUE,1,1,0.75,0.25,0,55,45,Grade E,Grade E,Critical penalty burden,50,5
solid,NA,NA,NA,NA,0.5,TRUE,TRUE,TRUE,TRUE,TRUE,TRUE,1,0,1,0.25,0,36.25,63.75,Grade D,Grade D,Score-based certification,35,1.25
solid,NA,NA,NA,NA,0.5,TRUE,TRUE,TRUE,TRUE,TRUE,TRUE,1,0.25,1,0.25,0,42.5,57.5,Grade D,Grade D,Score-based certification,35,7.5
solid,NA,NA,NA,NA,0.5,TRUE,TRUE,TRUE,TRUE,TRUE,TRUE,1,0.5,1,0.25,0,48.75,51.25,Grade D,Grade D,Score-based certification,50,1.25
solid,NA,NA,NA,NA,0.5,TRUE,TRUE,TRUE,TRUE,TRUE,TRUE,1,0.75,1,0.25,0,55,45,Grade E,Grade E,Critical penalty burden,50,5
solid,NA,NA,NA,NA,0.5,TRUE,TRUE,TRUE,TRUE,TRUE,TRUE,1,1,1,0.25,0,61.25,38.75,Grade E,Grade E,Critical penalty burden,50,11.25
solid,NA,NA,NA,NA,0.5,TRUE,TRUE,TRUE,TRUE,TRUE,TRUE,1,0,0,0.5,0,15,85,Grade B,Grade B,Score-based certification,10,5
solid,NA,NA,NA,NA,0.5,TRUE,TRUE,TRUE,TRUE,TRUE,TRUE,1,0.25,0,0.5,0,21.25,78.75,Grade C,Grade C,Score-based certification,20,1.25
solid,NA,NA,NA,NA,0.5,TRUE,TRUE,TRUE,TRUE,TRUE,TRUE,1,0.5,0,0.5,0,27.5,72.5,Grade C,Grade C,Score-based certification,20,7.5
solid,NA,NA,NA,NA,0.5,TRUE,TRUE,TRUE,TRUE,TRUE,TRUE,1,0.75,0,0.5,0,33.75,66.25,Grade C,Grade C,Score-based certification,35,1.25
solid,NA,NA,NA,NA,0.5,TRUE,TRUE,TRUE,TRUE,TRUE,TRUE,1,1,0,0.5,0,40,60,Grade D,Grade D,Score-based certification,35,5
solid,NA,NA,NA,NA,0.5,TRUE,TRUE,TRUE,TRUE,TRUE,TRUE,1,0,0.25,0.5,0,21.25,78.75,Grade C,Grade C,Score-based certification,20,1.25
solid,NA,NA,NA,NA,0.5,TRUE,TRUE,TRUE,TRUE,TRUE,TRUE,1,0.25,0.25,0.5,0,27.5,72.5,Grade C,Grade C,Score-based certification,20,7.5
solid,NA,NA,NA,NA,0.5,TRUE,TRUE,TRUE,TRUE,TRUE,TRUE,1,0.5,0.25,0.5,0,33.75,66.25,Grade C,Grade C,Score-based certification,35,1.25
solid,NA,NA,NA,NA,0.5,TRUE,TRUE,TRUE,TRUE,TRUE,TRUE,1,0.75,0.25,0.5,0,40,60,Grade D,Grade D,Score-based certification,35,5
solid,NA,NA,NA,NA,0.5,TRUE,TRUE,TRUE,TRUE,TRUE,TRUE,1,1,0.25,0.5,0,46.25,53.75,Grade D,Grade D,Score-based certification,50,3.75
solid,NA,NA,NA,NA,0.5,TRUE,TRUE,TRUE,TRUE,TRUE,TRUE,1,0,0.5,0.5,0,27.5,72.5,Grade C,Grade C,Score-based certification,20,7.5
solid,NA,NA,NA,NA,0.5,TRUE,TRUE,TRUE,TRUE,TRUE,TRUE,1,0.25,0.5,0.5,0,33.75,66.25,Grade C,Grade C,Score-based certification,35,1.25
solid,NA,NA,NA,NA,0.5,TRUE,TRUE,TRUE,TRUE,TRUE,TRUE,1,0.5,0.5,0.5,0,40,60,Grade D,Grade D,Score-based certification,35,5
solid,NA,NA,NA,NA,0.5,TRUE,TRUE,TRUE,TRUE,TRUE,TRUE,1,0.75,0.5,0.5,0,46.25,53.75,Grade D,Grade D,Score-based certification,50,3.75
solid,NA,NA,NA,NA,0.5,TRUE,TRUE,TRUE,TRUE,TRUE,TRUE,1,1,0.5,0.5,0,52.5,47.5,Grade E,Grade E,Critical penalty burden,50,2.5
solid,NA,NA,NA,NA,0.5,TRUE,TRUE,TRUE,TRUE,TRUE,TRUE,1,0,0.75,0.5,0,33.75,66.25,Grade C,Grade C,Score-based certification,35,1.25
solid,NA,NA,NA,NA,0.5,TRUE,TRUE,TRUE,TRUE,TRUE,TRUE,1,0.25,0.75,0.5,0,40,60,Grade D,Grade D,Score-based certification,35,5
solid,NA,NA,NA,NA,0.5,TRUE,TRUE,TRUE,TRUE,TRUE,TRUE,1,0.5,0.75,0.5,0,46.25,53.75,Grade D,Grade D,Score-based certification,50,3.75
solid,NA,NA,NA,NA,0.5,TRUE,TRUE,TRUE,TRUE,TRUE,TRUE,1,0.75,0.75,0.5,0,52.5,47.5,Grade E,Grade E,Critical penalty burden,50,2.5
solid,NA,NA,NA,NA,0.5,TRUE,TRUE,TRUE,TRUE,TRUE,TRUE,1,1,0.75,0.5,0,58.75,41.25,Grade E,Grade E,Critical penalty burden,50,8.75
solid,NA,NA,NA,NA,0.5,TRUE,TRUE,TRUE,TRUE,TRUE,TRUE,1,0,1,0.5,0,40,60,Grade D,Grade D,Score-based certification,35,5
solid,NA,NA,NA,NA,0.5,TRUE,TRUE,TRUE,TRUE,TRUE,TRUE,1,0.25,1,0.5,0,46.25,53.75,Grade D,Grade D,Score-based certification,50,3.75
solid,NA,NA,NA,NA,0.5,TRUE,TRUE,TRUE,TRUE,TRUE,TRUE,1,0.5,1,0.5,0,52.5,47.5,Grade E,Grade E,Critical penalty burden,50,2.5
solid,NA,NA,NA,NA,0.5,TRUE,TRUE,TRUE,TRUE,TRUE,TRUE,1,0.75,1,0.5,0,58.75,41.25,Grade E,Grade E,Critical penalty burden,50,8.75
solid,NA,NA,NA,NA,0.5,TRUE,TRUE,TRUE,TRUE,TRUE,TRUE,1,1,1,0.5,0,65,35,Grade E,Grade E,Critical penalty burden,50,15
solid,NA,NA,NA,NA,0.5,TRUE,TRUE,TRUE,TRUE,TRUE,TRUE,1,0,0,0.75,0,18.75,81.25,Grade B,Grade B,Score-based certification,20,1.25
solid,NA,NA,NA,NA,0.5,TRUE,TRUE,TRUE,TRUE,TRUE,TRUE,1,0.25,0,0.75,0,25,75,Grade C,Grade C,Score-based certification,20,5
solid,NA,NA,NA,NA,0.5,TRUE,TRUE,TRUE,TRUE,TRUE,TRUE,1,0.5,0,0.75,0,31.25,68.75,Grade C,Grade C,Score-based certification,35,3.75
solid,NA,NA,NA,NA,0.5,TRUE,TRUE,TRUE,TRUE,TRUE,TRUE,1,0.75,0,0.75,0,37.5,62.5,Grade D,Grade D,Score-based certification,35,2.5
solid,NA,NA,NA,NA,0.5,TRUE,TRUE,TRUE,TRUE,TRUE,TRUE,1,1,0,0.75,0,43.75,56.25,Grade D,Grade D,Score-based certification,50,6.25
solid,NA,NA,NA,NA,0.5,TRUE,TRUE,TRUE,TRUE,TRUE,TRUE,1,0,0.25,0.75,0,25,75,Grade C,Grade C,Score-based certification,20,5
solid,NA,NA,NA,NA,0.5,TRUE,TRUE,TRUE,TRUE,TRUE,TRUE,1,0.25,0.25,0.75,0,31.25,68.75,Grade C,Grade C,Score-based certification,35,3.75
solid,NA,NA,NA,NA,0.5,TRUE,TRUE,TRUE,TRUE,TRUE,TRUE,1,0.5,0.25,0.75,0,37.5,62.5,Grade D,Grade D,Score-based certification,35,2.5
solid,NA,NA,NA,NA,0.5,TRUE,TRUE,TRUE,TRUE,TRUE,TRUE,1,0.75,0.25,0.75,0,43.75,56.25,Grade D,Grade D,Score-based certification,50,6.25
solid,NA,NA,NA,NA,0.5,TRUE,TRUE,TRUE,TRUE,TRUE,TRUE,1,1,0.25,0.75,0,50,50,Grade D,Grade D,Score-based certification,50,0
solid,NA,NA,NA,NA,0.5,TRUE,TRUE,TRUE,TRUE,TRUE,TRUE,1,0,0.5,0.75,0,31.25,68.75,Grade C,Grade C,Score-based certification,35,3.75
solid,NA,NA,NA,NA,0.5,TRUE,TRUE,TRUE,TRUE,TRUE,TRUE,1,0.25,0.5,0.75,0,37.5,62.5,Grade D,Grade D,Score-based certification,35,2.5
solid,NA,NA,NA,NA,0.5,TRUE,TRUE,TRUE,TRUE,TRUE,TRUE,1,0.5,0.5,0.75,0,43.75,56.25,Grade D,Grade D,Score-based certification,50,6.25
solid,NA,NA,NA,NA,0.5,TRUE,TRUE,TRUE,TRUE,TRUE,TRUE,1,0.75,0.5,0.75,0,50,50,Grade D,Grade D,Score-based certification,50,0
solid,NA,NA,NA,NA,0.5,TRUE,TRUE,TRUE,TRUE,TRUE,TRUE,1,1,0.5,0.75,0,56.25,43.75,Grade E,Grade E,Critical penalty burden,50,6.25
solid,NA,NA,NA,NA,0.5,TRUE,TRUE,TRUE,TRUE,TRUE,TRUE,1,0,0.75,0.75,0,37.5,62.5,Grade D,Grade D,Score-based certification,35,2.5
solid,NA,NA,NA,NA,0.5,TRUE,TRUE,TRUE,TRUE,TRUE,TRUE,1,0.25,0.75,0.75,0,43.75,56.25,Grade D,Grade D,Score-based certification,50,6.25
solid,NA,NA,NA,NA,0.5,TRUE,TRUE,TRUE,TRUE,TRUE,TRUE,1,0.5,0.75,0.75,0,50,50,Grade D,Grade D,Score-based certification,50,0
solid,NA,NA,NA,NA,0.5,TRUE,TRUE,TRUE,TRUE,TRUE,TRUE,1,0.75,0.75,0.75,0,56.25,43.75,Grade E,Grade E,Critical penalty burden,50,6.25
solid,NA,NA,NA,NA,0.5,TRUE,TRUE,TRUE,TRUE,TRUE,TRUE,1,1,0.75,0.75,0,62.5,37.5,Grade E,Grade E,Critical penalty burden,50,12.5
solid,NA,NA,NA,NA,0.5,TRUE,TRUE,TRUE,TRUE,TRUE,TRUE,1,0,1,0.75,0,43.75,56.25,Grade D,Grade D,Score-based certification,50,6.25
solid,NA,NA,NA,NA,0.5,TRUE,TRUE,TRUE,TRUE,TRUE,TRUE,1,0.25,1,0.75,0,50,50,Grade D,Grade D,Score-based certification,50,0
solid,NA,NA,NA,NA,0.5,TRUE,TRUE,TRUE,TRUE,TRUE,TRUE,1,0.5,1,0.75,0,56.25,43.75,Grade E,Grade E,Critical penalty burden,50,6.25
solid,NA,NA,NA,NA,0.5,TRUE,TRUE,TRUE,TRUE,TRUE,TRUE,1,0.75,1,0.75,0,62.5,37.5,Grade E,Grade E,Critical penalty burden,50,12.5
solid,NA,NA,NA,NA,0.5,TRUE,TRUE,TRUE,TRUE,TRUE,TRUE,1,1,1,0.75,0,68.75,31.25,Grade E,Grade E,Critical penalty burden,50,18.75
solid,NA,NA,NA,NA,0.5,TRUE,TRUE,TRUE,TRUE,TRUE,TRUE,1,0,0,1,0,22.5,77.5,Grade C,Grade C,Score-based certification,20,2.5
solid,NA,NA,NA,NA,0.5,TRUE,TRUE,TRUE,TRUE,TRUE,TRUE,1,0.25,0,1,0,28.75,71.25,Grade C,Grade C,Score-based certification,35,6.25
solid,NA,NA,NA,NA,0.5,TRUE,TRUE,TRUE,TRUE,TRUE,TRUE,1,0.5,0,1,0,35,65,Grade C,Grade C,Score-based certification,35,0
solid,NA,NA,NA,NA,0.5,TRUE,TRUE,TRUE,TRUE,TRUE,TRUE,1,0.75,0,1,0,41.25,58.75,Grade D,Grade D,Score-based certification,35,6.25
solid,NA,NA,NA,NA,0.5,TRUE,TRUE,TRUE,TRUE,TRUE,TRUE,1,1,0,1,0,47.5,52.5,Grade D,Grade D,Score-based certification,50,2.5
solid,NA,NA,NA,NA,0.5,TRUE,TRUE,TRUE,TRUE,TRUE,TRUE,1,0,0.25,1,0,28.75,71.25,Grade C,Grade C,Score-based certification,35,6.25
solid,NA,NA,NA,NA,0.5,TRUE,TRUE,TRUE,TRUE,TRUE,TRUE,1,0.25,0.25,1,0,35,65,Grade C,Grade C,Score-based certification,35,0
solid,NA,NA,NA,NA,0.5,TRUE,TRUE,TRUE,TRUE,TRUE,TRUE,1,0.5,0.25,1,0,41.25,58.75,Grade D,Grade D,Score-based certification,35,6.25
solid,NA,NA,NA,NA,0.5,TRUE,TRUE,TRUE,TRUE,TRUE,TRUE,1,0.75,0.25,1,0,47.5,52.5,Grade D,Grade D,Score-based certification,50,2.5
solid,NA,NA,NA,NA,0.5,TRUE,TRUE,TRUE,TRUE,TRUE,TRUE,1,1,0.25,1,0,53.75,46.25,Grade E,Grade E,Critical penalty burden,50,3.75
solid,NA,NA,NA,NA,0.5,TRUE,TRUE,TRUE,TRUE,TRUE,TRUE,1,0,0.5,1,0,35,65,Grade C,Grade C,Score-based certification,35,0
solid,NA,NA,NA,NA,0.5,TRUE,TRUE,TRUE,TRUE,TRUE,TRUE,1,0.25,0.5,1,0,41.25,58.75,Grade D,Grade D,Score-based certification,35,6.25
solid,NA,NA,NA,NA,0.5,TRUE,TRUE,TRUE,TRUE,TRUE,TRUE,1,0.5,0.5,1,0,47.5,52.5,Grade D,Grade D,Score-based certification,50,2.5
solid,NA,NA,NA,NA,0.5,TRUE,TRUE,TRUE,TRUE,TRUE,TRUE,1,0.75,0.5,1,0,53.75,46.25,Grade E,Grade E,Critical penalty burden,50,3.75
solid,NA,NA,NA,NA,0.5,TRUE,TRUE,TRUE,TRUE,TRUE,TRUE,1,1,0.5,1,0,60,40,Grade E,Grade E,Critical penalty burden,50,10
solid,NA,NA,NA,NA,0.5,TRUE,TRUE,TRUE,TRUE,TRUE,TRUE,1,0,0.75,1,0,41.25,58.75,Grade D,Grade D,Score-based certification,35,6.25
solid,NA,NA,NA,NA,0.5,TRUE,TRUE,TRUE,TRUE,TRUE,TRUE,1,0.25,0.75,1,0,47.5,52.5,Grade D,Grade D,Score-based certification,50,2.5
solid,NA,NA,NA,NA,0.5,TRUE,TRUE,TRUE,TRUE,TRUE,TRUE,1,0.5,0.75,1,0,53.75,46.25,Grade E,Grade E,Critical penalty burden,50,3.75
solid,NA,NA,NA,NA,0.5,TRUE,TRUE,TRUE,TRUE,TRUE,TRUE,1,0.75,0.75,1,0,60,40,Grade E,Grade E,Critical penalty burden,50,10
solid,NA,NA,NA,NA,0.5,TRUE,TRUE,TRUE,TRUE,TRUE,TRUE,1,1,0.75,1,0,66.25,33.75,Grade E,Grade E,Critical penalty burden,50,16.25
solid,NA,NA,NA,NA,0.5,TRUE,TRUE,TRUE,TRUE,TRUE,TRUE,1,0,1,1,0,47.5,52.5,Grade D,Grade D,Score-based certification,50,2.5
solid,NA,NA,NA,NA,0.5,TRUE,TRUE,TRUE,TRUE,TRUE,TRUE,1,0.25,1,1,0,53.75,46.25,Grade E,Grade E,Critical penalty burden,50,3.75
solid,NA,NA,NA,NA,0.5,TRUE,TRUE,TRUE,TRUE,TRUE,TRUE,1,0.5,1,1,0,60,40,Grade E,Grade E,Critical penalty burden,50,10
solid,NA,NA,NA,NA,0.5,TRUE,TRUE,TRUE,TRUE,TRUE,TRUE,1,0.75,1,1,0,66.25,33.75,Grade E,Grade E,Critical penalty burden,50,16.25
solid,NA,NA,NA,NA,0.5,TRUE,TRUE,TRUE,TRUE,TRUE,TRUE,1,1,1,1,0,72.5,27.5,Grade E,Grade E,Critical penalty burden,50,22.5
solid,NA,NA,NA,NA,0.5,TRUE,TRUE,TRUE,TRUE,TRUE,TRUE,1,0,0,0,0.25,12.5,87.5,Grade B,Grade B,Score-based certification,10,2.5
solid,NA,NA,NA,NA,0.5,TRUE,TRUE,TRUE,TRUE,TRUE,TRUE,1,0.25,0,0,0.25,18.75,81.25,Grade B,Grade B,Score-based certification,20,1.25
solid,NA,NA,NA,NA,0.5,TRUE,TRUE,TRUE,TRUE,TRUE,TRUE,1,0.5,0,0,0.25,25,75,Grade C,Grade C,Score-based certification,20,5
solid,NA,NA,NA,NA,0.5,TRUE,TRUE,TRUE,TRUE,TRUE,TRUE,1,0.75,0,0,0.25,31.25,68.75,Grade C,Grade C,Score-based certification,35,3.75
solid,NA,NA,NA,NA,0.5,TRUE,TRUE,TRUE,TRUE,TRUE,TRUE,1,1,0,0,0.25,37.5,62.5,Grade D,Grade D,Score-based certification,35,2.5
solid,NA,NA,NA,NA,0.5,TRUE,TRUE,TRUE,TRUE,TRUE,TRUE,1,0,0.25,0,0.25,18.75,81.25,Grade B,Grade B,Score-based certification,20,1.25
solid,NA,NA,NA,NA,0.5,TRUE,TRUE,TRUE,TRUE,TRUE,TRUE,1,0.25,0.25,0,0.25,25,75,Grade C,Grade C,Score-based certification,20,5
solid,NA,NA,NA,NA,0.5,TRUE,TRUE,TRUE,TRUE,TRUE,TRUE,1,0.5,0.25,0,0.25,31.25,68.75,Grade C,Grade C,Score-based certification,35,3.75
solid,NA,NA,NA,NA,0.5,TRUE,TRUE,TRUE,TRUE,TRUE,TRUE,1,0.75,0.25,0,0.25,37.5,62.5,Grade D,Grade D,Score-based certification,35,2.5
solid,NA,NA,NA,NA,0.5,TRUE,TRUE,TRUE,TRUE,TRUE,TRUE,1,1,0.25,0,0.25,43.75,56.25,Grade D,Grade D,Score-based certification,50,6.25
solid,NA,NA,NA,NA,0.5,TRUE,TRUE,TRUE,TRUE,TRUE,TRUE,1,0,0.5,0,0.25,25,75,Grade C,Grade C,Score-based certification,20,5
solid,NA,NA,NA,NA,0.5,TRUE,TRUE,TRUE,TRUE,TRUE,TRUE,1,0.25,0.5,0,0.25,31.25,68.75,Grade C,Grade C,Score-based certification,35,3.75
solid,NA,NA,NA,NA,0.5,TRUE,TRUE,TRUE,TRUE,TRUE,TRUE,1,0.5,0.5,0,0.25,37.5,62.5,Grade D,Grade D,Score-based certification,35,2.5
solid,NA,NA,NA,NA,0.5,TRUE,TRUE,TRUE,TRUE,TRUE,TRUE,1,0.75,0.5,0,0.25,43.75,56.25,Grade D,Grade D,Score-based certification,50,6.25
solid,NA,NA,NA,NA,0.5,TRUE,TRUE,TRUE,TRUE,TRUE,TRUE,1,1,0.5,0,0.25,50,50,Grade D,Grade D,Score-based certification,50,0
solid,NA,NA,NA,NA,0.5,TRUE,TRUE,TRUE,TRUE,TRUE,TRUE,1,0,0.75,0,0.25,31.25,68.75,Grade C,Grade C,Score-based certification,35,3.75
solid,NA,NA,NA,NA,0.5,TRUE,TRUE,TRUE,TRUE,TRUE,TRUE,1,0.25,0.75,0,0.25,37.5,62.5,Grade D,Grade D,Score-based certification,35,2.5
solid,NA,NA,NA,NA,0.5,TRUE,TRUE,TRUE,TRUE,TRUE,TRUE,1,0.5,0.75,0,0.25,43.75,56.25,Grade D,Grade D,Score-based certification,50,6.25
solid,NA,NA,NA,NA,0.5,TRUE,TRUE,TRUE,TRUE,TRUE,TRUE,1,0.75,0.75,0,0.25,50,50,Grade D,Grade D,Score-based certification,50,0
solid,NA,NA,NA,NA,0.5,TRUE,TRUE,TRUE,TRUE,TRUE,TRUE,1,1,0.75,0,0.25,56.25,43.75,Grade E,Grade E,Critical penalty burden,50,6.25
solid,NA,NA,NA,NA,0.5,TRUE,TRUE,TRUE,TRUE,TRUE,TRUE,1,0,1,0,0.25,37.5,62.5,Grade D,Grade D,Score-based certification,35,2.5
solid,NA,NA,NA,NA,0.5,TRUE,TRUE,TRUE,TRUE,TRUE,TRUE,1,0.25,1,0,0.25,43.75,56.25,Grade D,Grade D,Score-based certification,50,6.25
solid,NA,NA,NA,NA,0.5,TRUE,TRUE,TRUE,TRUE,TRUE,TRUE,1,0.5,1,0,0.25,50,50,Grade D,Grade D,Score-based certification,50,0
solid,NA,NA,NA,NA,0.5,TRUE,TRUE,TRUE,TRUE,TRUE,TRUE,1,0.75,1,0,0.25,56.25,43.75,Grade E,Grade E,Critical penalty burden,50,6.25
solid,NA,NA,NA,NA,0.5,TRUE,TRUE,TRUE,TRUE,TRUE,TRUE,1,1,1,0,0.25,62.5,37.5,Grade E,Grade E,Critical penalty burden,50,12.5
solid,NA,NA,NA,NA,0.5,TRUE,TRUE,TRUE,TRUE,TRUE,TRUE,1,0,0,0.25,0.25,16.25,83.75,Grade B,Grade B,Score-based certification,20,3.75
solid,NA,NA,NA,NA,0.5,TRUE,TRUE,TRUE,TRUE,TRUE,TRUE,1,0.25,0,0.25,0.25,22.5,77.5,Grade C,Grade C,Score-based certification,20,2.5
solid,NA,NA,NA,NA,0.5,TRUE,TRUE,TRUE,TRUE,TRUE,TRUE,1,0.5,0,0.25,0.25,28.75,71.25,Grade C,Grade C,Score-based certification,35,6.25
solid,NA,NA,NA,NA,0.5,TRUE,TRUE,TRUE,TRUE,TRUE,TRUE,1,0.75,0,0.25,0.25,35,65,Grade C,Grade C,Score-based certification,35,0
solid,NA,NA,NA,NA,0.5,TRUE,TRUE,TRUE,TRUE,TRUE,TRUE,1,1,0,0.25,0.25,41.25,58.75,Grade D,Grade D,Score-based certification,35,6.25
solid,NA,NA,NA,NA,0.5,TRUE,TRUE,TRUE,TRUE,TRUE,TRUE,1,0,0.25,0.25,0.25,22.5,77.5,Grade C,Grade C,Score-based certification,20,2.5
solid,NA,NA,NA,NA,0.5,TRUE,TRUE,TRUE,TRUE,TRUE,TRUE,1,0.25,0.25,0.25,0.25,28.75,71.25,Grade C,Grade C,Score-based certification,35,6.25
solid,NA,NA,NA,NA,0.5,TRUE,TRUE,TRUE,TRUE,TRUE,TRUE,1,0.5,0.25,0.25,0.25,35,65,Grade C,Grade C,Score-based certification,35,0
solid,NA,NA,NA,NA,0.5,TRUE,TRUE,TRUE,TRUE,TRUE,TRUE,1,0.75,0.25,0.25,0.25,41.25,58.75,Grade D,Grade D,Score-based certification,35,6.25
solid,NA,NA,NA,NA,0.5,TRUE,TRUE,TRUE,TRUE,TRUE,TRUE,1,1,0.25,0.25,0.25,47.5,52.5,Grade D,Grade D,Score-based certification,50,2.5
solid,NA,NA,NA,NA,0.5,TRUE,TRUE,TRUE,TRUE,TRUE,TRUE,1,0,0.5,0.25,0.25,28.75,71.25,Grade C,Grade C,Score-based certification,35,6.25
solid,NA,NA,NA,NA,0.5,TRUE,TRUE,TRUE,TRUE,TRUE,TRUE,1,0.25,0.5,0.25,0.25,35,65,Grade C,Grade C,Score-based certification,35,0
solid,NA,NA,NA,NA,0.5,TRUE,TRUE,TRUE,TRUE,TRUE,TRUE,1,0.5,0.5,0.25,0.25,41.25,58.75,Grade D,Grade D,Score-based certification,35,6.25
solid,NA,NA,NA,NA,0.5,TRUE,TRUE,TRUE,TRUE,TRUE,TRUE,1,0.75,0.5,0.25,0.25,47.5,52.5,Grade D,Grade D,Score-based certification,50,2.5
solid,NA,NA,NA,NA,0.5,TRUE,TRUE,TRUE,TRUE,TRUE,TRUE,1,1,0.5,0.25,0.25,53.75,46.25,Grade E,Grade E,Critical penalty burden,50,3.75
solid,NA,NA,NA,NA,0.5,TRUE,TRUE,TRUE,TRUE,TRUE,TRUE,1,0,0.75,0.25,0.25,35,65,Grade C,Grade C,Score-based certification,35,0
solid,NA,NA,NA,NA,0.5,TRUE,TRUE,TRUE,TRUE,TRUE,TRUE,1,0.25,0.75,0.25,0.25,41.25,58.75,Grade D,Grade D,Score-based certification,35,6.25
solid,NA,NA,NA,NA,0.5,TRUE,TRUE,TRUE,TRUE,TRUE,TRUE,1,0.5,0.75,0.25,0.25,47.5,52.5,Grade D,Grade D,Score-based certification,50,2.5
solid,NA,NA,NA,NA,0.5,TRUE,TRUE,TRUE,TRUE,TRUE,TRUE,1,0.75,0.75,0.25,0.25,53.75,46.25,Grade E,Grade E,Critical penalty burden,50,3.75
solid,NA,NA,NA,NA,0.5,TRUE,TRUE,TRUE,TRUE,TRUE,TRUE,1,1,0.75,0.25,0.25,60,40,Grade E,Grade E,Critical penalty burden,50,10
solid,NA,NA,NA,NA,0.5,TRUE,TRUE,TRUE,TRUE,TRUE,TRUE,1,0,1,0.25,0.25,41.25,58.75,Grade D,Grade D,Score-based certification,35,6.25
solid,NA,NA,NA,NA,0.5,TRUE,TRUE,TRUE,TRUE,TRUE,TRUE,1,0.25,1,0.25,0.25,47.5,52.5,Grade D,Grade D,Score-based certification,50,2.5
solid,NA,NA,NA,NA,0.5,TRUE,TRUE,TRUE,TRUE,TRUE,TRUE,1,0.5,1,0.25,0.25,53.75,46.25,Grade E,Grade E,Critical penalty burden,50,3.75
solid,NA,NA,NA,NA,0.5,TRUE,TRUE,TRUE,TRUE,TRUE,TRUE,1,0.75,1,0.25,0.25,60,40,Grade E,Grade E,Critical penalty burden,50,10
solid,NA,NA,NA,NA,0.5,TRUE,TRUE,TRUE,TRUE,TRUE,TRUE,1,1,1,0.25,0.25,66.25,33.75,Grade E,Grade E,Critical penalty burden,50,16.25
solid,NA,NA,NA,NA,0.5,TRUE,TRUE,TRUE,TRUE,TRUE,TRUE,1,0,0,0.5,0.25,20,80,Grade B,Grade B,Score-based certification,20,0
solid,NA,NA,NA,NA,0.5,TRUE,TRUE,TRUE,TRUE,TRUE,TRUE,1,0.25,0,0.5,0.25,26.25,73.75,Grade C,Grade C,Score-based certification,20,6.25
solid,NA,NA,NA,NA,0.5,TRUE,TRUE,TRUE,TRUE,TRUE,TRUE,1,0.5,0,0.5,0.25,32.5,67.5,Grade C,Grade C,Score-based certification,35,2.5
solid,NA,NA,NA,NA,0.5,TRUE,TRUE,TRUE,TRUE,TRUE,TRUE,1,0.75,0,0.5,0.25,38.75,61.25,Grade D,Grade D,Score-based certification,35,3.75
solid,NA,NA,NA,NA,0.5,TRUE,TRUE,TRUE,TRUE,TRUE,TRUE,1,1,0,0.5,0.25,45,55,Grade D,Grade D,Score-based certification,50,5
solid,NA,NA,NA,NA,0.5,TRUE,TRUE,TRUE,TRUE,TRUE,TRUE,1,0,0.25,0.5,0.25,26.25,73.75,Grade C,Grade C,Score-based certification,20,6.25
solid,NA,NA,NA,NA,0.5,TRUE,TRUE,TRUE,TRUE,TRUE,TRUE,1,0.25,0.25,0.5,0.25,32.5,67.5,Grade C,Grade C,Score-based certification,35,2.5
solid,NA,NA,NA,NA,0.5,TRUE,TRUE,TRUE,TRUE,TRUE,TRUE,1,0.5,0.25,0.5,0.25,38.75,61.25,Grade D,Grade D,Score-based certification,35,3.75
solid,NA,NA,NA,NA,0.5,TRUE,TRUE,TRUE,TRUE,TRUE,TRUE,1,0.75,0.25,0.5,0.25,45,55,Grade D,Grade D,Score-based certification,50,5
solid,NA,NA,NA,NA,0.5,TRUE,TRUE,TRUE,TRUE,TRUE,TRUE,1,1,0.25,0.5,0.25,51.25,48.75,Grade E,Grade E,Critical penalty burden,50,1.25
solid,NA,NA,NA,NA,0.5,TRUE,TRUE,TRUE,TRUE,TRUE,TRUE,1,0,0.5,0.5,0.25,32.5,67.5,Grade C,Grade C,Score-based certification,35,2.5
solid,NA,NA,NA,NA,0.5,TRUE,TRUE,TRUE,TRUE,TRUE,TRUE,1,0.25,0.5,0.5,0.25,38.75,61.25,Grade D,Grade D,Score-based certification,35,3.75
solid,NA,NA,NA,NA,0.5,TRUE,TRUE,TRUE,TRUE,TRUE,TRUE,1,0.5,0.5,0.5,0.25,45,55,Grade D,Grade D,Score-based certification,50,5
solid,NA,NA,NA,NA,0.5,TRUE,TRUE,TRUE,TRUE,TRUE,TRUE,1,0.75,0.5,0.5,0.25,51.25,48.75,Grade E,Grade E,Critical penalty burden,50,1.25
solid,NA,NA,NA,NA,0.5,TRUE,TRUE,TRUE,TRUE,TRUE,TRUE,1,1,0.5,0.5,0.25,57.5,42.5,Grade E,Grade E,Critical penalty burden,50,7.5
solid,NA,NA,NA,NA,0.5,TRUE,TRUE,TRUE,TRUE,TRUE,TRUE,1,0,0.75,0.5,0.25,38.75,61.25,Grade D,Grade D,Score-based certification,35,3.75
solid,NA,NA,NA,NA,0.5,TRUE,TRUE,TRUE,TRUE,TRUE,TRUE,1,0.25,0.75,0.5,0.25,45,55,Grade D,Grade D,Score-based certification,50,5
solid,NA,NA,NA,NA,0.5,TRUE,TRUE,TRUE,TRUE,TRUE,TRUE,1,0.5,0.75,0.5,0.25,51.25,48.75,Grade E,Grade E,Critical penalty burden,50,1.25
solid,NA,NA,NA,NA,0.5,TRUE,TRUE,TRUE,TRUE,TRUE,TRUE,1,0.75,0.75,0.5,0.25,57.5,42.5,Grade E,Grade E,Critical penalty burden,50,7.5
solid,NA,NA,NA,NA,0.5,TRUE,TRUE,TRUE,TRUE,TRUE,TRUE,1,1,0.75,0.5,0.25,63.75,36.25,Grade E,Grade E,Critical penalty burden,50,13.75
solid,NA,NA,NA,NA,0.5,TRUE,TRUE,TRUE,TRUE,TRUE,TRUE,1,0,1,0.5,0.25,45,55,Grade D,Grade D,Score-based certification,50,5
solid,NA,NA,NA,NA,0.5,TRUE,TRUE,TRUE,TRUE,TRUE,TRUE,1,0.25,1,0.5,0.25,51.25,48.75,Grade E,Grade E,Critical penalty burden,50,1.25
solid,NA,NA,NA,NA,0.5,TRUE,TRUE,TRUE,TRUE,TRUE,TRUE,1,0.5,1,0.5,0.25,57.5,42.5,Grade E,Grade E,Critical penalty burden,50,7.5
solid,NA,NA,NA,NA,0.5,TRUE,TRUE,TRUE,TRUE,TRUE,TRUE,1,0.75,1,0.5,0.25,63.75,36.25,Grade E,Grade E,Critical penalty burden,50,13.75
solid,NA,NA,NA,NA,0.5,TRUE,TRUE,TRUE,TRUE,TRUE,TRUE,1,1,1,0.5,0.25,70,30,Grade E,Grade E,Critical penalty burden,50,20
solid,NA,NA,NA,NA,0.5,TRUE,TRUE,TRUE,TRUE,TRUE,TRUE,1,0,0,0.75,0.25,23.75,76.25,Grade C,Grade C,Score-based certification,20,3.75
solid,NA,NA,NA,NA,0.5,TRUE,TRUE,TRUE,TRUE,TRUE,TRUE,1,0.25,0,0.75,0.25,30,70,Grade C,Grade C,Score-based certification,35,5
solid,NA,NA,NA,NA,0.5,TRUE,TRUE,TRUE,TRUE,TRUE,TRUE,1,0.5,0,0.75,0.25,36.25,63.75,Grade D,Grade D,Score-based certification,35,1.25
solid,NA,NA,NA,NA,0.5,TRUE,TRUE,TRUE,TRUE,TRUE,TRUE,1,0.75,0,0.75,0.25,42.5,57.5,Grade D,Grade D,Score-based certification,35,7.5
solid,NA,NA,NA,NA,0.5,TRUE,TRUE,TRUE,TRUE,TRUE,TRUE,1,1,0,0.75,0.25,48.75,51.25,Grade D,Grade D,Score-based certification,50,1.25
solid,NA,NA,NA,NA,0.5,TRUE,TRUE,TRUE,TRUE,TRUE,TRUE,1,0,0.25,0.75,0.25,30,70,Grade C,Grade C,Score-based certification,35,5
solid,NA,NA,NA,NA,0.5,TRUE,TRUE,TRUE,TRUE,TRUE,TRUE,1,0.25,0.25,0.75,0.25,36.25,63.75,Grade D,Grade D,Score-based certification,35,1.25
solid,NA,NA,NA,NA,0.5,TRUE,TRUE,TRUE,TRUE,TRUE,TRUE,1,0.5,0.25,0.75,0.25,42.5,57.5,Grade D,Grade D,Score-based certification,35,7.5
solid,NA,NA,NA,NA,0.5,TRUE,TRUE,TRUE,TRUE,TRUE,TRUE,1,0.75,0.25,0.75,0.25,48.75,51.25,Grade D,Grade D,Score-based certification,50,1.25
solid,NA,NA,NA,NA,0.5,TRUE,TRUE,TRUE,TRUE,TRUE,TRUE,1,1,0.25,0.75,0.25,55,45,Grade E,Grade E,Critical penalty burden,50,5
solid,NA,NA,NA,NA,0.5,TRUE,TRUE,TRUE,TRUE,TRUE,TRUE,1,0,0.5,0.75,0.25,36.25,63.75,Grade D,Grade D,Score-based certification,35,1.25
solid,NA,NA,NA,NA,0.5,TRUE,TRUE,TRUE,TRUE,TRUE,TRUE,1,0.25,0.5,0.75,0.25,42.5,57.5,Grade D,Grade D,Score-based certification,35,7.5
solid,NA,NA,NA,NA,0.5,TRUE,TRUE,TRUE,TRUE,TRUE,TRUE,1,0.5,0.5,0.75,0.25,48.75,51.25,Grade D,Grade D,Score-based certification,50,1.25
solid,NA,NA,NA,NA,0.5,TRUE,TRUE,TRUE,TRUE,TRUE,TRUE,1,0.75,0.5,0.75,0.25,55,45,Grade E,Grade E,Critical penalty burden,50,5
solid,NA,NA,NA,NA,0.5,TRUE,TRUE,TRUE,TRUE,TRUE,TRUE,1,1,0.5,0.75,0.25,61.25,38.75,Grade E,Grade E,Critical penalty burden,50,11.25
solid,NA,NA,NA,NA,0.5,TRUE,TRUE,TRUE,TRUE,TRUE,TRUE,1,0,0.75,0.75,0.25,42.5,57.5,Grade D,Grade D,Score-based certification,35,7.5
solid,NA,NA,NA,NA,0.5,TRUE,TRUE,TRUE,TRUE,TRUE,TRUE,1,0.25,0.75,0.75,0.25,48.75,51.25,Grade D,Grade D,Score-based certification,50,1.25
solid,NA,NA,NA,NA,0.5,TRUE,TRUE,TRUE,TRUE,TRUE,TRUE,1,0.5,0.75,0.75,0.25,55,45,Grade E,Grade E,Critical penalty burden,50,5
solid,NA,NA,NA,NA,0.5,TRUE,TRUE,TRUE,TRUE,TRUE,TRUE,1,0.75,0.75,0.75,0.25,61.25,38.75,Grade E,Grade E,Critical penalty burden,50,11.25
solid,NA,NA,NA,NA,0.5,TRUE,TRUE,TRUE,TRUE,TRUE,TRUE,1,1,0.75,0.75,0.25,67.5,32.5,Grade E,Grade E,Critical penalty burden,50,17.5
solid,NA,NA,NA,NA,0.5,TRUE,TRUE,TRUE,TRUE,TRUE,TRUE,1,0,1,0.75,0.25,48.75,51.25,Grade D,Grade D,Score-based certification,50,1.25
solid,NA,NA,NA,NA,0.5,TRUE,TRUE,TRUE,TRUE,TRUE,TRUE,1,0.25,1,0.75,0.25,55,45,Grade E,Grade E,Critical penalty burden,50,5
solid,NA,NA,NA,NA,0.5,TRUE,TRUE,TRUE,TRUE,TRUE,TRUE,1,0.5,1,0.75,0.25,61.25,38.75,Grade E,Grade E,Critical penalty burden,50,11.25
solid,NA,NA,NA,NA,0.5,TRUE,TRUE,TRUE,TRUE,TRUE,TRUE,1,0.75,1,0.75,0.25,67.5,32.5,Grade E,Grade E,Critical penalty burden,50,17.5
solid,NA,NA,NA,NA,0.5,TRUE,TRUE,TRUE,TRUE,TRUE,TRUE,1,1,1,0.75,0.25,73.75,26.25,Grade E,Grade E,Critical penalty burden,50,23.75
solid,NA,NA,NA,NA,0.5,TRUE,TRUE,TRUE,TRUE,TRUE,TRUE,1,0,0,1,0.25,27.5,72.5,Grade C,Grade C,Score-based certification,20,7.5
solid,NA,NA,NA,NA,0.5,TRUE,TRUE,TRUE,TRUE,TRUE,TRUE,1,0.25,0,1,0.25,33.75,66.25,Grade C,Grade C,Score-based certification,35,1.25
solid,NA,NA,NA,NA,0.5,TRUE,TRUE,TRUE,TRUE,TRUE,TRUE,1,0.5,0,1,0.25,40,60,Grade D,Grade D,Score-based certification,35,5
solid,NA,NA,NA,NA,0.5,TRUE,TRUE,TRUE,TRUE,TRUE,TRUE,1,0.75,0,1,0.25,46.25,53.75,Grade D,Grade D,Score-based certification,50,3.75
solid,NA,NA,NA,NA,0.5,TRUE,TRUE,TRUE,TRUE,TRUE,TRUE,1,1,0,1,0.25,52.5,47.5,Grade E,Grade E,Critical penalty burden,50,2.5
solid,NA,NA,NA,NA,0.5,TRUE,TRUE,TRUE,TRUE,TRUE,TRUE,1,0,0.25,1,0.25,33.75,66.25,Grade C,Grade C,Score-based certification,35,1.25
solid,NA,NA,NA,NA,0.5,TRUE,TRUE,TRUE,TRUE,TRUE,TRUE,1,0.25,0.25,1,0.25,40,60,Grade D,Grade D,Score-based certification,35,5
solid,NA,NA,NA,NA,0.5,TRUE,TRUE,TRUE,TRUE,TRUE,TRUE,1,0.5,0.25,1,0.25,46.25,53.75,Grade D,Grade D,Score-based certification,50,3.75
solid,NA,NA,NA,NA,0.5,TRUE,TRUE,TRUE,TRUE,TRUE,TRUE,1,0.75,0.25,1,0.25,52.5,47.5,Grade E,Grade E,Critical penalty burden,50,2.5
solid,NA,NA,NA,NA,0.5,TRUE,TRUE,TRUE,TRUE,TRUE,TRUE,1,1,0.25,1,0.25,58.75,41.25,Grade E,Grade E,Critical penalty burden,50,8.75
solid,NA,NA,NA,NA,0.5,TRUE,TRUE,TRUE,TRUE,TRUE,TRUE,1,0,0.5,1,0.25,40,60,Grade D,Grade D,Score-based certification,35,5
solid,NA,NA,NA,NA,0.5,TRUE,TRUE,TRUE,TRUE,TRUE,TRUE,1,0.25,0.5,1,0.25,46.25,53.75,Grade D,Grade D,Score-based certification,50,3.75
solid,NA,NA,NA,NA,0.5,TRUE,TRUE,TRUE,TRUE,TRUE,TRUE,1,0.5,0.5,1,0.25,52.5,47.5,Grade E,Grade E,Critical penalty burden,50,2.5
solid,NA,NA,NA,NA,0.5,TRUE,TRUE,TRUE,TRUE,TRUE,TRUE,1,0.75,0.5,1,0.25,58.75,41.25,Grade E,Grade E,Critical penalty burden,50,8.75
solid,NA,NA,NA,NA,0.5,TRUE,TRUE,TRUE,TRUE,TRUE,TRUE,1,1,0.5,1,0.25,65,35,Grade E,Grade E,Critical penalty burden,50,15
solid,NA,NA,NA,NA,0.5,TRUE,TRUE,TRUE,TRUE,TRUE,TRUE,1,0,0.75,1,0.25,46.25,53.75,Grade D,Grade D,Score-based certification,50,3.75
solid,NA,NA,NA,NA,0.5,TRUE,TRUE,TRUE,TRUE,TRUE,TRUE,1,0.25,0.75,1,0.25,52.5,47.5,Grade E,Grade E,Critical penalty burden,50,2.5
solid,NA,NA,NA,NA,0.5,TRUE,TRUE,TRUE,TRUE,TRUE,TRUE,1,0.5,0.75,1,0.25,58.75,41.25,Grade E,Grade E,Critical penalty burden,50,8.75
solid,NA,NA,NA,NA,0.5,TRUE,TRUE,TRUE,TRUE,TRUE,TRUE,1,0.75,0.75,1,0.25,65,35,Grade E,Grade E,Critical penalty burden,50,15
solid,NA,NA,NA,NA,0.5,TRUE,TRUE,TRUE,TRUE,TRUE,TRUE,1,1,0.75,1,0.25,71.25,28.75,Grade E,Grade E,Critical penalty burden,50,21.25
solid,NA,NA,NA,NA,0.5,TRUE,TRUE,TRUE,TRUE,TRUE,TRUE,1,0,1,1,0.25,52.5,47.5,Grade E,Grade E,Critical penalty burden,50,2.5
solid,NA,NA,NA,NA,0.5,TRUE,TRUE,TRUE,TRUE,TRUE,TRUE,1,0.25,1,1,0.25,58.75,41.25,Grade E,Grade E,Critical penalty burden,50,8.75
solid,NA,NA,NA,NA,0.5,TRUE,TRUE,TRUE,TRUE,TRUE,TRUE,1,0.5,1,1,0.25,65,35,Grade E,Grade E,Critical penalty burden,50,15
solid,NA,NA,NA,NA,0.5,TRUE,TRUE,TRUE,TRUE,TRUE,TRUE,1,0.75,1,1,0.25,71.25,28.75,Grade E,Grade E,Critical penalty burden,50,21.25
solid,NA,NA,NA,NA,0.5,TRUE,TRUE,TRUE,TRUE,TRUE,TRUE,1,1,1,1,0.25,77.5,22.5,Grade E,Grade E,Critical penalty burden,50,27.5
solid,NA,NA,NA,NA,0.5,TRUE,TRUE,TRUE,TRUE,TRUE,TRUE,1,0,0,0,0.5,17.5,82.5,Grade B,Grade B,Score-based certification,20,2.5
solid,NA,NA,NA,NA,0.5,TRUE,TRUE,TRUE,TRUE,TRUE,TRUE,1,0.25,0,0,0.5,23.75,76.25,Grade C,Grade C,Score-based certification,20,3.75
solid,NA,NA,NA,NA,0.5,TRUE,TRUE,TRUE,TRUE,TRUE,TRUE,1,0.5,0,0,0.5,30,70,Grade C,Grade C,Score-based certification,35,5
solid,NA,NA,NA,NA,0.5,TRUE,TRUE,TRUE,TRUE,TRUE,TRUE,1,0.75,0,0,0.5,36.25,63.75,Grade D,Grade D,Score-based certification,35,1.25
solid,NA,NA,NA,NA,0.5,TRUE,TRUE,TRUE,TRUE,TRUE,TRUE,1,1,0,0,0.5,42.5,57.5,Grade D,Grade D,Score-based certification,35,7.5
solid,NA,NA,NA,NA,0.5,TRUE,TRUE,TRUE,TRUE,TRUE,TRUE,1,0,0.25,0,0.5,23.75,76.25,Grade C,Grade C,Score-based certification,20,3.75
solid,NA,NA,NA,NA,0.5,TRUE,TRUE,TRUE,TRUE,TRUE,TRUE,1,0.25,0.25,0,0.5,30,70,Grade C,Grade C,Score-based certification,35,5
solid,NA,NA,NA,NA,0.5,TRUE,TRUE,TRUE,TRUE,TRUE,TRUE,1,0.5,0.25,0,0.5,36.25,63.75,Grade D,Grade D,Score-based certification,35,1.25
solid,NA,NA,NA,NA,0.5,TRUE,TRUE,TRUE,TRUE,TRUE,TRUE,1,0.75,0.25,0,0.5,42.5,57.5,Grade D,Grade D,Score-based certification,35,7.5
solid,NA,NA,NA,NA,0.5,TRUE,TRUE,TRUE,TRUE,TRUE,TRUE,1,1,0.25,0,0.5,48.75,51.25,Grade D,Grade D,Score-based certification,50,1.25
solid,NA,NA,NA,NA,0.5,TRUE,TRUE,TRUE,TRUE,TRUE,TRUE,1,0,0.5,0,0.5,30,70,Grade C,Grade C,Score-based certification,35,5
solid,NA,NA,NA,NA,0.5,TRUE,TRUE,TRUE,TRUE,TRUE,TRUE,1,0.25,0.5,0,0.5,36.25,63.75,Grade D,Grade D,Score-based certification,35,1.25
solid,NA,NA,NA,NA,0.5,TRUE,TRUE,TRUE,TRUE,TRUE,TRUE,1,0.5,0.5,0,0.5,42.5,57.5,Grade D,Grade D,Score-based certification,35,7.5
solid,NA,NA,NA,NA,0.5,TRUE,TRUE,TRUE,TRUE,TRUE,TRUE,1,0.75,0.5,0,0.5,48.75,51.25,Grade D,Grade D,Score-based certification,50,1.25
solid,NA,NA,NA,NA,0.5,TRUE,TRUE,TRUE,TRUE,TRUE,TRUE,1,1,0.5,0,0.5,55,45,Grade E,Grade E,Critical penalty burden,50,5
solid,NA,NA,NA,NA,0.5,TRUE,TRUE,TRUE,TRUE,TRUE,TRUE,1,0,0.75,0,0.5,36.25,63.75,Grade D,Grade D,Score-based certification,35,1.25
solid,NA,NA,NA,NA,0.5,TRUE,TRUE,TRUE,TRUE,TRUE,TRUE,1,0.25,0.75,0,0.5,42.5,57.5,Grade D,Grade D,Score-based certification,35,7.5
solid,NA,NA,NA,NA,0.5,TRUE,TRUE,TRUE,TRUE,TRUE,TRUE,1,0.5,0.75,0,0.5,48.75,51.25,Grade D,Grade D,Score-based certification,50,1.25
solid,NA,NA,NA,NA,0.5,TRUE,TRUE,TRUE,TRUE,TRUE,TRUE,1,0.75,0.75,0,0.5,55,45,Grade E,Grade E,Critical penalty burden,50,5
solid,NA,NA,NA,NA,0.5,TRUE,TRUE,TRUE,TRUE,TRUE,TRUE,1,1,0.75,0,0.5,61.25,38.75,Grade E,Grade E,Critical penalty burden,50,11.25
solid,NA,NA,NA,NA,0.5,TRUE,TRUE,TRUE,TRUE,TRUE,TRUE,1,0,1,0,0.5,42.5,57.5,Grade D,Grade D,Score-based certification,35,7.5
solid,NA,NA,NA,NA,0.5,TRUE,TRUE,TRUE,TRUE,TRUE,TRUE,1,0.25,1,0,0.5,48.75,51.25,Grade D,Grade D,Score-based certification,50,1.25
solid,NA,NA,NA,NA,0.5,TRUE,TRUE,TRUE,TRUE,TRUE,TRUE,1,0.5,1,0,0.5,55,45,Grade E,Grade E,Critical penalty burden,50,5
solid,NA,NA,NA,NA,0.5,TRUE,TRUE,TRUE,TRUE,TRUE,TRUE,1,0.75,1,0,0.5,61.25,38.75,Grade E,Grade E,Critical penalty burden,50,11.25
solid,NA,NA,NA,NA,0.5,TRUE,TRUE,TRUE,TRUE,TRUE,TRUE,1,1,1,0,0.5,67.5,32.5,Grade E,Grade E,Critical penalty burden,50,17.5
solid,NA,NA,NA,NA,0.5,TRUE,TRUE,TRUE,TRUE,TRUE,TRUE,1,0,0,0.25,0.5,21.25,78.75,Grade C,Grade C,Score-based certification,20,1.25
solid,NA,NA,NA,NA,0.5,TRUE,TRUE,TRUE,TRUE,TRUE,TRUE,1,0.25,0,0.25,0.5,27.5,72.5,Grade C,Grade C,Score-based certification,20,7.5
solid,NA,NA,NA,NA,0.5,TRUE,TRUE,TRUE,TRUE,TRUE,TRUE,1,0.5,0,0.25,0.5,33.75,66.25,Grade C,Grade C,Score-based certification,35,1.25
solid,NA,NA,NA,NA,0.5,TRUE,TRUE,TRUE,TRUE,TRUE,TRUE,1,0.75,0,0.25,0.5,40,60,Grade D,Grade D,Score-based certification,35,5
solid,NA,NA,NA,NA,0.5,TRUE,TRUE,TRUE,TRUE,TRUE,TRUE,1,1,0,0.25,0.5,46.25,53.75,Grade D,Grade D,Score-based certification,50,3.75
solid,NA,NA,NA,NA,0.5,TRUE,TRUE,TRUE,TRUE,TRUE,TRUE,1,0,0.25,0.25,0.5,27.5,72.5,Grade C,Grade C,Score-based certification,20,7.5
solid,NA,NA,NA,NA,0.5,TRUE,TRUE,TRUE,TRUE,TRUE,TRUE,1,0.25,0.25,0.25,0.5,33.75,66.25,Grade C,Grade C,Score-based certification,35,1.25
solid,NA,NA,NA,NA,0.5,TRUE,TRUE,TRUE,TRUE,TRUE,TRUE,1,0.5,0.25,0.25,0.5,40,60,Grade D,Grade D,Score-based certification,35,5
solid,NA,NA,NA,NA,0.5,TRUE,TRUE,TRUE,TRUE,TRUE,TRUE,1,0.75,0.25,0.25,0.5,46.25,53.75,Grade D,Grade D,Score-based certification,50,3.75
solid,NA,NA,NA,NA,0.5,TRUE,TRUE,TRUE,TRUE,TRUE,TRUE,1,1,0.25,0.25,0.5,52.5,47.5,Grade E,Grade E,Critical penalty burden,50,2.5
solid,NA,NA,NA,NA,0.5,TRUE,TRUE,TRUE,TRUE,TRUE,TRUE,1,0,0.5,0.25,0.5,33.75,66.25,Grade C,Grade C,Score-based certification,35,1.25
solid,NA,NA,NA,NA,0.5,TRUE,TRUE,TRUE,TRUE,TRUE,TRUE,1,0.25,0.5,0.25,0.5,40,60,Grade D,Grade D,Score-based certification,35,5
solid,NA,NA,NA,NA,0.5,TRUE,TRUE,TRUE,TRUE,TRUE,TRUE,1,0.5,0.5,0.25,0.5,46.25,53.75,Grade D,Grade D,Score-based certification,50,3.75
solid,NA,NA,NA,NA,0.5,TRUE,TRUE,TRUE,TRUE,TRUE,TRUE,1,0.75,0.5,0.25,0.5,52.5,47.5,Grade E,Grade E,Critical penalty burden,50,2.5
solid,NA,NA,NA,NA,0.5,TRUE,TRUE,TRUE,TRUE,TRUE,TRUE,1,1,0.5,0.25,0.5,58.75,41.25,Grade E,Grade E,Critical penalty burden,50,8.75
solid,NA,NA,NA,NA,0.5,TRUE,TRUE,TRUE,TRUE,TRUE,TRUE,1,0,0.75,0.25,0.5,40,60,Grade D,Grade D,Score-based certification,35,5
solid,NA,NA,NA,NA,0.5,TRUE,TRUE,TRUE,TRUE,TRUE,TRUE,1,0.25,0.75,0.25,0.5,46.25,53.75,Grade D,Grade D,Score-based certification,50,3.75
solid,NA,NA,NA,NA,0.5,TRUE,TRUE,TRUE,TRUE,TRUE,TRUE,1,0.5,0.75,0.25,0.5,52.5,47.5,Grade E,Grade E,Critical penalty burden,50,2.5
solid,NA,NA,NA,NA,0.5,TRUE,TRUE,TRUE,TRUE,TRUE,TRUE,1,0.75,0.75,0.25,0.5,58.75,41.25,Grade E,Grade E,Critical penalty burden,50,8.75
solid,NA,NA,NA,NA,0.5,TRUE,TRUE,TRUE,TRUE,TRUE,TRUE,1,1,0.75,0.25,0.5,65,35,Grade E,Grade E,Critical penalty burden,50,15
solid,NA,NA,NA,NA,0.5,TRUE,TRUE,TRUE,TRUE,TRUE,TRUE,1,0,1,0.25,0.5,46.25,53.75,Grade D,Grade D,Score-based certification,50,3.75
solid,NA,NA,NA,NA,0.5,TRUE,TRUE,TRUE,TRUE,TRUE,TRUE,1,0.25,1,0.25,0.5,52.5,47.5,Grade E,Grade E,Critical penalty burden,50,2.5
solid,NA,NA,NA,NA,0.5,TRUE,TRUE,TRUE,TRUE,TRUE,TRUE,1,0.5,1,0.25,0.5,58.75,41.25,Grade E,Grade E,Critical penalty burden,50,8.75
solid,NA,NA,NA,NA,0.5,TRUE,TRUE,TRUE,TRUE,TRUE,TRUE,1,0.75,1,0.25,0.5,65,35,Grade E,Grade E,Critical penalty burden,50,15
solid,NA,NA,NA,NA,0.5,TRUE,TRUE,TRUE,TRUE,TRUE,TRUE,1,1,1,0.25,0.5,71.25,28.75,Grade E,Grade E,Critical penalty burden,50,21.25
solid,NA,NA,NA,NA,0.5,TRUE,TRUE,TRUE,TRUE,TRUE,TRUE,1,0,0,0.5,0.5,25,75,Grade C,Grade C,Score-based certification,20,5
solid,NA,NA,NA,NA,0.5,TRUE,TRUE,TRUE,TRUE,TRUE,TRUE,1,0.25,0,0.5,0.5,31.25,68.75,Grade C,Grade C,Score-based certification,35,3.75
solid,NA,NA,NA,NA,0.5,TRUE,TRUE,TRUE,TRUE,TRUE,TRUE,1,0.5,0,0.5,0.5,37.5,62.5,Grade D,Grade D,Score-based certification,35,2.5
solid,NA,NA,NA,NA,0.5,TRUE,TRUE,TRUE,TRUE,TRUE,TRUE,1,0.75,0,0.5,0.5,43.75,56.25,Grade D,Grade D,Score-based certification,50,6.25
solid,NA,NA,NA,NA,0.5,TRUE,TRUE,TRUE,TRUE,TRUE,TRUE,1,1,0,0.5,0.5,50,50,Grade D,Grade D,Score-based certification,50,0
solid,NA,NA,NA,NA,0.5,TRUE,TRUE,TRUE,TRUE,TRUE,TRUE,1,0,0.25,0.5,0.5,31.25,68.75,Grade C,Grade C,Score-based certification,35,3.75
solid,NA,NA,NA,NA,0.5,TRUE,TRUE,TRUE,TRUE,TRUE,TRUE,1,0.25,0.25,0.5,0.5,37.5,62.5,Grade D,Grade D,Score-based certification,35,2.5
solid,NA,NA,NA,NA,0.5,TRUE,TRUE,TRUE,TRUE,TRUE,TRUE,1,0.5,0.25,0.5,0.5,43.75,56.25,Grade D,Grade D,Score-based certification,50,6.25
solid,NA,NA,NA,NA,0.5,TRUE,TRUE,TRUE,TRUE,TRUE,TRUE,1,0.75,0.25,0.5,0.5,50,50,Grade D,Grade D,Score-based certification,50,0
solid,NA,NA,NA,NA,0.5,TRUE,TRUE,TRUE,TRUE,TRUE,TRUE,1,1,0.25,0.5,0.5,56.25,43.75,Grade E,Grade E,Critical penalty burden,50,6.25
solid,NA,NA,NA,NA,0.5,TRUE,TRUE,TRUE,TRUE,TRUE,TRUE,1,0,0.5,0.5,0.5,37.5,62.5,Grade D,Grade D,Score-based certification,35,2.5
solid,NA,NA,NA,NA,0.5,TRUE,TRUE,TRUE,TRUE,TRUE,TRUE,1,0.25,0.5,0.5,0.5,43.75,56.25,Grade D,Grade D,Score-based certification,50,6.25
solid,NA,NA,NA,NA,0.5,TRUE,TRUE,TRUE,TRUE,TRUE,TRUE,1,0.5,0.5,0.5,0.5,50,50,Grade D,Grade D,Score-based certification,50,0
solid,NA,NA,NA,NA,0.5,TRUE,TRUE,TRUE,TRUE,TRUE,TRUE,1,0.75,0.5,0.5,0.5,56.25,43.75,Grade E,Grade E,Critical penalty burden,50,6.25
solid,NA,NA,NA,NA,0.5,TRUE,TRUE,TRUE,TRUE,TRUE,TRUE,1,1,0.5,0.5,0.5,62.5,37.5,Grade E,Grade E,Critical penalty burden,50,12.5
solid,NA,NA,NA,NA,0.5,TRUE,TRUE,TRUE,TRUE,TRUE,TRUE,1,0,0.75,0.5,0.5,43.75,56.25,Grade D,Grade D,Score-based certification,50,6.25
solid,NA,NA,NA,NA,0.5,TRUE,TRUE,TRUE,TRUE,TRUE,TRUE,1,0.25,0.75,0.5,0.5,50,50,Grade D,Grade D,Score-based certification,50,0
solid,NA,NA,NA,NA,0.5,TRUE,TRUE,TRUE,TRUE,TRUE,TRUE,1,0.5,0.75,0.5,0.5,56.25,43.75,Grade E,Grade E,Critical penalty burden,50,6.25
solid,NA,NA,NA,NA,0.5,TRUE,TRUE,TRUE,TRUE,TRUE,TRUE,1,0.75,0.75,0.5,0.5,62.5,37.5,Grade E,Grade E,Critical penalty burden,50,12.5
solid,NA,NA,NA,NA,0.5,TRUE,TRUE,TRUE,TRUE,TRUE,TRUE,1,1,0.75,0.5,0.5,68.75,31.25,Grade E,Grade E,Critical penalty burden,50,18.75
solid,NA,NA,NA,NA,0.5,TRUE,TRUE,TRUE,TRUE,TRUE,TRUE,1,0,1,0.5,0.5,50,50,Grade D,Grade D,Score-based certification,50,0
solid,NA,NA,NA,NA,0.5,TRUE,TRUE,TRUE,TRUE,TRUE,TRUE,1,0.25,1,0.5,0.5,56.25,43.75,Grade E,Grade E,Critical penalty burden,50,6.25
solid,NA,NA,NA,NA,0.5,TRUE,TRUE,TRUE,TRUE,TRUE,TRUE,1,0.5,1,0.5,0.5,62.5,37.5,Grade E,Grade E,Critical penalty burden,50,12.5
solid,NA,NA,NA,NA,0.5,TRUE,TRUE,TRUE,TRUE,TRUE,TRUE,1,0.75,1,0.5,0.5,68.75,31.25,Grade E,Grade E,Critical penalty burden,50,18.75
solid,NA,NA,NA,NA,0.5,TRUE,TRUE,TRUE,TRUE,TRUE,TRUE,1,1,1,0.5,0.5,75,25,Grade E,Grade E,Critical penalty burden,50,25
solid,NA,NA,NA,NA,0.5,TRUE,TRUE,TRUE,TRUE,TRUE,TRUE,1,0,0,0.75,0.5,28.75,71.25,Grade C,Grade C,Score-based certification,35,6.25
solid,NA,NA,NA,NA,0.5,TRUE,TRUE,TRUE,TRUE,TRUE,TRUE,1,0.25,0,0.75,0.5,35,65,Grade C,Grade C,Score-based certification,35,0
solid,NA,NA,NA,NA,0.5,TRUE,TRUE,TRUE,TRUE,TRUE,TRUE,1,0.5,0,0.75,0.5,41.25,58.75,Grade D,Grade D,Score-based certification,35,6.25
solid,NA,NA,NA,NA,0.5,TRUE,TRUE,TRUE,TRUE,TRUE,TRUE,1,0.75,0,0.75,0.5,47.5,52.5,Grade D,Grade D,Score-based certification,50,2.5
solid,NA,NA,NA,NA,0.5,TRUE,TRUE,TRUE,TRUE,TRUE,TRUE,1,1,0,0.75,0.5,53.75,46.25,Grade E,Grade E,Critical penalty burden,50,3.75
solid,NA,NA,NA,NA,0.5,TRUE,TRUE,TRUE,TRUE,TRUE,TRUE,1,0,0.25,0.75,0.5,35,65,Grade C,Grade C,Score-based certification,35,0
solid,NA,NA,NA,NA,0.5,TRUE,TRUE,TRUE,TRUE,TRUE,TRUE,1,0.25,0.25,0.75,0.5,41.25,58.75,Grade D,Grade D,Score-based certification,35,6.25
solid,NA,NA,NA,NA,0.5,TRUE,TRUE,TRUE,TRUE,TRUE,TRUE,1,0.5,0.25,0.75,0.5,47.5,52.5,Grade D,Grade D,Score-based certification,50,2.5
solid,NA,NA,NA,NA,0.5,TRUE,TRUE,TRUE,TRUE,TRUE,TRUE,1,0.75,0.25,0.75,0.5,53.75,46.25,Grade E,Grade E,Critical penalty burden,50,3.75
solid,NA,NA,NA,NA,0.5,TRUE,TRUE,TRUE,TRUE,TRUE,TRUE,1,1,0.25,0.75,0.5,60,40,Grade E,Grade E,Critical penalty burden,50,10
solid,NA,NA,NA,NA,0.5,TRUE,TRUE,TRUE,TRUE,TRUE,TRUE,1,0,0.5,0.75,0.5,41.25,58.75,Grade D,Grade D,Score-based certification,35,6.25
solid,NA,NA,NA,NA,0.5,TRUE,TRUE,TRUE,TRUE,TRUE,TRUE,1,0.25,0.5,0.75,0.5,47.5,52.5,Grade D,Grade D,Score-based certification,50,2.5
solid,NA,NA,NA,NA,0.5,TRUE,TRUE,TRUE,TRUE,TRUE,TRUE,1,0.5,0.5,0.75,0.5,53.75,46.25,Grade E,Grade E,Critical penalty burden,50,3.75
solid,NA,NA,NA,NA,0.5,TRUE,TRUE,TRUE,TRUE,TRUE,TRUE,1,0.75,0.5,0.75,0.5,60,40,Grade E,Grade E,Critical penalty burden,50,10
solid,NA,NA,NA,NA,0.5,TRUE,TRUE,TRUE,TRUE,TRUE,TRUE,1,1,0.5,0.75,0.5,66.25,33.75,Grade E,Grade E,Critical penalty burden,50,16.25
solid,NA,NA,NA,NA,0.5,TRUE,TRUE,TRUE,TRUE,TRUE,TRUE,1,0,0.75,0.75,0.5,47.5,52.5,Grade D,Grade D,Score-based certification,50,2.5
solid,NA,NA,NA,NA,0.5,TRUE,TRUE,TRUE,TRUE,TRUE,TRUE,1,0.25,0.75,0.75,0.5,53.75,46.25,Grade E,Grade E,Critical penalty burden,50,3.75
solid,NA,NA,NA,NA,0.5,TRUE,TRUE,TRUE,TRUE,TRUE,TRUE,1,0.5,0.75,0.75,0.5,60,40,Grade E,Grade E,Critical penalty burden,50,10
solid,NA,NA,NA,NA,0.5,TRUE,TRUE,TRUE,TRUE,TRUE,TRUE,1,0.75,0.75,0.75,0.5,66.25,33.75,Grade E,Grade E,Critical penalty burden,50,16.25
solid,NA,NA,NA,NA,0.5,TRUE,TRUE,TRUE,TRUE,TRUE,TRUE,1,1,0.75,0.75,0.5,72.5,27.5,Grade E,Grade E,Critical penalty burden,50,22.5
solid,NA,NA,NA,NA,0.5,TRUE,TRUE,TRUE,TRUE,TRUE,TRUE,1,0,1,0.75,0.5,53.75,46.25,Grade E,Grade E,Critical penalty burden,50,3.75
solid,NA,NA,NA,NA,0.5,TRUE,TRUE,TRUE,TRUE,TRUE,TRUE,1,0.25,1,0.75,0.5,60,40,Grade E,Grade E,Critical penalty burden,50,10
solid,NA,NA,NA,NA,0.5,TRUE,TRUE,TRUE,TRUE,TRUE,TRUE,1,0.5,1,0.75,0.5,66.25,33.75,Grade E,Grade E,Critical penalty burden,50,16.25
solid,NA,NA,NA,NA,0.5,TRUE,TRUE,TRUE,TRUE,TRUE,TRUE,1,0.75,1,0.75,0.5,72.5,27.5,Grade E,Grade E,Critical penalty burden,50,22.5
solid,NA,NA,NA,NA,0.5,TRUE,TRUE,TRUE,TRUE,TRUE,TRUE,1,1,1,0.75,0.5,78.75,21.25,Grade E,Grade E,Critical penalty burden,50,28.75
solid,NA,NA,NA,NA,0.5,TRUE,TRUE,TRUE,TRUE,TRUE,TRUE,1,0,0,1,0.5,32.5,67.5,Grade C,Grade C,Score-based certification,35,2.5
solid,NA,NA,NA,NA,0.5,TRUE,TRUE,TRUE,TRUE,TRUE,TRUE,1,0.25,0,1,0.5,38.75,61.25,Grade D,Grade D,Score-based certification,35,3.75
solid,NA,NA,NA,NA,0.5,TRUE,TRUE,TRUE,TRUE,TRUE,TRUE,1,0.5,0,1,0.5,45,55,Grade D,Grade D,Score-based certification,50,5
solid,NA,NA,NA,NA,0.5,TRUE,TRUE,TRUE,TRUE,TRUE,TRUE,1,0.75,0,1,0.5,51.25,48.75,Grade E,Grade E,Critical penalty burden,50,1.25
solid,NA,NA,NA,NA,0.5,TRUE,TRUE,TRUE,TRUE,TRUE,TRUE,1,1,0,1,0.5,57.5,42.5,Grade E,Grade E,Critical penalty burden,50,7.5
solid,NA,NA,NA,NA,0.5,TRUE,TRUE,TRUE,TRUE,TRUE,TRUE,1,0,0.25,1,0.5,38.75,61.25,Grade D,Grade D,Score-based certification,35,3.75
solid,NA,NA,NA,NA,0.5,TRUE,TRUE,TRUE,TRUE,TRUE,TRUE,1,0.25,0.25,1,0.5,45,55,Grade D,Grade D,Score-based certification,50,5
solid,NA,NA,NA,NA,0.5,TRUE,TRUE,TRUE,TRUE,TRUE,TRUE,1,0.5,0.25,1,0.5,51.25,48.75,Grade E,Grade E,Critical penalty burden,50,1.25
solid,NA,NA,NA,NA,0.5,TRUE,TRUE,TRUE,TRUE,TRUE,TRUE,1,0.75,0.25,1,0.5,57.5,42.5,Grade E,Grade E,Critical penalty burden,50,7.5
solid,NA,NA,NA,NA,0.5,TRUE,TRUE,TRUE,TRUE,TRUE,TRUE,1,1,0.25,1,0.5,63.75,36.25,Grade E,Grade E,Critical penalty burden,50,13.75
solid,NA,NA,NA,NA,0.5,TRUE,TRUE,TRUE,TRUE,TRUE,TRUE,1,0,0.5,1,0.5,45,55,Grade D,Grade D,Score-based certification,50,5
solid,NA,NA,NA,NA,0.5,TRUE,TRUE,TRUE,TRUE,TRUE,TRUE,1,0.25,0.5,1,0.5,51.25,48.75,Grade E,Grade E,Critical penalty burden,50,1.25
solid,NA,NA,NA,NA,0.5,TRUE,TRUE,TRUE,TRUE,TRUE,TRUE,1,0.5,0.5,1,0.5,57.5,42.5,Grade E,Grade E,Critical penalty burden,50,7.5
solid,NA,NA,NA,NA,0.5,TRUE,TRUE,TRUE,TRUE,TRUE,TRUE,1,0.75,0.5,1,0.5,63.75,36.25,Grade E,Grade E,Critical penalty burden,50,13.75
solid,NA,NA,NA,NA,0.5,TRUE,TRUE,TRUE,TRUE,TRUE,TRUE,1,1,0.5,1,0.5,70,30,Grade E,Grade E,Critical penalty burden,50,20
solid,NA,NA,NA,NA,0.5,TRUE,TRUE,TRUE,TRUE,TRUE,TRUE,1,0,0.75,1,0.5,51.25,48.75,Grade E,Grade E,Critical penalty burden,50,1.25
solid,NA,NA,NA,NA,0.5,TRUE,TRUE,TRUE,TRUE,TRUE,TRUE,1,0.25,0.75,1,0.5,57.5,42.5,Grade E,Grade E,Critical penalty burden,50,7.5
solid,NA,NA,NA,NA,0.5,TRUE,TRUE,TRUE,TRUE,TRUE,TRUE,1,0.5,0.75,1,0.5,63.75,36.25,Grade E,Grade E,Critical penalty burden,50,13.75
solid,NA,NA,NA,NA,0.5,TRUE,TRUE,TRUE,TRUE,TRUE,TRUE,1,0.75,0.75,1,0.5,70,30,Grade E,Grade E,Critical penalty burden,50,20
solid,NA,NA,NA,NA,0.5,TRUE,TRUE,TRUE,TRUE,TRUE,TRUE,1,1,0.75,1,0.5,76.25,23.75,Grade E,Grade E,Critical penalty burden,50,26.25
solid,NA,NA,NA,NA,0.5,TRUE,TRUE,TRUE,TRUE,TRUE,TRUE,1,0,1,1,0.5,57.5,42.5,Grade E,Grade E,Critical penalty burden,50,7.5
solid,NA,NA,NA,NA,0.5,TRUE,TRUE,TRUE,TRUE,TRUE,TRUE,1,0.25,1,1,0.5,63.75,36.25,Grade E,Grade E,Critical penalty burden,50,13.75
solid,NA,NA,NA,NA,0.5,TRUE,TRUE,TRUE,TRUE,TRUE,TRUE,1,0.5,1,1,0.5,70,30,Grade E,Grade E,Critical penalty burden,50,20
solid,NA,NA,NA,NA,0.5,TRUE,TRUE,TRUE,TRUE,TRUE,TRUE,1,0.75,1,1,0.5,76.25,23.75,Grade E,Grade E,Critical penalty burden,50,26.25
solid,NA,NA,NA,NA,0.5,TRUE,TRUE,TRUE,TRUE,TRUE,TRUE,1,1,1,1,0.5,82.5,17.5,Grade E,Grade E,Critical penalty burden,50,32.5
solid,NA,NA,NA,NA,0.5,TRUE,TRUE,TRUE,TRUE,TRUE,TRUE,1,0,0,0,0.75,22.5,77.5,Grade C,Grade C,Score-based certification,20,2.5
solid,NA,NA,NA,NA,0.5,TRUE,TRUE,TRUE,TRUE,TRUE,TRUE,1,0.25,0,0,0.75,28.75,71.25,Grade C,Grade C,Score-based certification,35,6.25
solid,NA,NA,NA,NA,0.5,TRUE,TRUE,TRUE,TRUE,TRUE,TRUE,1,0.5,0,0,0.75,35,65,Grade C,Grade C,Score-based certification,35,0
solid,NA,NA,NA,NA,0.5,TRUE,TRUE,TRUE,TRUE,TRUE,TRUE,1,0.75,0,0,0.75,41.25,58.75,Grade D,Grade D,Score-based certification,35,6.25
solid,NA,NA,NA,NA,0.5,TRUE,TRUE,TRUE,TRUE,TRUE,TRUE,1,1,0,0,0.75,47.5,52.5,Grade D,Grade D,Score-based certification,50,2.5
solid,NA,NA,NA,NA,0.5,TRUE,TRUE,TRUE,TRUE,TRUE,TRUE,1,0,0.25,0,0.75,28.75,71.25,Grade C,Grade C,Score-based certification,35,6.25
solid,NA,NA,NA,NA,0.5,TRUE,TRUE,TRUE,TRUE,TRUE,TRUE,1,0.25,0.25,0,0.75,35,65,Grade C,Grade C,Score-based certification,35,0
solid,NA,NA,NA,NA,0.5,TRUE,TRUE,TRUE,TRUE,TRUE,TRUE,1,0.5,0.25,0,0.75,41.25,58.75,Grade D,Grade D,Score-based certification,35,6.25
solid,NA,NA,NA,NA,0.5,TRUE,TRUE,TRUE,TRUE,TRUE,TRUE,1,0.75,0.25,0,0.75,47.5,52.5,Grade D,Grade D,Score-based certification,50,2.5
solid,NA,NA,NA,NA,0.5,TRUE,TRUE,TRUE,TRUE,TRUE,TRUE,1,1,0.25,0,0.75,53.75,46.25,Grade E,Grade E,Critical penalty burden,50,3.75
solid,NA,NA,NA,NA,0.5,TRUE,TRUE,TRUE,TRUE,TRUE,TRUE,1,0,0.5,0,0.75,35,65,Grade C,Grade C,Score-based certification,35,0
solid,NA,NA,NA,NA,0.5,TRUE,TRUE,TRUE,TRUE,TRUE,TRUE,1,0.25,0.5,0,0.75,41.25,58.75,Grade D,Grade D,Score-based certification,35,6.25
solid,NA,NA,NA,NA,0.5,TRUE,TRUE,TRUE,TRUE,TRUE,TRUE,1,0.5,0.5,0,0.75,47.5,52.5,Grade D,Grade D,Score-based certification,50,2.5
solid,NA,NA,NA,NA,0.5,TRUE,TRUE,TRUE,TRUE,TRUE,TRUE,1,0.75,0.5,0,0.75,53.75,46.25,Grade E,Grade E,Critical penalty burden,50,3.75
solid,NA,NA,NA,NA,0.5,TRUE,TRUE,TRUE,TRUE,TRUE,TRUE,1,1,0.5,0,0.75,60,40,Grade E,Grade E,Critical penalty burden,50,10
solid,NA,NA,NA,NA,0.5,TRUE,TRUE,TRUE,TRUE,TRUE,TRUE,1,0,0.75,0,0.75,41.25,58.75,Grade D,Grade D,Score-based certification,35,6.25
solid,NA,NA,NA,NA,0.5,TRUE,TRUE,TRUE,TRUE,TRUE,TRUE,1,0.25,0.75,0,0.75,47.5,52.5,Grade D,Grade D,Score-based certification,50,2.5
solid,NA,NA,NA,NA,0.5,TRUE,TRUE,TRUE,TRUE,TRUE,TRUE,1,0.5,0.75,0,0.75,53.75,46.25,Grade E,Grade E,Critical penalty burden,50,3.75
solid,NA,NA,NA,NA,0.5,TRUE,TRUE,TRUE,TRUE,TRUE,TRUE,1,0.75,0.75,0,0.75,60,40,Grade E,Grade E,Critical penalty burden,50,10
solid,NA,NA,NA,NA,0.5,TRUE,TRUE,TRUE,TRUE,TRUE,TRUE,1,1,0.75,0,0.75,66.25,33.75,Grade E,Grade E,Critical penalty burden,50,16.25
solid,NA,NA,NA,NA,0.5,TRUE,TRUE,TRUE,TRUE,TRUE,TRUE,1,0,1,0,0.75,47.5,52.5,Grade D,Grade D,Score-based certification,50,2.5
solid,NA,NA,NA,NA,0.5,TRUE,TRUE,TRUE,TRUE,TRUE,TRUE,1,0.25,1,0,0.75,53.75,46.25,Grade E,Grade E,Critical penalty burden,50,3.75
solid,NA,NA,NA,NA,0.5,TRUE,TRUE,TRUE,TRUE,TRUE,TRUE,1,0.5,1,0,0.75,60,40,Grade E,Grade E,Critical penalty burden,50,10
solid,NA,NA,NA,NA,0.5,TRUE,TRUE,TRUE,TRUE,TRUE,TRUE,1,0.75,1,0,0.75,66.25,33.75,Grade E,Grade E,Critical penalty burden,50,16.25
solid,NA,NA,NA,NA,0.5,TRUE,TRUE,TRUE,TRUE,TRUE,TRUE,1,1,1,0,0.75,72.5,27.5,Grade E,Grade E,Critical penalty burden,50,22.5
solid,NA,NA,NA,NA,0.5,TRUE,TRUE,TRUE,TRUE,TRUE,TRUE,1,0,0,0.25,0.75,26.25,73.75,Grade C,Grade C,Score-based certification,20,6.25
solid,NA,NA,NA,NA,0.5,TRUE,TRUE,TRUE,TRUE,TRUE,TRUE,1,0.25,0,0.25,0.75,32.5,67.5,Grade C,Grade C,Score-based certification,35,2.5
solid,NA,NA,NA,NA,0.5,TRUE,TRUE,TRUE,TRUE,TRUE,TRUE,1,0.5,0,0.25,0.75,38.75,61.25,Grade D,Grade D,Score-based certification,35,3.75
solid,NA,NA,NA,NA,0.5,TRUE,TRUE,TRUE,TRUE,TRUE,TRUE,1,0.75,0,0.25,0.75,45,55,Grade D,Grade D,Score-based certification,50,5
solid,NA,NA,NA,NA,0.5,TRUE,TRUE,TRUE,TRUE,TRUE,TRUE,1,1,0,0.25,0.75,51.25,48.75,Grade E,Grade E,Critical penalty burden,50,1.25
solid,NA,NA,NA,NA,0.5,TRUE,TRUE,TRUE,TRUE,TRUE,TRUE,1,0,0.25,0.25,0.75,32.5,67.5,Grade C,Grade C,Score-based certification,35,2.5
solid,NA,NA,NA,NA,0.5,TRUE,TRUE,TRUE,TRUE,TRUE,TRUE,1,0.25,0.25,0.25,0.75,38.75,61.25,Grade D,Grade D,Score-based certification,35,3.75
solid,NA,NA,NA,NA,0.5,TRUE,TRUE,TRUE,TRUE,TRUE,TRUE,1,0.5,0.25,0.25,0.75,45,55,Grade D,Grade D,Score-based certification,50,5
solid,NA,NA,NA,NA,0.5,TRUE,TRUE,TRUE,TRUE,TRUE,TRUE,1,0.75,0.25,0.25,0.75,51.25,48.75,Grade E,Grade E,Critical penalty burden,50,1.25
solid,NA,NA,NA,NA,0.5,TRUE,TRUE,TRUE,TRUE,TRUE,TRUE,1,1,0.25,0.25,0.75,57.5,42.5,Grade E,Grade E,Critical penalty burden,50,7.5
solid,NA,NA,NA,NA,0.5,TRUE,TRUE,TRUE,TRUE,TRUE,TRUE,1,0,0.5,0.25,0.75,38.75,61.25,Grade D,Grade D,Score-based certification,35,3.75
solid,NA,NA,NA,NA,0.5,TRUE,TRUE,TRUE,TRUE,TRUE,TRUE,1,0.25,0.5,0.25,0.75,45,55,Grade D,Grade D,Score-based certification,50,5
solid,NA,NA,NA,NA,0.5,TRUE,TRUE,TRUE,TRUE,TRUE,TRUE,1,0.5,0.5,0.25,0.75,51.25,48.75,Grade E,Grade E,Critical penalty burden,50,1.25
solid,NA,NA,NA,NA,0.5,TRUE,TRUE,TRUE,TRUE,TRUE,TRUE,1,0.75,0.5,0.25,0.75,57.5,42.5,Grade E,Grade E,Critical penalty burden,50,7.5
solid,NA,NA,NA,NA,0.5,TRUE,TRUE,TRUE,TRUE,TRUE,TRUE,1,1,0.5,0.25,0.75,63.75,36.25,Grade E,Grade E,Critical penalty burden,50,13.75
solid,NA,NA,NA,NA,0.5,TRUE,TRUE,TRUE,TRUE,TRUE,TRUE,1,0,0.75,0.25,0.75,45,55,Grade D,Grade D,Score-based certification,50,5
solid,NA,NA,NA,NA,0.5,TRUE,TRUE,TRUE,TRUE,TRUE,TRUE,1,0.25,0.75,0.25,0.75,51.25,48.75,Grade E,Grade E,Critical penalty burden,50,1.25
solid,NA,NA,NA,NA,0.5,TRUE,TRUE,TRUE,TRUE,TRUE,TRUE,1,0.5,0.75,0.25,0.75,57.5,42.5,Grade E,Grade E,Critical penalty burden,50,7.5
solid,NA,NA,NA,NA,0.5,TRUE,TRUE,TRUE,TRUE,TRUE,TRUE,1,0.75,0.75,0.25,0.75,63.75,36.25,Grade E,Grade E,Critical penalty burden,50,13.75
solid,NA,NA,NA,NA,0.5,TRUE,TRUE,TRUE,TRUE,TRUE,TRUE,1,1,0.75,0.25,0.75,70,30,Grade E,Grade E,Critical penalty burden,50,20
solid,NA,NA,NA,NA,0.5,TRUE,TRUE,TRUE,TRUE,TRUE,TRUE,1,0,1,0.25,0.75,51.25,48.75,Grade E,Grade E,Critical penalty burden,50,1.25
solid,NA,NA,NA,NA,0.5,TRUE,TRUE,TRUE,TRUE,TRUE,TRUE,1,0.25,1,0.25,0.75,57.5,42.5,Grade E,Grade E,Critical penalty burden,50,7.5
solid,NA,NA,NA,NA,0.5,TRUE,TRUE,TRUE,TRUE,TRUE,TRUE,1,0.5,1,0.25,0.75,63.75,36.25,Grade E,Grade E,Critical penalty burden,50,13.75
solid,NA,NA,NA,NA,0.5,TRUE,TRUE,TRUE,TRUE,TRUE,TRUE,1,0.75,1,0.25,0.75,70,30,Grade E,Grade E,Critical penalty burden,50,20
solid,NA,NA,NA,NA,0.5,TRUE,TRUE,TRUE,TRUE,TRUE,TRUE,1,1,1,0.25,0.75,76.25,23.75,Grade E,Grade E,Critical penalty burden,50,26.25
solid,NA,NA,NA,NA,0.5,TRUE,TRUE,TRUE,TRUE,TRUE,TRUE,1,0,0,0.5,0.75,30,70,Grade C,Grade C,Score-based certification,35,5
solid,NA,NA,NA,NA,0.5,TRUE,TRUE,TRUE,TRUE,TRUE,TRUE,1,0.25,0,0.5,0.75,36.25,63.75,Grade D,Grade D,Score-based certification,35,1.25
solid,NA,NA,NA,NA,0.5,TRUE,TRUE,TRUE,TRUE,TRUE,TRUE,1,0.5,0,0.5,0.75,42.5,57.5,Grade D,Grade D,Score-based certification,35,7.5
solid,NA,NA,NA,NA,0.5,TRUE,TRUE,TRUE,TRUE,TRUE,TRUE,1,0.75,0,0.5,0.75,48.75,51.25,Grade D,Grade D,Score-based certification,50,1.25
solid,NA,NA,NA,NA,0.5,TRUE,TRUE,TRUE,TRUE,TRUE,TRUE,1,1,0,0.5,0.75,55,45,Grade E,Grade E,Critical penalty burden,50,5
solid,NA,NA,NA,NA,0.5,TRUE,TRUE,TRUE,TRUE,TRUE,TRUE,1,0,0.25,0.5,0.75,36.25,63.75,Grade D,Grade D,Score-based certification,35,1.25
solid,NA,NA,NA,NA,0.5,TRUE,TRUE,TRUE,TRUE,TRUE,TRUE,1,0.25,0.25,0.5,0.75,42.5,57.5,Grade D,Grade D,Score-based certification,35,7.5
solid,NA,NA,NA,NA,0.5,TRUE,TRUE,TRUE,TRUE,TRUE,TRUE,1,0.5,0.25,0.5,0.75,48.75,51.25,Grade D,Grade D,Score-based certification,50,1.25
solid,NA,NA,NA,NA,0.5,TRUE,TRUE,TRUE,TRUE,TRUE,TRUE,1,0.75,0.25,0.5,0.75,55,45,Grade E,Grade E,Critical penalty burden,50,5
solid,NA,NA,NA,NA,0.5,TRUE,TRUE,TRUE,TRUE,TRUE,TRUE,1,1,0.25,0.5,0.75,61.25,38.75,Grade E,Grade E,Critical penalty burden,50,11.25
solid,NA,NA,NA,NA,0.5,TRUE,TRUE,TRUE,TRUE,TRUE,TRUE,1,0,0.5,0.5,0.75,42.5,57.5,Grade D,Grade D,Score-based certification,35,7.5
solid,NA,NA,NA,NA,0.5,TRUE,TRUE,TRUE,TRUE,TRUE,TRUE,1,0.25,0.5,0.5,0.75,48.75,51.25,Grade D,Grade D,Score-based certification,50,1.25
solid,NA,NA,NA,NA,0.5,TRUE,TRUE,TRUE,TRUE,TRUE,TRUE,1,0.5,0.5,0.5,0.75,55,45,Grade E,Grade E,Critical penalty burden,50,5
solid,NA,NA,NA,NA,0.5,TRUE,TRUE,TRUE,TRUE,TRUE,TRUE,1,0.75,0.5,0.5,0.75,61.25,38.75,Grade E,Grade E,Critical penalty burden,50,11.25
solid,NA,NA,NA,NA,0.5,TRUE,TRUE,TRUE,TRUE,TRUE,TRUE,1,1,0.5,0.5,0.75,67.5,32.5,Grade E,Grade E,Critical penalty burden,50,17.5
solid,NA,NA,NA,NA,0.5,TRUE,TRUE,TRUE,TRUE,TRUE,TRUE,1,0,0.75,0.5,0.75,48.75,51.25,Grade D,Grade D,Score-based certification,50,1.25
solid,NA,NA,NA,NA,0.5,TRUE,TRUE,TRUE,TRUE,TRUE,TRUE,1,0.25,0.75,0.5,0.75,55,45,Grade E,Grade E,Critical penalty burden,50,5
solid,NA,NA,NA,NA,0.5,TRUE,TRUE,TRUE,TRUE,TRUE,TRUE,1,0.5,0.75,0.5,0.75,61.25,38.75,Grade E,Grade E,Critical penalty burden,50,11.25
solid,NA,NA,NA,NA,0.5,TRUE,TRUE,TRUE,TRUE,TRUE,TRUE,1,0.75,0.75,0.5,0.75,67.5,32.5,Grade E,Grade E,Critical penalty burden,50,17.5
solid,NA,NA,NA,NA,0.5,TRUE,TRUE,TRUE,TRUE,TRUE,TRUE,1,1,0.75,0.5,0.75,73.75,26.25,Grade E,Grade E,Critical penalty burden,50,23.75
solid,NA,NA,NA,NA,0.5,TRUE,TRUE,TRUE,TRUE,TRUE,TRUE,1,0,1,0.5,0.75,55,45,Grade E,Grade E,Critical penalty burden,50,5
solid,NA,NA,NA,NA,0.5,TRUE,TRUE,TRUE,TRUE,TRUE,TRUE,1,0.25,1,0.5,0.75,61.25,38.75,Grade E,Grade E,Critical penalty burden,50,11.25
solid,NA,NA,NA,NA,0.5,TRUE,TRUE,TRUE,TRUE,TRUE,TRUE,1,0.5,1,0.5,0.75,67.5,32.5,Grade E,Grade E,Critical penalty burden,50,17.5
solid,NA,NA,NA,NA,0.5,TRUE,TRUE,TRUE,TRUE,TRUE,TRUE,1,0.75,1,0.5,0.75,73.75,26.25,Grade E,Grade E,Critical penalty burden,50,23.75
solid,NA,NA,NA,NA,0.5,TRUE,TRUE,TRUE,TRUE,TRUE,TRUE,1,1,1,0.5,0.75,80,20,Grade E,Grade E,Critical penalty burden,50,30
solid,NA,NA,NA,NA,0.5,TRUE,TRUE,TRUE,TRUE,TRUE,TRUE,1,0,0,0.75,0.75,33.75,66.25,Grade C,Grade C,Score-based certification,35,1.25
solid,NA,NA,NA,NA,0.5,TRUE,TRUE,TRUE,TRUE,TRUE,TRUE,1,0.25,0,0.75,0.75,40,60,Grade D,Grade D,Score-based certification,35,5
solid,NA,NA,NA,NA,0.5,TRUE,TRUE,TRUE,TRUE,TRUE,TRUE,1,0.5,0,0.75,0.75,46.25,53.75,Grade D,Grade D,Score-based certification,50,3.75
solid,NA,NA,NA,NA,0.5,TRUE,TRUE,TRUE,TRUE,TRUE,TRUE,1,0.75,0,0.75,0.75,52.5,47.5,Grade E,Grade E,Critical penalty burden,50,2.5
solid,NA,NA,NA,NA,0.5,TRUE,TRUE,TRUE,TRUE,TRUE,TRUE,1,1,0,0.75,0.75,58.75,41.25,Grade E,Grade E,Critical penalty burden,50,8.75
solid,NA,NA,NA,NA,0.5,TRUE,TRUE,TRUE,TRUE,TRUE,TRUE,1,0,0.25,0.75,0.75,40,60,Grade D,Grade D,Score-based certification,35,5
solid,NA,NA,NA,NA,0.5,TRUE,TRUE,TRUE,TRUE,TRUE,TRUE,1,0.25,0.25,0.75,0.75,46.25,53.75,Grade D,Grade D,Score-based certification,50,3.75
solid,NA,NA,NA,NA,0.5,TRUE,TRUE,TRUE,TRUE,TRUE,TRUE,1,0.5,0.25,0.75,0.75,52.5,47.5,Grade E,Grade E,Critical penalty burden,50,2.5
solid,NA,NA,NA,NA,0.5,TRUE,TRUE,TRUE,TRUE,TRUE,TRUE,1,0.75,0.25,0.75,0.75,58.75,41.25,Grade E,Grade E,Critical penalty burden,50,8.75
solid,NA,NA,NA,NA,0.5,TRUE,TRUE,TRUE,TRUE,TRUE,TRUE,1,1,0.25,0.75,0.75,65,35,Grade E,Grade E,Critical penalty burden,50,15
solid,NA,NA,NA,NA,0.5,TRUE,TRUE,TRUE,TRUE,TRUE,TRUE,1,0,0.5,0.75,0.75,46.25,53.75,Grade D,Grade D,Score-based certification,50,3.75
solid,NA,NA,NA,NA,0.5,TRUE,TRUE,TRUE,TRUE,TRUE,TRUE,1,0.25,0.5,0.75,0.75,52.5,47.5,Grade E,Grade E,Critical penalty burden,50,2.5
solid,NA,NA,NA,NA,0.5,TRUE,TRUE,TRUE,TRUE,TRUE,TRUE,1,0.5,0.5,0.75,0.75,58.75,41.25,Grade E,Grade E,Critical penalty burden,50,8.75
solid,NA,NA,NA,NA,0.5,TRUE,TRUE,TRUE,TRUE,TRUE,TRUE,1,0.75,0.5,0.75,0.75,65,35,Grade E,Grade E,Critical penalty burden,50,15
solid,NA,NA,NA,NA,0.5,TRUE,TRUE,TRUE,TRUE,TRUE,TRUE,1,1,0.5,0.75,0.75,71.25,28.75,Grade E,Grade E,Critical penalty burden,50,21.25
solid,NA,NA,NA,NA,0.5,TRUE,TRUE,TRUE,TRUE,TRUE,TRUE,1,0,0.75,0.75,0.75,52.5,47.5,Grade E,Grade E,Critical penalty burden,50,2.5
solid,NA,NA,NA,NA,0.5,TRUE,TRUE,TRUE,TRUE,TRUE,TRUE,1,0.25,0.75,0.75,0.75,58.75,41.25,Grade E,Grade E,Critical penalty burden,50,8.75
solid,NA,NA,NA,NA,0.5,TRUE,TRUE,TRUE,TRUE,TRUE,TRUE,1,0.5,0.75,0.75,0.75,65,35,Grade E,Grade E,Critical penalty burden,50,15
solid,NA,NA,NA,NA,0.5,TRUE,TRUE,TRUE,TRUE,TRUE,TRUE,1,0.75,0.75,0.75,0.75,71.25,28.75,Grade E,Grade E,Critical penalty burden,50,21.25
solid,NA,NA,NA,NA,0.5,TRUE,TRUE,TRUE,TRUE,TRUE,TRUE,1,1,0.75,0.75,0.75,77.5,22.5,Grade E,Grade E,Critical penalty burden,50,27.5
solid,NA,NA,NA,NA,0.5,TRUE,TRUE,TRUE,TRUE,TRUE,TRUE,1,0,1,0.75,0.75,58.75,41.25,Grade E,Grade E,Critical penalty burden,50,8.75
solid,NA,NA,NA,NA,0.5,TRUE,TRUE,TRUE,TRUE,TRUE,TRUE,1,0.25,1,0.75,0.75,65,35,Grade E,Grade E,Critical penalty burden,50,15
solid,NA,NA,NA,NA,0.5,TRUE,TRUE,TRUE,TRUE,TRUE,TRUE,1,0.5,1,0.75,0.75,71.25,28.75,Grade E,Grade E,Critical penalty burden,50,21.25
solid,NA,NA,NA,NA,0.5,TRUE,TRUE,TRUE,TRUE,TRUE,TRUE,1,0.75,1,0.75,0.75,77.5,22.5,Grade E,Grade E,Critical penalty burden,50,27.5
solid,NA,NA,NA,NA,0.5,TRUE,TRUE,TRUE,TRUE,TRUE,TRUE,1,1,1,0.75,0.75,83.75,16.25,Grade E,Grade E,Critical penalty burden,50,33.75
solid,NA,NA,NA,NA,0.5,TRUE,TRUE,TRUE,TRUE,TRUE,TRUE,1,0,0,1,0.75,37.5,62.5,Grade D,Grade D,Score-based certification,35,2.5
solid,NA,NA,NA,NA,0.5,TRUE,TRUE,TRUE,TRUE,TRUE,TRUE,1,0.25,0,1,0.75,43.75,56.25,Grade D,Grade D,Score-based certification,50,6.25
solid,NA,NA,NA,NA,0.5,TRUE,TRUE,TRUE,TRUE,TRUE,TRUE,1,0.5,0,1,0.75,50,50,Grade D,Grade D,Score-based certification,50,0
solid,NA,NA,NA,NA,0.5,TRUE,TRUE,TRUE,TRUE,TRUE,TRUE,1,0.75,0,1,0.75,56.25,43.75,Grade E,Grade E,Critical penalty burden,50,6.25
solid,NA,NA,NA,NA,0.5,TRUE,TRUE,TRUE,TRUE,TRUE,TRUE,1,1,0,1,0.75,62.5,37.5,Grade E,Grade E,Critical penalty burden,50,12.5
solid,NA,NA,NA,NA,0.5,TRUE,TRUE,TRUE,TRUE,TRUE,TRUE,1,0,0.25,1,0.75,43.75,56.25,Grade D,Grade D,Score-based certification,50,6.25
solid,NA,NA,NA,NA,0.5,TRUE,TRUE,TRUE,TRUE,TRUE,TRUE,1,0.25,0.25,1,0.75,50,50,Grade D,Grade D,Score-based certification,50,0
solid,NA,NA,NA,NA,0.5,TRUE,TRUE,TRUE,TRUE,TRUE,TRUE,1,0.5,0.25,1,0.75,56.25,43.75,Grade E,Grade E,Critical penalty burden,50,6.25
solid,NA,NA,NA,NA,0.5,TRUE,TRUE,TRUE,TRUE,TRUE,TRUE,1,0.75,0.25,1,0.75,62.5,37.5,Grade E,Grade E,Critical penalty burden,50,12.5
solid,NA,NA,NA,NA,0.5,TRUE,TRUE,TRUE,TRUE,TRUE,TRUE,1,1,0.25,1,0.75,68.75,31.25,Grade E,Grade E,Critical penalty burden,50,18.75
solid,NA,NA,NA,NA,0.5,TRUE,TRUE,TRUE,TRUE,TRUE,TRUE,1,0,0.5,1,0.75,50,50,Grade D,Grade D,Score-based certification,50,0
solid,NA,NA,NA,NA,0.5,TRUE,TRUE,TRUE,TRUE,TRUE,TRUE,1,0.25,0.5,1,0.75,56.25,43.75,Grade E,Grade E,Critical penalty burden,50,6.25
solid,NA,NA,NA,NA,0.5,TRUE,TRUE,TRUE,TRUE,TRUE,TRUE,1,0.5,0.5,1,0.75,62.5,37.5,Grade E,Grade E,Critical penalty burden,50,12.5
solid,NA,NA,NA,NA,0.5,TRUE,TRUE,TRUE,TRUE,TRUE,TRUE,1,0.75,0.5,1,0.75,68.75,31.25,Grade E,Grade E,Critical penalty burden,50,18.75
solid,NA,NA,NA,NA,0.5,TRUE,TRUE,TRUE,TRUE,TRUE,TRUE,1,1,0.5,1,0.75,75,25,Grade E,Grade E,Critical penalty burden,50,25
solid,NA,NA,NA,NA,0.5,TRUE,TRUE,TRUE,TRUE,TRUE,TRUE,1,0,0.75,1,0.75,56.25,43.75,Grade E,Grade E,Critical penalty burden,50,6.25
solid,NA,NA,NA,NA,0.5,TRUE,TRUE,TRUE,TRUE,TRUE,TRUE,1,0.25,0.75,1,0.75,62.5,37.5,Grade E,Grade E,Critical penalty burden,50,12.5
solid,NA,NA,NA,NA,0.5,TRUE,TRUE,TRUE,TRUE,TRUE,TRUE,1,0.5,0.75,1,0.75,68.75,31.25,Grade E,Grade E,Critical penalty burden,50,18.75
solid,NA,NA,NA,NA,0.5,TRUE,TRUE,TRUE,TRUE,TRUE,TRUE,1,0.75,0.75,1,0.75,75,25,Grade E,Grade E,Critical penalty burden,50,25
solid,NA,NA,NA,NA,0.5,TRUE,TRUE,TRUE,TRUE,TRUE,TRUE,1,1,0.75,1,0.75,81.25,18.75,Grade E,Grade E,Critical penalty burden,50,31.25
solid,NA,NA,NA,NA,0.5,TRUE,TRUE,TRUE,TRUE,TRUE,TRUE,1,0,1,1,0.75,62.5,37.5,Grade E,Grade E,Critical penalty burden,50,12.5
solid,NA,NA,NA,NA,0.5,TRUE,TRUE,TRUE,TRUE,TRUE,TRUE,1,0.25,1,1,0.75,68.75,31.25,Grade E,Grade E,Critical penalty burden,50,18.75
solid,NA,NA,NA,NA,0.5,TRUE,TRUE,TRUE,TRUE,TRUE,TRUE,1,0.5,1,1,0.75,75,25,Grade E,Grade E,Critical penalty burden,50,25
solid,NA,NA,NA,NA,0.5,TRUE,TRUE,TRUE,TRUE,TRUE,TRUE,1,0.75,1,1,0.75,81.25,18.75,Grade E,Grade E,Critical penalty burden,50,31.25
solid,NA,NA,NA,NA,0.5,TRUE,TRUE,TRUE,TRUE,TRUE,TRUE,1,1,1,1,0.75,87.5,12.5,Grade E,Grade E,Critical penalty burden,50,37.5
solid,NA,NA,NA,NA,0.5,TRUE,TRUE,TRUE,TRUE,TRUE,TRUE,1,0,0,0,1,27.5,72.5,Grade C,Grade C,Score-based certification,20,7.5
solid,NA,NA,NA,NA,0.5,TRUE,TRUE,TRUE,TRUE,TRUE,TRUE,1,0.25,0,0,1,33.75,66.25,Grade C,Grade C,Score-based certification,35,1.25
solid,NA,NA,NA,NA,0.5,TRUE,TRUE,TRUE,TRUE,TRUE,TRUE,1,0.5,0,0,1,40,60,Grade D,Grade D,Score-based certification,35,5
solid,NA,NA,NA,NA,0.5,TRUE,TRUE,TRUE,TRUE,TRUE,TRUE,1,0.75,0,0,1,46.25,53.75,Grade D,Grade D,Score-based certification,50,3.75
solid,NA,NA,NA,NA,0.5,TRUE,TRUE,TRUE,TRUE,TRUE,TRUE,1,1,0,0,1,52.5,47.5,Grade E,Grade E,Critical penalty burden,50,2.5
solid,NA,NA,NA,NA,0.5,TRUE,TRUE,TRUE,TRUE,TRUE,TRUE,1,0,0.25,0,1,33.75,66.25,Grade C,Grade C,Score-based certification,35,1.25
solid,NA,NA,NA,NA,0.5,TRUE,TRUE,TRUE,TRUE,TRUE,TRUE,1,0.25,0.25,0,1,40,60,Grade D,Grade D,Score-based certification,35,5
solid,NA,NA,NA,NA,0.5,TRUE,TRUE,TRUE,TRUE,TRUE,TRUE,1,0.5,0.25,0,1,46.25,53.75,Grade D,Grade D,Score-based certification,50,3.75
solid,NA,NA,NA,NA,0.5,TRUE,TRUE,TRUE,TRUE,TRUE,TRUE,1,0.75,0.25,0,1,52.5,47.5,Grade E,Grade E,Critical penalty burden,50,2.5
solid,NA,NA,NA,NA,0.5,TRUE,TRUE,TRUE,TRUE,TRUE,TRUE,1,1,0.25,0,1,58.75,41.25,Grade E,Grade E,Critical penalty burden,50,8.75
solid,NA,NA,NA,NA,0.5,TRUE,TRUE,TRUE,TRUE,TRUE,TRUE,1,0,0.5,0,1,40,60,Grade D,Grade D,Score-based certification,35,5
solid,NA,NA,NA,NA,0.5,TRUE,TRUE,TRUE,TRUE,TRUE,TRUE,1,0.25,0.5,0,1,46.25,53.75,Grade D,Grade D,Score-based certification,50,3.75
solid,NA,NA,NA,NA,0.5,TRUE,TRUE,TRUE,TRUE,TRUE,TRUE,1,0.5,0.5,0,1,52.5,47.5,Grade E,Grade E,Critical penalty burden,50,2.5
solid,NA,NA,NA,NA,0.5,TRUE,TRUE,TRUE,TRUE,TRUE,TRUE,1,0.75,0.5,0,1,58.75,41.25,Grade E,Grade E,Critical penalty burden,50,8.75
solid,NA,NA,NA,NA,0.5,TRUE,TRUE,TRUE,TRUE,TRUE,TRUE,1,1,0.5,0,1,65,35,Grade E,Grade E,Critical penalty burden,50,15
solid,NA,NA,NA,NA,0.5,TRUE,TRUE,TRUE,TRUE,TRUE,TRUE,1,0,0.75,0,1,46.25,53.75,Grade D,Grade D,Score-based certification,50,3.75
solid,NA,NA,NA,NA,0.5,TRUE,TRUE,TRUE,TRUE,TRUE,TRUE,1,0.25,0.75,0,1,52.5,47.5,Grade E,Grade E,Critical penalty burden,50,2.5
solid,NA,NA,NA,NA,0.5,TRUE,TRUE,TRUE,TRUE,TRUE,TRUE,1,0.5,0.75,0,1,58.75,41.25,Grade E,Grade E,Critical penalty burden,50,8.75
solid,NA,NA,NA,NA,0.5,TRUE,TRUE,TRUE,TRUE,TRUE,TRUE,1,0.75,0.75,0,1,65,35,Grade E,Grade E,Critical penalty burden,50,15
solid,NA,NA,NA,NA,0.5,TRUE,TRUE,TRUE,TRUE,TRUE,TRUE,1,1,0.75,0,1,71.25,28.75,Grade E,Grade E,Critical penalty burden,50,21.25
solid,NA,NA,NA,NA,0.5,TRUE,TRUE,TRUE,TRUE,TRUE,TRUE,1,0,1,0,1,52.5,47.5,Grade E,Grade E,Critical penalty burden,50,2.5
solid,NA,NA,NA,NA,0.5,TRUE,TRUE,TRUE,TRUE,TRUE,TRUE,1,0.25,1,0,1,58.75,41.25,Grade E,Grade E,Critical penalty burden,50,8.75
solid,NA,NA,NA,NA,0.5,TRUE,TRUE,TRUE,TRUE,TRUE,TRUE,1,0.5,1,0,1,65,35,Grade E,Grade E,Critical penalty burden,50,15
solid,NA,NA,NA,NA,0.5,TRUE,TRUE,TRUE,TRUE,TRUE,TRUE,1,0.75,1,0,1,71.25,28.75,Grade E,Grade E,Critical penalty burden,50,21.25
solid,NA,NA,NA,NA,0.5,TRUE,TRUE,TRUE,TRUE,TRUE,TRUE,1,1,1,0,1,77.5,22.5,Grade E,Grade E,Critical penalty burden,50,27.5
solid,NA,NA,NA,NA,0.5,TRUE,TRUE,TRUE,TRUE,TRUE,TRUE,1,0,0,0.25,1,31.25,68.75,Grade C,Grade C,Score-based certification,35,3.75
solid,NA,NA,NA,NA,0.5,TRUE,TRUE,TRUE,TRUE,TRUE,TRUE,1,0.25,0,0.25,1,37.5,62.5,Grade D,Grade D,Score-based certification,35,2.5
solid,NA,NA,NA,NA,0.5,TRUE,TRUE,TRUE,TRUE,TRUE,TRUE,1,0.5,0,0.25,1,43.75,56.25,Grade D,Grade D,Score-based certification,50,6.25
solid,NA,NA,NA,NA,0.5,TRUE,TRUE,TRUE,TRUE,TRUE,TRUE,1,0.75,0,0.25,1,50,50,Grade D,Grade D,Score-based certification,50,0
solid,NA,NA,NA,NA,0.5,TRUE,TRUE,TRUE,TRUE,TRUE,TRUE,1,1,0,0.25,1,56.25,43.75,Grade E,Grade E,Critical penalty burden,50,6.25
solid,NA,NA,NA,NA,0.5,TRUE,TRUE,TRUE,TRUE,TRUE,TRUE,1,0,0.25,0.25,1,37.5,62.5,Grade D,Grade D,Score-based certification,35,2.5
solid,NA,NA,NA,NA,0.5,TRUE,TRUE,TRUE,TRUE,TRUE,TRUE,1,0.25,0.25,0.25,1,43.75,56.25,Grade D,Grade D,Score-based certification,50,6.25
solid,NA,NA,NA,NA,0.5,TRUE,TRUE,TRUE,TRUE,TRUE,TRUE,1,0.5,0.25,0.25,1,50,50,Grade D,Grade D,Score-based certification,50,0
solid,NA,NA,NA,NA,0.5,TRUE,TRUE,TRUE,TRUE,TRUE,TRUE,1,0.75,0.25,0.25,1,56.25,43.75,Grade E,Grade E,Critical penalty burden,50,6.25
solid,NA,NA,NA,NA,0.5,TRUE,TRUE,TRUE,TRUE,TRUE,TRUE,1,1,0.25,0.25,1,62.5,37.5,Grade E,Grade E,Critical penalty burden,50,12.5
solid,NA,NA,NA,NA,0.5,TRUE,TRUE,TRUE,TRUE,TRUE,TRUE,1,0,0.5,0.25,1,43.75,56.25,Grade D,Grade D,Score-based certification,50,6.25
solid,NA,NA,NA,NA,0.5,TRUE,TRUE,TRUE,TRUE,TRUE,TRUE,1,0.25,0.5,0.25,1,50,50,Grade D,Grade D,Score-based certification,50,0
solid,NA,NA,NA,NA,0.5,TRUE,TRUE,TRUE,TRUE,TRUE,TRUE,1,0.5,0.5,0.25,1,56.25,43.75,Grade E,Grade E,Critical penalty burden,50,6.25
solid,NA,NA,NA,NA,0.5,TRUE,TRUE,TRUE,TRUE,TRUE,TRUE,1,0.75,0.5,0.25,1,62.5,37.5,Grade E,Grade E,Critical penalty burden,50,12.5
solid,NA,NA,NA,NA,0.5,TRUE,TRUE,TRUE,TRUE,TRUE,TRUE,1,1,0.5,0.25,1,68.75,31.25,Grade E,Grade E,Critical penalty burden,50,18.75
solid,NA,NA,NA,NA,0.5,TRUE,TRUE,TRUE,TRUE,TRUE,TRUE,1,0,0.75,0.25,1,50,50,Grade D,Grade D,Score-based certification,50,0
solid,NA,NA,NA,NA,0.5,TRUE,TRUE,TRUE,TRUE,TRUE,TRUE,1,0.25,0.75,0.25,1,56.25,43.75,Grade E,Grade E,Critical penalty burden,50,6.25
solid,NA,NA,NA,NA,0.5,TRUE,TRUE,TRUE,TRUE,TRUE,TRUE,1,0.5,0.75,0.25,1,62.5,37.5,Grade E,Grade E,Critical penalty burden,50,12.5
solid,NA,NA,NA,NA,0.5,TRUE,TRUE,TRUE,TRUE,TRUE,TRUE,1,0.75,0.75,0.25,1,68.75,31.25,Grade E,Grade E,Critical penalty burden,50,18.75
solid,NA,NA,NA,NA,0.5,TRUE,TRUE,TRUE,TRUE,TRUE,TRUE,1,1,0.75,0.25,1,75,25,Grade E,Grade E,Critical penalty burden,50,25
solid,NA,NA,NA,NA,0.5,TRUE,TRUE,TRUE,TRUE,TRUE,TRUE,1,0,1,0.25,1,56.25,43.75,Grade E,Grade E,Critical penalty burden,50,6.25
solid,NA,NA,NA,NA,0.5,TRUE,TRUE,TRUE,TRUE,TRUE,TRUE,1,0.25,1,0.25,1,62.5,37.5,Grade E,Grade E,Critical penalty burden,50,12.5
solid,NA,NA,NA,NA,0.5,TRUE,TRUE,TRUE,TRUE,TRUE,TRUE,1,0.5,1,0.25,1,68.75,31.25,Grade E,Grade E,Critical penalty burden,50,18.75
solid,NA,NA,NA,NA,0.5,TRUE,TRUE,TRUE,TRUE,TRUE,TRUE,1,0.75,1,0.25,1,75,25,Grade E,Grade E,Critical penalty burden,50,25
solid,NA,NA,NA,NA,0.5,TRUE,TRUE,TRUE,TRUE,TRUE,TRUE,1,1,1,0.25,1,81.25,18.75,Grade E,Grade E,Critical penalty burden,50,31.25
solid,NA,NA,NA,NA,0.5,TRUE,TRUE,TRUE,TRUE,TRUE,TRUE,1,0,0,0.5,1,35,65,Grade C,Grade C,Score-based certification,35,0
solid,NA,NA,NA,NA,0.5,TRUE,TRUE,TRUE,TRUE,TRUE,TRUE,1,0.25,0,0.5,1,41.25,58.75,Grade D,Grade D,Score-based certification,35,6.25
solid,NA,NA,NA,NA,0.5,TRUE,TRUE,TRUE,TRUE,TRUE,TRUE,1,0.5,0,0.5,1,47.5,52.5,Grade D,Grade D,Score-based certification,50,2.5
solid,NA,NA,NA,NA,0.5,TRUE,TRUE,TRUE,TRUE,TRUE,TRUE,1,0.75,0,0.5,1,53.75,46.25,Grade E,Grade E,Critical penalty burden,50,3.75
solid,NA,NA,NA,NA,0.5,TRUE,TRUE,TRUE,TRUE,TRUE,TRUE,1,1,0,0.5,1,60,40,Grade E,Grade E,Critical penalty burden,50,10
solid,NA,NA,NA,NA,0.5,TRUE,TRUE,TRUE,TRUE,TRUE,TRUE,1,0,0.25,0.5,1,41.25,58.75,Grade D,Grade D,Score-based certification,35,6.25
solid,NA,NA,NA,NA,0.5,TRUE,TRUE,TRUE,TRUE,TRUE,TRUE,1,0.25,0.25,0.5,1,47.5,52.5,Grade D,Grade D,Score-based certification,50,2.5
solid,NA,NA,NA,NA,0.5,TRUE,TRUE,TRUE,TRUE,TRUE,TRUE,1,0.5,0.25,0.5,1,53.75,46.25,Grade E,Grade E,Critical penalty burden,50,3.75
solid,NA,NA,NA,NA,0.5,TRUE,TRUE,TRUE,TRUE,TRUE,TRUE,1,0.75,0.25,0.5,1,60,40,Grade E,Grade E,Critical penalty burden,50,10
solid,NA,NA,NA,NA,0.5,TRUE,TRUE,TRUE,TRUE,TRUE,TRUE,1,1,0.25,0.5,1,66.25,33.75,Grade E,Grade E,Critical penalty burden,50,16.25
solid,NA,NA,NA,NA,0.5,TRUE,TRUE,TRUE,TRUE,TRUE,TRUE,1,0,0.5,0.5,1,47.5,52.5,Grade D,Grade D,Score-based certification,50,2.5
solid,NA,NA,NA,NA,0.5,TRUE,TRUE,TRUE,TRUE,TRUE,TRUE,1,0.25,0.5,0.5,1,53.75,46.25,Grade E,Grade E,Critical penalty burden,50,3.75
solid,NA,NA,NA,NA,0.5,TRUE,TRUE,TRUE,TRUE,TRUE,TRUE,1,0.5,0.5,0.5,1,60,40,Grade E,Grade E,Critical penalty burden,50,10
solid,NA,NA,NA,NA,0.5,TRUE,TRUE,TRUE,TRUE,TRUE,TRUE,1,0.75,0.5,0.5,1,66.25,33.75,Grade E,Grade E,Critical penalty burden,50,16.25
solid,NA,NA,NA,NA,0.5,TRUE,TRUE,TRUE,TRUE,TRUE,TRUE,1,1,0.5,0.5,1,72.5,27.5,Grade E,Grade E,Critical penalty burden,50,22.5
solid,NA,NA,NA,NA,0.5,TRUE,TRUE,TRUE,TRUE,TRUE,TRUE,1,0,0.75,0.5,1,53.75,46.25,Grade E,Grade E,Critical penalty burden,50,3.75
solid,NA,NA,NA,NA,0.5,TRUE,TRUE,TRUE,TRUE,TRUE,TRUE,1,0.25,0.75,0.5,1,60,40,Grade E,Grade E,Critical penalty burden,50,10
solid,NA,NA,NA,NA,0.5,TRUE,TRUE,TRUE,TRUE,TRUE,TRUE,1,0.5,0.75,0.5,1,66.25,33.75,Grade E,Grade E,Critical penalty burden,50,16.25
solid,NA,NA,NA,NA,0.5,TRUE,TRUE,TRUE,TRUE,TRUE,TRUE,1,0.75,0.75,0.5,1,72.5,27.5,Grade E,Grade E,Critical penalty burden,50,22.5
solid,NA,NA,NA,NA,0.5,TRUE,TRUE,TRUE,TRUE,TRUE,TRUE,1,1,0.75,0.5,1,78.75,21.25,Grade E,Grade E,Critical penalty burden,50,28.75
solid,NA,NA,NA,NA,0.5,TRUE,TRUE,TRUE,TRUE,TRUE,TRUE,1,0,1,0.5,1,60,40,Grade E,Grade E,Critical penalty burden,50,10
solid,NA,NA,NA,NA,0.5,TRUE,TRUE,TRUE,TRUE,TRUE,TRUE,1,0.25,1,0.5,1,66.25,33.75,Grade E,Grade E,Critical penalty burden,50,16.25
solid,NA,NA,NA,NA,0.5,TRUE,TRUE,TRUE,TRUE,TRUE,TRUE,1,0.5,1,0.5,1,72.5,27.5,Grade E,Grade E,Critical penalty burden,50,22.5
solid,NA,NA,NA,NA,0.5,TRUE,TRUE,TRUE,TRUE,TRUE,TRUE,1,0.75,1,0.5,1,78.75,21.25,Grade E,Grade E,Critical penalty burden,50,28.75
solid,NA,NA,NA,NA,0.5,TRUE,TRUE,TRUE,TRUE,TRUE,TRUE,1,1,1,0.5,1,85,15,Grade E,Grade E,Critical penalty burden,50,35
solid,NA,NA,NA,NA,0.5,TRUE,TRUE,TRUE,TRUE,TRUE,TRUE,1,0,0,0.75,1,38.75,61.25,Grade D,Grade D,Score-based certification,35,3.75
solid,NA,NA,NA,NA,0.5,TRUE,TRUE,TRUE,TRUE,TRUE,TRUE,1,0.25,0,0.75,1,45,55,Grade D,Grade D,Score-based certification,50,5
solid,NA,NA,NA,NA,0.5,TRUE,TRUE,TRUE,TRUE,TRUE,TRUE,1,0.5,0,0.75,1,51.25,48.75,Grade E,Grade E,Critical penalty burden,50,1.25
solid,NA,NA,NA,NA,0.5,TRUE,TRUE,TRUE,TRUE,TRUE,TRUE,1,0.75,0,0.75,1,57.5,42.5,Grade E,Grade E,Critical penalty burden,50,7.5
solid,NA,NA,NA,NA,0.5,TRUE,TRUE,TRUE,TRUE,TRUE,TRUE,1,1,0,0.75,1,63.75,36.25,Grade E,Grade E,Critical penalty burden,50,13.75
solid,NA,NA,NA,NA,0.5,TRUE,TRUE,TRUE,TRUE,TRUE,TRUE,1,0,0.25,0.75,1,45,55,Grade D,Grade D,Score-based certification,50,5
solid,NA,NA,NA,NA,0.5,TRUE,TRUE,TRUE,TRUE,TRUE,TRUE,1,0.25,0.25,0.75,1,51.25,48.75,Grade E,Grade E,Critical penalty burden,50,1.25
solid,NA,NA,NA,NA,0.5,TRUE,TRUE,TRUE,TRUE,TRUE,TRUE,1,0.5,0.25,0.75,1,57.5,42.5,Grade E,Grade E,Critical penalty burden,50,7.5
solid,NA,NA,NA,NA,0.5,TRUE,TRUE,TRUE,TRUE,TRUE,TRUE,1,0.75,0.25,0.75,1,63.75,36.25,Grade E,Grade E,Critical penalty burden,50,13.75
solid,NA,NA,NA,NA,0.5,TRUE,TRUE,TRUE,TRUE,TRUE,TRUE,1,1,0.25,0.75,1,70,30,Grade E,Grade E,Critical penalty burden,50,20
solid,NA,NA,NA,NA,0.5,TRUE,TRUE,TRUE,TRUE,TRUE,TRUE,1,0,0.5,0.75,1,51.25,48.75,Grade E,Grade E,Critical penalty burden,50,1.25
solid,NA,NA,NA,NA,0.5,TRUE,TRUE,TRUE,TRUE,TRUE,TRUE,1,0.25,0.5,0.75,1,57.5,42.5,Grade E,Grade E,Critical penalty burden,50,7.5
solid,NA,NA,NA,NA,0.5,TRUE,TRUE,TRUE,TRUE,TRUE,TRUE,1,0.5,0.5,0.75,1,63.75,36.25,Grade E,Grade E,Critical penalty burden,50,13.75
solid,NA,NA,NA,NA,0.5,TRUE,TRUE,TRUE,TRUE,TRUE,TRUE,1,0.75,0.5,0.75,1,70,30,Grade E,Grade E,Critical penalty burden,50,20
solid,NA,NA,NA,NA,0.5,TRUE,TRUE,TRUE,TRUE,TRUE,TRUE,1,1,0.5,0.75,1,76.25,23.75,Grade E,Grade E,Critical penalty burden,50,26.25
solid,NA,NA,NA,NA,0.5,TRUE,TRUE,TRUE,TRUE,TRUE,TRUE,1,0,0.75,0.75,1,57.5,42.5,Grade E,Grade E,Critical penalty burden,50,7.5
solid,NA,NA,NA,NA,0.5,TRUE,TRUE,TRUE,TRUE,TRUE,TRUE,1,0.25,0.75,0.75,1,63.75,36.25,Grade E,Grade E,Critical penalty burden,50,13.75
solid,NA,NA,NA,NA,0.5,TRUE,TRUE,TRUE,TRUE,TRUE,TRUE,1,0.5,0.75,0.75,1,70,30,Grade E,Grade E,Critical penalty burden,50,20
solid,NA,NA,NA,NA,0.5,TRUE,TRUE,TRUE,TRUE,TRUE,TRUE,1,0.75,0.75,0.75,1,76.25,23.75,Grade E,Grade E,Critical penalty burden,50,26.25
solid,NA,NA,NA,NA,0.5,TRUE,TRUE,TRUE,TRUE,TRUE,TRUE,1,1,0.75,0.75,1,82.5,17.5,Grade E,Grade E,Critical penalty burden,50,32.5
solid,NA,NA,NA,NA,0.5,TRUE,TRUE,TRUE,TRUE,TRUE,TRUE,1,0,1,0.75,1,63.75,36.25,Grade E,Grade E,Critical penalty burden,50,13.75
solid,NA,NA,NA,NA,0.5,TRUE,TRUE,TRUE,TRUE,TRUE,TRUE,1,0.25,1,0.75,1,70,30,Grade E,Grade E,Critical penalty burden,50,20
solid,NA,NA,NA,NA,0.5,TRUE,TRUE,TRUE,TRUE,TRUE,TRUE,1,0.5,1,0.75,1,76.25,23.75,Grade E,Grade E,Critical penalty burden,50,26.25
solid,NA,NA,NA,NA,0.5,TRUE,TRUE,TRUE,TRUE,TRUE,TRUE,1,0.75,1,0.75,1,82.5,17.5,Grade E,Grade E,Critical penalty burden,50,32.5
solid,NA,NA,NA,NA,0.5,TRUE,TRUE,TRUE,TRUE,TRUE,TRUE,1,1,1,0.75,1,88.75,11.25,Grade E,Grade E,Critical penalty burden,50,38.75
solid,NA,NA,NA,NA,0.5,TRUE,TRUE,TRUE,TRUE,TRUE,TRUE,1,0,0,1,1,42.5,57.5,Grade D,Grade D,Score-based certification,35,7.5
solid,NA,NA,NA,NA,0.5,TRUE,TRUE,TRUE,TRUE,TRUE,TRUE,1,0.25,0,1,1,48.75,51.25,Grade D,Grade D,Score-based certification,50,1.25
solid,NA,NA,NA,NA,0.5,TRUE,TRUE,TRUE,TRUE,TRUE,TRUE,1,0.5,0,1,1,55,45,Grade E,Grade E,Critical penalty burden,50,5
solid,NA,NA,NA,NA,0.5,TRUE,TRUE,TRUE,TRUE,TRUE,TRUE,1,0.75,0,1,1,61.25,38.75,Grade E,Grade E,Critical penalty burden,50,11.25
solid,NA,NA,NA,NA,0.5,TRUE,TRUE,TRUE,TRUE,TRUE,TRUE,1,1,0,1,1,67.5,32.5,Grade E,Grade E,Critical penalty burden,50,17.5
solid,NA,NA,NA,NA,0.5,TRUE,TRUE,TRUE,TRUE,TRUE,TRUE,1,0,0.25,1,1,48.75,51.25,Grade D,Grade D,Score-based certification,50,1.25
solid,NA,NA,NA,NA,0.5,TRUE,TRUE,TRUE,TRUE,TRUE,TRUE,1,0.25,0.25,1,1,55,45,Grade E,Grade E,Critical penalty burden,50,5
solid,NA,NA,NA,NA,0.5,TRUE,TRUE,TRUE,TRUE,TRUE,TRUE,1,0.5,0.25,1,1,61.25,38.75,Grade E,Grade E,Critical penalty burden,50,11.25
solid,NA,NA,NA,NA,0.5,TRUE,TRUE,TRUE,TRUE,TRUE,TRUE,1,0.75,0.25,1,1,67.5,32.5,Grade E,Grade E,Critical penalty burden,50,17.5
solid,NA,NA,NA,NA,0.5,TRUE,TRUE,TRUE,TRUE,TRUE,TRUE,1,1,0.25,1,1,73.75,26.25,Grade E,Grade E,Critical penalty burden,50,23.75
solid,NA,NA,NA,NA,0.5,TRUE,TRUE,TRUE,TRUE,TRUE,TRUE,1,0,0.5,1,1,55,45,Grade E,Grade E,Critical penalty burden,50,5
solid,NA,NA,NA,NA,0.5,TRUE,TRUE,TRUE,TRUE,TRUE,TRUE,1,0.25,0.5,1,1,61.25,38.75,Grade E,Grade E,Critical penalty burden,50,11.25
solid,NA,NA,NA,NA,0.5,TRUE,TRUE,TRUE,TRUE,TRUE,TRUE,1,0.5,0.5,1,1,67.5,32.5,Grade E,Grade E,Critical penalty burden,50,17.5
solid,NA,NA,NA,NA,0.5,TRUE,TRUE,TRUE,TRUE,TRUE,TRUE,1,0.75,0.5,1,1,73.75,26.25,Grade E,Grade E,Critical penalty burden,50,23.75
solid,NA,NA,NA,NA,0.5,TRUE,TRUE,TRUE,TRUE,TRUE,TRUE,1,1,0.5,1,1,80,20,Grade E,Grade E,Critical penalty burden,50,30
solid,NA,NA,NA,NA,0.5,TRUE,TRUE,TRUE,TRUE,TRUE,TRUE,1,0,0.75,1,1,61.25,38.75,Grade E,Grade E,Critical penalty burden,50,11.25
solid,NA,NA,NA,NA,0.5,TRUE,TRUE,TRUE,TRUE,TRUE,TRUE,1,0.25,0.75,1,1,67.5,32.5,Grade E,Grade E,Critical penalty burden,50,17.5
solid,NA,NA,NA,NA,0.5,TRUE,TRUE,TRUE,TRUE,TRUE,TRUE,1,0.5,0.75,1,1,73.75,26.25,Grade E,Grade E,Critical penalty burden,50,23.75
solid,NA,NA,NA,NA,0.5,TRUE,TRUE,TRUE,TRUE,TRUE,TRUE,1,0.75,0.75,1,1,80,20,Grade E,Grade E,Critical penalty burden,50,30
solid,NA,NA,NA,NA,0.5,TRUE,TRUE,TRUE,TRUE,TRUE,TRUE,1,1,0.75,1,1,86.25,13.75,Grade E,Grade E,Critical penalty burden,50,36.25
solid,NA,NA,NA,NA,0.5,TRUE,TRUE,TRUE,TRUE,TRUE,TRUE,1,0,1,1,1,67.5,32.5,Grade E,Grade E,Critical penalty burden,50,17.5
solid,NA,NA,NA,NA,0.5,TRUE,TRUE,TRUE,TRUE,TRUE,TRUE,1,0.25,1,1,1,73.75,26.25,Grade E,Grade E,Critical penalty burden,50,23.75
solid,NA,NA,NA,NA,0.5,TRUE,TRUE,TRUE,TRUE,TRUE,TRUE,1,0.5,1,1,1,80,20,Grade E,Grade E,Critical penalty burden,50,30
solid,NA,NA,NA,NA,0.5,TRUE,TRUE,TRUE,TRUE,TRUE,TRUE,1,0.75,1,1,1,86.25,13.75,Grade E,Grade E,Critical penalty burden,50,36.25
solid,NA,NA,NA,NA,0.5,TRUE,TRUE,TRUE,TRUE,TRUE,TRUE,1,1,1,1,1,92.5,7.5,Grade E,Grade E,Critical penalty burden,50,42.5
solid,NA,NA,NA,NA,0.75,TRUE,TRUE,TRUE,TRUE,TRUE,TRUE,1,0,0,0,0,11.25,88.75,Grade B,Grade B,Score-based certification,10,1.25
solid,NA,NA,NA,NA,0.75,TRUE,TRUE,TRUE,TRUE,TRUE,TRUE,1,0.25,0,0,0,17.5,82.5,Grade B,Grade B,Score-based certification,20,2.5
solid,NA,NA,NA,NA,0.75,TRUE,TRUE,TRUE,TRUE,TRUE,TRUE,1,0.5,0,0,0,23.75,76.25,Grade C,Grade C,Score-based certification,20,3.75
solid,NA,NA,NA,NA,0.75,TRUE,TRUE,TRUE,TRUE,TRUE,TRUE,1,0.75,0,0,0,30,70,Grade C,Grade C,Score-based certification,35,5
solid,NA,NA,NA,NA,0.75,TRUE,TRUE,TRUE,TRUE,TRUE,TRUE,1,1,0,0,0,36.25,63.75,Grade D,Grade D,Score-based certification,35,1.25
solid,NA,NA,NA,NA,0.75,TRUE,TRUE,TRUE,TRUE,TRUE,TRUE,1,0,0.25,0,0,17.5,82.5,Grade B,Grade B,Score-based certification,20,2.5
solid,NA,NA,NA,NA,0.75,TRUE,TRUE,TRUE,TRUE,TRUE,TRUE,1,0.25,0.25,0,0,23.75,76.25,Grade C,Grade C,Score-based certification,20,3.75
solid,NA,NA,NA,NA,0.75,TRUE,TRUE,TRUE,TRUE,TRUE,TRUE,1,0.5,0.25,0,0,30,70,Grade C,Grade C,Score-based certification,35,5
solid,NA,NA,NA,NA,0.75,TRUE,TRUE,TRUE,TRUE,TRUE,TRUE,1,0.75,0.25,0,0,36.25,63.75,Grade D,Grade D,Score-based certification,35,1.25
solid,NA,NA,NA,NA,0.75,TRUE,TRUE,TRUE,TRUE,TRUE,TRUE,1,1,0.25,0,0,42.5,57.5,Grade D,Grade D,Score-based certification,35,7.5
solid,NA,NA,NA,NA,0.75,TRUE,TRUE,TRUE,TRUE,TRUE,TRUE,1,0,0.5,0,0,23.75,76.25,Grade C,Grade C,Score-based certification,20,3.75
solid,NA,NA,NA,NA,0.75,TRUE,TRUE,TRUE,TRUE,TRUE,TRUE,1,0.25,0.5,0,0,30,70,Grade C,Grade C,Score-based certification,35,5
solid,NA,NA,NA,NA,0.75,TRUE,TRUE,TRUE,TRUE,TRUE,TRUE,1,0.5,0.5,0,0,36.25,63.75,Grade D,Grade D,Score-based certification,35,1.25
solid,NA,NA,NA,NA,0.75,TRUE,TRUE,TRUE,TRUE,TRUE,TRUE,1,0.75,0.5,0,0,42.5,57.5,Grade D,Grade D,Score-based certification,35,7.5
solid,NA,NA,NA,NA,0.75,TRUE,TRUE,TRUE,TRUE,TRUE,TRUE,1,1,0.5,0,0,48.75,51.25,Grade D,Grade D,Score-based certification,50,1.25
solid,NA,NA,NA,NA,0.75,TRUE,TRUE,TRUE,TRUE,TRUE,TRUE,1,0,0.75,0,0,30,70,Grade C,Grade C,Score-based certification,35,5
solid,NA,NA,NA,NA,0.75,TRUE,TRUE,TRUE,TRUE,TRUE,TRUE,1,0.25,0.75,0,0,36.25,63.75,Grade D,Grade D,Score-based certification,35,1.25
solid,NA,NA,NA,NA,0.75,TRUE,TRUE,TRUE,TRUE,TRUE,TRUE,1,0.5,0.75,0,0,42.5,57.5,Grade D,Grade D,Score-based certification,35,7.5
solid,NA,NA,NA,NA,0.75,TRUE,TRUE,TRUE,TRUE,TRUE,TRUE,1,0.75,0.75,0,0,48.75,51.25,Grade D,Grade D,Score-based certification,50,1.25
solid,NA,NA,NA,NA,0.75,TRUE,TRUE,TRUE,TRUE,TRUE,TRUE,1,1,0.75,0,0,55,45,Grade E,Grade E,Critical penalty burden,50,5
solid,NA,NA,NA,NA,0.75,TRUE,TRUE,TRUE,TRUE,TRUE,TRUE,1,0,1,0,0,36.25,63.75,Grade D,Grade D,Score-based certification,35,1.25
solid,NA,NA,NA,NA,0.75,TRUE,TRUE,TRUE,TRUE,TRUE,TRUE,1,0.25,1,0,0,42.5,57.5,Grade D,Grade D,Score-based certification,35,7.5
solid,NA,NA,NA,NA,0.75,TRUE,TRUE,TRUE,TRUE,TRUE,TRUE,1,0.5,1,0,0,48.75,51.25,Grade D,Grade D,Score-based certification,50,1.25
solid,NA,NA,NA,NA,0.75,TRUE,TRUE,TRUE,TRUE,TRUE,TRUE,1,0.75,1,0,0,55,45,Grade E,Grade E,Critical penalty burden,50,5
solid,NA,NA,NA,NA,0.75,TRUE,TRUE,TRUE,TRUE,TRUE,TRUE,1,1,1,0,0,61.25,38.75,Grade E,Grade E,Critical penalty burden,50,11.25
solid,NA,NA,NA,NA,0.75,TRUE,TRUE,TRUE,TRUE,TRUE,TRUE,1,0,0,0.25,0,15,85,Grade B,Grade B,Score-based certification,10,5
solid,NA,NA,NA,NA,0.75,TRUE,TRUE,TRUE,TRUE,TRUE,TRUE,1,0.25,0,0.25,0,21.25,78.75,Grade C,Grade C,Score-based certification,20,1.25
solid,NA,NA,NA,NA,0.75,TRUE,TRUE,TRUE,TRUE,TRUE,TRUE,1,0.5,0,0.25,0,27.5,72.5,Grade C,Grade C,Score-based certification,20,7.5
solid,NA,NA,NA,NA,0.75,TRUE,TRUE,TRUE,TRUE,TRUE,TRUE,1,0.75,0,0.25,0,33.75,66.25,Grade C,Grade C,Score-based certification,35,1.25
solid,NA,NA,NA,NA,0.75,TRUE,TRUE,TRUE,TRUE,TRUE,TRUE,1,1,0,0.25,0,40,60,Grade D,Grade D,Score-based certification,35,5
solid,NA,NA,NA,NA,0.75,TRUE,TRUE,TRUE,TRUE,TRUE,TRUE,1,0,0.25,0.25,0,21.25,78.75,Grade C,Grade C,Score-based certification,20,1.25
solid,NA,NA,NA,NA,0.75,TRUE,TRUE,TRUE,TRUE,TRUE,TRUE,1,0.25,0.25,0.25,0,27.5,72.5,Grade C,Grade C,Score-based certification,20,7.5
solid,NA,NA,NA,NA,0.75,TRUE,TRUE,TRUE,TRUE,TRUE,TRUE,1,0.5,0.25,0.25,0,33.75,66.25,Grade C,Grade C,Score-based certification,35,1.25
solid,NA,NA,NA,NA,0.75,TRUE,TRUE,TRUE,TRUE,TRUE,TRUE,1,0.75,0.25,0.25,0,40,60,Grade D,Grade D,Score-based certification,35,5
solid,NA,NA,NA,NA,0.75,TRUE,TRUE,TRUE,TRUE,TRUE,TRUE,1,1,0.25,0.25,0,46.25,53.75,Grade D,Grade D,Score-based certification,50,3.75
solid,NA,NA,NA,NA,0.75,TRUE,TRUE,TRUE,TRUE,TRUE,TRUE,1,0,0.5,0.25,0,27.5,72.5,Grade C,Grade C,Score-based certification,20,7.5
solid,NA,NA,NA,NA,0.75,TRUE,TRUE,TRUE,TRUE,TRUE,TRUE,1,0.25,0.5,0.25,0,33.75,66.25,Grade C,Grade C,Score-based certification,35,1.25
solid,NA,NA,NA,NA,0.75,TRUE,TRUE,TRUE,TRUE,TRUE,TRUE,1,0.5,0.5,0.25,0,40,60,Grade D,Grade D,Score-based certification,35,5
solid,NA,NA,NA,NA,0.75,TRUE,TRUE,TRUE,TRUE,TRUE,TRUE,1,0.75,0.5,0.25,0,46.25,53.75,Grade D,Grade D,Score-based certification,50,3.75
solid,NA,NA,NA,NA,0.75,TRUE,TRUE,TRUE,TRUE,TRUE,TRUE,1,1,0.5,0.25,0,52.5,47.5,Grade E,Grade E,Critical penalty burden,50,2.5
solid,NA,NA,NA,NA,0.75,TRUE,TRUE,TRUE,TRUE,TRUE,TRUE,1,0,0.75,0.25,0,33.75,66.25,Grade C,Grade C,Score-based certification,35,1.25
solid,NA,NA,NA,NA,0.75,TRUE,TRUE,TRUE,TRUE,TRUE,TRUE,1,0.25,0.75,0.25,0,40,60,Grade D,Grade D,Score-based certification,35,5
solid,NA,NA,NA,NA,0.75,TRUE,TRUE,TRUE,TRUE,TRUE,TRUE,1,0.5,0.75,0.25,0,46.25,53.75,Grade D,Grade D,Score-based certification,50,3.75
solid,NA,NA,NA,NA,0.75,TRUE,TRUE,TRUE,TRUE,TRUE,TRUE,1,0.75,0.75,0.25,0,52.5,47.5,Grade E,Grade E,Critical penalty burden,50,2.5
solid,NA,NA,NA,NA,0.75,TRUE,TRUE,TRUE,TRUE,TRUE,TRUE,1,1,0.75,0.25,0,58.75,41.25,Grade E,Grade E,Critical penalty burden,50,8.75
solid,NA,NA,NA,NA,0.75,TRUE,TRUE,TRUE,TRUE,TRUE,TRUE,1,0,1,0.25,0,40,60,Grade D,Grade D,Score-based certification,35,5
solid,NA,NA,NA,NA,0.75,TRUE,TRUE,TRUE,TRUE,TRUE,TRUE,1,0.25,1,0.25,0,46.25,53.75,Grade D,Grade D,Score-based certification,50,3.75
solid,NA,NA,NA,NA,0.75,TRUE,TRUE,TRUE,TRUE,TRUE,TRUE,1,0.5,1,0.25,0,52.5,47.5,Grade E,Grade E,Critical penalty burden,50,2.5
solid,NA,NA,NA,NA,0.75,TRUE,TRUE,TRUE,TRUE,TRUE,TRUE,1,0.75,1,0.25,0,58.75,41.25,Grade E,Grade E,Critical penalty burden,50,8.75
solid,NA,NA,NA,NA,0.75,TRUE,TRUE,TRUE,TRUE,TRUE,TRUE,1,1,1,0.25,0,65,35,Grade E,Grade E,Critical penalty burden,50,15
solid,NA,NA,NA,NA,0.75,TRUE,TRUE,TRUE,TRUE,TRUE,TRUE,1,0,0,0.5,0,18.75,81.25,Grade B,Grade B,Score-based certification,20,1.25
solid,NA,NA,NA,NA,0.75,TRUE,TRUE,TRUE,TRUE,TRUE,TRUE,1,0.25,0,0.5,0,25,75,Grade C,Grade C,Score-based certification,20,5
solid,NA,NA,NA,NA,0.75,TRUE,TRUE,TRUE,TRUE,TRUE,TRUE,1,0.5,0,0.5,0,31.25,68.75,Grade C,Grade C,Score-based certification,35,3.75
solid,NA,NA,NA,NA,0.75,TRUE,TRUE,TRUE,TRUE,TRUE,TRUE,1,0.75,0,0.5,0,37.5,62.5,Grade D,Grade D,Score-based certification,35,2.5
solid,NA,NA,NA,NA,0.75,TRUE,TRUE,TRUE,TRUE,TRUE,TRUE,1,1,0,0.5,0,43.75,56.25,Grade D,Grade D,Score-based certification,50,6.25
solid,NA,NA,NA,NA,0.75,TRUE,TRUE,TRUE,TRUE,TRUE,TRUE,1,0,0.25,0.5,0,25,75,Grade C,Grade C,Score-based certification,20,5
solid,NA,NA,NA,NA,0.75,TRUE,TRUE,TRUE,TRUE,TRUE,TRUE,1,0.25,0.25,0.5,0,31.25,68.75,Grade C,Grade C,Score-based certification,35,3.75
solid,NA,NA,NA,NA,0.75,TRUE,TRUE,TRUE,TRUE,TRUE,TRUE,1,0.5,0.25,0.5,0,37.5,62.5,Grade D,Grade D,Score-based certification,35,2.5
solid,NA,NA,NA,NA,0.75,TRUE,TRUE,TRUE,TRUE,TRUE,TRUE,1,0.75,0.25,0.5,0,43.75,56.25,Grade D,Grade D,Score-based certification,50,6.25
solid,NA,NA,NA,NA,0.75,TRUE,TRUE,TRUE,TRUE,TRUE,TRUE,1,1,0.25,0.5,0,50,50,Grade D,Grade D,Score-based certification,50,0
solid,NA,NA,NA,NA,0.75,TRUE,TRUE,TRUE,TRUE,TRUE,TRUE,1,0,0.5,0.5,0,31.25,68.75,Grade C,Grade C,Score-based certification,35,3.75
solid,NA,NA,NA,NA,0.75,TRUE,TRUE,TRUE,TRUE,TRUE,TRUE,1,0.25,0.5,0.5,0,37.5,62.5,Grade D,Grade D,Score-based certification,35,2.5
solid,NA,NA,NA,NA,0.75,TRUE,TRUE,TRUE,TRUE,TRUE,TRUE,1,0.5,0.5,0.5,0,43.75,56.25,Grade D,Grade D,Score-based certification,50,6.25
solid,NA,NA,NA,NA,0.75,TRUE,TRUE,TRUE,TRUE,TRUE,TRUE,1,0.75,0.5,0.5,0,50,50,Grade D,Grade D,Score-based certification,50,0
solid,NA,NA,NA,NA,0.75,TRUE,TRUE,TRUE,TRUE,TRUE,TRUE,1,1,0.5,0.5,0,56.25,43.75,Grade E,Grade E,Critical penalty burden,50,6.25
solid,NA,NA,NA,NA,0.75,TRUE,TRUE,TRUE,TRUE,TRUE,TRUE,1,0,0.75,0.5,0,37.5,62.5,Grade D,Grade D,Score-based certification,35,2.5
solid,NA,NA,NA,NA,0.75,TRUE,TRUE,TRUE,TRUE,TRUE,TRUE,1,0.25,0.75,0.5,0,43.75,56.25,Grade D,Grade D,Score-based certification,50,6.25
solid,NA,NA,NA,NA,0.75,TRUE,TRUE,TRUE,TRUE,TRUE,TRUE,1,0.5,0.75,0.5,0,50,50,Grade D,Grade D,Score-based certification,50,0
solid,NA,NA,NA,NA,0.75,TRUE,TRUE,TRUE,TRUE,TRUE,TRUE,1,0.75,0.75,0.5,0,56.25,43.75,Grade E,Grade E,Critical penalty burden,50,6.25
solid,NA,NA,NA,NA,0.75,TRUE,TRUE,TRUE,TRUE,TRUE,TRUE,1,1,0.75,0.5,0,62.5,37.5,Grade E,Grade E,Critical penalty burden,50,12.5
solid,NA,NA,NA,NA,0.75,TRUE,TRUE,TRUE,TRUE,TRUE,TRUE,1,0,1,0.5,0,43.75,56.25,Grade D,Grade D,Score-based certification,50,6.25
solid,NA,NA,NA,NA,0.75,TRUE,TRUE,TRUE,TRUE,TRUE,TRUE,1,0.25,1,0.5,0,50,50,Grade D,Grade D,Score-based certification,50,0
solid,NA,NA,NA,NA,0.75,TRUE,TRUE,TRUE,TRUE,TRUE,TRUE,1,0.5,1,0.5,0,56.25,43.75,Grade E,Grade E,Critical penalty burden,50,6.25
solid,NA,NA,NA,NA,0.75,TRUE,TRUE,TRUE,TRUE,TRUE,TRUE,1,0.75,1,0.5,0,62.5,37.5,Grade E,Grade E,Critical penalty burden,50,12.5
solid,NA,NA,NA,NA,0.75,TRUE,TRUE,TRUE,TRUE,TRUE,TRUE,1,1,1,0.5,0,68.75,31.25,Grade E,Grade E,Critical penalty burden,50,18.75
solid,NA,NA,NA,NA,0.75,TRUE,TRUE,TRUE,TRUE,TRUE,TRUE,1,0,0,0.75,0,22.5,77.5,Grade C,Grade C,Score-based certification,20,2.5
solid,NA,NA,NA,NA,0.75,TRUE,TRUE,TRUE,TRUE,TRUE,TRUE,1,0.25,0,0.75,0,28.75,71.25,Grade C,Grade C,Score-based certification,35,6.25
solid,NA,NA,NA,NA,0.75,TRUE,TRUE,TRUE,TRUE,TRUE,TRUE,1,0.5,0,0.75,0,35,65,Grade C,Grade C,Score-based certification,35,0
solid,NA,NA,NA,NA,0.75,TRUE,TRUE,TRUE,TRUE,TRUE,TRUE,1,0.75,0,0.75,0,41.25,58.75,Grade D,Grade D,Score-based certification,35,6.25
solid,NA,NA,NA,NA,0.75,TRUE,TRUE,TRUE,TRUE,TRUE,TRUE,1,1,0,0.75,0,47.5,52.5,Grade D,Grade D,Score-based certification,50,2.5
solid,NA,NA,NA,NA,0.75,TRUE,TRUE,TRUE,TRUE,TRUE,TRUE,1,0,0.25,0.75,0,28.75,71.25,Grade C,Grade C,Score-based certification,35,6.25
solid,NA,NA,NA,NA,0.75,TRUE,TRUE,TRUE,TRUE,TRUE,TRUE,1,0.25,0.25,0.75,0,35,65,Grade C,Grade C,Score-based certification,35,0
solid,NA,NA,NA,NA,0.75,TRUE,TRUE,TRUE,TRUE,TRUE,TRUE,1,0.5,0.25,0.75,0,41.25,58.75,Grade D,Grade D,Score-based certification,35,6.25
solid,NA,NA,NA,NA,0.75,TRUE,TRUE,TRUE,TRUE,TRUE,TRUE,1,0.75,0.25,0.75,0,47.5,52.5,Grade D,Grade D,Score-based certification,50,2.5
solid,NA,NA,NA,NA,0.75,TRUE,TRUE,TRUE,TRUE,TRUE,TRUE,1,1,0.25,0.75,0,53.75,46.25,Grade E,Grade E,Critical penalty burden,50,3.75
solid,NA,NA,NA,NA,0.75,TRUE,TRUE,TRUE,TRUE,TRUE,TRUE,1,0,0.5,0.75,0,35,65,Grade C,Grade C,Score-based certification,35,0
solid,NA,NA,NA,NA,0.75,TRUE,TRUE,TRUE,TRUE,TRUE,TRUE,1,0.25,0.5,0.75,0,41.25,58.75,Grade D,Grade D,Score-based certification,35,6.25
solid,NA,NA,NA,NA,0.75,TRUE,TRUE,TRUE,TRUE,TRUE,TRUE,1,0.5,0.5,0.75,0,47.5,52.5,Grade D,Grade D,Score-based certification,50,2.5
solid,NA,NA,NA,NA,0.75,TRUE,TRUE,TRUE,TRUE,TRUE,TRUE,1,0.75,0.5,0.75,0,53.75,46.25,Grade E,Grade E,Critical penalty burden,50,3.75
solid,NA,NA,NA,NA,0.75,TRUE,TRUE,TRUE,TRUE,TRUE,TRUE,1,1,0.5,0.75,0,60,40,Grade E,Grade E,Critical penalty burden,50,10
solid,NA,NA,NA,NA,0.75,TRUE,TRUE,TRUE,TRUE,TRUE,TRUE,1,0,0.75,0.75,0,41.25,58.75,Grade D,Grade D,Score-based certification,35,6.25
solid,NA,NA,NA,NA,0.75,TRUE,TRUE,TRUE,TRUE,TRUE,TRUE,1,0.25,0.75,0.75,0,47.5,52.5,Grade D,Grade D,Score-based certification,50,2.5
solid,NA,NA,NA,NA,0.75,TRUE,TRUE,TRUE,TRUE,TRUE,TRUE,1,0.5,0.75,0.75,0,53.75,46.25,Grade E,Grade E,Critical penalty burden,50,3.75
solid,NA,NA,NA,NA,0.75,TRUE,TRUE,TRUE,TRUE,TRUE,TRUE,1,0.75,0.75,0.75,0,60,40,Grade E,Grade E,Critical penalty burden,50,10
solid,NA,NA,NA,NA,0.75,TRUE,TRUE,TRUE,TRUE,TRUE,TRUE,1,1,0.75,0.75,0,66.25,33.75,Grade E,Grade E,Critical penalty burden,50,16.25
solid,NA,NA,NA,NA,0.75,TRUE,TRUE,TRUE,TRUE,TRUE,TRUE,1,0,1,0.75,0,47.5,52.5,Grade D,Grade D,Score-based certification,50,2.5
solid,NA,NA,NA,NA,0.75,TRUE,TRUE,TRUE,TRUE,TRUE,TRUE,1,0.25,1,0.75,0,53.75,46.25,Grade E,Grade E,Critical penalty burden,50,3.75
solid,NA,NA,NA,NA,0.75,TRUE,TRUE,TRUE,TRUE,TRUE,TRUE,1,0.5,1,0.75,0,60,40,Grade E,Grade E,Critical penalty burden,50,10
solid,NA,NA,NA,NA,0.75,TRUE,TRUE,TRUE,TRUE,TRUE,TRUE,1,0.75,1,0.75,0,66.25,33.75,Grade E,Grade E,Critical penalty burden,50,16.25
solid,NA,NA,NA,NA,0.75,TRUE,TRUE,TRUE,TRUE,TRUE,TRUE,1,1,1,0.75,0,72.5,27.5,Grade E,Grade E,Critical penalty burden,50,22.5
solid,NA,NA,NA,NA,0.75,TRUE,TRUE,TRUE,TRUE,TRUE,TRUE,1,0,0,1,0,26.25,73.75,Grade C,Grade C,Score-based certification,20,6.25
solid,NA,NA,NA,NA,0.75,TRUE,TRUE,TRUE,TRUE,TRUE,TRUE,1,0.25,0,1,0,32.5,67.5,Grade C,Grade C,Score-based certification,35,2.5
solid,NA,NA,NA,NA,0.75,TRUE,TRUE,TRUE,TRUE,TRUE,TRUE,1,0.5,0,1,0,38.75,61.25,Grade D,Grade D,Score-based certification,35,3.75
solid,NA,NA,NA,NA,0.75,TRUE,TRUE,TRUE,TRUE,TRUE,TRUE,1,0.75,0,1,0,45,55,Grade D,Grade D,Score-based certification,50,5
solid,NA,NA,NA,NA,0.75,TRUE,TRUE,TRUE,TRUE,TRUE,TRUE,1,1,0,1,0,51.25,48.75,Grade E,Grade E,Critical penalty burden,50,1.25
solid,NA,NA,NA,NA,0.75,TRUE,TRUE,TRUE,TRUE,TRUE,TRUE,1,0,0.25,1,0,32.5,67.5,Grade C,Grade C,Score-based certification,35,2.5
solid,NA,NA,NA,NA,0.75,TRUE,TRUE,TRUE,TRUE,TRUE,TRUE,1,0.25,0.25,1,0,38.75,61.25,Grade D,Grade D,Score-based certification,35,3.75
solid,NA,NA,NA,NA,0.75,TRUE,TRUE,TRUE,TRUE,TRUE,TRUE,1,0.5,0.25,1,0,45,55,Grade D,Grade D,Score-based certification,50,5
solid,NA,NA,NA,NA,0.75,TRUE,TRUE,TRUE,TRUE,TRUE,TRUE,1,0.75,0.25,1,0,51.25,48.75,Grade E,Grade E,Critical penalty burden,50,1.25
solid,NA,NA,NA,NA,0.75,TRUE,TRUE,TRUE,TRUE,TRUE,TRUE,1,1,0.25,1,0,57.5,42.5,Grade E,Grade E,Critical penalty burden,50,7.5
solid,NA,NA,NA,NA,0.75,TRUE,TRUE,TRUE,TRUE,TRUE,TRUE,1,0,0.5,1,0,38.75,61.25,Grade D,Grade D,Score-based certification,35,3.75
solid,NA,NA,NA,NA,0.75,TRUE,TRUE,TRUE,TRUE,TRUE,TRUE,1,0.25,0.5,1,0,45,55,Grade D,Grade D,Score-based certification,50,5
solid,NA,NA,NA,NA,0.75,TRUE,TRUE,TRUE,TRUE,TRUE,TRUE,1,0.5,0.5,1,0,51.25,48.75,Grade E,Grade E,Critical penalty burden,50,1.25
solid,NA,NA,NA,NA,0.75,TRUE,TRUE,TRUE,TRUE,TRUE,TRUE,1,0.75,0.5,1,0,57.5,42.5,Grade E,Grade E,Critical penalty burden,50,7.5
solid,NA,NA,NA,NA,0.75,TRUE,TRUE,TRUE,TRUE,TRUE,TRUE,1,1,0.5,1,0,63.75,36.25,Grade E,Grade E,Critical penalty burden,50,13.75
solid,NA,NA,NA,NA,0.75,TRUE,TRUE,TRUE,TRUE,TRUE,TRUE,1,0,0.75,1,0,45,55,Grade D,Grade D,Score-based certification,50,5
solid,NA,NA,NA,NA,0.75,TRUE,TRUE,TRUE,TRUE,TRUE,TRUE,1,0.25,0.75,1,0,51.25,48.75,Grade E,Grade E,Critical penalty burden,50,1.25
solid,NA,NA,NA,NA,0.75,TRUE,TRUE,TRUE,TRUE,TRUE,TRUE,1,0.5,0.75,1,0,57.5,42.5,Grade E,Grade E,Critical penalty burden,50,7.5
solid,NA,NA,NA,NA,0.75,TRUE,TRUE,TRUE,TRUE,TRUE,TRUE,1,0.75,0.75,1,0,63.75,36.25,Grade E,Grade E,Critical penalty burden,50,13.75
solid,NA,NA,NA,NA,0.75,TRUE,TRUE,TRUE,TRUE,TRUE,TRUE,1,1,0.75,1,0,70,30,Grade E,Grade E,Critical penalty burden,50,20
solid,NA,NA,NA,NA,0.75,TRUE,TRUE,TRUE,TRUE,TRUE,TRUE,1,0,1,1,0,51.25,48.75,Grade E,Grade E,Critical penalty burden,50,1.25
solid,NA,NA,NA,NA,0.75,TRUE,TRUE,TRUE,TRUE,TRUE,TRUE,1,0.25,1,1,0,57.5,42.5,Grade E,Grade E,Critical penalty burden,50,7.5
solid,NA,NA,NA,NA,0.75,TRUE,TRUE,TRUE,TRUE,TRUE,TRUE,1,0.5,1,1,0,63.75,36.25,Grade E,Grade E,Critical penalty burden,50,13.75
solid,NA,NA,NA,NA,0.75,TRUE,TRUE,TRUE,TRUE,TRUE,TRUE,1,0.75,1,1,0,70,30,Grade E,Grade E,Critical penalty burden,50,20
solid,NA,NA,NA,NA,0.75,TRUE,TRUE,TRUE,TRUE,TRUE,TRUE,1,1,1,1,0,76.25,23.75,Grade E,Grade E,Critical penalty burden,50,26.25
solid,NA,NA,NA,NA,0.75,TRUE,TRUE,TRUE,TRUE,TRUE,TRUE,1,0,0,0,0.25,16.25,83.75,Grade B,Grade B,Score-based certification,20,3.75
solid,NA,NA,NA,NA,0.75,TRUE,TRUE,TRUE,TRUE,TRUE,TRUE,1,0.25,0,0,0.25,22.5,77.5,Grade C,Grade C,Score-based certification,20,2.5
solid,NA,NA,NA,NA,0.75,TRUE,TRUE,TRUE,TRUE,TRUE,TRUE,1,0.5,0,0,0.25,28.75,71.25,Grade C,Grade C,Score-based certification,35,6.25
solid,NA,NA,NA,NA,0.75,TRUE,TRUE,TRUE,TRUE,TRUE,TRUE,1,0.75,0,0,0.25,35,65,Grade C,Grade C,Score-based certification,35,0
solid,NA,NA,NA,NA,0.75,TRUE,TRUE,TRUE,TRUE,TRUE,TRUE,1,1,0,0,0.25,41.25,58.75,Grade D,Grade D,Score-based certification,35,6.25
solid,NA,NA,NA,NA,0.75,TRUE,TRUE,TRUE,TRUE,TRUE,TRUE,1,0,0.25,0,0.25,22.5,77.5,Grade C,Grade C,Score-based certification,20,2.5
solid,NA,NA,NA,NA,0.75,TRUE,TRUE,TRUE,TRUE,TRUE,TRUE,1,0.25,0.25,0,0.25,28.75,71.25,Grade C,Grade C,Score-based certification,35,6.25
solid,NA,NA,NA,NA,0.75,TRUE,TRUE,TRUE,TRUE,TRUE,TRUE,1,0.5,0.25,0,0.25,35,65,Grade C,Grade C,Score-based certification,35,0
solid,NA,NA,NA,NA,0.75,TRUE,TRUE,TRUE,TRUE,TRUE,TRUE,1,0.75,0.25,0,0.25,41.25,58.75,Grade D,Grade D,Score-based certification,35,6.25
solid,NA,NA,NA,NA,0.75,TRUE,TRUE,TRUE,TRUE,TRUE,TRUE,1,1,0.25,0,0.25,47.5,52.5,Grade D,Grade D,Score-based certification,50,2.5
solid,NA,NA,NA,NA,0.75,TRUE,TRUE,TRUE,TRUE,TRUE,TRUE,1,0,0.5,0,0.25,28.75,71.25,Grade C,Grade C,Score-based certification,35,6.25
solid,NA,NA,NA,NA,0.75,TRUE,TRUE,TRUE,TRUE,TRUE,TRUE,1,0.25,0.5,0,0.25,35,65,Grade C,Grade C,Score-based certification,35,0
solid,NA,NA,NA,NA,0.75,TRUE,TRUE,TRUE,TRUE,TRUE,TRUE,1,0.5,0.5,0,0.25,41.25,58.75,Grade D,Grade D,Score-based certification,35,6.25
solid,NA,NA,NA,NA,0.75,TRUE,TRUE,TRUE,TRUE,TRUE,TRUE,1,0.75,0.5,0,0.25,47.5,52.5,Grade D,Grade D,Score-based certification,50,2.5
solid,NA,NA,NA,NA,0.75,TRUE,TRUE,TRUE,TRUE,TRUE,TRUE,1,1,0.5,0,0.25,53.75,46.25,Grade E,Grade E,Critical penalty burden,50,3.75
solid,NA,NA,NA,NA,0.75,TRUE,TRUE,TRUE,TRUE,TRUE,TRUE,1,0,0.75,0,0.25,35,65,Grade C,Grade C,Score-based certification,35,0
solid,NA,NA,NA,NA,0.75,TRUE,TRUE,TRUE,TRUE,TRUE,TRUE,1,0.25,0.75,0,0.25,41.25,58.75,Grade D,Grade D,Score-based certification,35,6.25
solid,NA,NA,NA,NA,0.75,TRUE,TRUE,TRUE,TRUE,TRUE,TRUE,1,0.5,0.75,0,0.25,47.5,52.5,Grade D,Grade D,Score-based certification,50,2.5
solid,NA,NA,NA,NA,0.75,TRUE,TRUE,TRUE,TRUE,TRUE,TRUE,1,0.75,0.75,0,0.25,53.75,46.25,Grade E,Grade E,Critical penalty burden,50,3.75
solid,NA,NA,NA,NA,0.75,TRUE,TRUE,TRUE,TRUE,TRUE,TRUE,1,1,0.75,0,0.25,60,40,Grade E,Grade E,Critical penalty burden,50,10
solid,NA,NA,NA,NA,0.75,TRUE,TRUE,TRUE,TRUE,TRUE,TRUE,1,0,1,0,0.25,41.25,58.75,Grade D,Grade D,Score-based certification,35,6.25
solid,NA,NA,NA,NA,0.75,TRUE,TRUE,TRUE,TRUE,TRUE,TRUE,1,0.25,1,0,0.25,47.5,52.5,Grade D,Grade D,Score-based certification,50,2.5
solid,NA,NA,NA,NA,0.75,TRUE,TRUE,TRUE,TRUE,TRUE,TRUE,1,0.5,1,0,0.25,53.75,46.25,Grade E,Grade E,Critical penalty burden,50,3.75
solid,NA,NA,NA,NA,0.75,TRUE,TRUE,TRUE,TRUE,TRUE,TRUE,1,0.75,1,0,0.25,60,40,Grade E,Grade E,Critical penalty burden,50,10
solid,NA,NA,NA,NA,0.75,TRUE,TRUE,TRUE,TRUE,TRUE,TRUE,1,1,1,0,0.25,66.25,33.75,Grade E,Grade E,Critical penalty burden,50,16.25
solid,NA,NA,NA,NA,0.75,TRUE,TRUE,TRUE,TRUE,TRUE,TRUE,1,0,0,0.25,0.25,20,80,Grade B,Grade B,Score-based certification,20,0
solid,NA,NA,NA,NA,0.75,TRUE,TRUE,TRUE,TRUE,TRUE,TRUE,1,0.25,0,0.25,0.25,26.25,73.75,Grade C,Grade C,Score-based certification,20,6.25
solid,NA,NA,NA,NA,0.75,TRUE,TRUE,TRUE,TRUE,TRUE,TRUE,1,0.5,0,0.25,0.25,32.5,67.5,Grade C,Grade C,Score-based certification,35,2.5
solid,NA,NA,NA,NA,0.75,TRUE,TRUE,TRUE,TRUE,TRUE,TRUE,1,0.75,0,0.25,0.25,38.75,61.25,Grade D,Grade D,Score-based certification,35,3.75
solid,NA,NA,NA,NA,0.75,TRUE,TRUE,TRUE,TRUE,TRUE,TRUE,1,1,0,0.25,0.25,45,55,Grade D,Grade D,Score-based certification,50,5
solid,NA,NA,NA,NA,0.75,TRUE,TRUE,TRUE,TRUE,TRUE,TRUE,1,0,0.25,0.25,0.25,26.25,73.75,Grade C,Grade C,Score-based certification,20,6.25
solid,NA,NA,NA,NA,0.75,TRUE,TRUE,TRUE,TRUE,TRUE,TRUE,1,0.25,0.25,0.25,0.25,32.5,67.5,Grade C,Grade C,Score-based certification,35,2.5
solid,NA,NA,NA,NA,0.75,TRUE,TRUE,TRUE,TRUE,TRUE,TRUE,1,0.5,0.25,0.25,0.25,38.75,61.25,Grade D,Grade D,Score-based certification,35,3.75
solid,NA,NA,NA,NA,0.75,TRUE,TRUE,TRUE,TRUE,TRUE,TRUE,1,0.75,0.25,0.25,0.25,45,55,Grade D,Grade D,Score-based certification,50,5
solid,NA,NA,NA,NA,0.75,TRUE,TRUE,TRUE,TRUE,TRUE,TRUE,1,1,0.25,0.25,0.25,51.25,48.75,Grade E,Grade E,Critical penalty burden,50,1.25
solid,NA,NA,NA,NA,0.75,TRUE,TRUE,TRUE,TRUE,TRUE,TRUE,1,0,0.5,0.25,0.25,32.5,67.5,Grade C,Grade C,Score-based certification,35,2.5
solid,NA,NA,NA,NA,0.75,TRUE,TRUE,TRUE,TRUE,TRUE,TRUE,1,0.25,0.5,0.25,0.25,38.75,61.25,Grade D,Grade D,Score-based certification,35,3.75
solid,NA,NA,NA,NA,0.75,TRUE,TRUE,TRUE,TRUE,TRUE,TRUE,1,0.5,0.5,0.25,0.25,45,55,Grade D,Grade D,Score-based certification,50,5
solid,NA,NA,NA,NA,0.75,TRUE,TRUE,TRUE,TRUE,TRUE,TRUE,1,0.75,0.5,0.25,0.25,51.25,48.75,Grade E,Grade E,Critical penalty burden,50,1.25
solid,NA,NA,NA,NA,0.75,TRUE,TRUE,TRUE,TRUE,TRUE,TRUE,1,1,0.5,0.25,0.25,57.5,42.5,Grade E,Grade E,Critical penalty burden,50,7.5
solid,NA,NA,NA,NA,0.75,TRUE,TRUE,TRUE,TRUE,TRUE,TRUE,1,0,0.75,0.25,0.25,38.75,61.25,Grade D,Grade D,Score-based certification,35,3.75
solid,NA,NA,NA,NA,0.75,TRUE,TRUE,TRUE,TRUE,TRUE,TRUE,1,0.25,0.75,0.25,0.25,45,55,Grade D,Grade D,Score-based certification,50,5
solid,NA,NA,NA,NA,0.75,TRUE,TRUE,TRUE,TRUE,TRUE,TRUE,1,0.5,0.75,0.25,0.25,51.25,48.75,Grade E,Grade E,Critical penalty burden,50,1.25
solid,NA,NA,NA,NA,0.75,TRUE,TRUE,TRUE,TRUE,TRUE,TRUE,1,0.75,0.75,0.25,0.25,57.5,42.5,Grade E,Grade E,Critical penalty burden,50,7.5
solid,NA,NA,NA,NA,0.75,TRUE,TRUE,TRUE,TRUE,TRUE,TRUE,1,1,0.75,0.25,0.25,63.75,36.25,Grade E,Grade E,Critical penalty burden,50,13.75
solid,NA,NA,NA,NA,0.75,TRUE,TRUE,TRUE,TRUE,TRUE,TRUE,1,0,1,0.25,0.25,45,55,Grade D,Grade D,Score-based certification,50,5
solid,NA,NA,NA,NA,0.75,TRUE,TRUE,TRUE,TRUE,TRUE,TRUE,1,0.25,1,0.25,0.25,51.25,48.75,Grade E,Grade E,Critical penalty burden,50,1.25
solid,NA,NA,NA,NA,0.75,TRUE,TRUE,TRUE,TRUE,TRUE,TRUE,1,0.5,1,0.25,0.25,57.5,42.5,Grade E,Grade E,Critical penalty burden,50,7.5
solid,NA,NA,NA,NA,0.75,TRUE,TRUE,TRUE,TRUE,TRUE,TRUE,1,0.75,1,0.25,0.25,63.75,36.25,Grade E,Grade E,Critical penalty burden,50,13.75
solid,NA,NA,NA,NA,0.75,TRUE,TRUE,TRUE,TRUE,TRUE,TRUE,1,1,1,0.25,0.25,70,30,Grade E,Grade E,Critical penalty burden,50,20
solid,NA,NA,NA,NA,0.75,TRUE,TRUE,TRUE,TRUE,TRUE,TRUE,1,0,0,0.5,0.25,23.75,76.25,Grade C,Grade C,Score-based certification,20,3.75
solid,NA,NA,NA,NA,0.75,TRUE,TRUE,TRUE,TRUE,TRUE,TRUE,1,0.25,0,0.5,0.25,30,70,Grade C,Grade C,Score-based certification,35,5
solid,NA,NA,NA,NA,0.75,TRUE,TRUE,TRUE,TRUE,TRUE,TRUE,1,0.5,0,0.5,0.25,36.25,63.75,Grade D,Grade D,Score-based certification,35,1.25
solid,NA,NA,NA,NA,0.75,TRUE,TRUE,TRUE,TRUE,TRUE,TRUE,1,0.75,0,0.5,0.25,42.5,57.5,Grade D,Grade D,Score-based certification,35,7.5
solid,NA,NA,NA,NA,0.75,TRUE,TRUE,TRUE,TRUE,TRUE,TRUE,1,1,0,0.5,0.25,48.75,51.25,Grade D,Grade D,Score-based certification,50,1.25
solid,NA,NA,NA,NA,0.75,TRUE,TRUE,TRUE,TRUE,TRUE,TRUE,1,0,0.25,0.5,0.25,30,70,Grade C,Grade C,Score-based certification,35,5
solid,NA,NA,NA,NA,0.75,TRUE,TRUE,TRUE,TRUE,TRUE,TRUE,1,0.25,0.25,0.5,0.25,36.25,63.75,Grade D,Grade D,Score-based certification,35,1.25
solid,NA,NA,NA,NA,0.75,TRUE,TRUE,TRUE,TRUE,TRUE,TRUE,1,0.5,0.25,0.5,0.25,42.5,57.5,Grade D,Grade D,Score-based certification,35,7.5
solid,NA,NA,NA,NA,0.75,TRUE,TRUE,TRUE,TRUE,TRUE,TRUE,1,0.75,0.25,0.5,0.25,48.75,51.25,Grade D,Grade D,Score-based certification,50,1.25
solid,NA,NA,NA,NA,0.75,TRUE,TRUE,TRUE,TRUE,TRUE,TRUE,1,1,0.25,0.5,0.25,55,45,Grade E,Grade E,Critical penalty burden,50,5
solid,NA,NA,NA,NA,0.75,TRUE,TRUE,TRUE,TRUE,TRUE,TRUE,1,0,0.5,0.5,0.25,36.25,63.75,Grade D,Grade D,Score-based certification,35,1.25
solid,NA,NA,NA,NA,0.75,TRUE,TRUE,TRUE,TRUE,TRUE,TRUE,1,0.25,0.5,0.5,0.25,42.5,57.5,Grade D,Grade D,Score-based certification,35,7.5
solid,NA,NA,NA,NA,0.75,TRUE,TRUE,TRUE,TRUE,TRUE,TRUE,1,0.5,0.5,0.5,0.25,48.75,51.25,Grade D,Grade D,Score-based certification,50,1.25
solid,NA,NA,NA,NA,0.75,TRUE,TRUE,TRUE,TRUE,TRUE,TRUE,1,0.75,0.5,0.5,0.25,55,45,Grade E,Grade E,Critical penalty burden,50,5
solid,NA,NA,NA,NA,0.75,TRUE,TRUE,TRUE,TRUE,TRUE,TRUE,1,1,0.5,0.5,0.25,61.25,38.75,Grade E,Grade E,Critical penalty burden,50,11.25
solid,NA,NA,NA,NA,0.75,TRUE,TRUE,TRUE,TRUE,TRUE,TRUE,1,0,0.75,0.5,0.25,42.5,57.5,Grade D,Grade D,Score-based certification,35,7.5
solid,NA,NA,NA,NA,0.75,TRUE,TRUE,TRUE,TRUE,TRUE,TRUE,1,0.25,0.75,0.5,0.25,48.75,51.25,Grade D,Grade D,Score-based certification,50,1.25
solid,NA,NA,NA,NA,0.75,TRUE,TRUE,TRUE,TRUE,TRUE,TRUE,1,0.5,0.75,0.5,0.25,55,45,Grade E,Grade E,Critical penalty burden,50,5
solid,NA,NA,NA,NA,0.75,TRUE,TRUE,TRUE,TRUE,TRUE,TRUE,1,0.75,0.75,0.5,0.25,61.25,38.75,Grade E,Grade E,Critical penalty burden,50,11.25
solid,NA,NA,NA,NA,0.75,TRUE,TRUE,TRUE,TRUE,TRUE,TRUE,1,1,0.75,0.5,0.25,67.5,32.5,Grade E,Grade E,Critical penalty burden,50,17.5
solid,NA,NA,NA,NA,0.75,TRUE,TRUE,TRUE,TRUE,TRUE,TRUE,1,0,1,0.5,0.25,48.75,51.25,Grade D,Grade D,Score-based certification,50,1.25
solid,NA,NA,NA,NA,0.75,TRUE,TRUE,TRUE,TRUE,TRUE,TRUE,1,0.25,1,0.5,0.25,55,45,Grade E,Grade E,Critical penalty burden,50,5
solid,NA,NA,NA,NA,0.75,TRUE,TRUE,TRUE,TRUE,TRUE,TRUE,1,0.5,1,0.5,0.25,61.25,38.75,Grade E,Grade E,Critical penalty burden,50,11.25
solid,NA,NA,NA,NA,0.75,TRUE,TRUE,TRUE,TRUE,TRUE,TRUE,1,0.75,1,0.5,0.25,67.5,32.5,Grade E,Grade E,Critical penalty burden,50,17.5
solid,NA,NA,NA,NA,0.75,TRUE,TRUE,TRUE,TRUE,TRUE,TRUE,1,1,1,0.5,0.25,73.75,26.25,Grade E,Grade E,Critical penalty burden,50,23.75
solid,NA,NA,NA,NA,0.75,TRUE,TRUE,TRUE,TRUE,TRUE,TRUE,1,0,0,0.75,0.25,27.5,72.5,Grade C,Grade C,Score-based certification,20,7.5
solid,NA,NA,NA,NA,0.75,TRUE,TRUE,TRUE,TRUE,TRUE,TRUE,1,0.25,0,0.75,0.25,33.75,66.25,Grade C,Grade C,Score-based certification,35,1.25
solid,NA,NA,NA,NA,0.75,TRUE,TRUE,TRUE,TRUE,TRUE,TRUE,1,0.5,0,0.75,0.25,40,60,Grade D,Grade D,Score-based certification,35,5
solid,NA,NA,NA,NA,0.75,TRUE,TRUE,TRUE,TRUE,TRUE,TRUE,1,0.75,0,0.75,0.25,46.25,53.75,Grade D,Grade D,Score-based certification,50,3.75
solid,NA,NA,NA,NA,0.75,TRUE,TRUE,TRUE,TRUE,TRUE,TRUE,1,1,0,0.75,0.25,52.5,47.5,Grade E,Grade E,Critical penalty burden,50,2.5
solid,NA,NA,NA,NA,0.75,TRUE,TRUE,TRUE,TRUE,TRUE,TRUE,1,0,0.25,0.75,0.25,33.75,66.25,Grade C,Grade C,Score-based certification,35,1.25
solid,NA,NA,NA,NA,0.75,TRUE,TRUE,TRUE,TRUE,TRUE,TRUE,1,0.25,0.25,0.75,0.25,40,60,Grade D,Grade D,Score-based certification,35,5
solid,NA,NA,NA,NA,0.75,TRUE,TRUE,TRUE,TRUE,TRUE,TRUE,1,0.5,0.25,0.75,0.25,46.25,53.75,Grade D,Grade D,Score-based certification,50,3.75
solid,NA,NA,NA,NA,0.75,TRUE,TRUE,TRUE,TRUE,TRUE,TRUE,1,0.75,0.25,0.75,0.25,52.5,47.5,Grade E,Grade E,Critical penalty burden,50,2.5
solid,NA,NA,NA,NA,0.75,TRUE,TRUE,TRUE,TRUE,TRUE,TRUE,1,1,0.25,0.75,0.25,58.75,41.25,Grade E,Grade E,Critical penalty burden,50,8.75
solid,NA,NA,NA,NA,0.75,TRUE,TRUE,TRUE,TRUE,TRUE,TRUE,1,0,0.5,0.75,0.25,40,60,Grade D,Grade D,Score-based certification,35,5
solid,NA,NA,NA,NA,0.75,TRUE,TRUE,TRUE,TRUE,TRUE,TRUE,1,0.25,0.5,0.75,0.25,46.25,53.75,Grade D,Grade D,Score-based certification,50,3.75
solid,NA,NA,NA,NA,0.75,TRUE,TRUE,TRUE,TRUE,TRUE,TRUE,1,0.5,0.5,0.75,0.25,52.5,47.5,Grade E,Grade E,Critical penalty burden,50,2.5
solid,NA,NA,NA,NA,0.75,TRUE,TRUE,TRUE,TRUE,TRUE,TRUE,1,0.75,0.5,0.75,0.25,58.75,41.25,Grade E,Grade E,Critical penalty burden,50,8.75
solid,NA,NA,NA,NA,0.75,TRUE,TRUE,TRUE,TRUE,TRUE,TRUE,1,1,0.5,0.75,0.25,65,35,Grade E,Grade E,Critical penalty burden,50,15
solid,NA,NA,NA,NA,0.75,TRUE,TRUE,TRUE,TRUE,TRUE,TRUE,1,0,0.75,0.75,0.25,46.25,53.75,Grade D,Grade D,Score-based certification,50,3.75
solid,NA,NA,NA,NA,0.75,TRUE,TRUE,TRUE,TRUE,TRUE,TRUE,1,0.25,0.75,0.75,0.25,52.5,47.5,Grade E,Grade E,Critical penalty burden,50,2.5
solid,NA,NA,NA,NA,0.75,TRUE,TRUE,TRUE,TRUE,TRUE,TRUE,1,0.5,0.75,0.75,0.25,58.75,41.25,Grade E,Grade E,Critical penalty burden,50,8.75
solid,NA,NA,NA,NA,0.75,TRUE,TRUE,TRUE,TRUE,TRUE,TRUE,1,0.75,0.75,0.75,0.25,65,35,Grade E,Grade E,Critical penalty burden,50,15
solid,NA,NA,NA,NA,0.75,TRUE,TRUE,TRUE,TRUE,TRUE,TRUE,1,1,0.75,0.75,0.25,71.25,28.75,Grade E,Grade E,Critical penalty burden,50,21.25
solid,NA,NA,NA,NA,0.75,TRUE,TRUE,TRUE,TRUE,TRUE,TRUE,1,0,1,0.75,0.25,52.5,47.5,Grade E,Grade E,Critical penalty burden,50,2.5
solid,NA,NA,NA,NA,0.75,TRUE,TRUE,TRUE,TRUE,TRUE,TRUE,1,0.25,1,0.75,0.25,58.75,41.25,Grade E,Grade E,Critical penalty burden,50,8.75
solid,NA,NA,NA,NA,0.75,TRUE,TRUE,TRUE,TRUE,TRUE,TRUE,1,0.5,1,0.75,0.25,65,35,Grade E,Grade E,Critical penalty burden,50,15
solid,NA,NA,NA,NA,0.75,TRUE,TRUE,TRUE,TRUE,TRUE,TRUE,1,0.75,1,0.75,0.25,71.25,28.75,Grade E,Grade E,Critical penalty burden,50,21.25
solid,NA,NA,NA,NA,0.75,TRUE,TRUE,TRUE,TRUE,TRUE,TRUE,1,1,1,0.75,0.25,77.5,22.5,Grade E,Grade E,Critical penalty burden,50,27.5
solid,NA,NA,NA,NA,0.75,TRUE,TRUE,TRUE,TRUE,TRUE,TRUE,1,0,0,1,0.25,31.25,68.75,Grade C,Grade C,Score-based certification,35,3.75
solid,NA,NA,NA,NA,0.75,TRUE,TRUE,TRUE,TRUE,TRUE,TRUE,1,0.25,0,1,0.25,37.5,62.5,Grade D,Grade D,Score-based certification,35,2.5
solid,NA,NA,NA,NA,0.75,TRUE,TRUE,TRUE,TRUE,TRUE,TRUE,1,0.5,0,1,0.25,43.75,56.25,Grade D,Grade D,Score-based certification,50,6.25
solid,NA,NA,NA,NA,0.75,TRUE,TRUE,TRUE,TRUE,TRUE,TRUE,1,0.75,0,1,0.25,50,50,Grade D,Grade D,Score-based certification,50,0
solid,NA,NA,NA,NA,0.75,TRUE,TRUE,TRUE,TRUE,TRUE,TRUE,1,1,0,1,0.25,56.25,43.75,Grade E,Grade E,Critical penalty burden,50,6.25
solid,NA,NA,NA,NA,0.75,TRUE,TRUE,TRUE,TRUE,TRUE,TRUE,1,0,0.25,1,0.25,37.5,62.5,Grade D,Grade D,Score-based certification,35,2.5
solid,NA,NA,NA,NA,0.75,TRUE,TRUE,TRUE,TRUE,TRUE,TRUE,1,0.25,0.25,1,0.25,43.75,56.25,Grade D,Grade D,Score-based certification,50,6.25
solid,NA,NA,NA,NA,0.75,TRUE,TRUE,TRUE,TRUE,TRUE,TRUE,1,0.5,0.25,1,0.25,50,50,Grade D,Grade D,Score-based certification,50,0
solid,NA,NA,NA,NA,0.75,TRUE,TRUE,TRUE,TRUE,TRUE,TRUE,1,0.75,0.25,1,0.25,56.25,43.75,Grade E,Grade E,Critical penalty burden,50,6.25
solid,NA,NA,NA,NA,0.75,TRUE,TRUE,TRUE,TRUE,TRUE,TRUE,1,1,0.25,1,0.25,62.5,37.5,Grade E,Grade E,Critical penalty burden,50,12.5
solid,NA,NA,NA,NA,0.75,TRUE,TRUE,TRUE,TRUE,TRUE,TRUE,1,0,0.5,1,0.25,43.75,56.25,Grade D,Grade D,Score-based certification,50,6.25
solid,NA,NA,NA,NA,0.75,TRUE,TRUE,TRUE,TRUE,TRUE,TRUE,1,0.25,0.5,1,0.25,50,50,Grade D,Grade D,Score-based certification,50,0
solid,NA,NA,NA,NA,0.75,TRUE,TRUE,TRUE,TRUE,TRUE,TRUE,1,0.5,0.5,1,0.25,56.25,43.75,Grade E,Grade E,Critical penalty burden,50,6.25
solid,NA,NA,NA,NA,0.75,TRUE,TRUE,TRUE,TRUE,TRUE,TRUE,1,0.75,0.5,1,0.25,62.5,37.5,Grade E,Grade E,Critical penalty burden,50,12.5
solid,NA,NA,NA,NA,0.75,TRUE,TRUE,TRUE,TRUE,TRUE,TRUE,1,1,0.5,1,0.25,68.75,31.25,Grade E,Grade E,Critical penalty burden,50,18.75
solid,NA,NA,NA,NA,0.75,TRUE,TRUE,TRUE,TRUE,TRUE,TRUE,1,0,0.75,1,0.25,50,50,Grade D,Grade D,Score-based certification,50,0
solid,NA,NA,NA,NA,0.75,TRUE,TRUE,TRUE,TRUE,TRUE,TRUE,1,0.25,0.75,1,0.25,56.25,43.75,Grade E,Grade E,Critical penalty burden,50,6.25
solid,NA,NA,NA,NA,0.75,TRUE,TRUE,TRUE,TRUE,TRUE,TRUE,1,0.5,0.75,1,0.25,62.5,37.5,Grade E,Grade E,Critical penalty burden,50,12.5
solid,NA,NA,NA,NA,0.75,TRUE,TRUE,TRUE,TRUE,TRUE,TRUE,1,0.75,0.75,1,0.25,68.75,31.25,Grade E,Grade E,Critical penalty burden,50,18.75
solid,NA,NA,NA,NA,0.75,TRUE,TRUE,TRUE,TRUE,TRUE,TRUE,1,1,0.75,1,0.25,75,25,Grade E,Grade E,Critical penalty burden,50,25
solid,NA,NA,NA,NA,0.75,TRUE,TRUE,TRUE,TRUE,TRUE,TRUE,1,0,1,1,0.25,56.25,43.75,Grade E,Grade E,Critical penalty burden,50,6.25
solid,NA,NA,NA,NA,0.75,TRUE,TRUE,TRUE,TRUE,TRUE,TRUE,1,0.25,1,1,0.25,62.5,37.5,Grade E,Grade E,Critical penalty burden,50,12.5
solid,NA,NA,NA,NA,0.75,TRUE,TRUE,TRUE,TRUE,TRUE,TRUE,1,0.5,1,1,0.25,68.75,31.25,Grade E,Grade E,Critical penalty burden,50,18.75
solid,NA,NA,NA,NA,0.75,TRUE,TRUE,TRUE,TRUE,TRUE,TRUE,1,0.75,1,1,0.25,75,25,Grade E,Grade E,Critical penalty burden,50,25
solid,NA,NA,NA,NA,0.75,TRUE,TRUE,TRUE,TRUE,TRUE,TRUE,1,1,1,1,0.25,81.25,18.75,Grade E,Grade E,Critical penalty burden,50,31.25
solid,NA,NA,NA,NA,0.75,TRUE,TRUE,TRUE,TRUE,TRUE,TRUE,1,0,0,0,0.5,21.25,78.75,Grade C,Grade C,Score-based certification,20,1.25
solid,NA,NA,NA,NA,0.75,TRUE,TRUE,TRUE,TRUE,TRUE,TRUE,1,0.25,0,0,0.5,27.5,72.5,Grade C,Grade C,Score-based certification,20,7.5
solid,NA,NA,NA,NA,0.75,TRUE,TRUE,TRUE,TRUE,TRUE,TRUE,1,0.5,0,0,0.5,33.75,66.25,Grade C,Grade C,Score-based certification,35,1.25
solid,NA,NA,NA,NA,0.75,TRUE,TRUE,TRUE,TRUE,TRUE,TRUE,1,0.75,0,0,0.5,40,60,Grade D,Grade D,Score-based certification,35,5
solid,NA,NA,NA,NA,0.75,TRUE,TRUE,TRUE,TRUE,TRUE,TRUE,1,1,0,0,0.5,46.25,53.75,Grade D,Grade D,Score-based certification,50,3.75
solid,NA,NA,NA,NA,0.75,TRUE,TRUE,TRUE,TRUE,TRUE,TRUE,1,0,0.25,0,0.5,27.5,72.5,Grade C,Grade C,Score-based certification,20,7.5
solid,NA,NA,NA,NA,0.75,TRUE,TRUE,TRUE,TRUE,TRUE,TRUE,1,0.25,0.25,0,0.5,33.75,66.25,Grade C,Grade C,Score-based certification,35,1.25
solid,NA,NA,NA,NA,0.75,TRUE,TRUE,TRUE,TRUE,TRUE,TRUE,1,0.5,0.25,0,0.5,40,60,Grade D,Grade D,Score-based certification,35,5
solid,NA,NA,NA,NA,0.75,TRUE,TRUE,TRUE,TRUE,TRUE,TRUE,1,0.75,0.25,0,0.5,46.25,53.75,Grade D,Grade D,Score-based certification,50,3.75
solid,NA,NA,NA,NA,0.75,TRUE,TRUE,TRUE,TRUE,TRUE,TRUE,1,1,0.25,0,0.5,52.5,47.5,Grade E,Grade E,Critical penalty burden,50,2.5
solid,NA,NA,NA,NA,0.75,TRUE,TRUE,TRUE,TRUE,TRUE,TRUE,1,0,0.5,0,0.5,33.75,66.25,Grade C,Grade C,Score-based certification,35,1.25
solid,NA,NA,NA,NA,0.75,TRUE,TRUE,TRUE,TRUE,TRUE,TRUE,1,0.25,0.5,0,0.5,40,60,Grade D,Grade D,Score-based certification,35,5
solid,NA,NA,NA,NA,0.75,TRUE,TRUE,TRUE,TRUE,TRUE,TRUE,1,0.5,0.5,0,0.5,46.25,53.75,Grade D,Grade D,Score-based certification,50,3.75
solid,NA,NA,NA,NA,0.75,TRUE,TRUE,TRUE,TRUE,TRUE,TRUE,1,0.75,0.5,0,0.5,52.5,47.5,Grade E,Grade E,Critical penalty burden,50,2.5
solid,NA,NA,NA,NA,0.75,TRUE,TRUE,TRUE,TRUE,TRUE,TRUE,1,1,0.5,0,0.5,58.75,41.25,Grade E,Grade E,Critical penalty burden,50,8.75
solid,NA,NA,NA,NA,0.75,TRUE,TRUE,TRUE,TRUE,TRUE,TRUE,1,0,0.75,0,0.5,40,60,Grade D,Grade D,Score-based certification,35,5
solid,NA,NA,NA,NA,0.75,TRUE,TRUE,TRUE,TRUE,TRUE,TRUE,1,0.25,0.75,0,0.5,46.25,53.75,Grade D,Grade D,Score-based certification,50,3.75
solid,NA,NA,NA,NA,0.75,TRUE,TRUE,TRUE,TRUE,TRUE,TRUE,1,0.5,0.75,0,0.5,52.5,47.5,Grade E,Grade E,Critical penalty burden,50,2.5
solid,NA,NA,NA,NA,0.75,TRUE,TRUE,TRUE,TRUE,TRUE,TRUE,1,0.75,0.75,0,0.5,58.75,41.25,Grade E,Grade E,Critical penalty burden,50,8.75
solid,NA,NA,NA,NA,0.75,TRUE,TRUE,TRUE,TRUE,TRUE,TRUE,1,1,0.75,0,0.5,65,35,Grade E,Grade E,Critical penalty burden,50,15
solid,NA,NA,NA,NA,0.75,TRUE,TRUE,TRUE,TRUE,TRUE,TRUE,1,0,1,0,0.5,46.25,53.75,Grade D,Grade D,Score-based certification,50,3.75
solid,NA,NA,NA,NA,0.75,TRUE,TRUE,TRUE,TRUE,TRUE,TRUE,1,0.25,1,0,0.5,52.5,47.5,Grade E,Grade E,Critical penalty burden,50,2.5
solid,NA,NA,NA,NA,0.75,TRUE,TRUE,TRUE,TRUE,TRUE,TRUE,1,0.5,1,0,0.5,58.75,41.25,Grade E,Grade E,Critical penalty burden,50,8.75
solid,NA,NA,NA,NA,0.75,TRUE,TRUE,TRUE,TRUE,TRUE,TRUE,1,0.75,1,0,0.5,65,35,Grade E,Grade E,Critical penalty burden,50,15
solid,NA,NA,NA,NA,0.75,TRUE,TRUE,TRUE,TRUE,TRUE,TRUE,1,1,1,0,0.5,71.25,28.75,Grade E,Grade E,Critical penalty burden,50,21.25
solid,NA,NA,NA,NA,0.75,TRUE,TRUE,TRUE,TRUE,TRUE,TRUE,1,0,0,0.25,0.5,25,75,Grade C,Grade C,Score-based certification,20,5
solid,NA,NA,NA,NA,0.75,TRUE,TRUE,TRUE,TRUE,TRUE,TRUE,1,0.25,0,0.25,0.5,31.25,68.75,Grade C,Grade C,Score-based certification,35,3.75
solid,NA,NA,NA,NA,0.75,TRUE,TRUE,TRUE,TRUE,TRUE,TRUE,1,0.5,0,0.25,0.5,37.5,62.5,Grade D,Grade D,Score-based certification,35,2.5
solid,NA,NA,NA,NA,0.75,TRUE,TRUE,TRUE,TRUE,TRUE,TRUE,1,0.75,0,0.25,0.5,43.75,56.25,Grade D,Grade D,Score-based certification,50,6.25
solid,NA,NA,NA,NA,0.75,TRUE,TRUE,TRUE,TRUE,TRUE,TRUE,1,1,0,0.25,0.5,50,50,Grade D,Grade D,Score-based certification,50,0
solid,NA,NA,NA,NA,0.75,TRUE,TRUE,TRUE,TRUE,TRUE,TRUE,1,0,0.25,0.25,0.5,31.25,68.75,Grade C,Grade C,Score-based certification,35,3.75
solid,NA,NA,NA,NA,0.75,TRUE,TRUE,TRUE,TRUE,TRUE,TRUE,1,0.25,0.25,0.25,0.5,37.5,62.5,Grade D,Grade D,Score-based certification,35,2.5
solid,NA,NA,NA,NA,0.75,TRUE,TRUE,TRUE,TRUE,TRUE,TRUE,1,0.5,0.25,0.25,0.5,43.75,56.25,Grade D,Grade D,Score-based certification,50,6.25
solid,NA,NA,NA,NA,0.75,TRUE,TRUE,TRUE,TRUE,TRUE,TRUE,1,0.75,0.25,0.25,0.5,50,50,Grade D,Grade D,Score-based certification,50,0
solid,NA,NA,NA,NA,0.75,TRUE,TRUE,TRUE,TRUE,TRUE,TRUE,1,1,0.25,0.25,0.5,56.25,43.75,Grade E,Grade E,Critical penalty burden,50,6.25
solid,NA,NA,NA,NA,0.75,TRUE,TRUE,TRUE,TRUE,TRUE,TRUE,1,0,0.5,0.25,0.5,37.5,62.5,Grade D,Grade D,Score-based certification,35,2.5
solid,NA,NA,NA,NA,0.75,TRUE,TRUE,TRUE,TRUE,TRUE,TRUE,1,0.25,0.5,0.25,0.5,43.75,56.25,Grade D,Grade D,Score-based certification,50,6.25
solid,NA,NA,NA,NA,0.75,TRUE,TRUE,TRUE,TRUE,TRUE,TRUE,1,0.5,0.5,0.25,0.5,50,50,Grade D,Grade D,Score-based certification,50,0
solid,NA,NA,NA,NA,0.75,TRUE,TRUE,TRUE,TRUE,TRUE,TRUE,1,0.75,0.5,0.25,0.5,56.25,43.75,Grade E,Grade E,Critical penalty burden,50,6.25
solid,NA,NA,NA,NA,0.75,TRUE,TRUE,TRUE,TRUE,TRUE,TRUE,1,1,0.5,0.25,0.5,62.5,37.5,Grade E,Grade E,Critical penalty burden,50,12.5
solid,NA,NA,NA,NA,0.75,TRUE,TRUE,TRUE,TRUE,TRUE,TRUE,1,0,0.75,0.25,0.5,43.75,56.25,Grade D,Grade D,Score-based certification,50,6.25
solid,NA,NA,NA,NA,0.75,TRUE,TRUE,TRUE,TRUE,TRUE,TRUE,1,0.25,0.75,0.25,0.5,50,50,Grade D,Grade D,Score-based certification,50,0
solid,NA,NA,NA,NA,0.75,TRUE,TRUE,TRUE,TRUE,TRUE,TRUE,1,0.5,0.75,0.25,0.5,56.25,43.75,Grade E,Grade E,Critical penalty burden,50,6.25
solid,NA,NA,NA,NA,0.75,TRUE,TRUE,TRUE,TRUE,TRUE,TRUE,1,0.75,0.75,0.25,0.5,62.5,37.5,Grade E,Grade E,Critical penalty burden,50,12.5
solid,NA,NA,NA,NA,0.75,TRUE,TRUE,TRUE,TRUE,TRUE,TRUE,1,1,0.75,0.25,0.5,68.75,31.25,Grade E,Grade E,Critical penalty burden,50,18.75
solid,NA,NA,NA,NA,0.75,TRUE,TRUE,TRUE,TRUE,TRUE,TRUE,1,0,1,0.25,0.5,50,50,Grade D,Grade D,Score-based certification,50,0
solid,NA,NA,NA,NA,0.75,TRUE,TRUE,TRUE,TRUE,TRUE,TRUE,1,0.25,1,0.25,0.5,56.25,43.75,Grade E,Grade E,Critical penalty burden,50,6.25
solid,NA,NA,NA,NA,0.75,TRUE,TRUE,TRUE,TRUE,TRUE,TRUE,1,0.5,1,0.25,0.5,62.5,37.5,Grade E,Grade E,Critical penalty burden,50,12.5
solid,NA,NA,NA,NA,0.75,TRUE,TRUE,TRUE,TRUE,TRUE,TRUE,1,0.75,1,0.25,0.5,68.75,31.25,Grade E,Grade E,Critical penalty burden,50,18.75
solid,NA,NA,NA,NA,0.75,TRUE,TRUE,TRUE,TRUE,TRUE,TRUE,1,1,1,0.25,0.5,75,25,Grade E,Grade E,Critical penalty burden,50,25
solid,NA,NA,NA,NA,0.75,TRUE,TRUE,TRUE,TRUE,TRUE,TRUE,1,0,0,0.5,0.5,28.75,71.25,Grade C,Grade C,Score-based certification,35,6.25
solid,NA,NA,NA,NA,0.75,TRUE,TRUE,TRUE,TRUE,TRUE,TRUE,1,0.25,0,0.5,0.5,35,65,Grade C,Grade C,Score-based certification,35,0
solid,NA,NA,NA,NA,0.75,TRUE,TRUE,TRUE,TRUE,TRUE,TRUE,1,0.5,0,0.5,0.5,41.25,58.75,Grade D,Grade D,Score-based certification,35,6.25
solid,NA,NA,NA,NA,0.75,TRUE,TRUE,TRUE,TRUE,TRUE,TRUE,1,0.75,0,0.5,0.5,47.5,52.5,Grade D,Grade D,Score-based certification,50,2.5
solid,NA,NA,NA,NA,0.75,TRUE,TRUE,TRUE,TRUE,TRUE,TRUE,1,1,0,0.5,0.5,53.75,46.25,Grade E,Grade E,Critical penalty burden,50,3.75
solid,NA,NA,NA,NA,0.75,TRUE,TRUE,TRUE,TRUE,TRUE,TRUE,1,0,0.25,0.5,0.5,35,65,Grade C,Grade C,Score-based certification,35,0
solid,NA,NA,NA,NA,0.75,TRUE,TRUE,TRUE,TRUE,TRUE,TRUE,1,0.25,0.25,0.5,0.5,41.25,58.75,Grade D,Grade D,Score-based certification,35,6.25
solid,NA,NA,NA,NA,0.75,TRUE,TRUE,TRUE,TRUE,TRUE,TRUE,1,0.5,0.25,0.5,0.5,47.5,52.5,Grade D,Grade D,Score-based certification,50,2.5
solid,NA,NA,NA,NA,0.75,TRUE,TRUE,TRUE,TRUE,TRUE,TRUE,1,0.75,0.25,0.5,0.5,53.75,46.25,Grade E,Grade E,Critical penalty burden,50,3.75
solid,NA,NA,NA,NA,0.75,TRUE,TRUE,TRUE,TRUE,TRUE,TRUE,1,1,0.25,0.5,0.5,60,40,Grade E,Grade E,Critical penalty burden,50,10
solid,NA,NA,NA,NA,0.75,TRUE,TRUE,TRUE,TRUE,TRUE,TRUE,1,0,0.5,0.5,0.5,41.25,58.75,Grade D,Grade D,Score-based certification,35,6.25
solid,NA,NA,NA,NA,0.75,TRUE,TRUE,TRUE,TRUE,TRUE,TRUE,1,0.25,0.5,0.5,0.5,47.5,52.5,Grade D,Grade D,Score-based certification,50,2.5
solid,NA,NA,NA,NA,0.75,TRUE,TRUE,TRUE,TRUE,TRUE,TRUE,1,0.5,0.5,0.5,0.5,53.75,46.25,Grade E,Grade E,Critical penalty burden,50,3.75
solid,NA,NA,NA,NA,0.75,TRUE,TRUE,TRUE,TRUE,TRUE,TRUE,1,0.75,0.5,0.5,0.5,60,40,Grade E,Grade E,Critical penalty burden,50,10
solid,NA,NA,NA,NA,0.75,TRUE,TRUE,TRUE,TRUE,TRUE,TRUE,1,1,0.5,0.5,0.5,66.25,33.75,Grade E,Grade E,Critical penalty burden,50,16.25
solid,NA,NA,NA,NA,0.75,TRUE,TRUE,TRUE,TRUE,TRUE,TRUE,1,0,0.75,0.5,0.5,47.5,52.5,Grade D,Grade D,Score-based certification,50,2.5
solid,NA,NA,NA,NA,0.75,TRUE,TRUE,TRUE,TRUE,TRUE,TRUE,1,0.25,0.75,0.5,0.5,53.75,46.25,Grade E,Grade E,Critical penalty burden,50,3.75
solid,NA,NA,NA,NA,0.75,TRUE,TRUE,TRUE,TRUE,TRUE,TRUE,1,0.5,0.75,0.5,0.5,60,40,Grade E,Grade E,Critical penalty burden,50,10
solid,NA,NA,NA,NA,0.75,TRUE,TRUE,TRUE,TRUE,TRUE,TRUE,1,0.75,0.75,0.5,0.5,66.25,33.75,Grade E,Grade E,Critical penalty burden,50,16.25
solid,NA,NA,NA,NA,0.75,TRUE,TRUE,TRUE,TRUE,TRUE,TRUE,1,1,0.75,0.5,0.5,72.5,27.5,Grade E,Grade E,Critical penalty burden,50,22.5
solid,NA,NA,NA,NA,0.75,TRUE,TRUE,TRUE,TRUE,TRUE,TRUE,1,0,1,0.5,0.5,53.75,46.25,Grade E,Grade E,Critical penalty burden,50,3.75
solid,NA,NA,NA,NA,0.75,TRUE,TRUE,TRUE,TRUE,TRUE,TRUE,1,0.25,1,0.5,0.5,60,40,Grade E,Grade E,Critical penalty burden,50,10
solid,NA,NA,NA,NA,0.75,TRUE,TRUE,TRUE,TRUE,TRUE,TRUE,1,0.5,1,0.5,0.5,66.25,33.75,Grade E,Grade E,Critical penalty burden,50,16.25
solid,NA,NA,NA,NA,0.75,TRUE,TRUE,TRUE,TRUE,TRUE,TRUE,1,0.75,1,0.5,0.5,72.5,27.5,Grade E,Grade E,Critical penalty burden,50,22.5
solid,NA,NA,NA,NA,0.75,TRUE,TRUE,TRUE,TRUE,TRUE,TRUE,1,1,1,0.5,0.5,78.75,21.25,Grade E,Grade E,Critical penalty burden,50,28.75
solid,NA,NA,NA,NA,0.75,TRUE,TRUE,TRUE,TRUE,TRUE,TRUE,1,0,0,0.75,0.5,32.5,67.5,Grade C,Grade C,Score-based certification,35,2.5
solid,NA,NA,NA,NA,0.75,TRUE,TRUE,TRUE,TRUE,TRUE,TRUE,1,0.25,0,0.75,0.5,38.75,61.25,Grade D,Grade D,Score-based certification,35,3.75
solid,NA,NA,NA,NA,0.75,TRUE,TRUE,TRUE,TRUE,TRUE,TRUE,1,0.5,0,0.75,0.5,45,55,Grade D,Grade D,Score-based certification,50,5
solid,NA,NA,NA,NA,0.75,TRUE,TRUE,TRUE,TRUE,TRUE,TRUE,1,0.75,0,0.75,0.5,51.25,48.75,Grade E,Grade E,Critical penalty burden,50,1.25
solid,NA,NA,NA,NA,0.75,TRUE,TRUE,TRUE,TRUE,TRUE,TRUE,1,1,0,0.75,0.5,57.5,42.5,Grade E,Grade E,Critical penalty burden,50,7.5
solid,NA,NA,NA,NA,0.75,TRUE,TRUE,TRUE,TRUE,TRUE,TRUE,1,0,0.25,0.75,0.5,38.75,61.25,Grade D,Grade D,Score-based certification,35,3.75
solid,NA,NA,NA,NA,0.75,TRUE,TRUE,TRUE,TRUE,TRUE,TRUE,1,0.25,0.25,0.75,0.5,45,55,Grade D,Grade D,Score-based certification,50,5
solid,NA,NA,NA,NA,0.75,TRUE,TRUE,TRUE,TRUE,TRUE,TRUE,1,0.5,0.25,0.75,0.5,51.25,48.75,Grade E,Grade E,Critical penalty burden,50,1.25
solid,NA,NA,NA,NA,0.75,TRUE,TRUE,TRUE,TRUE,TRUE,TRUE,1,0.75,0.25,0.75,0.5,57.5,42.5,Grade E,Grade E,Critical penalty burden,50,7.5
solid,NA,NA,NA,NA,0.75,TRUE,TRUE,TRUE,TRUE,TRUE,TRUE,1,1,0.25,0.75,0.5,63.75,36.25,Grade E,Grade E,Critical penalty burden,50,13.75
solid,NA,NA,NA,NA,0.75,TRUE,TRUE,TRUE,TRUE,TRUE,TRUE,1,0,0.5,0.75,0.5,45,55,Grade D,Grade D,Score-based certification,50,5
solid,NA,NA,NA,NA,0.75,TRUE,TRUE,TRUE,TRUE,TRUE,TRUE,1,0.25,0.5,0.75,0.5,51.25,48.75,Grade E,Grade E,Critical penalty burden,50,1.25
solid,NA,NA,NA,NA,0.75,TRUE,TRUE,TRUE,TRUE,TRUE,TRUE,1,0.5,0.5,0.75,0.5,57.5,42.5,Grade E,Grade E,Critical penalty burden,50,7.5
solid,NA,NA,NA,NA,0.75,TRUE,TRUE,TRUE,TRUE,TRUE,TRUE,1,0.75,0.5,0.75,0.5,63.75,36.25,Grade E,Grade E,Critical penalty burden,50,13.75
solid,NA,NA,NA,NA,0.75,TRUE,TRUE,TRUE,TRUE,TRUE,TRUE,1,1,0.5,0.75,0.5,70,30,Grade E,Grade E,Critical penalty burden,50,20
solid,NA,NA,NA,NA,0.75,TRUE,TRUE,TRUE,TRUE,TRUE,TRUE,1,0,0.75,0.75,0.5,51.25,48.75,Grade E,Grade E,Critical penalty burden,50,1.25
solid,NA,NA,NA,NA,0.75,TRUE,TRUE,TRUE,TRUE,TRUE,TRUE,1,0.25,0.75,0.75,0.5,57.5,42.5,Grade E,Grade E,Critical penalty burden,50,7.5
solid,NA,NA,NA,NA,0.75,TRUE,TRUE,TRUE,TRUE,TRUE,TRUE,1,0.5,0.75,0.75,0.5,63.75,36.25,Grade E,Grade E,Critical penalty burden,50,13.75
solid,NA,NA,NA,NA,0.75,TRUE,TRUE,TRUE,TRUE,TRUE,TRUE,1,0.75,0.75,0.75,0.5,70,30,Grade E,Grade E,Critical penalty burden,50,20
solid,NA,NA,NA,NA,0.75,TRUE,TRUE,TRUE,TRUE,TRUE,TRUE,1,1,0.75,0.75,0.5,76.25,23.75,Grade E,Grade E,Critical penalty burden,50,26.25
solid,NA,NA,NA,NA,0.75,TRUE,TRUE,TRUE,TRUE,TRUE,TRUE,1,0,1,0.75,0.5,57.5,42.5,Grade E,Grade E,Critical penalty burden,50,7.5
solid,NA,NA,NA,NA,0.75,TRUE,TRUE,TRUE,TRUE,TRUE,TRUE,1,0.25,1,0.75,0.5,63.75,36.25,Grade E,Grade E,Critical penalty burden,50,13.75
solid,NA,NA,NA,NA,0.75,TRUE,TRUE,TRUE,TRUE,TRUE,TRUE,1,0.5,1,0.75,0.5,70,30,Grade E,Grade E,Critical penalty burden,50,20
solid,NA,NA,NA,NA,0.75,TRUE,TRUE,TRUE,TRUE,TRUE,TRUE,1,0.75,1,0.75,0.5,76.25,23.75,Grade E,Grade E,Critical penalty burden,50,26.25
solid,NA,NA,NA,NA,0.75,TRUE,TRUE,TRUE,TRUE,TRUE,TRUE,1,1,1,0.75,0.5,82.5,17.5,Grade E,Grade E,Critical penalty burden,50,32.5
solid,NA,NA,NA,NA,0.75,TRUE,TRUE,TRUE,TRUE,TRUE,TRUE,1,0,0,1,0.5,36.25,63.75,Grade D,Grade D,Score-based certification,35,1.25
solid,NA,NA,NA,NA,0.75,TRUE,TRUE,TRUE,TRUE,TRUE,TRUE,1,0.25,0,1,0.5,42.5,57.5,Grade D,Grade D,Score-based certification,35,7.5
solid,NA,NA,NA,NA,0.75,TRUE,TRUE,TRUE,TRUE,TRUE,TRUE,1,0.5,0,1,0.5,48.75,51.25,Grade D,Grade D,Score-based certification,50,1.25
solid,NA,NA,NA,NA,0.75,TRUE,TRUE,TRUE,TRUE,TRUE,TRUE,1,0.75,0,1,0.5,55,45,Grade E,Grade E,Critical penalty burden,50,5
solid,NA,NA,NA,NA,0.75,TRUE,TRUE,TRUE,TRUE,TRUE,TRUE,1,1,0,1,0.5,61.25,38.75,Grade E,Grade E,Critical penalty burden,50,11.25
solid,NA,NA,NA,NA,0.75,TRUE,TRUE,TRUE,TRUE,TRUE,TRUE,1,0,0.25,1,0.5,42.5,57.5,Grade D,Grade D,Score-based certification,35,7.5
solid,NA,NA,NA,NA,0.75,TRUE,TRUE,TRUE,TRUE,TRUE,TRUE,1,0.25,0.25,1,0.5,48.75,51.25,Grade D,Grade D,Score-based certification,50,1.25
solid,NA,NA,NA,NA,0.75,TRUE,TRUE,TRUE,TRUE,TRUE,TRUE,1,0.5,0.25,1,0.5,55,45,Grade E,Grade E,Critical penalty burden,50,5
solid,NA,NA,NA,NA,0.75,TRUE,TRUE,TRUE,TRUE,TRUE,TRUE,1,0.75,0.25,1,0.5,61.25,38.75,Grade E,Grade E,Critical penalty burden,50,11.25
solid,NA,NA,NA,NA,0.75,TRUE,TRUE,TRUE,TRUE,TRUE,TRUE,1,1,0.25,1,0.5,67.5,32.5,Grade E,Grade E,Critical penalty burden,50,17.5
solid,NA,NA,NA,NA,0.75,TRUE,TRUE,TRUE,TRUE,TRUE,TRUE,1,0,0.5,1,0.5,48.75,51.25,Grade D,Grade D,Score-based certification,50,1.25
solid,NA,NA,NA,NA,0.75,TRUE,TRUE,TRUE,TRUE,TRUE,TRUE,1,0.25,0.5,1,0.5,55,45,Grade E,Grade E,Critical penalty burden,50,5
solid,NA,NA,NA,NA,0.75,TRUE,TRUE,TRUE,TRUE,TRUE,TRUE,1,0.5,0.5,1,0.5,61.25,38.75,Grade E,Grade E,Critical penalty burden,50,11.25
solid,NA,NA,NA,NA,0.75,TRUE,TRUE,TRUE,TRUE,TRUE,TRUE,1,0.75,0.5,1,0.5,67.5,32.5,Grade E,Grade E,Critical penalty burden,50,17.5
solid,NA,NA,NA,NA,0.75,TRUE,TRUE,TRUE,TRUE,TRUE,TRUE,1,1,0.5,1,0.5,73.75,26.25,Grade E,Grade E,Critical penalty burden,50,23.75
solid,NA,NA,NA,NA,0.75,TRUE,TRUE,TRUE,TRUE,TRUE,TRUE,1,0,0.75,1,0.5,55,45,Grade E,Grade E,Critical penalty burden,50,5
solid,NA,NA,NA,NA,0.75,TRUE,TRUE,TRUE,TRUE,TRUE,TRUE,1,0.25,0.75,1,0.5,61.25,38.75,Grade E,Grade E,Critical penalty burden,50,11.25
solid,NA,NA,NA,NA,0.75,TRUE,TRUE,TRUE,TRUE,TRUE,TRUE,1,0.5,0.75,1,0.5,67.5,32.5,Grade E,Grade E,Critical penalty burden,50,17.5
solid,NA,NA,NA,NA,0.75,TRUE,TRUE,TRUE,TRUE,TRUE,TRUE,1,0.75,0.75,1,0.5,73.75,26.25,Grade E,Grade E,Critical penalty burden,50,23.75
solid,NA,NA,NA,NA,0.75,TRUE,TRUE,TRUE,TRUE,TRUE,TRUE,1,1,0.75,1,0.5,80,20,Grade E,Grade E,Critical penalty burden,50,30
solid,NA,NA,NA,NA,0.75,TRUE,TRUE,TRUE,TRUE,TRUE,TRUE,1,0,1,1,0.5,61.25,38.75,Grade E,Grade E,Critical penalty burden,50,11.25
solid,NA,NA,NA,NA,0.75,TRUE,TRUE,TRUE,TRUE,TRUE,TRUE,1,0.25,1,1,0.5,67.5,32.5,Grade E,Grade E,Critical penalty burden,50,17.5
solid,NA,NA,NA,NA,0.75,TRUE,TRUE,TRUE,TRUE,TRUE,TRUE,1,0.5,1,1,0.5,73.75,26.25,Grade E,Grade E,Critical penalty burden,50,23.75
solid,NA,NA,NA,NA,0.75,TRUE,TRUE,TRUE,TRUE,TRUE,TRUE,1,0.75,1,1,0.5,80,20,Grade E,Grade E,Critical penalty burden,50,30
solid,NA,NA,NA,NA,0.75,TRUE,TRUE,TRUE,TRUE,TRUE,TRUE,1,1,1,1,0.5,86.25,13.75,Grade E,Grade E,Critical penalty burden,50,36.25
solid,NA,NA,NA,NA,0.75,TRUE,TRUE,TRUE,TRUE,TRUE,TRUE,1,0,0,0,0.75,26.25,73.75,Grade C,Grade C,Score-based certification,20,6.25
solid,NA,NA,NA,NA,0.75,TRUE,TRUE,TRUE,TRUE,TRUE,TRUE,1,0.25,0,0,0.75,32.5,67.5,Grade C,Grade C,Score-based certification,35,2.5
solid,NA,NA,NA,NA,0.75,TRUE,TRUE,TRUE,TRUE,TRUE,TRUE,1,0.5,0,0,0.75,38.75,61.25,Grade D,Grade D,Score-based certification,35,3.75
solid,NA,NA,NA,NA,0.75,TRUE,TRUE,TRUE,TRUE,TRUE,TRUE,1,0.75,0,0,0.75,45,55,Grade D,Grade D,Score-based certification,50,5
solid,NA,NA,NA,NA,0.75,TRUE,TRUE,TRUE,TRUE,TRUE,TRUE,1,1,0,0,0.75,51.25,48.75,Grade E,Grade E,Critical penalty burden,50,1.25
solid,NA,NA,NA,NA,0.75,TRUE,TRUE,TRUE,TRUE,TRUE,TRUE,1,0,0.25,0,0.75,32.5,67.5,Grade C,Grade C,Score-based certification,35,2.5
solid,NA,NA,NA,NA,0.75,TRUE,TRUE,TRUE,TRUE,TRUE,TRUE,1,0.25,0.25,0,0.75,38.75,61.25,Grade D,Grade D,Score-based certification,35,3.75
solid,NA,NA,NA,NA,0.75,TRUE,TRUE,TRUE,TRUE,TRUE,TRUE,1,0.5,0.25,0,0.75,45,55,Grade D,Grade D,Score-based certification,50,5
solid,NA,NA,NA,NA,0.75,TRUE,TRUE,TRUE,TRUE,TRUE,TRUE,1,0.75,0.25,0,0.75,51.25,48.75,Grade E,Grade E,Critical penalty burden,50,1.25
solid,NA,NA,NA,NA,0.75,TRUE,TRUE,TRUE,TRUE,TRUE,TRUE,1,1,0.25,0,0.75,57.5,42.5,Grade E,Grade E,Critical penalty burden,50,7.5
solid,NA,NA,NA,NA,0.75,TRUE,TRUE,TRUE,TRUE,TRUE,TRUE,1,0,0.5,0,0.75,38.75,61.25,Grade D,Grade D,Score-based certification,35,3.75
solid,NA,NA,NA,NA,0.75,TRUE,TRUE,TRUE,TRUE,TRUE,TRUE,1,0.25,0.5,0,0.75,45,55,Grade D,Grade D,Score-based certification,50,5
solid,NA,NA,NA,NA,0.75,TRUE,TRUE,TRUE,TRUE,TRUE,TRUE,1,0.5,0.5,0,0.75,51.25,48.75,Grade E,Grade E,Critical penalty burden,50,1.25
solid,NA,NA,NA,NA,0.75,TRUE,TRUE,TRUE,TRUE,TRUE,TRUE,1,0.75,0.5,0,0.75,57.5,42.5,Grade E,Grade E,Critical penalty burden,50,7.5
solid,NA,NA,NA,NA,0.75,TRUE,TRUE,TRUE,TRUE,TRUE,TRUE,1,1,0.5,0,0.75,63.75,36.25,Grade E,Grade E,Critical penalty burden,50,13.75
solid,NA,NA,NA,NA,0.75,TRUE,TRUE,TRUE,TRUE,TRUE,TRUE,1,0,0.75,0,0.75,45,55,Grade D,Grade D,Score-based certification,50,5
solid,NA,NA,NA,NA,0.75,TRUE,TRUE,TRUE,TRUE,TRUE,TRUE,1,0.25,0.75,0,0.75,51.25,48.75,Grade E,Grade E,Critical penalty burden,50,1.25
solid,NA,NA,NA,NA,0.75,TRUE,TRUE,TRUE,TRUE,TRUE,TRUE,1,0.5,0.75,0,0.75,57.5,42.5,Grade E,Grade E,Critical penalty burden,50,7.5
solid,NA,NA,NA,NA,0.75,TRUE,TRUE,TRUE,TRUE,TRUE,TRUE,1,0.75,0.75,0,0.75,63.75,36.25,Grade E,Grade E,Critical penalty burden,50,13.75
solid,NA,NA,NA,NA,0.75,TRUE,TRUE,TRUE,TRUE,TRUE,TRUE,1,1,0.75,0,0.75,70,30,Grade E,Grade E,Critical penalty burden,50,20
solid,NA,NA,NA,NA,0.75,TRUE,TRUE,TRUE,TRUE,TRUE,TRUE,1,0,1,0,0.75,51.25,48.75,Grade E,Grade E,Critical penalty burden,50,1.25
solid,NA,NA,NA,NA,0.75,TRUE,TRUE,TRUE,TRUE,TRUE,TRUE,1,0.25,1,0,0.75,57.5,42.5,Grade E,Grade E,Critical penalty burden,50,7.5
solid,NA,NA,NA,NA,0.75,TRUE,TRUE,TRUE,TRUE,TRUE,TRUE,1,0.5,1,0,0.75,63.75,36.25,Grade E,Grade E,Critical penalty burden,50,13.75
solid,NA,NA,NA,NA,0.75,TRUE,TRUE,TRUE,TRUE,TRUE,TRUE,1,0.75,1,0,0.75,70,30,Grade E,Grade E,Critical penalty burden,50,20
solid,NA,NA,NA,NA,0.75,TRUE,TRUE,TRUE,TRUE,TRUE,TRUE,1,1,1,0,0.75,76.25,23.75,Grade E,Grade E,Critical penalty burden,50,26.25
solid,NA,NA,NA,NA,0.75,TRUE,TRUE,TRUE,TRUE,TRUE,TRUE,1,0,0,0.25,0.75,30,70,Grade C,Grade C,Score-based certification,35,5
solid,NA,NA,NA,NA,0.75,TRUE,TRUE,TRUE,TRUE,TRUE,TRUE,1,0.25,0,0.25,0.75,36.25,63.75,Grade D,Grade D,Score-based certification,35,1.25
solid,NA,NA,NA,NA,0.75,TRUE,TRUE,TRUE,TRUE,TRUE,TRUE,1,0.5,0,0.25,0.75,42.5,57.5,Grade D,Grade D,Score-based certification,35,7.5
solid,NA,NA,NA,NA,0.75,TRUE,TRUE,TRUE,TRUE,TRUE,TRUE,1,0.75,0,0.25,0.75,48.75,51.25,Grade D,Grade D,Score-based certification,50,1.25
solid,NA,NA,NA,NA,0.75,TRUE,TRUE,TRUE,TRUE,TRUE,TRUE,1,1,0,0.25,0.75,55,45,Grade E,Grade E,Critical penalty burden,50,5
solid,NA,NA,NA,NA,0.75,TRUE,TRUE,TRUE,TRUE,TRUE,TRUE,1,0,0.25,0.25,0.75,36.25,63.75,Grade D,Grade D,Score-based certification,35,1.25
solid,NA,NA,NA,NA,0.75,TRUE,TRUE,TRUE,TRUE,TRUE,TRUE,1,0.25,0.25,0.25,0.75,42.5,57.5,Grade D,Grade D,Score-based certification,35,7.5
solid,NA,NA,NA,NA,0.75,TRUE,TRUE,TRUE,TRUE,TRUE,TRUE,1,0.5,0.25,0.25,0.75,48.75,51.25,Grade D,Grade D,Score-based certification,50,1.25
solid,NA,NA,NA,NA,0.75,TRUE,TRUE,TRUE,TRUE,TRUE,TRUE,1,0.75,0.25,0.25,0.75,55,45,Grade E,Grade E,Critical penalty burden,50,5
solid,NA,NA,NA,NA,0.75,TRUE,TRUE,TRUE,TRUE,TRUE,TRUE,1,1,0.25,0.25,0.75,61.25,38.75,Grade E,Grade E,Critical penalty burden,50,11.25
solid,NA,NA,NA,NA,0.75,TRUE,TRUE,TRUE,TRUE,TRUE,TRUE,1,0,0.5,0.25,0.75,42.5,57.5,Grade D,Grade D,Score-based certification,35,7.5
solid,NA,NA,NA,NA,0.75,TRUE,TRUE,TRUE,TRUE,TRUE,TRUE,1,0.25,0.5,0.25,0.75,48.75,51.25,Grade D,Grade D,Score-based certification,50,1.25
solid,NA,NA,NA,NA,0.75,TRUE,TRUE,TRUE,TRUE,TRUE,TRUE,1,0.5,0.5,0.25,0.75,55,45,Grade E,Grade E,Critical penalty burden,50,5
solid,NA,NA,NA,NA,0.75,TRUE,TRUE,TRUE,TRUE,TRUE,TRUE,1,0.75,0.5,0.25,0.75,61.25,38.75,Grade E,Grade E,Critical penalty burden,50,11.25
solid,NA,NA,NA,NA,0.75,TRUE,TRUE,TRUE,TRUE,TRUE,TRUE,1,1,0.5,0.25,0.75,67.5,32.5,Grade E,Grade E,Critical penalty burden,50,17.5
solid,NA,NA,NA,NA,0.75,TRUE,TRUE,TRUE,TRUE,TRUE,TRUE,1,0,0.75,0.25,0.75,48.75,51.25,Grade D,Grade D,Score-based certification,50,1.25
solid,NA,NA,NA,NA,0.75,TRUE,TRUE,TRUE,TRUE,TRUE,TRUE,1,0.25,0.75,0.25,0.75,55,45,Grade E,Grade E,Critical penalty burden,50,5
solid,NA,NA,NA,NA,0.75,TRUE,TRUE,TRUE,TRUE,TRUE,TRUE,1,0.5,0.75,0.25,0.75,61.25,38.75,Grade E,Grade E,Critical penalty burden,50,11.25
solid,NA,NA,NA,NA,0.75,TRUE,TRUE,TRUE,TRUE,TRUE,TRUE,1,0.75,0.75,0.25,0.75,67.5,32.5,Grade E,Grade E,Critical penalty burden,50,17.5
solid,NA,NA,NA,NA,0.75,TRUE,TRUE,TRUE,TRUE,TRUE,TRUE,1,1,0.75,0.25,0.75,73.75,26.25,Grade E,Grade E,Critical penalty burden,50,23.75
solid,NA,NA,NA,NA,0.75,TRUE,TRUE,TRUE,TRUE,TRUE,TRUE,1,0,1,0.25,0.75,55,45,Grade E,Grade E,Critical penalty burden,50,5
solid,NA,NA,NA,NA,0.75,TRUE,TRUE,TRUE,TRUE,TRUE,TRUE,1,0.25,1,0.25,0.75,61.25,38.75,Grade E,Grade E,Critical penalty burden,50,11.25
solid,NA,NA,NA,NA,0.75,TRUE,TRUE,TRUE,TRUE,TRUE,TRUE,1,0.5,1,0.25,0.75,67.5,32.5,Grade E,Grade E,Critical penalty burden,50,17.5
solid,NA,NA,NA,NA,0.75,TRUE,TRUE,TRUE,TRUE,TRUE,TRUE,1,0.75,1,0.25,0.75,73.75,26.25,Grade E,Grade E,Critical penalty burden,50,23.75
solid,NA,NA,NA,NA,0.75,TRUE,TRUE,TRUE,TRUE,TRUE,TRUE,1,1,1,0.25,0.75,80,20,Grade E,Grade E,Critical penalty burden,50,30
solid,NA,NA,NA,NA,0.75,TRUE,TRUE,TRUE,TRUE,TRUE,TRUE,1,0,0,0.5,0.75,33.75,66.25,Grade C,Grade C,Score-based certification,35,1.25
solid,NA,NA,NA,NA,0.75,TRUE,TRUE,TRUE,TRUE,TRUE,TRUE,1,0.25,0,0.5,0.75,40,60,Grade D,Grade D,Score-based certification,35,5
solid,NA,NA,NA,NA,0.75,TRUE,TRUE,TRUE,TRUE,TRUE,TRUE,1,0.5,0,0.5,0.75,46.25,53.75,Grade D,Grade D,Score-based certification,50,3.75
solid,NA,NA,NA,NA,0.75,TRUE,TRUE,TRUE,TRUE,TRUE,TRUE,1,0.75,0,0.5,0.75,52.5,47.5,Grade E,Grade E,Critical penalty burden,50,2.5
solid,NA,NA,NA,NA,0.75,TRUE,TRUE,TRUE,TRUE,TRUE,TRUE,1,1,0,0.5,0.75,58.75,41.25,Grade E,Grade E,Critical penalty burden,50,8.75
solid,NA,NA,NA,NA,0.75,TRUE,TRUE,TRUE,TRUE,TRUE,TRUE,1,0,0.25,0.5,0.75,40,60,Grade D,Grade D,Score-based certification,35,5
solid,NA,NA,NA,NA,0.75,TRUE,TRUE,TRUE,TRUE,TRUE,TRUE,1,0.25,0.25,0.5,0.75,46.25,53.75,Grade D,Grade D,Score-based certification,50,3.75
solid,NA,NA,NA,NA,0.75,TRUE,TRUE,TRUE,TRUE,TRUE,TRUE,1,0.5,0.25,0.5,0.75,52.5,47.5,Grade E,Grade E,Critical penalty burden,50,2.5
solid,NA,NA,NA,NA,0.75,TRUE,TRUE,TRUE,TRUE,TRUE,TRUE,1,0.75,0.25,0.5,0.75,58.75,41.25,Grade E,Grade E,Critical penalty burden,50,8.75
solid,NA,NA,NA,NA,0.75,TRUE,TRUE,TRUE,TRUE,TRUE,TRUE,1,1,0.25,0.5,0.75,65,35,Grade E,Grade E,Critical penalty burden,50,15
solid,NA,NA,NA,NA,0.75,TRUE,TRUE,TRUE,TRUE,TRUE,TRUE,1,0,0.5,0.5,0.75,46.25,53.75,Grade D,Grade D,Score-based certification,50,3.75
solid,NA,NA,NA,NA,0.75,TRUE,TRUE,TRUE,TRUE,TRUE,TRUE,1,0.25,0.5,0.5,0.75,52.5,47.5,Grade E,Grade E,Critical penalty burden,50,2.5
solid,NA,NA,NA,NA,0.75,TRUE,TRUE,TRUE,TRUE,TRUE,TRUE,1,0.5,0.5,0.5,0.75,58.75,41.25,Grade E,Grade E,Critical penalty burden,50,8.75
solid,NA,NA,NA,NA,0.75,TRUE,TRUE,TRUE,TRUE,TRUE,TRUE,1,0.75,0.5,0.5,0.75,65,35,Grade E,Grade E,Critical penalty burden,50,15
solid,NA,NA,NA,NA,0.75,TRUE,TRUE,TRUE,TRUE,TRUE,TRUE,1,1,0.5,0.5,0.75,71.25,28.75,Grade E,Grade E,Critical penalty burden,50,21.25
solid,NA,NA,NA,NA,0.75,TRUE,TRUE,TRUE,TRUE,TRUE,TRUE,1,0,0.75,0.5,0.75,52.5,47.5,Grade E,Grade E,Critical penalty burden,50,2.5
solid,NA,NA,NA,NA,0.75,TRUE,TRUE,TRUE,TRUE,TRUE,TRUE,1,0.25,0.75,0.5,0.75,58.75,41.25,Grade E,Grade E,Critical penalty burden,50,8.75
solid,NA,NA,NA,NA,0.75,TRUE,TRUE,TRUE,TRUE,TRUE,TRUE,1,0.5,0.75,0.5,0.75,65,35,Grade E,Grade E,Critical penalty burden,50,15
solid,NA,NA,NA,NA,0.75,TRUE,TRUE,TRUE,TRUE,TRUE,TRUE,1,0.75,0.75,0.5,0.75,71.25,28.75,Grade E,Grade E,Critical penalty burden,50,21.25
solid,NA,NA,NA,NA,0.75,TRUE,TRUE,TRUE,TRUE,TRUE,TRUE,1,1,0.75,0.5,0.75,77.5,22.5,Grade E,Grade E,Critical penalty burden,50,27.5
solid,NA,NA,NA,NA,0.75,TRUE,TRUE,TRUE,TRUE,TRUE,TRUE,1,0,1,0.5,0.75,58.75,41.25,Grade E,Grade E,Critical penalty burden,50,8.75
solid,NA,NA,NA,NA,0.75,TRUE,TRUE,TRUE,TRUE,TRUE,TRUE,1,0.25,1,0.5,0.75,65,35,Grade E,Grade E,Critical penalty burden,50,15
solid,NA,NA,NA,NA,0.75,TRUE,TRUE,TRUE,TRUE,TRUE,TRUE,1,0.5,1,0.5,0.75,71.25,28.75,Grade E,Grade E,Critical penalty burden,50,21.25
solid,NA,NA,NA,NA,0.75,TRUE,TRUE,TRUE,TRUE,TRUE,TRUE,1,0.75,1,0.5,0.75,77.5,22.5,Grade E,Grade E,Critical penalty burden,50,27.5
solid,NA,NA,NA,NA,0.75,TRUE,TRUE,TRUE,TRUE,TRUE,TRUE,1,1,1,0.5,0.75,83.75,16.25,Grade E,Grade E,Critical penalty burden,50,33.75
solid,NA,NA,NA,NA,0.75,TRUE,TRUE,TRUE,TRUE,TRUE,TRUE,1,0,0,0.75,0.75,37.5,62.5,Grade D,Grade D,Score-based certification,35,2.5
solid,NA,NA,NA,NA,0.75,TRUE,TRUE,TRUE,TRUE,TRUE,TRUE,1,0.25,0,0.75,0.75,43.75,56.25,Grade D,Grade D,Score-based certification,50,6.25
solid,NA,NA,NA,NA,0.75,TRUE,TRUE,TRUE,TRUE,TRUE,TRUE,1,0.5,0,0.75,0.75,50,50,Grade D,Grade D,Score-based certification,50,0
solid,NA,NA,NA,NA,0.75,TRUE,TRUE,TRUE,TRUE,TRUE,TRUE,1,0.75,0,0.75,0.75,56.25,43.75,Grade E,Grade E,Critical penalty burden,50,6.25
solid,NA,NA,NA,NA,0.75,TRUE,TRUE,TRUE,TRUE,TRUE,TRUE,1,1,0,0.75,0.75,62.5,37.5,Grade E,Grade E,Critical penalty burden,50,12.5
solid,NA,NA,NA,NA,0.75,TRUE,TRUE,TRUE,TRUE,TRUE,TRUE,1,0,0.25,0.75,0.75,43.75,56.25,Grade D,Grade D,Score-based certification,50,6.25
solid,NA,NA,NA,NA,0.75,TRUE,TRUE,TRUE,TRUE,TRUE,TRUE,1,0.25,0.25,0.75,0.75,50,50,Grade D,Grade D,Score-based certification,50,0
solid,NA,NA,NA,NA,0.75,TRUE,TRUE,TRUE,TRUE,TRUE,TRUE,1,0.5,0.25,0.75,0.75,56.25,43.75,Grade E,Grade E,Critical penalty burden,50,6.25
solid,NA,NA,NA,NA,0.75,TRUE,TRUE,TRUE,TRUE,TRUE,TRUE,1,0.75,0.25,0.75,0.75,62.5,37.5,Grade E,Grade E,Critical penalty burden,50,12.5
solid,NA,NA,NA,NA,0.75,TRUE,TRUE,TRUE,TRUE,TRUE,TRUE,1,1,0.25,0.75,0.75,68.75,31.25,Grade E,Grade E,Critical penalty burden,50,18.75
solid,NA,NA,NA,NA,0.75,TRUE,TRUE,TRUE,TRUE,TRUE,TRUE,1,0,0.5,0.75,0.75,50,50,Grade D,Grade D,Score-based certification,50,0
solid,NA,NA,NA,NA,0.75,TRUE,TRUE,TRUE,TRUE,TRUE,TRUE,1,0.25,0.5,0.75,0.75,56.25,43.75,Grade E,Grade E,Critical penalty burden,50,6.25
solid,NA,NA,NA,NA,0.75,TRUE,TRUE,TRUE,TRUE,TRUE,TRUE,1,0.5,0.5,0.75,0.75,62.5,37.5,Grade E,Grade E,Critical penalty burden,50,12.5
solid,NA,NA,NA,NA,0.75,TRUE,TRUE,TRUE,TRUE,TRUE,TRUE,1,0.75,0.5,0.75,0.75,68.75,31.25,Grade E,Grade E,Critical penalty burden,50,18.75
solid,NA,NA,NA,NA,0.75,TRUE,TRUE,TRUE,TRUE,TRUE,TRUE,1,1,0.5,0.75,0.75,75,25,Grade E,Grade E,Critical penalty burden,50,25
solid,NA,NA,NA,NA,0.75,TRUE,TRUE,TRUE,TRUE,TRUE,TRUE,1,0,0.75,0.75,0.75,56.25,43.75,Grade E,Grade E,Critical penalty burden,50,6.25
solid,NA,NA,NA,NA,0.75,TRUE,TRUE,TRUE,TRUE,TRUE,TRUE,1,0.25,0.75,0.75,0.75,62.5,37.5,Grade E,Grade E,Critical penalty burden,50,12.5
solid,NA,NA,NA,NA,0.75,TRUE,TRUE,TRUE,TRUE,TRUE,TRUE,1,0.5,0.75,0.75,0.75,68.75,31.25,Grade E,Grade E,Critical penalty burden,50,18.75
solid,NA,NA,NA,NA,0.75,TRUE,TRUE,TRUE,TRUE,TRUE,TRUE,1,0.75,0.75,0.75,0.75,75,25,Grade E,Grade E,Critical penalty burden,50,25
solid,NA,NA,NA,NA,0.75,TRUE,TRUE,TRUE,TRUE,TRUE,TRUE,1,1,0.75,0.75,0.75,81.25,18.75,Grade E,Grade E,Critical penalty burden,50,31.25
solid,NA,NA,NA,NA,0.75,TRUE,TRUE,TRUE,TRUE,TRUE,TRUE,1,0,1,0.75,0.75,62.5,37.5,Grade E,Grade E,Critical penalty burden,50,12.5
solid,NA,NA,NA,NA,0.75,TRUE,TRUE,TRUE,TRUE,TRUE,TRUE,1,0.25,1,0.75,0.75,68.75,31.25,Grade E,Grade E,Critical penalty burden,50,18.75
solid,NA,NA,NA,NA,0.75,TRUE,TRUE,TRUE,TRUE,TRUE,TRUE,1,0.5,1,0.75,0.75,75,25,Grade E,Grade E,Critical penalty burden,50,25
solid,NA,NA,NA,NA,0.75,TRUE,TRUE,TRUE,TRUE,TRUE,TRUE,1,0.75,1,0.75,0.75,81.25,18.75,Grade E,Grade E,Critical penalty burden,50,31.25
solid,NA,NA,NA,NA,0.75,TRUE,TRUE,TRUE,TRUE,TRUE,TRUE,1,1,1,0.75,0.75,87.5,12.5,Grade E,Grade E,Critical penalty burden,50,37.5
solid,NA,NA,NA,NA,0.75,TRUE,TRUE,TRUE,TRUE,TRUE,TRUE,1,0,0,1,0.75,41.25,58.75,Grade D,Grade D,Score-based certification,35,6.25
solid,NA,NA,NA,NA,0.75,TRUE,TRUE,TRUE,TRUE,TRUE,TRUE,1,0.25,0,1,0.75,47.5,52.5,Grade D,Grade D,Score-based certification,50,2.5
solid,NA,NA,NA,NA,0.75,TRUE,TRUE,TRUE,TRUE,TRUE,TRUE,1,0.5,0,1,0.75,53.75,46.25,Grade E,Grade E,Critical penalty burden,50,3.75
solid,NA,NA,NA,NA,0.75,TRUE,TRUE,TRUE,TRUE,TRUE,TRUE,1,0.75,0,1,0.75,60,40,Grade E,Grade E,Critical penalty burden,50,10
solid,NA,NA,NA,NA,0.75,TRUE,TRUE,TRUE,TRUE,TRUE,TRUE,1,1,0,1,0.75,66.25,33.75,Grade E,Grade E,Critical penalty burden,50,16.25
solid,NA,NA,NA,NA,0.75,TRUE,TRUE,TRUE,TRUE,TRUE,TRUE,1,0,0.25,1,0.75,47.5,52.5,Grade D,Grade D,Score-based certification,50,2.5
solid,NA,NA,NA,NA,0.75,TRUE,TRUE,TRUE,TRUE,TRUE,TRUE,1,0.25,0.25,1,0.75,53.75,46.25,Grade E,Grade E,Critical penalty burden,50,3.75
solid,NA,NA,NA,NA,0.75,TRUE,TRUE,TRUE,TRUE,TRUE,TRUE,1,0.5,0.25,1,0.75,60,40,Grade E,Grade E,Critical penalty burden,50,10
solid,NA,NA,NA,NA,0.75,TRUE,TRUE,TRUE,TRUE,TRUE,TRUE,1,0.75,0.25,1,0.75,66.25,33.75,Grade E,Grade E,Critical penalty burden,50,16.25
solid,NA,NA,NA,NA,0.75,TRUE,TRUE,TRUE,TRUE,TRUE,TRUE,1,1,0.25,1,0.75,72.5,27.5,Grade E,Grade E,Critical penalty burden,50,22.5
solid,NA,NA,NA,NA,0.75,TRUE,TRUE,TRUE,TRUE,TRUE,TRUE,1,0,0.5,1,0.75,53.75,46.25,Grade E,Grade E,Critical penalty burden,50,3.75
solid,NA,NA,NA,NA,0.75,TRUE,TRUE,TRUE,TRUE,TRUE,TRUE,1,0.25,0.5,1,0.75,60,40,Grade E,Grade E,Critical penalty burden,50,10
solid,NA,NA,NA,NA,0.75,TRUE,TRUE,TRUE,TRUE,TRUE,TRUE,1,0.5,0.5,1,0.75,66.25,33.75,Grade E,Grade E,Critical penalty burden,50,16.25
solid,NA,NA,NA,NA,0.75,TRUE,TRUE,TRUE,TRUE,TRUE,TRUE,1,0.75,0.5,1,0.75,72.5,27.5,Grade E,Grade E,Critical penalty burden,50,22.5
solid,NA,NA,NA,NA,0.75,TRUE,TRUE,TRUE,TRUE,TRUE,TRUE,1,1,0.5,1,0.75,78.75,21.25,Grade E,Grade E,Critical penalty burden,50,28.75
solid,NA,NA,NA,NA,0.75,TRUE,TRUE,TRUE,TRUE,TRUE,TRUE,1,0,0.75,1,0.75,60,40,Grade E,Grade E,Critical penalty burden,50,10
solid,NA,NA,NA,NA,0.75,TRUE,TRUE,TRUE,TRUE,TRUE,TRUE,1,0.25,0.75,1,0.75,66.25,33.75,Grade E,Grade E,Critical penalty burden,50,16.25
solid,NA,NA,NA,NA,0.75,TRUE,TRUE,TRUE,TRUE,TRUE,TRUE,1,0.5,0.75,1,0.75,72.5,27.5,Grade E,Grade E,Critical penalty burden,50,22.5
solid,NA,NA,NA,NA,0.75,TRUE,TRUE,TRUE,TRUE,TRUE,TRUE,1,0.75,0.75,1,0.75,78.75,21.25,Grade E,Grade E,Critical penalty burden,50,28.75
solid,NA,NA,NA,NA,0.75,TRUE,TRUE,TRUE,TRUE,TRUE,TRUE,1,1,0.75,1,0.75,85,15,Grade E,Grade E,Critical penalty burden,50,35
solid,NA,NA,NA,NA,0.75,TRUE,TRUE,TRUE,TRUE,TRUE,TRUE,1,0,1,1,0.75,66.25,33.75,Grade E,Grade E,Critical penalty burden,50,16.25
solid,NA,NA,NA,NA,0.75,TRUE,TRUE,TRUE,TRUE,TRUE,TRUE,1,0.25,1,1,0.75,72.5,27.5,Grade E,Grade E,Critical penalty burden,50,22.5
solid,NA,NA,NA,NA,0.75,TRUE,TRUE,TRUE,TRUE,TRUE,TRUE,1,0.5,1,1,0.75,78.75,21.25,Grade E,Grade E,Critical penalty burden,50,28.75
solid,NA,NA,NA,NA,0.75,TRUE,TRUE,TRUE,TRUE,TRUE,TRUE,1,0.75,1,1,0.75,85,15,Grade E,Grade E,Critical penalty burden,50,35
solid,NA,NA,NA,NA,0.75,TRUE,TRUE,TRUE,TRUE,TRUE,TRUE,1,1,1,1,0.75,91.25,8.75,Grade E,Grade E,Critical penalty burden,50,41.25
solid,NA,NA,NA,NA,0.75,TRUE,TRUE,TRUE,TRUE,TRUE,TRUE,1,0,0,0,1,31.25,68.75,Grade C,Grade C,Score-based certification,35,3.75
solid,NA,NA,NA,NA,0.75,TRUE,TRUE,TRUE,TRUE,TRUE,TRUE,1,0.25,0,0,1,37.5,62.5,Grade D,Grade D,Score-based certification,35,2.5
solid,NA,NA,NA,NA,0.75,TRUE,TRUE,TRUE,TRUE,TRUE,TRUE,1,0.5,0,0,1,43.75,56.25,Grade D,Grade D,Score-based certification,50,6.25
solid,NA,NA,NA,NA,0.75,TRUE,TRUE,TRUE,TRUE,TRUE,TRUE,1,0.75,0,0,1,50,50,Grade D,Grade D,Score-based certification,50,0
solid,NA,NA,NA,NA,0.75,TRUE,TRUE,TRUE,TRUE,TRUE,TRUE,1,1,0,0,1,56.25,43.75,Grade E,Grade E,Critical penalty burden,50,6.25
solid,NA,NA,NA,NA,0.75,TRUE,TRUE,TRUE,TRUE,TRUE,TRUE,1,0,0.25,0,1,37.5,62.5,Grade D,Grade D,Score-based certification,35,2.5
solid,NA,NA,NA,NA,0.75,TRUE,TRUE,TRUE,TRUE,TRUE,TRUE,1,0.25,0.25,0,1,43.75,56.25,Grade D,Grade D,Score-based certification,50,6.25
solid,NA,NA,NA,NA,0.75,TRUE,TRUE,TRUE,TRUE,TRUE,TRUE,1,0.5,0.25,0,1,50,50,Grade D,Grade D,Score-based certification,50,0
solid,NA,NA,NA,NA,0.75,TRUE,TRUE,TRUE,TRUE,TRUE,TRUE,1,0.75,0.25,0,1,56.25,43.75,Grade E,Grade E,Critical penalty burden,50,6.25
solid,NA,NA,NA,NA,0.75,TRUE,TRUE,TRUE,TRUE,TRUE,TRUE,1,1,0.25,0,1,62.5,37.5,Grade E,Grade E,Critical penalty burden,50,12.5
solid,NA,NA,NA,NA,0.75,TRUE,TRUE,TRUE,TRUE,TRUE,TRUE,1,0,0.5,0,1,43.75,56.25,Grade D,Grade D,Score-based certification,50,6.25
solid,NA,NA,NA,NA,0.75,TRUE,TRUE,TRUE,TRUE,TRUE,TRUE,1,0.25,0.5,0,1,50,50,Grade D,Grade D,Score-based certification,50,0
solid,NA,NA,NA,NA,0.75,TRUE,TRUE,TRUE,TRUE,TRUE,TRUE,1,0.5,0.5,0,1,56.25,43.75,Grade E,Grade E,Critical penalty burden,50,6.25
solid,NA,NA,NA,NA,0.75,TRUE,TRUE,TRUE,TRUE,TRUE,TRUE,1,0.75,0.5,0,1,62.5,37.5,Grade E,Grade E,Critical penalty burden,50,12.5
solid,NA,NA,NA,NA,0.75,TRUE,TRUE,TRUE,TRUE,TRUE,TRUE,1,1,0.5,0,1,68.75,31.25,Grade E,Grade E,Critical penalty burden,50,18.75
solid,NA,NA,NA,NA,0.75,TRUE,TRUE,TRUE,TRUE,TRUE,TRUE,1,0,0.75,0,1,50,50,Grade D,Grade D,Score-based certification,50,0
solid,NA,NA,NA,NA,0.75,TRUE,TRUE,TRUE,TRUE,TRUE,TRUE,1,0.25,0.75,0,1,56.25,43.75,Grade E,Grade E,Critical penalty burden,50,6.25
solid,NA,NA,NA,NA,0.75,TRUE,TRUE,TRUE,TRUE,TRUE,TRUE,1,0.5,0.75,0,1,62.5,37.5,Grade E,Grade E,Critical penalty burden,50,12.5
solid,NA,NA,NA,NA,0.75,TRUE,TRUE,TRUE,TRUE,TRUE,TRUE,1,0.75,0.75,0,1,68.75,31.25,Grade E,Grade E,Critical penalty burden,50,18.75
solid,NA,NA,NA,NA,0.75,TRUE,TRUE,TRUE,TRUE,TRUE,TRUE,1,1,0.75,0,1,75,25,Grade E,Grade E,Critical penalty burden,50,25
solid,NA,NA,NA,NA,0.75,TRUE,TRUE,TRUE,TRUE,TRUE,TRUE,1,0,1,0,1,56.25,43.75,Grade E,Grade E,Critical penalty burden,50,6.25
solid,NA,NA,NA,NA,0.75,TRUE,TRUE,TRUE,TRUE,TRUE,TRUE,1,0.25,1,0,1,62.5,37.5,Grade E,Grade E,Critical penalty burden,50,12.5
solid,NA,NA,NA,NA,0.75,TRUE,TRUE,TRUE,TRUE,TRUE,TRUE,1,0.5,1,0,1,68.75,31.25,Grade E,Grade E,Critical penalty burden,50,18.75
solid,NA,NA,NA,NA,0.75,TRUE,TRUE,TRUE,TRUE,TRUE,TRUE,1,0.75,1,0,1,75,25,Grade E,Grade E,Critical penalty burden,50,25
solid,NA,NA,NA,NA,0.75,TRUE,TRUE,TRUE,TRUE,TRUE,TRUE,1,1,1,0,1,81.25,18.75,Grade E,Grade E,Critical penalty burden,50,31.25
solid,NA,NA,NA,NA,0.75,TRUE,TRUE,TRUE,TRUE,TRUE,TRUE,1,0,0,0.25,1,35,65,Grade C,Grade C,Score-based certification,35,0
solid,NA,NA,NA,NA,0.75,TRUE,TRUE,TRUE,TRUE,TRUE,TRUE,1,0.25,0,0.25,1,41.25,58.75,Grade D,Grade D,Score-based certification,35,6.25
solid,NA,NA,NA,NA,0.75,TRUE,TRUE,TRUE,TRUE,TRUE,TRUE,1,0.5,0,0.25,1,47.5,52.5,Grade D,Grade D,Score-based certification,50,2.5
solid,NA,NA,NA,NA,0.75,TRUE,TRUE,TRUE,TRUE,TRUE,TRUE,1,0.75,0,0.25,1,53.75,46.25,Grade E,Grade E,Critical penalty burden,50,3.75
solid,NA,NA,NA,NA,0.75,TRUE,TRUE,TRUE,TRUE,TRUE,TRUE,1,1,0,0.25,1,60,40,Grade E,Grade E,Critical penalty burden,50,10
solid,NA,NA,NA,NA,0.75,TRUE,TRUE,TRUE,TRUE,TRUE,TRUE,1,0,0.25,0.25,1,41.25,58.75,Grade D,Grade D,Score-based certification,35,6.25
solid,NA,NA,NA,NA,0.75,TRUE,TRUE,TRUE,TRUE,TRUE,TRUE,1,0.25,0.25,0.25,1,47.5,52.5,Grade D,Grade D,Score-based certification,50,2.5
solid,NA,NA,NA,NA,0.75,TRUE,TRUE,TRUE,TRUE,TRUE,TRUE,1,0.5,0.25,0.25,1,53.75,46.25,Grade E,Grade E,Critical penalty burden,50,3.75
solid,NA,NA,NA,NA,0.75,TRUE,TRUE,TRUE,TRUE,TRUE,TRUE,1,0.75,0.25,0.25,1,60,40,Grade E,Grade E,Critical penalty burden,50,10
solid,NA,NA,NA,NA,0.75,TRUE,TRUE,TRUE,TRUE,TRUE,TRUE,1,1,0.25,0.25,1,66.25,33.75,Grade E,Grade E,Critical penalty burden,50,16.25
solid,NA,NA,NA,NA,0.75,TRUE,TRUE,TRUE,TRUE,TRUE,TRUE,1,0,0.5,0.25,1,47.5,52.5,Grade D,Grade D,Score-based certification,50,2.5
solid,NA,NA,NA,NA,0.75,TRUE,TRUE,TRUE,TRUE,TRUE,TRUE,1,0.25,0.5,0.25,1,53.75,46.25,Grade E,Grade E,Critical penalty burden,50,3.75
solid,NA,NA,NA,NA,0.75,TRUE,TRUE,TRUE,TRUE,TRUE,TRUE,1,0.5,0.5,0.25,1,60,40,Grade E,Grade E,Critical penalty burden,50,10
solid,NA,NA,NA,NA,0.75,TRUE,TRUE,TRUE,TRUE,TRUE,TRUE,1,0.75,0.5,0.25,1,66.25,33.75,Grade E,Grade E,Critical penalty burden,50,16.25
solid,NA,NA,NA,NA,0.75,TRUE,TRUE,TRUE,TRUE,TRUE,TRUE,1,1,0.5,0.25,1,72.5,27.5,Grade E,Grade E,Critical penalty burden,50,22.5
solid,NA,NA,NA,NA,0.75,TRUE,TRUE,TRUE,TRUE,TRUE,TRUE,1,0,0.75,0.25,1,53.75,46.25,Grade E,Grade E,Critical penalty burden,50,3.75
solid,NA,NA,NA,NA,0.75,TRUE,TRUE,TRUE,TRUE,TRUE,TRUE,1,0.25,0.75,0.25,1,60,40,Grade E,Grade E,Critical penalty burden,50,10
solid,NA,NA,NA,NA,0.75,TRUE,TRUE,TRUE,TRUE,TRUE,TRUE,1,0.5,0.75,0.25,1,66.25,33.75,Grade E,Grade E,Critical penalty burden,50,16.25
solid,NA,NA,NA,NA,0.75,TRUE,TRUE,TRUE,TRUE,TRUE,TRUE,1,0.75,0.75,0.25,1,72.5,27.5,Grade E,Grade E,Critical penalty burden,50,22.5
solid,NA,NA,NA,NA,0.75,TRUE,TRUE,TRUE,TRUE,TRUE,TRUE,1,1,0.75,0.25,1,78.75,21.25,Grade E,Grade E,Critical penalty burden,50,28.75
solid,NA,NA,NA,NA,0.75,TRUE,TRUE,TRUE,TRUE,TRUE,TRUE,1,0,1,0.25,1,60,40,Grade E,Grade E,Critical penalty burden,50,10
solid,NA,NA,NA,NA,0.75,TRUE,TRUE,TRUE,TRUE,TRUE,TRUE,1,0.25,1,0.25,1,66.25,33.75,Grade E,Grade E,Critical penalty burden,50,16.25
solid,NA,NA,NA,NA,0.75,TRUE,TRUE,TRUE,TRUE,TRUE,TRUE,1,0.5,1,0.25,1,72.5,27.5,Grade E,Grade E,Critical penalty burden,50,22.5
solid,NA,NA,NA,NA,0.75,TRUE,TRUE,TRUE,TRUE,TRUE,TRUE,1,0.75,1,0.25,1,78.75,21.25,Grade E,Grade E,Critical penalty burden,50,28.75
solid,NA,NA,NA,NA,0.75,TRUE,TRUE,TRUE,TRUE,TRUE,TRUE,1,1,1,0.25,1,85,15,Grade E,Grade E,Critical penalty burden,50,35
solid,NA,NA,NA,NA,0.75,TRUE,TRUE,TRUE,TRUE,TRUE,TRUE,1,0,0,0.5,1,38.75,61.25,Grade D,Grade D,Score-based certification,35,3.75
solid,NA,NA,NA,NA,0.75,TRUE,TRUE,TRUE,TRUE,TRUE,TRUE,1,0.25,0,0.5,1,45,55,Grade D,Grade D,Score-based certification,50,5
solid,NA,NA,NA,NA,0.75,TRUE,TRUE,TRUE,TRUE,TRUE,TRUE,1,0.5,0,0.5,1,51.25,48.75,Grade E,Grade E,Critical penalty burden,50,1.25
solid,NA,NA,NA,NA,0.75,TRUE,TRUE,TRUE,TRUE,TRUE,TRUE,1,0.75,0,0.5,1,57.5,42.5,Grade E,Grade E,Critical penalty burden,50,7.5
solid,NA,NA,NA,NA,0.75,TRUE,TRUE,TRUE,TRUE,TRUE,TRUE,1,1,0,0.5,1,63.75,36.25,Grade E,Grade E,Critical penalty burden,50,13.75
solid,NA,NA,NA,NA,0.75,TRUE,TRUE,TRUE,TRUE,TRUE,TRUE,1,0,0.25,0.5,1,45,55,Grade D,Grade D,Score-based certification,50,5
solid,NA,NA,NA,NA,0.75,TRUE,TRUE,TRUE,TRUE,TRUE,TRUE,1,0.25,0.25,0.5,1,51.25,48.75,Grade E,Grade E,Critical penalty burden,50,1.25
solid,NA,NA,NA,NA,0.75,TRUE,TRUE,TRUE,TRUE,TRUE,TRUE,1,0.5,0.25,0.5,1,57.5,42.5,Grade E,Grade E,Critical penalty burden,50,7.5
solid,NA,NA,NA,NA,0.75,TRUE,TRUE,TRUE,TRUE,TRUE,TRUE,1,0.75,0.25,0.5,1,63.75,36.25,Grade E,Grade E,Critical penalty burden,50,13.75
solid,NA,NA,NA,NA,0.75,TRUE,TRUE,TRUE,TRUE,TRUE,TRUE,1,1,0.25,0.5,1,70,30,Grade E,Grade E,Critical penalty burden,50,20
solid,NA,NA,NA,NA,0.75,TRUE,TRUE,TRUE,TRUE,TRUE,TRUE,1,0,0.5,0.5,1,51.25,48.75,Grade E,Grade E,Critical penalty burden,50,1.25
solid,NA,NA,NA,NA,0.75,TRUE,TRUE,TRUE,TRUE,TRUE,TRUE,1,0.25,0.5,0.5,1,57.5,42.5,Grade E,Grade E,Critical penalty burden,50,7.5
solid,NA,NA,NA,NA,0.75,TRUE,TRUE,TRUE,TRUE,TRUE,TRUE,1,0.5,0.5,0.5,1,63.75,36.25,Grade E,Grade E,Critical penalty burden,50,13.75
solid,NA,NA,NA,NA,0.75,TRUE,TRUE,TRUE,TRUE,TRUE,TRUE,1,0.75,0.5,0.5,1,70,30,Grade E,Grade E,Critical penalty burden,50,20
solid,NA,NA,NA,NA,0.75,TRUE,TRUE,TRUE,TRUE,TRUE,TRUE,1,1,0.5,0.5,1,76.25,23.75,Grade E,Grade E,Critical penalty burden,50,26.25
solid,NA,NA,NA,NA,0.75,TRUE,TRUE,TRUE,TRUE,TRUE,TRUE,1,0,0.75,0.5,1,57.5,42.5,Grade E,Grade E,Critical penalty burden,50,7.5
solid,NA,NA,NA,NA,0.75,TRUE,TRUE,TRUE,TRUE,TRUE,TRUE,1,0.25,0.75,0.5,1,63.75,36.25,Grade E,Grade E,Critical penalty burden,50,13.75
solid,NA,NA,NA,NA,0.75,TRUE,TRUE,TRUE,TRUE,TRUE,TRUE,1,0.5,0.75,0.5,1,70,30,Grade E,Grade E,Critical penalty burden,50,20
solid,NA,NA,NA,NA,0.75,TRUE,TRUE,TRUE,TRUE,TRUE,TRUE,1,0.75,0.75,0.5,1,76.25,23.75,Grade E,Grade E,Critical penalty burden,50,26.25
solid,NA,NA,NA,NA,0.75,TRUE,TRUE,TRUE,TRUE,TRUE,TRUE,1,1,0.75,0.5,1,82.5,17.5,Grade E,Grade E,Critical penalty burden,50,32.5
solid,NA,NA,NA,NA,0.75,TRUE,TRUE,TRUE,TRUE,TRUE,TRUE,1,0,1,0.5,1,63.75,36.25,Grade E,Grade E,Critical penalty burden,50,13.75
solid,NA,NA,NA,NA,0.75,TRUE,TRUE,TRUE,TRUE,TRUE,TRUE,1,0.25,1,0.5,1,70,30,Grade E,Grade E,Critical penalty burden,50,20
solid,NA,NA,NA,NA,0.75,TRUE,TRUE,TRUE,TRUE,TRUE,TRUE,1,0.5,1,0.5,1,76.25,23.75,Grade E,Grade E,Critical penalty burden,50,26.25
solid,NA,NA,NA,NA,0.75,TRUE,TRUE,TRUE,TRUE,TRUE,TRUE,1,0.75,1,0.5,1,82.5,17.5,Grade E,Grade E,Critical penalty burden,50,32.5
solid,NA,NA,NA,NA,0.75,TRUE,TRUE,TRUE,TRUE,TRUE,TRUE,1,1,1,0.5,1,88.75,11.25,Grade E,Grade E,Critical penalty burden,50,38.75
solid,NA,NA,NA,NA,0.75,TRUE,TRUE,TRUE,TRUE,TRUE,TRUE,1,0,0,0.75,1,42.5,57.5,Grade D,Grade D,Score-based certification,35,7.5
solid,NA,NA,NA,NA,0.75,TRUE,TRUE,TRUE,TRUE,TRUE,TRUE,1,0.25,0,0.75,1,48.75,51.25,Grade D,Grade D,Score-based certification,50,1.25
solid,NA,NA,NA,NA,0.75,TRUE,TRUE,TRUE,TRUE,TRUE,TRUE,1,0.5,0,0.75,1,55,45,Grade E,Grade E,Critical penalty burden,50,5
solid,NA,NA,NA,NA,0.75,TRUE,TRUE,TRUE,TRUE,TRUE,TRUE,1,0.75,0,0.75,1,61.25,38.75,Grade E,Grade E,Critical penalty burden,50,11.25
solid,NA,NA,NA,NA,0.75,TRUE,TRUE,TRUE,TRUE,TRUE,TRUE,1,1,0,0.75,1,67.5,32.5,Grade E,Grade E,Critical penalty burden,50,17.5
solid,NA,NA,NA,NA,0.75,TRUE,TRUE,TRUE,TRUE,TRUE,TRUE,1,0,0.25,0.75,1,48.75,51.25,Grade D,Grade D,Score-based certification,50,1.25
solid,NA,NA,NA,NA,0.75,TRUE,TRUE,TRUE,TRUE,TRUE,TRUE,1,0.25,0.25,0.75,1,55,45,Grade E,Grade E,Critical penalty burden,50,5
solid,NA,NA,NA,NA,0.75,TRUE,TRUE,TRUE,TRUE,TRUE,TRUE,1,0.5,0.25,0.75,1,61.25,38.75,Grade E,Grade E,Critical penalty burden,50,11.25
solid,NA,NA,NA,NA,0.75,TRUE,TRUE,TRUE,TRUE,TRUE,TRUE,1,0.75,0.25,0.75,1,67.5,32.5,Grade E,Grade E,Critical penalty burden,50,17.5
solid,NA,NA,NA,NA,0.75,TRUE,TRUE,TRUE,TRUE,TRUE,TRUE,1,1,0.25,0.75,1,73.75,26.25,Grade E,Grade E,Critical penalty burden,50,23.75
solid,NA,NA,NA,NA,0.75,TRUE,TRUE,TRUE,TRUE,TRUE,TRUE,1,0,0.5,0.75,1,55,45,Grade E,Grade E,Critical penalty burden,50,5
solid,NA,NA,NA,NA,0.75,TRUE,TRUE,TRUE,TRUE,TRUE,TRUE,1,0.25,0.5,0.75,1,61.25,38.75,Grade E,Grade E,Critical penalty burden,50,11.25
solid,NA,NA,NA,NA,0.75,TRUE,TRUE,TRUE,TRUE,TRUE,TRUE,1,0.5,0.5,0.75,1,67.5,32.5,Grade E,Grade E,Critical penalty burden,50,17.5
solid,NA,NA,NA,NA,0.75,TRUE,TRUE,TRUE,TRUE,TRUE,TRUE,1,0.75,0.5,0.75,1,73.75,26.25,Grade E,Grade E,Critical penalty burden,50,23.75
solid,NA,NA,NA,NA,0.75,TRUE,TRUE,TRUE,TRUE,TRUE,TRUE,1,1,0.5,0.75,1,80,20,Grade E,Grade E,Critical penalty burden,50,30
solid,NA,NA,NA,NA,0.75,TRUE,TRUE,TRUE,TRUE,TRUE,TRUE,1,0,0.75,0.75,1,61.25,38.75,Grade E,Grade E,Critical penalty burden,50,11.25
solid,NA,NA,NA,NA,0.75,TRUE,TRUE,TRUE,TRUE,TRUE,TRUE,1,0.25,0.75,0.75,1,67.5,32.5,Grade E,Grade E,Critical penalty burden,50,17.5
solid,NA,NA,NA,NA,0.75,TRUE,TRUE,TRUE,TRUE,TRUE,TRUE,1,0.5,0.75,0.75,1,73.75,26.25,Grade E,Grade E,Critical penalty burden,50,23.75
solid,NA,NA,NA,NA,0.75,TRUE,TRUE,TRUE,TRUE,TRUE,TRUE,1,0.75,0.75,0.75,1,80,20,Grade E,Grade E,Critical penalty burden,50,30
solid,NA,NA,NA,NA,0.75,TRUE,TRUE,TRUE,TRUE,TRUE,TRUE,1,1,0.75,0.75,1,86.25,13.75,Grade E,Grade E,Critical penalty burden,50,36.25
solid,NA,NA,NA,NA,0.75,TRUE,TRUE,TRUE,TRUE,TRUE,TRUE,1,0,1,0.75,1,67.5,32.5,Grade E,Grade E,Critical penalty burden,50,17.5
solid,NA,NA,NA,NA,0.75,TRUE,TRUE,TRUE,TRUE,TRUE,TRUE,1,0.25,1,0.75,1,73.75,26.25,Grade E,Grade E,Critical penalty burden,50,23.75
solid,NA,NA,NA,NA,0.75,TRUE,TRUE,TRUE,TRUE,TRUE,TRUE,1,0.5,1,0.75,1,80,20,Grade E,Grade E,Critical penalty burden,50,30
solid,NA,NA,NA,NA,0.75,TRUE,TRUE,TRUE,TRUE,TRUE,TRUE,1,0.75,1,0.75,1,86.25,13.75,Grade E,Grade E,Critical penalty burden,50,36.25
solid,NA,NA,NA,NA,0.75,TRUE,TRUE,TRUE,TRUE,TRUE,TRUE,1,1,1,0.75,1,92.5,7.5,Grade E,Grade E,Critical penalty burden,50,42.5
solid,NA,NA,NA,NA,0.75,TRUE,TRUE,TRUE,TRUE,TRUE,TRUE,1,0,0,1,1,46.25,53.75,Grade D,Grade D,Score-based certification,50,3.75
solid,NA,NA,NA,NA,0.75,TRUE,TRUE,TRUE,TRUE,TRUE,TRUE,1,0.25,0,1,1,52.5,47.5,Grade E,Grade E,Critical penalty burden,50,2.5
solid,NA,NA,NA,NA,0.75,TRUE,TRUE,TRUE,TRUE,TRUE,TRUE,1,0.5,0,1,1,58.75,41.25,Grade E,Grade E,Critical penalty burden,50,8.75
solid,NA,NA,NA,NA,0.75,TRUE,TRUE,TRUE,TRUE,TRUE,TRUE,1,0.75,0,1,1,65,35,Grade E,Grade E,Critical penalty burden,50,15
solid,NA,NA,NA,NA,0.75,TRUE,TRUE,TRUE,TRUE,TRUE,TRUE,1,1,0,1,1,71.25,28.75,Grade E,Grade E,Critical penalty burden,50,21.25
solid,NA,NA,NA,NA,0.75,TRUE,TRUE,TRUE,TRUE,TRUE,TRUE,1,0,0.25,1,1,52.5,47.5,Grade E,Grade E,Critical penalty burden,50,2.5
solid,NA,NA,NA,NA,0.75,TRUE,TRUE,TRUE,TRUE,TRUE,TRUE,1,0.25,0.25,1,1,58.75,41.25,Grade E,Grade E,Critical penalty burden,50,8.75
solid,NA,NA,NA,NA,0.75,TRUE,TRUE,TRUE,TRUE,TRUE,TRUE,1,0.5,0.25,1,1,65,35,Grade E,Grade E,Critical penalty burden,50,15
solid,NA,NA,NA,NA,0.75,TRUE,TRUE,TRUE,TRUE,TRUE,TRUE,1,0.75,0.25,1,1,71.25,28.75,Grade E,Grade E,Critical penalty burden,50,21.25
solid,NA,NA,NA,NA,0.75,TRUE,TRUE,TRUE,TRUE,TRUE,TRUE,1,1,0.25,1,1,77.5,22.5,Grade E,Grade E,Critical penalty burden,50,27.5
solid,NA,NA,NA,NA,0.75,TRUE,TRUE,TRUE,TRUE,TRUE,TRUE,1,0,0.5,1,1,58.75,41.25,Grade E,Grade E,Critical penalty burden,50,8.75
solid,NA,NA,NA,NA,0.75,TRUE,TRUE,TRUE,TRUE,TRUE,TRUE,1,0.25,0.5,1,1,65,35,Grade E,Grade E,Critical penalty burden,50,15
solid,NA,NA,NA,NA,0.75,TRUE,TRUE,TRUE,TRUE,TRUE,TRUE,1,0.5,0.5,1,1,71.25,28.75,Grade E,Grade E,Critical penalty burden,50,21.25
solid,NA,NA,NA,NA,0.75,TRUE,TRUE,TRUE,TRUE,TRUE,TRUE,1,0.75,0.5,1,1,77.5,22.5,Grade E,Grade E,Critical penalty burden,50,27.5
solid,NA,NA,NA,NA,0.75,TRUE,TRUE,TRUE,TRUE,TRUE,TRUE,1,1,0.5,1,1,83.75,16.25,Grade E,Grade E,Critical penalty burden,50,33.75
solid,NA,NA,NA,NA,0.75,TRUE,TRUE,TRUE,TRUE,TRUE,TRUE,1,0,0.75,1,1,65,35,Grade E,Grade E,Critical penalty burden,50,15
solid,NA,NA,NA,NA,0.75,TRUE,TRUE,TRUE,TRUE,TRUE,TRUE,1,0.25,0.75,1,1,71.25,28.75,Grade E,Grade E,Critical penalty burden,50,21.25
solid,NA,NA,NA,NA,0.75,TRUE,TRUE,TRUE,TRUE,TRUE,TRUE,1,0.5,0.75,1,1,77.5,22.5,Grade E,Grade E,Critical penalty burden,50,27.5
solid,NA,NA,NA,NA,0.75,TRUE,TRUE,TRUE,TRUE,TRUE,TRUE,1,0.75,0.75,1,1,83.75,16.25,Grade E,Grade E,Critical penalty burden,50,33.75
solid,NA,NA,NA,NA,0.75,TRUE,TRUE,TRUE,TRUE,TRUE,TRUE,1,1,0.75,1,1,90,10,Grade E,Grade E,Critical penalty burden,50,40
solid,NA,NA,NA,NA,0.75,TRUE,TRUE,TRUE,TRUE,TRUE,TRUE,1,0,1,1,1,71.25,28.75,Grade E,Grade E,Critical penalty burden,50,21.25
solid,NA,NA,NA,NA,0.75,TRUE,TRUE,TRUE,TRUE,TRUE,TRUE,1,0.25,1,1,1,77.5,22.5,Grade E,Grade E,Critical penalty burden,50,27.5
solid,NA,NA,NA,NA,0.75,TRUE,TRUE,TRUE,TRUE,TRUE,TRUE,1,0.5,1,1,1,83.75,16.25,Grade E,Grade E,Critical penalty burden,50,33.75
solid,NA,NA,NA,NA,0.75,TRUE,TRUE,TRUE,TRUE,TRUE,TRUE,1,0.75,1,1,1,90,10,Grade E,Grade E,Critical penalty burden,50,40
solid,NA,NA,NA,NA,0.75,TRUE,TRUE,TRUE,TRUE,TRUE,TRUE,1,1,1,1,1,96.25,3.75,Grade E,Grade E,Critical penalty burden,50,46.25
solid,NA,NA,NA,NA,1,TRUE,TRUE,TRUE,TRUE,TRUE,TRUE,1,0,0,0,0,15,85,Grade B,Grade B,Score-based certification,10,5
solid,NA,NA,NA,NA,1,TRUE,TRUE,TRUE,TRUE,TRUE,TRUE,1,0.25,0,0,0,21.25,78.75,Grade C,Grade C,Score-based certification,20,1.25
solid,NA,NA,NA,NA,1,TRUE,TRUE,TRUE,TRUE,TRUE,TRUE,1,0.5,0,0,0,27.5,72.5,Grade C,Grade C,Score-based certification,20,7.5
solid,NA,NA,NA,NA,1,TRUE,TRUE,TRUE,TRUE,TRUE,TRUE,1,0.75,0,0,0,33.75,66.25,Grade C,Grade C,Score-based certification,35,1.25
solid,NA,NA,NA,NA,1,TRUE,TRUE,TRUE,TRUE,TRUE,TRUE,1,1,0,0,0,40,60,Grade D,Grade D,Score-based certification,35,5
solid,NA,NA,NA,NA,1,TRUE,TRUE,TRUE,TRUE,TRUE,TRUE,1,0,0.25,0,0,21.25,78.75,Grade C,Grade C,Score-based certification,20,1.25
solid,NA,NA,NA,NA,1,TRUE,TRUE,TRUE,TRUE,TRUE,TRUE,1,0.25,0.25,0,0,27.5,72.5,Grade C,Grade C,Score-based certification,20,7.5
solid,NA,NA,NA,NA,1,TRUE,TRUE,TRUE,TRUE,TRUE,TRUE,1,0.5,0.25,0,0,33.75,66.25,Grade C,Grade C,Score-based certification,35,1.25
solid,NA,NA,NA,NA,1,TRUE,TRUE,TRUE,TRUE,TRUE,TRUE,1,0.75,0.25,0,0,40,60,Grade D,Grade D,Score-based certification,35,5
solid,NA,NA,NA,NA,1,TRUE,TRUE,TRUE,TRUE,TRUE,TRUE,1,1,0.25,0,0,46.25,53.75,Grade D,Grade D,Score-based certification,50,3.75
solid,NA,NA,NA,NA,1,TRUE,TRUE,TRUE,TRUE,TRUE,TRUE,1,0,0.5,0,0,27.5,72.5,Grade C,Grade C,Score-based certification,20,7.5
solid,NA,NA,NA,NA,1,TRUE,TRUE,TRUE,TRUE,TRUE,TRUE,1,0.25,0.5,0,0,33.75,66.25,Grade C,Grade C,Score-based certification,35,1.25
solid,NA,NA,NA,NA,1,TRUE,TRUE,TRUE,TRUE,TRUE,TRUE,1,0.5,0.5,0,0,40,60,Grade D,Grade D,Score-based certification,35,5
solid,NA,NA,NA,NA,1,TRUE,TRUE,TRUE,TRUE,TRUE,TRUE,1,0.75,0.5,0,0,46.25,53.75,Grade D,Grade D,Score-based certification,50,3.75
solid,NA,NA,NA,NA,1,TRUE,TRUE,TRUE,TRUE,TRUE,TRUE,1,1,0.5,0,0,52.5,47.5,Grade E,Grade E,Critical penalty burden,50,2.5
solid,NA,NA,NA,NA,1,TRUE,TRUE,TRUE,TRUE,TRUE,TRUE,1,0,0.75,0,0,33.75,66.25,Grade C,Grade C,Score-based certification,35,1.25
solid,NA,NA,NA,NA,1,TRUE,TRUE,TRUE,TRUE,TRUE,TRUE,1,0.25,0.75,0,0,40,60,Grade D,Grade D,Score-based certification,35,5
solid,NA,NA,NA,NA,1,TRUE,TRUE,TRUE,TRUE,TRUE,TRUE,1,0.5,0.75,0,0,46.25,53.75,Grade D,Grade D,Score-based certification,50,3.75
solid,NA,NA,NA,NA,1,TRUE,TRUE,TRUE,TRUE,TRUE,TRUE,1,0.75,0.75,0,0,52.5,47.5,Grade E,Grade E,Critical penalty burden,50,2.5
solid,NA,NA,NA,NA,1,TRUE,TRUE,TRUE,TRUE,TRUE,TRUE,1,1,0.75,0,0,58.75,41.25,Grade E,Grade E,Critical penalty burden,50,8.75
solid,NA,NA,NA,NA,1,TRUE,TRUE,TRUE,TRUE,TRUE,TRUE,1,0,1,0,0,40,60,Grade D,Grade D,Score-based certification,35,5
solid,NA,NA,NA,NA,1,TRUE,TRUE,TRUE,TRUE,TRUE,TRUE,1,0.25,1,0,0,46.25,53.75,Grade D,Grade D,Score-based certification,50,3.75
solid,NA,NA,NA,NA,1,TRUE,TRUE,TRUE,TRUE,TRUE,TRUE,1,0.5,1,0,0,52.5,47.5,Grade E,Grade E,Critical penalty burden,50,2.5
solid,NA,NA,NA,NA,1,TRUE,TRUE,TRUE,TRUE,TRUE,TRUE,1,0.75,1,0,0,58.75,41.25,Grade E,Grade E,Critical penalty burden,50,8.75
solid,NA,NA,NA,NA,1,TRUE,TRUE,TRUE,TRUE,TRUE,TRUE,1,1,1,0,0,65,35,Grade E,Grade E,Critical penalty burden,50,15
solid,NA,NA,NA,NA,1,TRUE,TRUE,TRUE,TRUE,TRUE,TRUE,1,0,0,0.25,0,18.75,81.25,Grade B,Grade B,Score-based certification,20,1.25
solid,NA,NA,NA,NA,1,TRUE,TRUE,TRUE,TRUE,TRUE,TRUE,1,0.25,0,0.25,0,25,75,Grade C,Grade C,Score-based certification,20,5
solid,NA,NA,NA,NA,1,TRUE,TRUE,TRUE,TRUE,TRUE,TRUE,1,0.5,0,0.25,0,31.25,68.75,Grade C,Grade C,Score-based certification,35,3.75
solid,NA,NA,NA,NA,1,TRUE,TRUE,TRUE,TRUE,TRUE,TRUE,1,0.75,0,0.25,0,37.5,62.5,Grade D,Grade D,Score-based certification,35,2.5
solid,NA,NA,NA,NA,1,TRUE,TRUE,TRUE,TRUE,TRUE,TRUE,1,1,0,0.25,0,43.75,56.25,Grade D,Grade D,Score-based certification,50,6.25
solid,NA,NA,NA,NA,1,TRUE,TRUE,TRUE,TRUE,TRUE,TRUE,1,0,0.25,0.25,0,25,75,Grade C,Grade C,Score-based certification,20,5
solid,NA,NA,NA,NA,1,TRUE,TRUE,TRUE,TRUE,TRUE,TRUE,1,0.25,0.25,0.25,0,31.25,68.75,Grade C,Grade C,Score-based certification,35,3.75
solid,NA,NA,NA,NA,1,TRUE,TRUE,TRUE,TRUE,TRUE,TRUE,1,0.5,0.25,0.25,0,37.5,62.5,Grade D,Grade D,Score-based certification,35,2.5
solid,NA,NA,NA,NA,1,TRUE,TRUE,TRUE,TRUE,TRUE,TRUE,1,0.75,0.25,0.25,0,43.75,56.25,Grade D,Grade D,Score-based certification,50,6.25
solid,NA,NA,NA,NA,1,TRUE,TRUE,TRUE,TRUE,TRUE,TRUE,1,1,0.25,0.25,0,50,50,Grade D,Grade D,Score-based certification,50,0
solid,NA,NA,NA,NA,1,TRUE,TRUE,TRUE,TRUE,TRUE,TRUE,1,0,0.5,0.25,0,31.25,68.75,Grade C,Grade C,Score-based certification,35,3.75
solid,NA,NA,NA,NA,1,TRUE,TRUE,TRUE,TRUE,TRUE,TRUE,1,0.25,0.5,0.25,0,37.5,62.5,Grade D,Grade D,Score-based certification,35,2.5
solid,NA,NA,NA,NA,1,TRUE,TRUE,TRUE,TRUE,TRUE,TRUE,1,0.5,0.5,0.25,0,43.75,56.25,Grade D,Grade D,Score-based certification,50,6.25
solid,NA,NA,NA,NA,1,TRUE,TRUE,TRUE,TRUE,TRUE,TRUE,1,0.75,0.5,0.25,0,50,50,Grade D,Grade D,Score-based certification,50,0
solid,NA,NA,NA,NA,1,TRUE,TRUE,TRUE,TRUE,TRUE,TRUE,1,1,0.5,0.25,0,56.25,43.75,Grade E,Grade E,Critical penalty burden,50,6.25
solid,NA,NA,NA,NA,1,TRUE,TRUE,TRUE,TRUE,TRUE,TRUE,1,0,0.75,0.25,0,37.5,62.5,Grade D,Grade D,Score-based certification,35,2.5
solid,NA,NA,NA,NA,1,TRUE,TRUE,TRUE,TRUE,TRUE,TRUE,1,0.25,0.75,0.25,0,43.75,56.25,Grade D,Grade D,Score-based certification,50,6.25
solid,NA,NA,NA,NA,1,TRUE,TRUE,TRUE,TRUE,TRUE,TRUE,1,0.5,0.75,0.25,0,50,50,Grade D,Grade D,Score-based certification,50,0
solid,NA,NA,NA,NA,1,TRUE,TRUE,TRUE,TRUE,TRUE,TRUE,1,0.75,0.75,0.25,0,56.25,43.75,Grade E,Grade E,Critical penalty burden,50,6.25
solid,NA,NA,NA,NA,1,TRUE,TRUE,TRUE,TRUE,TRUE,TRUE,1,1,0.75,0.25,0,62.5,37.5,Grade E,Grade E,Critical penalty burden,50,12.5
solid,NA,NA,NA,NA,1,TRUE,TRUE,TRUE,TRUE,TRUE,TRUE,1,0,1,0.25,0,43.75,56.25,Grade D,Grade D,Score-based certification,50,6.25
solid,NA,NA,NA,NA,1,TRUE,TRUE,TRUE,TRUE,TRUE,TRUE,1,0.25,1,0.25,0,50,50,Grade D,Grade D,Score-based certification,50,0
solid,NA,NA,NA,NA,1,TRUE,TRUE,TRUE,TRUE,TRUE,TRUE,1,0.5,1,0.25,0,56.25,43.75,Grade E,Grade E,Critical penalty burden,50,6.25
solid,NA,NA,NA,NA,1,TRUE,TRUE,TRUE,TRUE,TRUE,TRUE,1,0.75,1,0.25,0,62.5,37.5,Grade E,Grade E,Critical penalty burden,50,12.5
solid,NA,NA,NA,NA,1,TRUE,TRUE,TRUE,TRUE,TRUE,TRUE,1,1,1,0.25,0,68.75,31.25,Grade E,Grade E,Critical penalty burden,50,18.75
solid,NA,NA,NA,NA,1,TRUE,TRUE,TRUE,TRUE,TRUE,TRUE,1,0,0,0.5,0,22.5,77.5,Grade C,Grade C,Score-based certification,20,2.5
solid,NA,NA,NA,NA,1,TRUE,TRUE,TRUE,TRUE,TRUE,TRUE,1,0.25,0,0.5,0,28.75,71.25,Grade C,Grade C,Score-based certification,35,6.25
solid,NA,NA,NA,NA,1,TRUE,TRUE,TRUE,TRUE,TRUE,TRUE,1,0.5,0,0.5,0,35,65,Grade C,Grade C,Score-based certification,35,0
solid,NA,NA,NA,NA,1,TRUE,TRUE,TRUE,TRUE,TRUE,TRUE,1,0.75,0,0.5,0,41.25,58.75,Grade D,Grade D,Score-based certification,35,6.25
solid,NA,NA,NA,NA,1,TRUE,TRUE,TRUE,TRUE,TRUE,TRUE,1,1,0,0.5,0,47.5,52.5,Grade D,Grade D,Score-based certification,50,2.5
solid,NA,NA,NA,NA,1,TRUE,TRUE,TRUE,TRUE,TRUE,TRUE,1,0,0.25,0.5,0,28.75,71.25,Grade C,Grade C,Score-based certification,35,6.25
solid,NA,NA,NA,NA,1,TRUE,TRUE,TRUE,TRUE,TRUE,TRUE,1,0.25,0.25,0.5,0,35,65,Grade C,Grade C,Score-based certification,35,0
solid,NA,NA,NA,NA,1,TRUE,TRUE,TRUE,TRUE,TRUE,TRUE,1,0.5,0.25,0.5,0,41.25,58.75,Grade D,Grade D,Score-based certification,35,6.25
solid,NA,NA,NA,NA,1,TRUE,TRUE,TRUE,TRUE,TRUE,TRUE,1,0.75,0.25,0.5,0,47.5,52.5,Grade D,Grade D,Score-based certification,50,2.5
solid,NA,NA,NA,NA,1,TRUE,TRUE,TRUE,TRUE,TRUE,TRUE,1,1,0.25,0.5,0,53.75,46.25,Grade E,Grade E,Critical penalty burden,50,3.75
solid,NA,NA,NA,NA,1,TRUE,TRUE,TRUE,TRUE,TRUE,TRUE,1,0,0.5,0.5,0,35,65,Grade C,Grade C,Score-based certification,35,0
solid,NA,NA,NA,NA,1,TRUE,TRUE,TRUE,TRUE,TRUE,TRUE,1,0.25,0.5,0.5,0,41.25,58.75,Grade D,Grade D,Score-based certification,35,6.25
solid,NA,NA,NA,NA,1,TRUE,TRUE,TRUE,TRUE,TRUE,TRUE,1,0.5,0.5,0.5,0,47.5,52.5,Grade D,Grade D,Score-based certification,50,2.5
solid,NA,NA,NA,NA,1,TRUE,TRUE,TRUE,TRUE,TRUE,TRUE,1,0.75,0.5,0.5,0,53.75,46.25,Grade E,Grade E,Critical penalty burden,50,3.75
solid,NA,NA,NA,NA,1,TRUE,TRUE,TRUE,TRUE,TRUE,TRUE,1,1,0.5,0.5,0,60,40,Grade E,Grade E,Critical penalty burden,50,10
solid,NA,NA,NA,NA,1,TRUE,TRUE,TRUE,TRUE,TRUE,TRUE,1,0,0.75,0.5,0,41.25,58.75,Grade D,Grade D,Score-based certification,35,6.25
solid,NA,NA,NA,NA,1,TRUE,TRUE,TRUE,TRUE,TRUE,TRUE,1,0.25,0.75,0.5,0,47.5,52.5,Grade D,Grade D,Score-based certification,50,2.5
solid,NA,NA,NA,NA,1,TRUE,TRUE,TRUE,TRUE,TRUE,TRUE,1,0.5,0.75,0.5,0,53.75,46.25,Grade E,Grade E,Critical penalty burden,50,3.75
solid,NA,NA,NA,NA,1,TRUE,TRUE,TRUE,TRUE,TRUE,TRUE,1,0.75,0.75,0.5,0,60,40,Grade E,Grade E,Critical penalty burden,50,10
solid,NA,NA,NA,NA,1,TRUE,TRUE,TRUE,TRUE,TRUE,TRUE,1,1,0.75,0.5,0,66.25,33.75,Grade E,Grade E,Critical penalty burden,50,16.25
solid,NA,NA,NA,NA,1,TRUE,TRUE,TRUE,TRUE,TRUE,TRUE,1,0,1,0.5,0,47.5,52.5,Grade D,Grade D,Score-based certification,50,2.5
solid,NA,NA,NA,NA,1,TRUE,TRUE,TRUE,TRUE,TRUE,TRUE,1,0.25,1,0.5,0,53.75,46.25,Grade E,Grade E,Critical penalty burden,50,3.75
solid,NA,NA,NA,NA,1,TRUE,TRUE,TRUE,TRUE,TRUE,TRUE,1,0.5,1,0.5,0,60,40,Grade E,Grade E,Critical penalty burden,50,10
solid,NA,NA,NA,NA,1,TRUE,TRUE,TRUE,TRUE,TRUE,TRUE,1,0.75,1,0.5,0,66.25,33.75,Grade E,Grade E,Critical penalty burden,50,16.25
solid,NA,NA,NA,NA,1,TRUE,TRUE,TRUE,TRUE,TRUE,TRUE,1,1,1,0.5,0,72.5,27.5,Grade E,Grade E,Critical penalty burden,50,22.5
solid,NA,NA,NA,NA,1,TRUE,TRUE,TRUE,TRUE,TRUE,TRUE,1,0,0,0.75,0,26.25,73.75,Grade C,Grade C,Score-based certification,20,6.25
solid,NA,NA,NA,NA,1,TRUE,TRUE,TRUE,TRUE,TRUE,TRUE,1,0.25,0,0.75,0,32.5,67.5,Grade C,Grade C,Score-based certification,35,2.5
solid,NA,NA,NA,NA,1,TRUE,TRUE,TRUE,TRUE,TRUE,TRUE,1,0.5,0,0.75,0,38.75,61.25,Grade D,Grade D,Score-based certification,35,3.75
solid,NA,NA,NA,NA,1,TRUE,TRUE,TRUE,TRUE,TRUE,TRUE,1,0.75,0,0.75,0,45,55,Grade D,Grade D,Score-based certification,50,5
solid,NA,NA,NA,NA,1,TRUE,TRUE,TRUE,TRUE,TRUE,TRUE,1,1,0,0.75,0,51.25,48.75,Grade E,Grade E,Critical penalty burden,50,1.25
solid,NA,NA,NA,NA,1,TRUE,TRUE,TRUE,TRUE,TRUE,TRUE,1,0,0.25,0.75,0,32.5,67.5,Grade C,Grade C,Score-based certification,35,2.5
solid,NA,NA,NA,NA,1,TRUE,TRUE,TRUE,TRUE,TRUE,TRUE,1,0.25,0.25,0.75,0,38.75,61.25,Grade D,Grade D,Score-based certification,35,3.75
solid,NA,NA,NA,NA,1,TRUE,TRUE,TRUE,TRUE,TRUE,TRUE,1,0.5,0.25,0.75,0,45,55,Grade D,Grade D,Score-based certification,50,5
solid,NA,NA,NA,NA,1,TRUE,TRUE,TRUE,TRUE,TRUE,TRUE,1,0.75,0.25,0.75,0,51.25,48.75,Grade E,Grade E,Critical penalty burden,50,1.25
solid,NA,NA,NA,NA,1,TRUE,TRUE,TRUE,TRUE,TRUE,TRUE,1,1,0.25,0.75,0,57.5,42.5,Grade E,Grade E,Critical penalty burden,50,7.5
solid,NA,NA,NA,NA,1,TRUE,TRUE,TRUE,TRUE,TRUE,TRUE,1,0,0.5,0.75,0,38.75,61.25,Grade D,Grade D,Score-based certification,35,3.75
solid,NA,NA,NA,NA,1,TRUE,TRUE,TRUE,TRUE,TRUE,TRUE,1,0.25,0.5,0.75,0,45,55,Grade D,Grade D,Score-based certification,50,5
solid,NA,NA,NA,NA,1,TRUE,TRUE,TRUE,TRUE,TRUE,TRUE,1,0.5,0.5,0.75,0,51.25,48.75,Grade E,Grade E,Critical penalty burden,50,1.25
solid,NA,NA,NA,NA,1,TRUE,TRUE,TRUE,TRUE,TRUE,TRUE,1,0.75,0.5,0.75,0,57.5,42.5,Grade E,Grade E,Critical penalty burden,50,7.5
solid,NA,NA,NA,NA,1,TRUE,TRUE,TRUE,TRUE,TRUE,TRUE,1,1,0.5,0.75,0,63.75,36.25,Grade E,Grade E,Critical penalty burden,50,13.75
solid,NA,NA,NA,NA,1,TRUE,TRUE,TRUE,TRUE,TRUE,TRUE,1,0,0.75,0.75,0,45,55,Grade D,Grade D,Score-based certification,50,5
solid,NA,NA,NA,NA,1,TRUE,TRUE,TRUE,TRUE,TRUE,TRUE,1,0.25,0.75,0.75,0,51.25,48.75,Grade E,Grade E,Critical penalty burden,50,1.25
solid,NA,NA,NA,NA,1,TRUE,TRUE,TRUE,TRUE,TRUE,TRUE,1,0.5,0.75,0.75,0,57.5,42.5,Grade E,Grade E,Critical penalty burden,50,7.5
solid,NA,NA,NA,NA,1,TRUE,TRUE,TRUE,TRUE,TRUE,TRUE,1,0.75,0.75,0.75,0,63.75,36.25,Grade E,Grade E,Critical penalty burden,50,13.75
solid,NA,NA,NA,NA,1,TRUE,TRUE,TRUE,TRUE,TRUE,TRUE,1,1,0.75,0.75,0,70,30,Grade E,Grade E,Critical penalty burden,50,20
solid,NA,NA,NA,NA,1,TRUE,TRUE,TRUE,TRUE,TRUE,TRUE,1,0,1,0.75,0,51.25,48.75,Grade E,Grade E,Critical penalty burden,50,1.25
solid,NA,NA,NA,NA,1,TRUE,TRUE,TRUE,TRUE,TRUE,TRUE,1,0.25,1,0.75,0,57.5,42.5,Grade E,Grade E,Critical penalty burden,50,7.5
solid,NA,NA,NA,NA,1,TRUE,TRUE,TRUE,TRUE,TRUE,TRUE,1,0.5,1,0.75,0,63.75,36.25,Grade E,Grade E,Critical penalty burden,50,13.75
solid,NA,NA,NA,NA,1,TRUE,TRUE,TRUE,TRUE,TRUE,TRUE,1,0.75,1,0.75,0,70,30,Grade E,Grade E,Critical penalty burden,50,20
solid,NA,NA,NA,NA,1,TRUE,TRUE,TRUE,TRUE,TRUE,TRUE,1,1,1,0.75,0,76.25,23.75,Grade E,Grade E,Critical penalty burden,50,26.25
solid,NA,NA,NA,NA,1,TRUE,TRUE,TRUE,TRUE,TRUE,TRUE,1,0,0,1,0,30,70,Grade C,Grade C,Score-based certification,35,5
solid,NA,NA,NA,NA,1,TRUE,TRUE,TRUE,TRUE,TRUE,TRUE,1,0.25,0,1,0,36.25,63.75,Grade D,Grade D,Score-based certification,35,1.25
solid,NA,NA,NA,NA,1,TRUE,TRUE,TRUE,TRUE,TRUE,TRUE,1,0.5,0,1,0,42.5,57.5,Grade D,Grade D,Score-based certification,35,7.5
solid,NA,NA,NA,NA,1,TRUE,TRUE,TRUE,TRUE,TRUE,TRUE,1,0.75,0,1,0,48.75,51.25,Grade D,Grade D,Score-based certification,50,1.25
solid,NA,NA,NA,NA,1,TRUE,TRUE,TRUE,TRUE,TRUE,TRUE,1,1,0,1,0,55,45,Grade E,Grade E,Critical penalty burden,50,5
solid,NA,NA,NA,NA,1,TRUE,TRUE,TRUE,TRUE,TRUE,TRUE,1,0,0.25,1,0,36.25,63.75,Grade D,Grade D,Score-based certification,35,1.25
solid,NA,NA,NA,NA,1,TRUE,TRUE,TRUE,TRUE,TRUE,TRUE,1,0.25,0.25,1,0,42.5,57.5,Grade D,Grade D,Score-based certification,35,7.5
solid,NA,NA,NA,NA,1,TRUE,TRUE,TRUE,TRUE,TRUE,TRUE,1,0.5,0.25,1,0,48.75,51.25,Grade D,Grade D,Score-based certification,50,1.25
solid,NA,NA,NA,NA,1,TRUE,TRUE,TRUE,TRUE,TRUE,TRUE,1,0.75,0.25,1,0,55,45,Grade E,Grade E,Critical penalty burden,50,5
solid,NA,NA,NA,NA,1,TRUE,TRUE,TRUE,TRUE,TRUE,TRUE,1,1,0.25,1,0,61.25,38.75,Grade E,Grade E,Critical penalty burden,50,11.25
solid,NA,NA,NA,NA,1,TRUE,TRUE,TRUE,TRUE,TRUE,TRUE,1,0,0.5,1,0,42.5,57.5,Grade D,Grade D,Score-based certification,35,7.5
solid,NA,NA,NA,NA,1,TRUE,TRUE,TRUE,TRUE,TRUE,TRUE,1,0.25,0.5,1,0,48.75,51.25,Grade D,Grade D,Score-based certification,50,1.25
solid,NA,NA,NA,NA,1,TRUE,TRUE,TRUE,TRUE,TRUE,TRUE,1,0.5,0.5,1,0,55,45,Grade E,Grade E,Critical penalty burden,50,5
solid,NA,NA,NA,NA,1,TRUE,TRUE,TRUE,TRUE,TRUE,TRUE,1,0.75,0.5,1,0,61.25,38.75,Grade E,Grade E,Critical penalty burden,50,11.25
solid,NA,NA,NA,NA,1,TRUE,TRUE,TRUE,TRUE,TRUE,TRUE,1,1,0.5,1,0,67.5,32.5,Grade E,Grade E,Critical penalty burden,50,17.5
solid,NA,NA,NA,NA,1,TRUE,TRUE,TRUE,TRUE,TRUE,TRUE,1,0,0.75,1,0,48.75,51.25,Grade D,Grade D,Score-based certification,50,1.25
solid,NA,NA,NA,NA,1,TRUE,TRUE,TRUE,TRUE,TRUE,TRUE,1,0.25,0.75,1,0,55,45,Grade E,Grade E,Critical penalty burden,50,5
solid,NA,NA,NA,NA,1,TRUE,TRUE,TRUE,TRUE,TRUE,TRUE,1,0.5,0.75,1,0,61.25,38.75,Grade E,Grade E,Critical penalty burden,50,11.25
solid,NA,NA,NA,NA,1,TRUE,TRUE,TRUE,TRUE,TRUE,TRUE,1,0.75,0.75,1,0,67.5,32.5,Grade E,Grade E,Critical penalty burden,50,17.5
solid,NA,NA,NA,NA,1,TRUE,TRUE,TRUE,TRUE,TRUE,TRUE,1,1,0.75,1,0,73.75,26.25,Grade E,Grade E,Critical penalty burden,50,23.75
solid,NA,NA,NA,NA,1,TRUE,TRUE,TRUE,TRUE,TRUE,TRUE,1,0,1,1,0,55,45,Grade E,Grade E,Critical penalty burden,50,5
solid,NA,NA,NA,NA,1,TRUE,TRUE,TRUE,TRUE,TRUE,TRUE,1,0.25,1,1,0,61.25,38.75,Grade E,Grade E,Critical penalty burden,50,11.25
solid,NA,NA,NA,NA,1,TRUE,TRUE,TRUE,TRUE,TRUE,TRUE,1,0.5,1,1,0,67.5,32.5,Grade E,Grade E,Critical penalty burden,50,17.5
solid,NA,NA,NA,NA,1,TRUE,TRUE,TRUE,TRUE,TRUE,TRUE,1,0.75,1,1,0,73.75,26.25,Grade E,Grade E,Critical penalty burden,50,23.75
solid,NA,NA,NA,NA,1,TRUE,TRUE,TRUE,TRUE,TRUE,TRUE,1,1,1,1,0,80,20,Grade E,Grade E,Critical penalty burden,50,30
solid,NA,NA,NA,NA,1,TRUE,TRUE,TRUE,TRUE,TRUE,TRUE,1,0,0,0,0.25,20,80,Grade B,Grade B,Score-based certification,20,0
solid,NA,NA,NA,NA,1,TRUE,TRUE,TRUE,TRUE,TRUE,TRUE,1,0.25,0,0,0.25,26.25,73.75,Grade C,Grade C,Score-based certification,20,6.25
solid,NA,NA,NA,NA,1,TRUE,TRUE,TRUE,TRUE,TRUE,TRUE,1,0.5,0,0,0.25,32.5,67.5,Grade C,Grade C,Score-based certification,35,2.5
solid,NA,NA,NA,NA,1,TRUE,TRUE,TRUE,TRUE,TRUE,TRUE,1,0.75,0,0,0.25,38.75,61.25,Grade D,Grade D,Score-based certification,35,3.75
solid,NA,NA,NA,NA,1,TRUE,TRUE,TRUE,TRUE,TRUE,TRUE,1,1,0,0,0.25,45,55,Grade D,Grade D,Score-based certification,50,5
solid,NA,NA,NA,NA,1,TRUE,TRUE,TRUE,TRUE,TRUE,TRUE,1,0,0.25,0,0.25,26.25,73.75,Grade C,Grade C,Score-based certification,20,6.25
solid,NA,NA,NA,NA,1,TRUE,TRUE,TRUE,TRUE,TRUE,TRUE,1,0.25,0.25,0,0.25,32.5,67.5,Grade C,Grade C,Score-based certification,35,2.5
solid,NA,NA,NA,NA,1,TRUE,TRUE,TRUE,TRUE,TRUE,TRUE,1,0.5,0.25,0,0.25,38.75,61.25,Grade D,Grade D,Score-based certification,35,3.75
solid,NA,NA,NA,NA,1,TRUE,TRUE,TRUE,TRUE,TRUE,TRUE,1,0.75,0.25,0,0.25,45,55,Grade D,Grade D,Score-based certification,50,5
solid,NA,NA,NA,NA,1,TRUE,TRUE,TRUE,TRUE,TRUE,TRUE,1,1,0.25,0,0.25,51.25,48.75,Grade E,Grade E,Critical penalty burden,50,1.25
solid,NA,NA,NA,NA,1,TRUE,TRUE,TRUE,TRUE,TRUE,TRUE,1,0,0.5,0,0.25,32.5,67.5,Grade C,Grade C,Score-based certification,35,2.5
solid,NA,NA,NA,NA,1,TRUE,TRUE,TRUE,TRUE,TRUE,TRUE,1,0.25,0.5,0,0.25,38.75,61.25,Grade D,Grade D,Score-based certification,35,3.75
solid,NA,NA,NA,NA,1,TRUE,TRUE,TRUE,TRUE,TRUE,TRUE,1,0.5,0.5,0,0.25,45,55,Grade D,Grade D,Score-based certification,50,5
solid,NA,NA,NA,NA,1,TRUE,TRUE,TRUE,TRUE,TRUE,TRUE,1,0.75,0.5,0,0.25,51.25,48.75,Grade E,Grade E,Critical penalty burden,50,1.25
solid,NA,NA,NA,NA,1,TRUE,TRUE,TRUE,TRUE,TRUE,TRUE,1,1,0.5,0,0.25,57.5,42.5,Grade E,Grade E,Critical penalty burden,50,7.5
solid,NA,NA,NA,NA,1,TRUE,TRUE,TRUE,TRUE,TRUE,TRUE,1,0,0.75,0,0.25,38.75,61.25,Grade D,Grade D,Score-based certification,35,3.75
solid,NA,NA,NA,NA,1,TRUE,TRUE,TRUE,TRUE,TRUE,TRUE,1,0.25,0.75,0,0.25,45,55,Grade D,Grade D,Score-based certification,50,5
solid,NA,NA,NA,NA,1,TRUE,TRUE,TRUE,TRUE,TRUE,TRUE,1,0.5,0.75,0,0.25,51.25,48.75,Grade E,Grade E,Critical penalty burden,50,1.25
solid,NA,NA,NA,NA,1,TRUE,TRUE,TRUE,TRUE,TRUE,TRUE,1,0.75,0.75,0,0.25,57.5,42.5,Grade E,Grade E,Critical penalty burden,50,7.5
solid,NA,NA,NA,NA,1,TRUE,TRUE,TRUE,TRUE,TRUE,TRUE,1,1,0.75,0,0.25,63.75,36.25,Grade E,Grade E,Critical penalty burden,50,13.75
solid,NA,NA,NA,NA,1,TRUE,TRUE,TRUE,TRUE,TRUE,TRUE,1,0,1,0,0.25,45,55,Grade D,Grade D,Score-based certification,50,5
solid,NA,NA,NA,NA,1,TRUE,TRUE,TRUE,TRUE,TRUE,TRUE,1,0.25,1,0,0.25,51.25,48.75,Grade E,Grade E,Critical penalty burden,50,1.25
solid,NA,NA,NA,NA,1,TRUE,TRUE,TRUE,TRUE,TRUE,TRUE,1,0.5,1,0,0.25,57.5,42.5,Grade E,Grade E,Critical penalty burden,50,7.5
solid,NA,NA,NA,NA,1,TRUE,TRUE,TRUE,TRUE,TRUE,TRUE,1,0.75,1,0,0.25,63.75,36.25,Grade E,Grade E,Critical penalty burden,50,13.75
solid,NA,NA,NA,NA,1,TRUE,TRUE,TRUE,TRUE,TRUE,TRUE,1,1,1,0,0.25,70,30,Grade E,Grade E,Critical penalty burden,50,20
solid,NA,NA,NA,NA,1,TRUE,TRUE,TRUE,TRUE,TRUE,TRUE,1,0,0,0.25,0.25,23.75,76.25,Grade C,Grade C,Score-based certification,20,3.75
solid,NA,NA,NA,NA,1,TRUE,TRUE,TRUE,TRUE,TRUE,TRUE,1,0.25,0,0.25,0.25,30,70,Grade C,Grade C,Score-based certification,35,5
solid,NA,NA,NA,NA,1,TRUE,TRUE,TRUE,TRUE,TRUE,TRUE,1,0.5,0,0.25,0.25,36.25,63.75,Grade D,Grade D,Score-based certification,35,1.25
solid,NA,NA,NA,NA,1,TRUE,TRUE,TRUE,TRUE,TRUE,TRUE,1,0.75,0,0.25,0.25,42.5,57.5,Grade D,Grade D,Score-based certification,35,7.5
solid,NA,NA,NA,NA,1,TRUE,TRUE,TRUE,TRUE,TRUE,TRUE,1,1,0,0.25,0.25,48.75,51.25,Grade D,Grade D,Score-based certification,50,1.25
solid,NA,NA,NA,NA,1,TRUE,TRUE,TRUE,TRUE,TRUE,TRUE,1,0,0.25,0.25,0.25,30,70,Grade C,Grade C,Score-based certification,35,5
solid,NA,NA,NA,NA,1,TRUE,TRUE,TRUE,TRUE,TRUE,TRUE,1,0.25,0.25,0.25,0.25,36.25,63.75,Grade D,Grade D,Score-based certification,35,1.25
solid,NA,NA,NA,NA,1,TRUE,TRUE,TRUE,TRUE,TRUE,TRUE,1,0.5,0.25,0.25,0.25,42.5,57.5,Grade D,Grade D,Score-based certification,35,7.5
solid,NA,NA,NA,NA,1,TRUE,TRUE,TRUE,TRUE,TRUE,TRUE,1,0.75,0.25,0.25,0.25,48.75,51.25,Grade D,Grade D,Score-based certification,50,1.25
solid,NA,NA,NA,NA,1,TRUE,TRUE,TRUE,TRUE,TRUE,TRUE,1,1,0.25,0.25,0.25,55,45,Grade E,Grade E,Critical penalty burden,50,5
solid,NA,NA,NA,NA,1,TRUE,TRUE,TRUE,TRUE,TRUE,TRUE,1,0,0.5,0.25,0.25,36.25,63.75,Grade D,Grade D,Score-based certification,35,1.25
solid,NA,NA,NA,NA,1,TRUE,TRUE,TRUE,TRUE,TRUE,TRUE,1,0.25,0.5,0.25,0.25,42.5,57.5,Grade D,Grade D,Score-based certification,35,7.5
solid,NA,NA,NA,NA,1,TRUE,TRUE,TRUE,TRUE,TRUE,TRUE,1,0.5,0.5,0.25,0.25,48.75,51.25,Grade D,Grade D,Score-based certification,50,1.25
solid,NA,NA,NA,NA,1,TRUE,TRUE,TRUE,TRUE,TRUE,TRUE,1,0.75,0.5,0.25,0.25,55,45,Grade E,Grade E,Critical penalty burden,50,5
solid,NA,NA,NA,NA,1,TRUE,TRUE,TRUE,TRUE,TRUE,TRUE,1,1,0.5,0.25,0.25,61.25,38.75,Grade E,Grade E,Critical penalty burden,50,11.25
solid,NA,NA,NA,NA,1,TRUE,TRUE,TRUE,TRUE,TRUE,TRUE,1,0,0.75,0.25,0.25,42.5,57.5,Grade D,Grade D,Score-based certification,35,7.5
solid,NA,NA,NA,NA,1,TRUE,TRUE,TRUE,TRUE,TRUE,TRUE,1,0.25,0.75,0.25,0.25,48.75,51.25,Grade D,Grade D,Score-based certification,50,1.25
solid,NA,NA,NA,NA,1,TRUE,TRUE,TRUE,TRUE,TRUE,TRUE,1,0.5,0.75,0.25,0.25,55,45,Grade E,Grade E,Critical penalty burden,50,5
solid,NA,NA,NA,NA,1,TRUE,TRUE,TRUE,TRUE,TRUE,TRUE,1,0.75,0.75,0.25,0.25,61.25,38.75,Grade E,Grade E,Critical penalty burden,50,11.25
solid,NA,NA,NA,NA,1,TRUE,TRUE,TRUE,TRUE,TRUE,TRUE,1,1,0.75,0.25,0.25,67.5,32.5,Grade E,Grade E,Critical penalty burden,50,17.5
solid,NA,NA,NA,NA,1,TRUE,TRUE,TRUE,TRUE,TRUE,TRUE,1,0,1,0.25,0.25,48.75,51.25,Grade D,Grade D,Score-based certification,50,1.25
solid,NA,NA,NA,NA,1,TRUE,TRUE,TRUE,TRUE,TRUE,TRUE,1,0.25,1,0.25,0.25,55,45,Grade E,Grade E,Critical penalty burden,50,5
solid,NA,NA,NA,NA,1,TRUE,TRUE,TRUE,TRUE,TRUE,TRUE,1,0.5,1,0.25,0.25,61.25,38.75,Grade E,Grade E,Critical penalty burden,50,11.25
solid,NA,NA,NA,NA,1,TRUE,TRUE,TRUE,TRUE,TRUE,TRUE,1,0.75,1,0.25,0.25,67.5,32.5,Grade E,Grade E,Critical penalty burden,50,17.5
solid,NA,NA,NA,NA,1,TRUE,TRUE,TRUE,TRUE,TRUE,TRUE,1,1,1,0.25,0.25,73.75,26.25,Grade E,Grade E,Critical penalty burden,50,23.75
solid,NA,NA,NA,NA,1,TRUE,TRUE,TRUE,TRUE,TRUE,TRUE,1,0,0,0.5,0.25,27.5,72.5,Grade C,Grade C,Score-based certification,20,7.5
solid,NA,NA,NA,NA,1,TRUE,TRUE,TRUE,TRUE,TRUE,TRUE,1,0.25,0,0.5,0.25,33.75,66.25,Grade C,Grade C,Score-based certification,35,1.25
solid,NA,NA,NA,NA,1,TRUE,TRUE,TRUE,TRUE,TRUE,TRUE,1,0.5,0,0.5,0.25,40,60,Grade D,Grade D,Score-based certification,35,5
solid,NA,NA,NA,NA,1,TRUE,TRUE,TRUE,TRUE,TRUE,TRUE,1,0.75,0,0.5,0.25,46.25,53.75,Grade D,Grade D,Score-based certification,50,3.75
solid,NA,NA,NA,NA,1,TRUE,TRUE,TRUE,TRUE,TRUE,TRUE,1,1,0,0.5,0.25,52.5,47.5,Grade E,Grade E,Critical penalty burden,50,2.5
solid,NA,NA,NA,NA,1,TRUE,TRUE,TRUE,TRUE,TRUE,TRUE,1,0,0.25,0.5,0.25,33.75,66.25,Grade C,Grade C,Score-based certification,35,1.25
solid,NA,NA,NA,NA,1,TRUE,TRUE,TRUE,TRUE,TRUE,TRUE,1,0.25,0.25,0.5,0.25,40,60,Grade D,Grade D,Score-based certification,35,5
solid,NA,NA,NA,NA,1,TRUE,TRUE,TRUE,TRUE,TRUE,TRUE,1,0.5,0.25,0.5,0.25,46.25,53.75,Grade D,Grade D,Score-based certification,50,3.75
solid,NA,NA,NA,NA,1,TRUE,TRUE,TRUE,TRUE,TRUE,TRUE,1,0.75,0.25,0.5,0.25,52.5,47.5,Grade E,Grade E,Critical penalty burden,50,2.5
solid,NA,NA,NA,NA,1,TRUE,TRUE,TRUE,TRUE,TRUE,TRUE,1,1,0.25,0.5,0.25,58.75,41.25,Grade E,Grade E,Critical penalty burden,50,8.75
solid,NA,NA,NA,NA,1,TRUE,TRUE,TRUE,TRUE,TRUE,TRUE,1,0,0.5,0.5,0.25,40,60,Grade D,Grade D,Score-based certification,35,5
solid,NA,NA,NA,NA,1,TRUE,TRUE,TRUE,TRUE,TRUE,TRUE,1,0.25,0.5,0.5,0.25,46.25,53.75,Grade D,Grade D,Score-based certification,50,3.75
solid,NA,NA,NA,NA,1,TRUE,TRUE,TRUE,TRUE,TRUE,TRUE,1,0.5,0.5,0.5,0.25,52.5,47.5,Grade E,Grade E,Critical penalty burden,50,2.5
solid,NA,NA,NA,NA,1,TRUE,TRUE,TRUE,TRUE,TRUE,TRUE,1,0.75,0.5,0.5,0.25,58.75,41.25,Grade E,Grade E,Critical penalty burden,50,8.75
solid,NA,NA,NA,NA,1,TRUE,TRUE,TRUE,TRUE,TRUE,TRUE,1,1,0.5,0.5,0.25,65,35,Grade E,Grade E,Critical penalty burden,50,15
solid,NA,NA,NA,NA,1,TRUE,TRUE,TRUE,TRUE,TRUE,TRUE,1,0,0.75,0.5,0.25,46.25,53.75,Grade D,Grade D,Score-based certification,50,3.75
solid,NA,NA,NA,NA,1,TRUE,TRUE,TRUE,TRUE,TRUE,TRUE,1,0.25,0.75,0.5,0.25,52.5,47.5,Grade E,Grade E,Critical penalty burden,50,2.5
solid,NA,NA,NA,NA,1,TRUE,TRUE,TRUE,TRUE,TRUE,TRUE,1,0.5,0.75,0.5,0.25,58.75,41.25,Grade E,Grade E,Critical penalty burden,50,8.75
solid,NA,NA,NA,NA,1,TRUE,TRUE,TRUE,TRUE,TRUE,TRUE,1,0.75,0.75,0.5,0.25,65,35,Grade E,Grade E,Critical penalty burden,50,15
solid,NA,NA,NA,NA,1,TRUE,TRUE,TRUE,TRUE,TRUE,TRUE,1,1,0.75,0.5,0.25,71.25,28.75,Grade E,Grade E,Critical penalty burden,50,21.25
solid,NA,NA,NA,NA,1,TRUE,TRUE,TRUE,TRUE,TRUE,TRUE,1,0,1,0.5,0.25,52.5,47.5,Grade E,Grade E,Critical penalty burden,50,2.5
solid,NA,NA,NA,NA,1,TRUE,TRUE,TRUE,TRUE,TRUE,TRUE,1,0.25,1,0.5,0.25,58.75,41.25,Grade E,Grade E,Critical penalty burden,50,8.75
solid,NA,NA,NA,NA,1,TRUE,TRUE,TRUE,TRUE,TRUE,TRUE,1,0.5,1,0.5,0.25,65,35,Grade E,Grade E,Critical penalty burden,50,15
solid,NA,NA,NA,NA,1,TRUE,TRUE,TRUE,TRUE,TRUE,TRUE,1,0.75,1,0.5,0.25,71.25,28.75,Grade E,Grade E,Critical penalty burden,50,21.25
solid,NA,NA,NA,NA,1,TRUE,TRUE,TRUE,TRUE,TRUE,TRUE,1,1,1,0.5,0.25,77.5,22.5,Grade E,Grade E,Critical penalty burden,50,27.5
solid,NA,NA,NA,NA,1,TRUE,TRUE,TRUE,TRUE,TRUE,TRUE,1,0,0,0.75,0.25,31.25,68.75,Grade C,Grade C,Score-based certification,35,3.75
solid,NA,NA,NA,NA,1,TRUE,TRUE,TRUE,TRUE,TRUE,TRUE,1,0.25,0,0.75,0.25,37.5,62.5,Grade D,Grade D,Score-based certification,35,2.5
solid,NA,NA,NA,NA,1,TRUE,TRUE,TRUE,TRUE,TRUE,TRUE,1,0.5,0,0.75,0.25,43.75,56.25,Grade D,Grade D,Score-based certification,50,6.25
solid,NA,NA,NA,NA,1,TRUE,TRUE,TRUE,TRUE,TRUE,TRUE,1,0.75,0,0.75,0.25,50,50,Grade D,Grade D,Score-based certification,50,0
solid,NA,NA,NA,NA,1,TRUE,TRUE,TRUE,TRUE,TRUE,TRUE,1,1,0,0.75,0.25,56.25,43.75,Grade E,Grade E,Critical penalty burden,50,6.25
solid,NA,NA,NA,NA,1,TRUE,TRUE,TRUE,TRUE,TRUE,TRUE,1,0,0.25,0.75,0.25,37.5,62.5,Grade D,Grade D,Score-based certification,35,2.5
solid,NA,NA,NA,NA,1,TRUE,TRUE,TRUE,TRUE,TRUE,TRUE,1,0.25,0.25,0.75,0.25,43.75,56.25,Grade D,Grade D,Score-based certification,50,6.25
solid,NA,NA,NA,NA,1,TRUE,TRUE,TRUE,TRUE,TRUE,TRUE,1,0.5,0.25,0.75,0.25,50,50,Grade D,Grade D,Score-based certification,50,0
solid,NA,NA,NA,NA,1,TRUE,TRUE,TRUE,TRUE,TRUE,TRUE,1,0.75,0.25,0.75,0.25,56.25,43.75,Grade E,Grade E,Critical penalty burden,50,6.25
solid,NA,NA,NA,NA,1,TRUE,TRUE,TRUE,TRUE,TRUE,TRUE,1,1,0.25,0.75,0.25,62.5,37.5,Grade E,Grade E,Critical penalty burden,50,12.5
solid,NA,NA,NA,NA,1,TRUE,TRUE,TRUE,TRUE,TRUE,TRUE,1,0,0.5,0.75,0.25,43.75,56.25,Grade D,Grade D,Score-based certification,50,6.25
solid,NA,NA,NA,NA,1,TRUE,TRUE,TRUE,TRUE,TRUE,TRUE,1,0.25,0.5,0.75,0.25,50,50,Grade D,Grade D,Score-based certification,50,0
solid,NA,NA,NA,NA,1,TRUE,TRUE,TRUE,TRUE,TRUE,TRUE,1,0.5,0.5,0.75,0.25,56.25,43.75,Grade E,Grade E,Critical penalty burden,50,6.25
solid,NA,NA,NA,NA,1,TRUE,TRUE,TRUE,TRUE,TRUE,TRUE,1,0.75,0.5,0.75,0.25,62.5,37.5,Grade E,Grade E,Critical penalty burden,50,12.5
solid,NA,NA,NA,NA,1,TRUE,TRUE,TRUE,TRUE,TRUE,TRUE,1,1,0.5,0.75,0.25,68.75,31.25,Grade E,Grade E,Critical penalty burden,50,18.75
solid,NA,NA,NA,NA,1,TRUE,TRUE,TRUE,TRUE,TRUE,TRUE,1,0,0.75,0.75,0.25,50,50,Grade D,Grade D,Score-based certification,50,0
solid,NA,NA,NA,NA,1,TRUE,TRUE,TRUE,TRUE,TRUE,TRUE,1,0.25,0.75,0.75,0.25,56.25,43.75,Grade E,Grade E,Critical penalty burden,50,6.25
solid,NA,NA,NA,NA,1,TRUE,TRUE,TRUE,TRUE,TRUE,TRUE,1,0.5,0.75,0.75,0.25,62.5,37.5,Grade E,Grade E,Critical penalty burden,50,12.5
solid,NA,NA,NA,NA,1,TRUE,TRUE,TRUE,TRUE,TRUE,TRUE,1,0.75,0.75,0.75,0.25,68.75,31.25,Grade E,Grade E,Critical penalty burden,50,18.75
solid,NA,NA,NA,NA,1,TRUE,TRUE,TRUE,TRUE,TRUE,TRUE,1,1,0.75,0.75,0.25,75,25,Grade E,Grade E,Critical penalty burden,50,25
solid,NA,NA,NA,NA,1,TRUE,TRUE,TRUE,TRUE,TRUE,TRUE,1,0,1,0.75,0.25,56.25,43.75,Grade E,Grade E,Critical penalty burden,50,6.25
solid,NA,NA,NA,NA,1,TRUE,TRUE,TRUE,TRUE,TRUE,TRUE,1,0.25,1,0.75,0.25,62.5,37.5,Grade E,Grade E,Critical penalty burden,50,12.5
solid,NA,NA,NA,NA,1,TRUE,TRUE,TRUE,TRUE,TRUE,TRUE,1,0.5,1,0.75,0.25,68.75,31.25,Grade E,Grade E,Critical penalty burden,50,18.75
solid,NA,NA,NA,NA,1,TRUE,TRUE,TRUE,TRUE,TRUE,TRUE,1,0.75,1,0.75,0.25,75,25,Grade E,Grade E,Critical penalty burden,50,25
solid,NA,NA,NA,NA,1,TRUE,TRUE,TRUE,TRUE,TRUE,TRUE,1,1,1,0.75,0.25,81.25,18.75,Grade E,Grade E,Critical penalty burden,50,31.25
solid,NA,NA,NA,NA,1,TRUE,TRUE,TRUE,TRUE,TRUE,TRUE,1,0,0,1,0.25,35,65,Grade C,Grade C,Score-based certification,35,0
solid,NA,NA,NA,NA,1,TRUE,TRUE,TRUE,TRUE,TRUE,TRUE,1,0.25,0,1,0.25,41.25,58.75,Grade D,Grade D,Score-based certification,35,6.25
solid,NA,NA,NA,NA,1,TRUE,TRUE,TRUE,TRUE,TRUE,TRUE,1,0.5,0,1,0.25,47.5,52.5,Grade D,Grade D,Score-based certification,50,2.5
solid,NA,NA,NA,NA,1,TRUE,TRUE,TRUE,TRUE,TRUE,TRUE,1,0.75,0,1,0.25,53.75,46.25,Grade E,Grade E,Critical penalty burden,50,3.75
solid,NA,NA,NA,NA,1,TRUE,TRUE,TRUE,TRUE,TRUE,TRUE,1,1,0,1,0.25,60,40,Grade E,Grade E,Critical penalty burden,50,10
solid,NA,NA,NA,NA,1,TRUE,TRUE,TRUE,TRUE,TRUE,TRUE,1,0,0.25,1,0.25,41.25,58.75,Grade D,Grade D,Score-based certification,35,6.25
solid,NA,NA,NA,NA,1,TRUE,TRUE,TRUE,TRUE,TRUE,TRUE,1,0.25,0.25,1,0.25,47.5,52.5,Grade D,Grade D,Score-based certification,50,2.5
solid,NA,NA,NA,NA,1,TRUE,TRUE,TRUE,TRUE,TRUE,TRUE,1,0.5,0.25,1,0.25,53.75,46.25,Grade E,Grade E,Critical penalty burden,50,3.75
solid,NA,NA,NA,NA,1,TRUE,TRUE,TRUE,TRUE,TRUE,TRUE,1,0.75,0.25,1,0.25,60,40,Grade E,Grade E,Critical penalty burden,50,10
solid,NA,NA,NA,NA,1,TRUE,TRUE,TRUE,TRUE,TRUE,TRUE,1,1,0.25,1,0.25,66.25,33.75,Grade E,Grade E,Critical penalty burden,50,16.25
solid,NA,NA,NA,NA,1,TRUE,TRUE,TRUE,TRUE,TRUE,TRUE,1,0,0.5,1,0.25,47.5,52.5,Grade D,Grade D,Score-based certification,50,2.5
solid,NA,NA,NA,NA,1,TRUE,TRUE,TRUE,TRUE,TRUE,TRUE,1,0.25,0.5,1,0.25,53.75,46.25,Grade E,Grade E,Critical penalty burden,50,3.75
solid,NA,NA,NA,NA,1,TRUE,TRUE,TRUE,TRUE,TRUE,TRUE,1,0.5,0.5,1,0.25,60,40,Grade E,Grade E,Critical penalty burden,50,10
solid,NA,NA,NA,NA,1,TRUE,TRUE,TRUE,TRUE,TRUE,TRUE,1,0.75,0.5,1,0.25,66.25,33.75,Grade E,Grade E,Critical penalty burden,50,16.25
solid,NA,NA,NA,NA,1,TRUE,TRUE,TRUE,TRUE,TRUE,TRUE,1,1,0.5,1,0.25,72.5,27.5,Grade E,Grade E,Critical penalty burden,50,22.5
solid,NA,NA,NA,NA,1,TRUE,TRUE,TRUE,TRUE,TRUE,TRUE,1,0,0.75,1,0.25,53.75,46.25,Grade E,Grade E,Critical penalty burden,50,3.75
solid,NA,NA,NA,NA,1,TRUE,TRUE,TRUE,TRUE,TRUE,TRUE,1,0.25,0.75,1,0.25,60,40,Grade E,Grade E,Critical penalty burden,50,10
solid,NA,NA,NA,NA,1,TRUE,TRUE,TRUE,TRUE,TRUE,TRUE,1,0.5,0.75,1,0.25,66.25,33.75,Grade E,Grade E,Critical penalty burden,50,16.25
solid,NA,NA,NA,NA,1,TRUE,TRUE,TRUE,TRUE,TRUE,TRUE,1,0.75,0.75,1,0.25,72.5,27.5,Grade E,Grade E,Critical penalty burden,50,22.5
solid,NA,NA,NA,NA,1,TRUE,TRUE,TRUE,TRUE,TRUE,TRUE,1,1,0.75,1,0.25,78.75,21.25,Grade E,Grade E,Critical penalty burden,50,28.75
solid,NA,NA,NA,NA,1,TRUE,TRUE,TRUE,TRUE,TRUE,TRUE,1,0,1,1,0.25,60,40,Grade E,Grade E,Critical penalty burden,50,10
solid,NA,NA,NA,NA,1,TRUE,TRUE,TRUE,TRUE,TRUE,TRUE,1,0.25,1,1,0.25,66.25,33.75,Grade E,Grade E,Critical penalty burden,50,16.25
solid,NA,NA,NA,NA,1,TRUE,TRUE,TRUE,TRUE,TRUE,TRUE,1,0.5,1,1,0.25,72.5,27.5,Grade E,Grade E,Critical penalty burden,50,22.5
solid,NA,NA,NA,NA,1,TRUE,TRUE,TRUE,TRUE,TRUE,TRUE,1,0.75,1,1,0.25,78.75,21.25,Grade E,Grade E,Critical penalty burden,50,28.75
solid,NA,NA,NA,NA,1,TRUE,TRUE,TRUE,TRUE,TRUE,TRUE,1,1,1,1,0.25,85,15,Grade E,Grade E,Critical penalty burden,50,35
solid,NA,NA,NA,NA,1,TRUE,TRUE,TRUE,TRUE,TRUE,TRUE,1,0,0,0,0.5,25,75,Grade C,Grade C,Score-based certification,20,5
solid,NA,NA,NA,NA,1,TRUE,TRUE,TRUE,TRUE,TRUE,TRUE,1,0.25,0,0,0.5,31.25,68.75,Grade C,Grade C,Score-based certification,35,3.75
solid,NA,NA,NA,NA,1,TRUE,TRUE,TRUE,TRUE,TRUE,TRUE,1,0.5,0,0,0.5,37.5,62.5,Grade D,Grade D,Score-based certification,35,2.5
solid,NA,NA,NA,NA,1,TRUE,TRUE,TRUE,TRUE,TRUE,TRUE,1,0.75,0,0,0.5,43.75,56.25,Grade D,Grade D,Score-based certification,50,6.25
solid,NA,NA,NA,NA,1,TRUE,TRUE,TRUE,TRUE,TRUE,TRUE,1,1,0,0,0.5,50,50,Grade D,Grade D,Score-based certification,50,0
solid,NA,NA,NA,NA,1,TRUE,TRUE,TRUE,TRUE,TRUE,TRUE,1,0,0.25,0,0.5,31.25,68.75,Grade C,Grade C,Score-based certification,35,3.75
solid,NA,NA,NA,NA,1,TRUE,TRUE,TRUE,TRUE,TRUE,TRUE,1,0.25,0.25,0,0.5,37.5,62.5,Grade D,Grade D,Score-based certification,35,2.5
solid,NA,NA,NA,NA,1,TRUE,TRUE,TRUE,TRUE,TRUE,TRUE,1,0.5,0.25,0,0.5,43.75,56.25,Grade D,Grade D,Score-based certification,50,6.25
solid,NA,NA,NA,NA,1,TRUE,TRUE,TRUE,TRUE,TRUE,TRUE,1,0.75,0.25,0,0.5,50,50,Grade D,Grade D,Score-based certification,50,0
solid,NA,NA,NA,NA,1,TRUE,TRUE,TRUE,TRUE,TRUE,TRUE,1,1,0.25,0,0.5,56.25,43.75,Grade E,Grade E,Critical penalty burden,50,6.25
solid,NA,NA,NA,NA,1,TRUE,TRUE,TRUE,TRUE,TRUE,TRUE,1,0,0.5,0,0.5,37.5,62.5,Grade D,Grade D,Score-based certification,35,2.5
solid,NA,NA,NA,NA,1,TRUE,TRUE,TRUE,TRUE,TRUE,TRUE,1,0.25,0.5,0,0.5,43.75,56.25,Grade D,Grade D,Score-based certification,50,6.25
solid,NA,NA,NA,NA,1,TRUE,TRUE,TRUE,TRUE,TRUE,TRUE,1,0.5,0.5,0,0.5,50,50,Grade D,Grade D,Score-based certification,50,0
solid,NA,NA,NA,NA,1,TRUE,TRUE,TRUE,TRUE,TRUE,TRUE,1,0.75,0.5,0,0.5,56.25,43.75,Grade E,Grade E,Critical penalty burden,50,6.25
solid,NA,NA,NA,NA,1,TRUE,TRUE,TRUE,TRUE,TRUE,TRUE,1,1,0.5,0,0.5,62.5,37.5,Grade E,Grade E,Critical penalty burden,50,12.5
solid,NA,NA,NA,NA,1,TRUE,TRUE,TRUE,TRUE,TRUE,TRUE,1,0,0.75,0,0.5,43.75,56.25,Grade D,Grade D,Score-based certification,50,6.25
solid,NA,NA,NA,NA,1,TRUE,TRUE,TRUE,TRUE,TRUE,TRUE,1,0.25,0.75,0,0.5,50,50,Grade D,Grade D,Score-based certification,50,0
solid,NA,NA,NA,NA,1,TRUE,TRUE,TRUE,TRUE,TRUE,TRUE,1,0.5,0.75,0,0.5,56.25,43.75,Grade E,Grade E,Critical penalty burden,50,6.25
solid,NA,NA,NA,NA,1,TRUE,TRUE,TRUE,TRUE,TRUE,TRUE,1,0.75,0.75,0,0.5,62.5,37.5,Grade E,Grade E,Critical penalty burden,50,12.5
solid,NA,NA,NA,NA,1,TRUE,TRUE,TRUE,TRUE,TRUE,TRUE,1,1,0.75,0,0.5,68.75,31.25,Grade E,Grade E,Critical penalty burden,50,18.75
solid,NA,NA,NA,NA,1,TRUE,TRUE,TRUE,TRUE,TRUE,TRUE,1,0,1,0,0.5,50,50,Grade D,Grade D,Score-based certification,50,0
solid,NA,NA,NA,NA,1,TRUE,TRUE,TRUE,TRUE,TRUE,TRUE,1,0.25,1,0,0.5,56.25,43.75,Grade E,Grade E,Critical penalty burden,50,6.25
solid,NA,NA,NA,NA,1,TRUE,TRUE,TRUE,TRUE,TRUE,TRUE,1,0.5,1,0,0.5,62.5,37.5,Grade E,Grade E,Critical penalty burden,50,12.5
solid,NA,NA,NA,NA,1,TRUE,TRUE,TRUE,TRUE,TRUE,TRUE,1,0.75,1,0,0.5,68.75,31.25,Grade E,Grade E,Critical penalty burden,50,18.75
solid,NA,NA,NA,NA,1,TRUE,TRUE,TRUE,TRUE,TRUE,TRUE,1,1,1,0,0.5,75,25,Grade E,Grade E,Critical penalty burden,50,25
solid,NA,NA,NA,NA,1,TRUE,TRUE,TRUE,TRUE,TRUE,TRUE,1,0,0,0.25,0.5,28.75,71.25,Grade C,Grade C,Score-based certification,35,6.25
solid,NA,NA,NA,NA,1,TRUE,TRUE,TRUE,TRUE,TRUE,TRUE,1,0.25,0,0.25,0.5,35,65,Grade C,Grade C,Score-based certification,35,0
solid,NA,NA,NA,NA,1,TRUE,TRUE,TRUE,TRUE,TRUE,TRUE,1,0.5,0,0.25,0.5,41.25,58.75,Grade D,Grade D,Score-based certification,35,6.25
solid,NA,NA,NA,NA,1,TRUE,TRUE,TRUE,TRUE,TRUE,TRUE,1,0.75,0,0.25,0.5,47.5,52.5,Grade D,Grade D,Score-based certification,50,2.5
solid,NA,NA,NA,NA,1,TRUE,TRUE,TRUE,TRUE,TRUE,TRUE,1,1,0,0.25,0.5,53.75,46.25,Grade E,Grade E,Critical penalty burden,50,3.75
solid,NA,NA,NA,NA,1,TRUE,TRUE,TRUE,TRUE,TRUE,TRUE,1,0,0.25,0.25,0.5,35,65,Grade C,Grade C,Score-based certification,35,0
solid,NA,NA,NA,NA,1,TRUE,TRUE,TRUE,TRUE,TRUE,TRUE,1,0.25,0.25,0.25,0.5,41.25,58.75,Grade D,Grade D,Score-based certification,35,6.25
solid,NA,NA,NA,NA,1,TRUE,TRUE,TRUE,TRUE,TRUE,TRUE,1,0.5,0.25,0.25,0.5,47.5,52.5,Grade D,Grade D,Score-based certification,50,2.5
solid,NA,NA,NA,NA,1,TRUE,TRUE,TRUE,TRUE,TRUE,TRUE,1,0.75,0.25,0.25,0.5,53.75,46.25,Grade E,Grade E,Critical penalty burden,50,3.75
solid,NA,NA,NA,NA,1,TRUE,TRUE,TRUE,TRUE,TRUE,TRUE,1,1,0.25,0.25,0.5,60,40,Grade E,Grade E,Critical penalty burden,50,10
solid,NA,NA,NA,NA,1,TRUE,TRUE,TRUE,TRUE,TRUE,TRUE,1,0,0.5,0.25,0.5,41.25,58.75,Grade D,Grade D,Score-based certification,35,6.25
solid,NA,NA,NA,NA,1,TRUE,TRUE,TRUE,TRUE,TRUE,TRUE,1,0.25,0.5,0.25,0.5,47.5,52.5,Grade D,Grade D,Score-based certification,50,2.5
solid,NA,NA,NA,NA,1,TRUE,TRUE,TRUE,TRUE,TRUE,TRUE,1,0.5,0.5,0.25,0.5,53.75,46.25,Grade E,Grade E,Critical penalty burden,50,3.75
solid,NA,NA,NA,NA,1,TRUE,TRUE,TRUE,TRUE,TRUE,TRUE,1,0.75,0.5,0.25,0.5,60,40,Grade E,Grade E,Critical penalty burden,50,10
solid,NA,NA,NA,NA,1,TRUE,TRUE,TRUE,TRUE,TRUE,TRUE,1,1,0.5,0.25,0.5,66.25,33.75,Grade E,Grade E,Critical penalty burden,50,16.25
solid,NA,NA,NA,NA,1,TRUE,TRUE,TRUE,TRUE,TRUE,TRUE,1,0,0.75,0.25,0.5,47.5,52.5,Grade D,Grade D,Score-based certification,50,2.5
solid,NA,NA,NA,NA,1,TRUE,TRUE,TRUE,TRUE,TRUE,TRUE,1,0.25,0.75,0.25,0.5,53.75,46.25,Grade E,Grade E,Critical penalty burden,50,3.75
solid,NA,NA,NA,NA,1,TRUE,TRUE,TRUE,TRUE,TRUE,TRUE,1,0.5,0.75,0.25,0.5,60,40,Grade E,Grade E,Critical penalty burden,50,10
solid,NA,NA,NA,NA,1,TRUE,TRUE,TRUE,TRUE,TRUE,TRUE,1,0.75,0.75,0.25,0.5,66.25,33.75,Grade E,Grade E,Critical penalty burden,50,16.25
solid,NA,NA,NA,NA,1,TRUE,TRUE,TRUE,TRUE,TRUE,TRUE,1,1,0.75,0.25,0.5,72.5,27.5,Grade E,Grade E,Critical penalty burden,50,22.5
solid,NA,NA,NA,NA,1,TRUE,TRUE,TRUE,TRUE,TRUE,TRUE,1,0,1,0.25,0.5,53.75,46.25,Grade E,Grade E,Critical penalty burden,50,3.75
solid,NA,NA,NA,NA,1,TRUE,TRUE,TRUE,TRUE,TRUE,TRUE,1,0.25,1,0.25,0.5,60,40,Grade E,Grade E,Critical penalty burden,50,10
solid,NA,NA,NA,NA,1,TRUE,TRUE,TRUE,TRUE,TRUE,TRUE,1,0.5,1,0.25,0.5,66.25,33.75,Grade E,Grade E,Critical penalty burden,50,16.25
solid,NA,NA,NA,NA,1,TRUE,TRUE,TRUE,TRUE,TRUE,TRUE,1,0.75,1,0.25,0.5,72.5,27.5,Grade E,Grade E,Critical penalty burden,50,22.5
solid,NA,NA,NA,NA,1,TRUE,TRUE,TRUE,TRUE,TRUE,TRUE,1,1,1,0.25,0.5,78.75,21.25,Grade E,Grade E,Critical penalty burden,50,28.75
solid,NA,NA,NA,NA,1,TRUE,TRUE,TRUE,TRUE,TRUE,TRUE,1,0,0,0.5,0.5,32.5,67.5,Grade C,Grade C,Score-based certification,35,2.5
solid,NA,NA,NA,NA,1,TRUE,TRUE,TRUE,TRUE,TRUE,TRUE,1,0.25,0,0.5,0.5,38.75,61.25,Grade D,Grade D,Score-based certification,35,3.75
solid,NA,NA,NA,NA,1,TRUE,TRUE,TRUE,TRUE,TRUE,TRUE,1,0.5,0,0.5,0.5,45,55,Grade D,Grade D,Score-based certification,50,5
solid,NA,NA,NA,NA,1,TRUE,TRUE,TRUE,TRUE,TRUE,TRUE,1,0.75,0,0.5,0.5,51.25,48.75,Grade E,Grade E,Critical penalty burden,50,1.25
solid,NA,NA,NA,NA,1,TRUE,TRUE,TRUE,TRUE,TRUE,TRUE,1,1,0,0.5,0.5,57.5,42.5,Grade E,Grade E,Critical penalty burden,50,7.5
solid,NA,NA,NA,NA,1,TRUE,TRUE,TRUE,TRUE,TRUE,TRUE,1,0,0.25,0.5,0.5,38.75,61.25,Grade D,Grade D,Score-based certification,35,3.75
solid,NA,NA,NA,NA,1,TRUE,TRUE,TRUE,TRUE,TRUE,TRUE,1,0.25,0.25,0.5,0.5,45,55,Grade D,Grade D,Score-based certification,50,5
solid,NA,NA,NA,NA,1,TRUE,TRUE,TRUE,TRUE,TRUE,TRUE,1,0.5,0.25,0.5,0.5,51.25,48.75,Grade E,Grade E,Critical penalty burden,50,1.25
solid,NA,NA,NA,NA,1,TRUE,TRUE,TRUE,TRUE,TRUE,TRUE,1,0.75,0.25,0.5,0.5,57.5,42.5,Grade E,Grade E,Critical penalty burden,50,7.5
solid,NA,NA,NA,NA,1,TRUE,TRUE,TRUE,TRUE,TRUE,TRUE,1,1,0.25,0.5,0.5,63.75,36.25,Grade E,Grade E,Critical penalty burden,50,13.75
solid,NA,NA,NA,NA,1,TRUE,TRUE,TRUE,TRUE,TRUE,TRUE,1,0,0.5,0.5,0.5,45,55,Grade D,Grade D,Score-based certification,50,5
solid,NA,NA,NA,NA,1,TRUE,TRUE,TRUE,TRUE,TRUE,TRUE,1,0.25,0.5,0.5,0.5,51.25,48.75,Grade E,Grade E,Critical penalty burden,50,1.25
solid,NA,NA,NA,NA,1,TRUE,TRUE,TRUE,TRUE,TRUE,TRUE,1,0.5,0.5,0.5,0.5,57.5,42.5,Grade E,Grade E,Critical penalty burden,50,7.5
solid,NA,NA,NA,NA,1,TRUE,TRUE,TRUE,TRUE,TRUE,TRUE,1,0.75,0.5,0.5,0.5,63.75,36.25,Grade E,Grade E,Critical penalty burden,50,13.75
solid,NA,NA,NA,NA,1,TRUE,TRUE,TRUE,TRUE,TRUE,TRUE,1,1,0.5,0.5,0.5,70,30,Grade E,Grade E,Critical penalty burden,50,20
solid,NA,NA,NA,NA,1,TRUE,TRUE,TRUE,TRUE,TRUE,TRUE,1,0,0.75,0.5,0.5,51.25,48.75,Grade E,Grade E,Critical penalty burden,50,1.25
solid,NA,NA,NA,NA,1,TRUE,TRUE,TRUE,TRUE,TRUE,TRUE,1,0.25,0.75,0.5,0.5,57.5,42.5,Grade E,Grade E,Critical penalty burden,50,7.5
solid,NA,NA,NA,NA,1,TRUE,TRUE,TRUE,TRUE,TRUE,TRUE,1,0.5,0.75,0.5,0.5,63.75,36.25,Grade E,Grade E,Critical penalty burden,50,13.75
solid,NA,NA,NA,NA,1,TRUE,TRUE,TRUE,TRUE,TRUE,TRUE,1,0.75,0.75,0.5,0.5,70,30,Grade E,Grade E,Critical penalty burden,50,20
solid,NA,NA,NA,NA,1,TRUE,TRUE,TRUE,TRUE,TRUE,TRUE,1,1,0.75,0.5,0.5,76.25,23.75,Grade E,Grade E,Critical penalty burden,50,26.25
solid,NA,NA,NA,NA,1,TRUE,TRUE,TRUE,TRUE,TRUE,TRUE,1,0,1,0.5,0.5,57.5,42.5,Grade E,Grade E,Critical penalty burden,50,7.5
solid,NA,NA,NA,NA,1,TRUE,TRUE,TRUE,TRUE,TRUE,TRUE,1,0.25,1,0.5,0.5,63.75,36.25,Grade E,Grade E,Critical penalty burden,50,13.75
solid,NA,NA,NA,NA,1,TRUE,TRUE,TRUE,TRUE,TRUE,TRUE,1,0.5,1,0.5,0.5,70,30,Grade E,Grade E,Critical penalty burden,50,20
solid,NA,NA,NA,NA,1,TRUE,TRUE,TRUE,TRUE,TRUE,TRUE,1,0.75,1,0.5,0.5,76.25,23.75,Grade E,Grade E,Critical penalty burden,50,26.25
solid,NA,NA,NA,NA,1,TRUE,TRUE,TRUE,TRUE,TRUE,TRUE,1,1,1,0.5,0.5,82.5,17.5,Grade E,Grade E,Critical penalty burden,50,32.5
solid,NA,NA,NA,NA,1,TRUE,TRUE,TRUE,TRUE,TRUE,TRUE,1,0,0,0.75,0.5,36.25,63.75,Grade D,Grade D,Score-based certification,35,1.25
solid,NA,NA,NA,NA,1,TRUE,TRUE,TRUE,TRUE,TRUE,TRUE,1,0.25,0,0.75,0.5,42.5,57.5,Grade D,Grade D,Score-based certification,35,7.5
solid,NA,NA,NA,NA,1,TRUE,TRUE,TRUE,TRUE,TRUE,TRUE,1,0.5,0,0.75,0.5,48.75,51.25,Grade D,Grade D,Score-based certification,50,1.25
solid,NA,NA,NA,NA,1,TRUE,TRUE,TRUE,TRUE,TRUE,TRUE,1,0.75,0,0.75,0.5,55,45,Grade E,Grade E,Critical penalty burden,50,5
solid,NA,NA,NA,NA,1,TRUE,TRUE,TRUE,TRUE,TRUE,TRUE,1,1,0,0.75,0.5,61.25,38.75,Grade E,Grade E,Critical penalty burden,50,11.25
solid,NA,NA,NA,NA,1,TRUE,TRUE,TRUE,TRUE,TRUE,TRUE,1,0,0.25,0.75,0.5,42.5,57.5,Grade D,Grade D,Score-based certification,35,7.5
solid,NA,NA,NA,NA,1,TRUE,TRUE,TRUE,TRUE,TRUE,TRUE,1,0.25,0.25,0.75,0.5,48.75,51.25,Grade D,Grade D,Score-based certification,50,1.25
solid,NA,NA,NA,NA,1,TRUE,TRUE,TRUE,TRUE,TRUE,TRUE,1,0.5,0.25,0.75,0.5,55,45,Grade E,Grade E,Critical penalty burden,50,5
solid,NA,NA,NA,NA,1,TRUE,TRUE,TRUE,TRUE,TRUE,TRUE,1,0.75,0.25,0.75,0.5,61.25,38.75,Grade E,Grade E,Critical penalty burden,50,11.25
solid,NA,NA,NA,NA,1,TRUE,TRUE,TRUE,TRUE,TRUE,TRUE,1,1,0.25,0.75,0.5,67.5,32.5,Grade E,Grade E,Critical penalty burden,50,17.5
solid,NA,NA,NA,NA,1,TRUE,TRUE,TRUE,TRUE,TRUE,TRUE,1,0,0.5,0.75,0.5,48.75,51.25,Grade D,Grade D,Score-based certification,50,1.25
solid,NA,NA,NA,NA,1,TRUE,TRUE,TRUE,TRUE,TRUE,TRUE,1,0.25,0.5,0.75,0.5,55,45,Grade E,Grade E,Critical penalty burden,50,5
solid,NA,NA,NA,NA,1,TRUE,TRUE,TRUE,TRUE,TRUE,TRUE,1,0.5,0.5,0.75,0.5,61.25,38.75,Grade E,Grade E,Critical penalty burden,50,11.25
solid,NA,NA,NA,NA,1,TRUE,TRUE,TRUE,TRUE,TRUE,TRUE,1,0.75,0.5,0.75,0.5,67.5,32.5,Grade E,Grade E,Critical penalty burden,50,17.5
solid,NA,NA,NA,NA,1,TRUE,TRUE,TRUE,TRUE,TRUE,TRUE,1,1,0.5,0.75,0.5,73.75,26.25,Grade E,Grade E,Critical penalty burden,50,23.75
solid,NA,NA,NA,NA,1,TRUE,TRUE,TRUE,TRUE,TRUE,TRUE,1,0,0.75,0.75,0.5,55,45,Grade E,Grade E,Critical penalty burden,50,5
solid,NA,NA,NA,NA,1,TRUE,TRUE,TRUE,TRUE,TRUE,TRUE,1,0.25,0.75,0.75,0.5,61.25,38.75,Grade E,Grade E,Critical penalty burden,50,11.25
solid,NA,NA,NA,NA,1,TRUE,TRUE,TRUE,TRUE,TRUE,TRUE,1,0.5,0.75,0.75,0.5,67.5,32.5,Grade E,Grade E,Critical penalty burden,50,17.5
solid,NA,NA,NA,NA,1,TRUE,TRUE,TRUE,TRUE,TRUE,TRUE,1,0.75,0.75,0.75,0.5,73.75,26.25,Grade E,Grade E,Critical penalty burden,50,23.75
solid,NA,NA,NA,NA,1,TRUE,TRUE,TRUE,TRUE,TRUE,TRUE,1,1,0.75,0.75,0.5,80,20,Grade E,Grade E,Critical penalty burden,50,30
solid,NA,NA,NA,NA,1,TRUE,TRUE,TRUE,TRUE,TRUE,TRUE,1,0,1,0.75,0.5,61.25,38.75,Grade E,Grade E,Critical penalty burden,50,11.25
solid,NA,NA,NA,NA,1,TRUE,TRUE,TRUE,TRUE,TRUE,TRUE,1,0.25,1,0.75,0.5,67.5,32.5,Grade E,Grade E,Critical penalty burden,50,17.5
solid,NA,NA,NA,NA,1,TRUE,TRUE,TRUE,TRUE,TRUE,TRUE,1,0.5,1,0.75,0.5,73.75,26.25,Grade E,Grade E,Critical penalty burden,50,23.75
solid,NA,NA,NA,NA,1,TRUE,TRUE,TRUE,TRUE,TRUE,TRUE,1,0.75,1,0.75,0.5,80,20,Grade E,Grade E,Critical penalty burden,50,30
solid,NA,NA,NA,NA,1,TRUE,TRUE,TRUE,TRUE,TRUE,TRUE,1,1,1,0.75,0.5,86.25,13.75,Grade E,Grade E,Critical penalty burden,50,36.25
solid,NA,NA,NA,NA,1,TRUE,TRUE,TRUE,TRUE,TRUE,TRUE,1,0,0,1,0.5,40,60,Grade D,Grade D,Score-based certification,35,5
solid,NA,NA,NA,NA,1,TRUE,TRUE,TRUE,TRUE,TRUE,TRUE,1,0.25,0,1,0.5,46.25,53.75,Grade D,Grade D,Score-based certification,50,3.75
solid,NA,NA,NA,NA,1,TRUE,TRUE,TRUE,TRUE,TRUE,TRUE,1,0.5,0,1,0.5,52.5,47.5,Grade E,Grade E,Critical penalty burden,50,2.5
solid,NA,NA,NA,NA,1,TRUE,TRUE,TRUE,TRUE,TRUE,TRUE,1,0.75,0,1,0.5,58.75,41.25,Grade E,Grade E,Critical penalty burden,50,8.75
solid,NA,NA,NA,NA,1,TRUE,TRUE,TRUE,TRUE,TRUE,TRUE,1,1,0,1,0.5,65,35,Grade E,Grade E,Critical penalty burden,50,15
solid,NA,NA,NA,NA,1,TRUE,TRUE,TRUE,TRUE,TRUE,TRUE,1,0,0.25,1,0.5,46.25,53.75,Grade D,Grade D,Score-based certification,50,3.75
solid,NA,NA,NA,NA,1,TRUE,TRUE,TRUE,TRUE,TRUE,TRUE,1,0.25,0.25,1,0.5,52.5,47.5,Grade E,Grade E,Critical penalty burden,50,2.5
solid,NA,NA,NA,NA,1,TRUE,TRUE,TRUE,TRUE,TRUE,TRUE,1,0.5,0.25,1,0.5,58.75,41.25,Grade E,Grade E,Critical penalty burden,50,8.75
solid,NA,NA,NA,NA,1,TRUE,TRUE,TRUE,TRUE,TRUE,TRUE,1,0.75,0.25,1,0.5,65,35,Grade E,Grade E,Critical penalty burden,50,15
solid,NA,NA,NA,NA,1,TRUE,TRUE,TRUE,TRUE,TRUE,TRUE,1,1,0.25,1,0.5,71.25,28.75,Grade E,Grade E,Critical penalty burden,50,21.25
solid,NA,NA,NA,NA,1,TRUE,TRUE,TRUE,TRUE,TRUE,TRUE,1,0,0.5,1,0.5,52.5,47.5,Grade E,Grade E,Critical penalty burden,50,2.5
solid,NA,NA,NA,NA,1,TRUE,TRUE,TRUE,TRUE,TRUE,TRUE,1,0.25,0.5,1,0.5,58.75,41.25,Grade E,Grade E,Critical penalty burden,50,8.75
solid,NA,NA,NA,NA,1,TRUE,TRUE,TRUE,TRUE,TRUE,TRUE,1,0.5,0.5,1,0.5,65,35,Grade E,Grade E,Critical penalty burden,50,15
solid,NA,NA,NA,NA,1,TRUE,TRUE,TRUE,TRUE,TRUE,TRUE,1,0.75,0.5,1,0.5,71.25,28.75,Grade E,Grade E,Critical penalty burden,50,21.25
solid,NA,NA,NA,NA,1,TRUE,TRUE,TRUE,TRUE,TRUE,TRUE,1,1,0.5,1,0.5,77.5,22.5,Grade E,Grade E,Critical penalty burden,50,27.5
solid,NA,NA,NA,NA,1,TRUE,TRUE,TRUE,TRUE,TRUE,TRUE,1,0,0.75,1,0.5,58.75,41.25,Grade E,Grade E,Critical penalty burden,50,8.75
solid,NA,NA,NA,NA,1,TRUE,TRUE,TRUE,TRUE,TRUE,TRUE,1,0.25,0.75,1,0.5,65,35,Grade E,Grade E,Critical penalty burden,50,15
solid,NA,NA,NA,NA,1,TRUE,TRUE,TRUE,TRUE,TRUE,TRUE,1,0.5,0.75,1,0.5,71.25,28.75,Grade E,Grade E,Critical penalty burden,50,21.25
solid,NA,NA,NA,NA,1,TRUE,TRUE,TRUE,TRUE,TRUE,TRUE,1,0.75,0.75,1,0.5,77.5,22.5,Grade E,Grade E,Critical penalty burden,50,27.5
solid,NA,NA,NA,NA,1,TRUE,TRUE,TRUE,TRUE,TRUE,TRUE,1,1,0.75,1,0.5,83.75,16.25,Grade E,Grade E,Critical penalty burden,50,33.75
solid,NA,NA,NA,NA,1,TRUE,TRUE,TRUE,TRUE,TRUE,TRUE,1,0,1,1,0.5,65,35,Grade E,Grade E,Critical penalty burden,50,15
solid,NA,NA,NA,NA,1,TRUE,TRUE,TRUE,TRUE,TRUE,TRUE,1,0.25,1,1,0.5,71.25,28.75,Grade E,Grade E,Critical penalty burden,50,21.25
solid,NA,NA,NA,NA,1,TRUE,TRUE,TRUE,TRUE,TRUE,TRUE,1,0.5,1,1,0.5,77.5,22.5,Grade E,Grade E,Critical penalty burden,50,27.5
solid,NA,NA,NA,NA,1,TRUE,TRUE,TRUE,TRUE,TRUE,TRUE,1,0.75,1,1,0.5,83.75,16.25,Grade E,Grade E,Critical penalty burden,50,33.75
solid,NA,NA,NA,NA,1,TRUE,TRUE,TRUE,TRUE,TRUE,TRUE,1,1,1,1,0.5,90,10,Grade E,Grade E,Critical penalty burden,50,40
solid,NA,NA,NA,NA,1,TRUE,TRUE,TRUE,TRUE,TRUE,TRUE,1,0,0,0,0.75,30,70,Grade C,Grade C,Score-based certification,35,5
solid,NA,NA,NA,NA,1,TRUE,TRUE,TRUE,TRUE,TRUE,TRUE,1,0.25,0,0,0.75,36.25,63.75,Grade D,Grade D,Score-based certification,35,1.25
solid,NA,NA,NA,NA,1,TRUE,TRUE,TRUE,TRUE,TRUE,TRUE,1,0.5,0,0,0.75,42.5,57.5,Grade D,Grade D,Score-based certification,35,7.5
solid,NA,NA,NA,NA,1,TRUE,TRUE,TRUE,TRUE,TRUE,TRUE,1,0.75,0,0,0.75,48.75,51.25,Grade D,Grade D,Score-based certification,50,1.25
solid,NA,NA,NA,NA,1,TRUE,TRUE,TRUE,TRUE,TRUE,TRUE,1,1,0,0,0.75,55,45,Grade E,Grade E,Critical penalty burden,50,5
solid,NA,NA,NA,NA,1,TRUE,TRUE,TRUE,TRUE,TRUE,TRUE,1,0,0.25,0,0.75,36.25,63.75,Grade D,Grade D,Score-based certification,35,1.25
solid,NA,NA,NA,NA,1,TRUE,TRUE,TRUE,TRUE,TRUE,TRUE,1,0.25,0.25,0,0.75,42.5,57.5,Grade D,Grade D,Score-based certification,35,7.5
solid,NA,NA,NA,NA,1,TRUE,TRUE,TRUE,TRUE,TRUE,TRUE,1,0.5,0.25,0,0.75,48.75,51.25,Grade D,Grade D,Score-based certification,50,1.25
solid,NA,NA,NA,NA,1,TRUE,TRUE,TRUE,TRUE,TRUE,TRUE,1,0.75,0.25,0,0.75,55,45,Grade E,Grade E,Critical penalty burden,50,5
solid,NA,NA,NA,NA,1,TRUE,TRUE,TRUE,TRUE,TRUE,TRUE,1,1,0.25,0,0.75,61.25,38.75,Grade E,Grade E,Critical penalty burden,50,11.25
solid,NA,NA,NA,NA,1,TRUE,TRUE,TRUE,TRUE,TRUE,TRUE,1,0,0.5,0,0.75,42.5,57.5,Grade D,Grade D,Score-based certification,35,7.5
solid,NA,NA,NA,NA,1,TRUE,TRUE,TRUE,TRUE,TRUE,TRUE,1,0.25,0.5,0,0.75,48.75,51.25,Grade D,Grade D,Score-based certification,50,1.25
solid,NA,NA,NA,NA,1,TRUE,TRUE,TRUE,TRUE,TRUE,TRUE,1,0.5,0.5,0,0.75,55,45,Grade E,Grade E,Critical penalty burden,50,5
solid,NA,NA,NA,NA,1,TRUE,TRUE,TRUE,TRUE,TRUE,TRUE,1,0.75,0.5,0,0.75,61.25,38.75,Grade E,Grade E,Critical penalty burden,50,11.25
solid,NA,NA,NA,NA,1,TRUE,TRUE,TRUE,TRUE,TRUE,TRUE,1,1,0.5,0,0.75,67.5,32.5,Grade E,Grade E,Critical penalty burden,50,17.5
solid,NA,NA,NA,NA,1,TRUE,TRUE,TRUE,TRUE,TRUE,TRUE,1,0,0.75,0,0.75,48.75,51.25,Grade D,Grade D,Score-based certification,50,1.25
solid,NA,NA,NA,NA,1,TRUE,TRUE,TRUE,TRUE,TRUE,TRUE,1,0.25,0.75,0,0.75,55,45,Grade E,Grade E,Critical penalty burden,50,5
solid,NA,NA,NA,NA,1,TRUE,TRUE,TRUE,TRUE,TRUE,TRUE,1,0.5,0.75,0,0.75,61.25,38.75,Grade E,Grade E,Critical penalty burden,50,11.25
solid,NA,NA,NA,NA,1,TRUE,TRUE,TRUE,TRUE,TRUE,TRUE,1,0.75,0.75,0,0.75,67.5,32.5,Grade E,Grade E,Critical penalty burden,50,17.5
solid,NA,NA,NA,NA,1,TRUE,TRUE,TRUE,TRUE,TRUE,TRUE,1,1,0.75,0,0.75,73.75,26.25,Grade E,Grade E,Critical penalty burden,50,23.75
solid,NA,NA,NA,NA,1,TRUE,TRUE,TRUE,TRUE,TRUE,TRUE,1,0,1,0,0.75,55,45,Grade E,Grade E,Critical penalty burden,50,5
solid,NA,NA,NA,NA,1,TRUE,TRUE,TRUE,TRUE,TRUE,TRUE,1,0.25,1,0,0.75,61.25,38.75,Grade E,Grade E,Critical penalty burden,50,11.25
solid,NA,NA,NA,NA,1,TRUE,TRUE,TRUE,TRUE,TRUE,TRUE,1,0.5,1,0,0.75,67.5,32.5,Grade E,Grade E,Critical penalty burden,50,17.5
solid,NA,NA,NA,NA,1,TRUE,TRUE,TRUE,TRUE,TRUE,TRUE,1,0.75,1,0,0.75,73.75,26.25,Grade E,Grade E,Critical penalty burden,50,23.75
solid,NA,NA,NA,NA,1,TRUE,TRUE,TRUE,TRUE,TRUE,TRUE,1,1,1,0,0.75,80,20,Grade E,Grade E,Critical penalty burden,50,30
solid,NA,NA,NA,NA,1,TRUE,TRUE,TRUE,TRUE,TRUE,TRUE,1,0,0,0.25,0.75,33.75,66.25,Grade C,Grade C,Score-based certification,35,1.25
solid,NA,NA,NA,NA,1,TRUE,TRUE,TRUE,TRUE,TRUE,TRUE,1,0.25,0,0.25,0.75,40,60,Grade D,Grade D,Score-based certification,35,5
solid,NA,NA,NA,NA,1,TRUE,TRUE,TRUE,TRUE,TRUE,TRUE,1,0.5,0,0.25,0.75,46.25,53.75,Grade D,Grade D,Score-based certification,50,3.75
solid,NA,NA,NA,NA,1,TRUE,TRUE,TRUE,TRUE,TRUE,TRUE,1,0.75,0,0.25,0.75,52.5,47.5,Grade E,Grade E,Critical penalty burden,50,2.5
solid,NA,NA,NA,NA,1,TRUE,TRUE,TRUE,TRUE,TRUE,TRUE,1,1,0,0.25,0.75,58.75,41.25,Grade E,Grade E,Critical penalty burden,50,8.75
solid,NA,NA,NA,NA,1,TRUE,TRUE,TRUE,TRUE,TRUE,TRUE,1,0,0.25,0.25,0.75,40,60,Grade D,Grade D,Score-based certification,35,5
solid,NA,NA,NA,NA,1,TRUE,TRUE,TRUE,TRUE,TRUE,TRUE,1,0.25,0.25,0.25,0.75,46.25,53.75,Grade D,Grade D,Score-based certification,50,3.75
solid,NA,NA,NA,NA,1,TRUE,TRUE,TRUE,TRUE,TRUE,TRUE,1,0.5,0.25,0.25,0.75,52.5,47.5,Grade E,Grade E,Critical penalty burden,50,2.5
solid,NA,NA,NA,NA,1,TRUE,TRUE,TRUE,TRUE,TRUE,TRUE,1,0.75,0.25,0.25,0.75,58.75,41.25,Grade E,Grade E,Critical penalty burden,50,8.75
solid,NA,NA,NA,NA,1,TRUE,TRUE,TRUE,TRUE,TRUE,TRUE,1,1,0.25,0.25,0.75,65,35,Grade E,Grade E,Critical penalty burden,50,15
solid,NA,NA,NA,NA,1,TRUE,TRUE,TRUE,TRUE,TRUE,TRUE,1,0,0.5,0.25,0.75,46.25,53.75,Grade D,Grade D,Score-based certification,50,3.75
solid,NA,NA,NA,NA,1,TRUE,TRUE,TRUE,TRUE,TRUE,TRUE,1,0.25,0.5,0.25,0.75,52.5,47.5,Grade E,Grade E,Critical penalty burden,50,2.5
solid,NA,NA,NA,NA,1,TRUE,TRUE,TRUE,TRUE,TRUE,TRUE,1,0.5,0.5,0.25,0.75,58.75,41.25,Grade E,Grade E,Critical penalty burden,50,8.75
solid,NA,NA,NA,NA,1,TRUE,TRUE,TRUE,TRUE,TRUE,TRUE,1,0.75,0.5,0.25,0.75,65,35,Grade E,Grade E,Critical penalty burden,50,15
solid,NA,NA,NA,NA,1,TRUE,TRUE,TRUE,TRUE,TRUE,TRUE,1,1,0.5,0.25,0.75,71.25,28.75,Grade E,Grade E,Critical penalty burden,50,21.25
solid,NA,NA,NA,NA,1,TRUE,TRUE,TRUE,TRUE,TRUE,TRUE,1,0,0.75,0.25,0.75,52.5,47.5,Grade E,Grade E,Critical penalty burden,50,2.5
solid,NA,NA,NA,NA,1,TRUE,TRUE,TRUE,TRUE,TRUE,TRUE,1,0.25,0.75,0.25,0.75,58.75,41.25,Grade E,Grade E,Critical penalty burden,50,8.75
solid,NA,NA,NA,NA,1,TRUE,TRUE,TRUE,TRUE,TRUE,TRUE,1,0.5,0.75,0.25,0.75,65,35,Grade E,Grade E,Critical penalty burden,50,15
solid,NA,NA,NA,NA,1,TRUE,TRUE,TRUE,TRUE,TRUE,TRUE,1,0.75,0.75,0.25,0.75,71.25,28.75,Grade E,Grade E,Critical penalty burden,50,21.25
solid,NA,NA,NA,NA,1,TRUE,TRUE,TRUE,TRUE,TRUE,TRUE,1,1,0.75,0.25,0.75,77.5,22.5,Grade E,Grade E,Critical penalty burden,50,27.5
solid,NA,NA,NA,NA,1,TRUE,TRUE,TRUE,TRUE,TRUE,TRUE,1,0,1,0.25,0.75,58.75,41.25,Grade E,Grade E,Critical penalty burden,50,8.75
solid,NA,NA,NA,NA,1,TRUE,TRUE,TRUE,TRUE,TRUE,TRUE,1,0.25,1,0.25,0.75,65,35,Grade E,Grade E,Critical penalty burden,50,15
solid,NA,NA,NA,NA,1,TRUE,TRUE,TRUE,TRUE,TRUE,TRUE,1,0.5,1,0.25,0.75,71.25,28.75,Grade E,Grade E,Critical penalty burden,50,21.25
solid,NA,NA,NA,NA,1,TRUE,TRUE,TRUE,TRUE,TRUE,TRUE,1,0.75,1,0.25,0.75,77.5,22.5,Grade E,Grade E,Critical penalty burden,50,27.5
solid,NA,NA,NA,NA,1,TRUE,TRUE,TRUE,TRUE,TRUE,TRUE,1,1,1,0.25,0.75,83.75,16.25,Grade E,Grade E,Critical penalty burden,50,33.75
solid,NA,NA,NA,NA,1,TRUE,TRUE,TRUE,TRUE,TRUE,TRUE,1,0,0,0.5,0.75,37.5,62.5,Grade D,Grade D,Score-based certification,35,2.5
solid,NA,NA,NA,NA,1,TRUE,TRUE,TRUE,TRUE,TRUE,TRUE,1,0.25,0,0.5,0.75,43.75,56.25,Grade D,Grade D,Score-based certification,50,6.25
solid,NA,NA,NA,NA,1,TRUE,TRUE,TRUE,TRUE,TRUE,TRUE,1,0.5,0,0.5,0.75,50,50,Grade D,Grade D,Score-based certification,50,0
solid,NA,NA,NA,NA,1,TRUE,TRUE,TRUE,TRUE,TRUE,TRUE,1,0.75,0,0.5,0.75,56.25,43.75,Grade E,Grade E,Critical penalty burden,50,6.25
solid,NA,NA,NA,NA,1,TRUE,TRUE,TRUE,TRUE,TRUE,TRUE,1,1,0,0.5,0.75,62.5,37.5,Grade E,Grade E,Critical penalty burden,50,12.5
solid,NA,NA,NA,NA,1,TRUE,TRUE,TRUE,TRUE,TRUE,TRUE,1,0,0.25,0.5,0.75,43.75,56.25,Grade D,Grade D,Score-based certification,50,6.25
solid,NA,NA,NA,NA,1,TRUE,TRUE,TRUE,TRUE,TRUE,TRUE,1,0.25,0.25,0.5,0.75,50,50,Grade D,Grade D,Score-based certification,50,0
solid,NA,NA,NA,NA,1,TRUE,TRUE,TRUE,TRUE,TRUE,TRUE,1,0.5,0.25,0.5,0.75,56.25,43.75,Grade E,Grade E,Critical penalty burden,50,6.25
solid,NA,NA,NA,NA,1,TRUE,TRUE,TRUE,TRUE,TRUE,TRUE,1,0.75,0.25,0.5,0.75,62.5,37.5,Grade E,Grade E,Critical penalty burden,50,12.5
solid,NA,NA,NA,NA,1,TRUE,TRUE,TRUE,TRUE,TRUE,TRUE,1,1,0.25,0.5,0.75,68.75,31.25,Grade E,Grade E,Critical penalty burden,50,18.75
solid,NA,NA,NA,NA,1,TRUE,TRUE,TRUE,TRUE,TRUE,TRUE,1,0,0.5,0.5,0.75,50,50,Grade D,Grade D,Score-based certification,50,0
solid,NA,NA,NA,NA,1,TRUE,TRUE,TRUE,TRUE,TRUE,TRUE,1,0.25,0.5,0.5,0.75,56.25,43.75,Grade E,Grade E,Critical penalty burden,50,6.25
solid,NA,NA,NA,NA,1,TRUE,TRUE,TRUE,TRUE,TRUE,TRUE,1,0.5,0.5,0.5,0.75,62.5,37.5,Grade E,Grade E,Critical penalty burden,50,12.5
solid,NA,NA,NA,NA,1,TRUE,TRUE,TRUE,TRUE,TRUE,TRUE,1,0.75,0.5,0.5,0.75,68.75,31.25,Grade E,Grade E,Critical penalty burden,50,18.75
solid,NA,NA,NA,NA,1,TRUE,TRUE,TRUE,TRUE,TRUE,TRUE,1,1,0.5,0.5,0.75,75,25,Grade E,Grade E,Critical penalty burden,50,25
solid,NA,NA,NA,NA,1,TRUE,TRUE,TRUE,TRUE,TRUE,TRUE,1,0,0.75,0.5,0.75,56.25,43.75,Grade E,Grade E,Critical penalty burden,50,6.25
solid,NA,NA,NA,NA,1,TRUE,TRUE,TRUE,TRUE,TRUE,TRUE,1,0.25,0.75,0.5,0.75,62.5,37.5,Grade E,Grade E,Critical penalty burden,50,12.5
solid,NA,NA,NA,NA,1,TRUE,TRUE,TRUE,TRUE,TRUE,TRUE,1,0.5,0.75,0.5,0.75,68.75,31.25,Grade E,Grade E,Critical penalty burden,50,18.75
solid,NA,NA,NA,NA,1,TRUE,TRUE,TRUE,TRUE,TRUE,TRUE,1,0.75,0.75,0.5,0.75,75,25,Grade E,Grade E,Critical penalty burden,50,25
solid,NA,NA,NA,NA,1,TRUE,TRUE,TRUE,TRUE,TRUE,TRUE,1,1,0.75,0.5,0.75,81.25,18.75,Grade E,Grade E,Critical penalty burden,50,31.25
solid,NA,NA,NA,NA,1,TRUE,TRUE,TRUE,TRUE,TRUE,TRUE,1,0,1,0.5,0.75,62.5,37.5,Grade E,Grade E,Critical penalty burden,50,12.5
solid,NA,NA,NA,NA,1,TRUE,TRUE,TRUE,TRUE,TRUE,TRUE,1,0.25,1,0.5,0.75,68.75,31.25,Grade E,Grade E,Critical penalty burden,50,18.75
solid,NA,NA,NA,NA,1,TRUE,TRUE,TRUE,TRUE,TRUE,TRUE,1,0.5,1,0.5,0.75,75,25,Grade E,Grade E,Critical penalty burden,50,25
solid,NA,NA,NA,NA,1,TRUE,TRUE,TRUE,TRUE,TRUE,TRUE,1,0.75,1,0.5,0.75,81.25,18.75,Grade E,Grade E,Critical penalty burden,50,31.25
solid,NA,NA,NA,NA,1,TRUE,TRUE,TRUE,TRUE,TRUE,TRUE,1,1,1,0.5,0.75,87.5,12.5,Grade E,Grade E,Critical penalty burden,50,37.5
solid,NA,NA,NA,NA,1,TRUE,TRUE,TRUE,TRUE,TRUE,TRUE,1,0,0,0.75,0.75,41.25,58.75,Grade D,Grade D,Score-based certification,35,6.25
solid,NA,NA,NA,NA,1,TRUE,TRUE,TRUE,TRUE,TRUE,TRUE,1,0.25,0,0.75,0.75,47.5,52.5,Grade D,Grade D,Score-based certification,50,2.5
solid,NA,NA,NA,NA,1,TRUE,TRUE,TRUE,TRUE,TRUE,TRUE,1,0.5,0,0.75,0.75,53.75,46.25,Grade E,Grade E,Critical penalty burden,50,3.75
solid,NA,NA,NA,NA,1,TRUE,TRUE,TRUE,TRUE,TRUE,TRUE,1,0.75,0,0.75,0.75,60,40,Grade E,Grade E,Critical penalty burden,50,10
solid,NA,NA,NA,NA,1,TRUE,TRUE,TRUE,TRUE,TRUE,TRUE,1,1,0,0.75,0.75,66.25,33.75,Grade E,Grade E,Critical penalty burden,50,16.25
solid,NA,NA,NA,NA,1,TRUE,TRUE,TRUE,TRUE,TRUE,TRUE,1,0,0.25,0.75,0.75,47.5,52.5,Grade D,Grade D,Score-based certification,50,2.5
solid,NA,NA,NA,NA,1,TRUE,TRUE,TRUE,TRUE,TRUE,TRUE,1,0.25,0.25,0.75,0.75,53.75,46.25,Grade E,Grade E,Critical penalty burden,50,3.75
solid,NA,NA,NA,NA,1,TRUE,TRUE,TRUE,TRUE,TRUE,TRUE,1,0.5,0.25,0.75,0.75,60,40,Grade E,Grade E,Critical penalty burden,50,10
solid,NA,NA,NA,NA,1,TRUE,TRUE,TRUE,TRUE,TRUE,TRUE,1,0.75,0.25,0.75,0.75,66.25,33.75,Grade E,Grade E,Critical penalty burden,50,16.25
solid,NA,NA,NA,NA,1,TRUE,TRUE,TRUE,TRUE,TRUE,TRUE,1,1,0.25,0.75,0.75,72.5,27.5,Grade E,Grade E,Critical penalty burden,50,22.5
solid,NA,NA,NA,NA,1,TRUE,TRUE,TRUE,TRUE,TRUE,TRUE,1,0,0.5,0.75,0.75,53.75,46.25,Grade E,Grade E,Critical penalty burden,50,3.75
solid,NA,NA,NA,NA,1,TRUE,TRUE,TRUE,TRUE,TRUE,TRUE,1,0.25,0.5,0.75,0.75,60,40,Grade E,Grade E,Critical penalty burden,50,10
solid,NA,NA,NA,NA,1,TRUE,TRUE,TRUE,TRUE,TRUE,TRUE,1,0.5,0.5,0.75,0.75,66.25,33.75,Grade E,Grade E,Critical penalty burden,50,16.25
solid,NA,NA,NA,NA,1,TRUE,TRUE,TRUE,TRUE,TRUE,TRUE,1,0.75,0.5,0.75,0.75,72.5,27.5,Grade E,Grade E,Critical penalty burden,50,22.5
solid,NA,NA,NA,NA,1,TRUE,TRUE,TRUE,TRUE,TRUE,TRUE,1,1,0.5,0.75,0.75,78.75,21.25,Grade E,Grade E,Critical penalty burden,50,28.75
solid,NA,NA,NA,NA,1,TRUE,TRUE,TRUE,TRUE,TRUE,TRUE,1,0,0.75,0.75,0.75,60,40,Grade E,Grade E,Critical penalty burden,50,10
solid,NA,NA,NA,NA,1,TRUE,TRUE,TRUE,TRUE,TRUE,TRUE,1,0.25,0.75,0.75,0.75,66.25,33.75,Grade E,Grade E,Critical penalty burden,50,16.25
solid,NA,NA,NA,NA,1,TRUE,TRUE,TRUE,TRUE,TRUE,TRUE,1,0.5,0.75,0.75,0.75,72.5,27.5,Grade E,Grade E,Critical penalty burden,50,22.5
solid,NA,NA,NA,NA,1,TRUE,TRUE,TRUE,TRUE,TRUE,TRUE,1,0.75,0.75,0.75,0.75,78.75,21.25,Grade E,Grade E,Critical penalty burden,50,28.75
solid,NA,NA,NA,NA,1,TRUE,TRUE,TRUE,TRUE,TRUE,TRUE,1,1,0.75,0.75,0.75,85,15,Grade E,Grade E,Critical penalty burden,50,35
solid,NA,NA,NA,NA,1,TRUE,TRUE,TRUE,TRUE,TRUE,TRUE,1,0,1,0.75,0.75,66.25,33.75,Grade E,Grade E,Critical penalty burden,50,16.25
solid,NA,NA,NA,NA,1,TRUE,TRUE,TRUE,TRUE,TRUE,TRUE,1,0.25,1,0.75,0.75,72.5,27.5,Grade E,Grade E,Critical penalty burden,50,22.5
solid,NA,NA,NA,NA,1,TRUE,TRUE,TRUE,TRUE,TRUE,TRUE,1,0.5,1,0.75,0.75,78.75,21.25,Grade E,Grade E,Critical penalty burden,50,28.75
solid,NA,NA,NA,NA,1,TRUE,TRUE,TRUE,TRUE,TRUE,TRUE,1,0.75,1,0.75,0.75,85,15,Grade E,Grade E,Critical penalty burden,50,35
solid,NA,NA,NA,NA,1,TRUE,TRUE,TRUE,TRUE,TRUE,TRUE,1,1,1,0.75,0.75,91.25,8.75,Grade E,Grade E,Critical penalty burden,50,41.25
solid,NA,NA,NA,NA,1,TRUE,TRUE,TRUE,TRUE,TRUE,TRUE,1,0,0,1,0.75,45,55,Grade D,Grade D,Score-based certification,50,5
solid,NA,NA,NA,NA,1,TRUE,TRUE,TRUE,TRUE,TRUE,TRUE,1,0.25,0,1,0.75,51.25,48.75,Grade E,Grade E,Critical penalty burden,50,1.25
solid,NA,NA,NA,NA,1,TRUE,TRUE,TRUE,TRUE,TRUE,TRUE,1,0.5,0,1,0.75,57.5,42.5,Grade E,Grade E,Critical penalty burden,50,7.5
solid,NA,NA,NA,NA,1,TRUE,TRUE,TRUE,TRUE,TRUE,TRUE,1,0.75,0,1,0.75,63.75,36.25,Grade E,Grade E,Critical penalty burden,50,13.75
solid,NA,NA,NA,NA,1,TRUE,TRUE,TRUE,TRUE,TRUE,TRUE,1,1,0,1,0.75,70,30,Grade E,Grade E,Critical penalty burden,50,20
solid,NA,NA,NA,NA,1,TRUE,TRUE,TRUE,TRUE,TRUE,TRUE,1,0,0.25,1,0.75,51.25,48.75,Grade E,Grade E,Critical penalty burden,50,1.25
solid,NA,NA,NA,NA,1,TRUE,TRUE,TRUE,TRUE,TRUE,TRUE,1,0.25,0.25,1,0.75,57.5,42.5,Grade E,Grade E,Critical penalty burden,50,7.5
solid,NA,NA,NA,NA,1,TRUE,TRUE,TRUE,TRUE,TRUE,TRUE,1,0.5,0.25,1,0.75,63.75,36.25,Grade E,Grade E,Critical penalty burden,50,13.75
solid,NA,NA,NA,NA,1,TRUE,TRUE,TRUE,TRUE,TRUE,TRUE,1,0.75,0.25,1,0.75,70,30,Grade E,Grade E,Critical penalty burden,50,20
solid,NA,NA,NA,NA,1,TRUE,TRUE,TRUE,TRUE,TRUE,TRUE,1,1,0.25,1,0.75,76.25,23.75,Grade E,Grade E,Critical penalty burden,50,26.25
solid,NA,NA,NA,NA,1,TRUE,TRUE,TRUE,TRUE,TRUE,TRUE,1,0,0.5,1,0.75,57.5,42.5,Grade E,Grade E,Critical penalty burden,50,7.5
solid,NA,NA,NA,NA,1,TRUE,TRUE,TRUE,TRUE,TRUE,TRUE,1,0.25,0.5,1,0.75,63.75,36.25,Grade E,Grade E,Critical penalty burden,50,13.75
solid,NA,NA,NA,NA,1,TRUE,TRUE,TRUE,TRUE,TRUE,TRUE,1,0.5,0.5,1,0.75,70,30,Grade E,Grade E,Critical penalty burden,50,20
solid,NA,NA,NA,NA,1,TRUE,TRUE,TRUE,TRUE,TRUE,TRUE,1,0.75,0.5,1,0.75,76.25,23.75,Grade E,Grade E,Critical penalty burden,50,26.25
solid,NA,NA,NA,NA,1,TRUE,TRUE,TRUE,TRUE,TRUE,TRUE,1,1,0.5,1,0.75,82.5,17.5,Grade E,Grade E,Critical penalty burden,50,32.5
solid,NA,NA,NA,NA,1,TRUE,TRUE,TRUE,TRUE,TRUE,TRUE,1,0,0.75,1,0.75,63.75,36.25,Grade E,Grade E,Critical penalty burden,50,13.75
solid,NA,NA,NA,NA,1,TRUE,TRUE,TRUE,TRUE,TRUE,TRUE,1,0.25,0.75,1,0.75,70,30,Grade E,Grade E,Critical penalty burden,50,20
solid,NA,NA,NA,NA,1,TRUE,TRUE,TRUE,TRUE,TRUE,TRUE,1,0.5,0.75,1,0.75,76.25,23.75,Grade E,Grade E,Critical penalty burden,50,26.25
solid,NA,NA,NA,NA,1,TRUE,TRUE,TRUE,TRUE,TRUE,TRUE,1,0.75,0.75,1,0.75,82.5,17.5,Grade E,Grade E,Critical penalty burden,50,32.5
solid,NA,NA,NA,NA,1,TRUE,TRUE,TRUE,TRUE,TRUE,TRUE,1,1,0.75,1,0.75,88.75,11.25,Grade E,Grade E,Critical penalty burden,50,38.75
solid,NA,NA,NA,NA,1,TRUE,TRUE,TRUE,TRUE,TRUE,TRUE,1,0,1,1,0.75,70,30,Grade E,Grade E,Critical penalty burden,50,20
solid,NA,NA,NA,NA,1,TRUE,TRUE,TRUE,TRUE,TRUE,TRUE,1,0.25,1,1,0.75,76.25,23.75,Grade E,Grade E,Critical penalty burden,50,26.25
solid,NA,NA,NA,NA,1,TRUE,TRUE,TRUE,TRUE,TRUE,TRUE,1,0.5,1,1,0.75,82.5,17.5,Grade E,Grade E,Critical penalty burden,50,32.5
solid,NA,NA,NA,NA,1,TRUE,TRUE,TRUE,TRUE,TRUE,TRUE,1,0.75,1,1,0.75,88.75,11.25,Grade E,Grade E,Critical penalty burden,50,38.75
solid,NA,NA,NA,NA,1,TRUE,TRUE,TRUE,TRUE,TRUE,TRUE,1,1,1,1,0.75,95,5,Grade E,Grade E,Critical penalty burden,50,45
solid,NA,NA,NA,NA,1,TRUE,TRUE,TRUE,TRUE,TRUE,TRUE,1,0,0,0,1,35,65,Grade C,Grade C,Score-based certification,35,0
solid,NA,NA,NA,NA,1,TRUE,TRUE,TRUE,TRUE,TRUE,TRUE,1,0.25,0,0,1,41.25,58.75,Grade D,Grade D,Score-based certification,35,6.25
solid,NA,NA,NA,NA,1,TRUE,TRUE,TRUE,TRUE,TRUE,TRUE,1,0.5,0,0,1,47.5,52.5,Grade D,Grade D,Score-based certification,50,2.5
solid,NA,NA,NA,NA,1,TRUE,TRUE,TRUE,TRUE,TRUE,TRUE,1,0.75,0,0,1,53.75,46.25,Grade E,Grade E,Critical penalty burden,50,3.75
solid,NA,NA,NA,NA,1,TRUE,TRUE,TRUE,TRUE,TRUE,TRUE,1,1,0,0,1,60,40,Grade E,Grade E,Critical penalty burden,50,10
solid,NA,NA,NA,NA,1,TRUE,TRUE,TRUE,TRUE,TRUE,TRUE,1,0,0.25,0,1,41.25,58.75,Grade D,Grade D,Score-based certification,35,6.25
solid,NA,NA,NA,NA,1,TRUE,TRUE,TRUE,TRUE,TRUE,TRUE,1,0.25,0.25,0,1,47.5,52.5,Grade D,Grade D,Score-based certification,50,2.5
solid,NA,NA,NA,NA,1,TRUE,TRUE,TRUE,TRUE,TRUE,TRUE,1,0.5,0.25,0,1,53.75,46.25,Grade E,Grade E,Critical penalty burden,50,3.75
solid,NA,NA,NA,NA,1,TRUE,TRUE,TRUE,TRUE,TRUE,TRUE,1,0.75,0.25,0,1,60,40,Grade E,Grade E,Critical penalty burden,50,10
solid,NA,NA,NA,NA,1,TRUE,TRUE,TRUE,TRUE,TRUE,TRUE,1,1,0.25,0,1,66.25,33.75,Grade E,Grade E,Critical penalty burden,50,16.25
solid,NA,NA,NA,NA,1,TRUE,TRUE,TRUE,TRUE,TRUE,TRUE,1,0,0.5,0,1,47.5,52.5,Grade D,Grade D,Score-based certification,50,2.5
solid,NA,NA,NA,NA,1,TRUE,TRUE,TRUE,TRUE,TRUE,TRUE,1,0.25,0.5,0,1,53.75,46.25,Grade E,Grade E,Critical penalty burden,50,3.75
solid,NA,NA,NA,NA,1,TRUE,TRUE,TRUE,TRUE,TRUE,TRUE,1,0.5,0.5,0,1,60,40,Grade E,Grade E,Critical penalty burden,50,10
solid,NA,NA,NA,NA,1,TRUE,TRUE,TRUE,TRUE,TRUE,TRUE,1,0.75,0.5,0,1,66.25,33.75,Grade E,Grade E,Critical penalty burden,50,16.25
solid,NA,NA,NA,NA,1,TRUE,TRUE,TRUE,TRUE,TRUE,TRUE,1,1,0.5,0,1,72.5,27.5,Grade E,Grade E,Critical penalty burden,50,22.5
solid,NA,NA,NA,NA,1,TRUE,TRUE,TRUE,TRUE,TRUE,TRUE,1,0,0.75,0,1,53.75,46.25,Grade E,Grade E,Critical penalty burden,50,3.75
solid,NA,NA,NA,NA,1,TRUE,TRUE,TRUE,TRUE,TRUE,TRUE,1,0.25,0.75,0,1,60,40,Grade E,Grade E,Critical penalty burden,50,10
solid,NA,NA,NA,NA,1,TRUE,TRUE,TRUE,TRUE,TRUE,TRUE,1,0.5,0.75,0,1,66.25,33.75,Grade E,Grade E,Critical penalty burden,50,16.25
solid,NA,NA,NA,NA,1,TRUE,TRUE,TRUE,TRUE,TRUE,TRUE,1,0.75,0.75,0,1,72.5,27.5,Grade E,Grade E,Critical penalty burden,50,22.5
solid,NA,NA,NA,NA,1,TRUE,TRUE,TRUE,TRUE,TRUE,TRUE,1,1,0.75,0,1,78.75,21.25,Grade E,Grade E,Critical penalty burden,50,28.75
solid,NA,NA,NA,NA,1,TRUE,TRUE,TRUE,TRUE,TRUE,TRUE,1,0,1,0,1,60,40,Grade E,Grade E,Critical penalty burden,50,10
solid,NA,NA,NA,NA,1,TRUE,TRUE,TRUE,TRUE,TRUE,TRUE,1,0.25,1,0,1,66.25,33.75,Grade E,Grade E,Critical penalty burden,50,16.25
solid,NA,NA,NA,NA,1,TRUE,TRUE,TRUE,TRUE,TRUE,TRUE,1,0.5,1,0,1,72.5,27.5,Grade E,Grade E,Critical penalty burden,50,22.5
solid,NA,NA,NA,NA,1,TRUE,TRUE,TRUE,TRUE,TRUE,TRUE,1,0.75,1,0,1,78.75,21.25,Grade E,Grade E,Critical penalty burden,50,28.75
solid,NA,NA,NA,NA,1,TRUE,TRUE,TRUE,TRUE,TRUE,TRUE,1,1,1,0,1,85,15,Grade E,Grade E,Critical penalty burden,50,35
solid,NA,NA,NA,NA,1,TRUE,TRUE,TRUE,TRUE,TRUE,TRUE,1,0,0,0.25,1,38.75,61.25,Grade D,Grade D,Score-based certification,35,3.75
solid,NA,NA,NA,NA,1,TRUE,TRUE,TRUE,TRUE,TRUE,TRUE,1,0.25,0,0.25,1,45,55,Grade D,Grade D,Score-based certification,50,5
solid,NA,NA,NA,NA,1,TRUE,TRUE,TRUE,TRUE,TRUE,TRUE,1,0.5,0,0.25,1,51.25,48.75,Grade E,Grade E,Critical penalty burden,50,1.25
solid,NA,NA,NA,NA,1,TRUE,TRUE,TRUE,TRUE,TRUE,TRUE,1,0.75,0,0.25,1,57.5,42.5,Grade E,Grade E,Critical penalty burden,50,7.5
solid,NA,NA,NA,NA,1,TRUE,TRUE,TRUE,TRUE,TRUE,TRUE,1,1,0,0.25,1,63.75,36.25,Grade E,Grade E,Critical penalty burden,50,13.75
solid,NA,NA,NA,NA,1,TRUE,TRUE,TRUE,TRUE,TRUE,TRUE,1,0,0.25,0.25,1,45,55,Grade D,Grade D,Score-based certification,50,5
solid,NA,NA,NA,NA,1,TRUE,TRUE,TRUE,TRUE,TRUE,TRUE,1,0.25,0.25,0.25,1,51.25,48.75,Grade E,Grade E,Critical penalty burden,50,1.25
solid,NA,NA,NA,NA,1,TRUE,TRUE,TRUE,TRUE,TRUE,TRUE,1,0.5,0.25,0.25,1,57.5,42.5,Grade E,Grade E,Critical penalty burden,50,7.5
solid,NA,NA,NA,NA,1,TRUE,TRUE,TRUE,TRUE,TRUE,TRUE,1,0.75,0.25,0.25,1,63.75,36.25,Grade E,Grade E,Critical penalty burden,50,13.75
solid,NA,NA,NA,NA,1,TRUE,TRUE,TRUE,TRUE,TRUE,TRUE,1,1,0.25,0.25,1,70,30,Grade E,Grade E,Critical penalty burden,50,20
solid,NA,NA,NA,NA,1,TRUE,TRUE,TRUE,TRUE,TRUE,TRUE,1,0,0.5,0.25,1,51.25,48.75,Grade E,Grade E,Critical penalty burden,50,1.25
solid,NA,NA,NA,NA,1,TRUE,TRUE,TRUE,TRUE,TRUE,TRUE,1,0.25,0.5,0.25,1,57.5,42.5,Grade E,Grade E,Critical penalty burden,50,7.5
solid,NA,NA,NA,NA,1,TRUE,TRUE,TRUE,TRUE,TRUE,TRUE,1,0.5,0.5,0.25,1,63.75,36.25,Grade E,Grade E,Critical penalty burden,50,13.75
solid,NA,NA,NA,NA,1,TRUE,TRUE,TRUE,TRUE,TRUE,TRUE,1,0.75,0.5,0.25,1,70,30,Grade E,Grade E,Critical penalty burden,50,20
solid,NA,NA,NA,NA,1,TRUE,TRUE,TRUE,TRUE,TRUE,TRUE,1,1,0.5,0.25,1,76.25,23.75,Grade E,Grade E,Critical penalty burden,50,26.25
solid,NA,NA,NA,NA,1,TRUE,TRUE,TRUE,TRUE,TRUE,TRUE,1,0,0.75,0.25,1,57.5,42.5,Grade E,Grade E,Critical penalty burden,50,7.5
solid,NA,NA,NA,NA,1,TRUE,TRUE,TRUE,TRUE,TRUE,TRUE,1,0.25,0.75,0.25,1,63.75,36.25,Grade E,Grade E,Critical penalty burden,50,13.75
solid,NA,NA,NA,NA,1,TRUE,TRUE,TRUE,TRUE,TRUE,TRUE,1,0.5,0.75,0.25,1,70,30,Grade E,Grade E,Critical penalty burden,50,20
solid,NA,NA,NA,NA,1,TRUE,TRUE,TRUE,TRUE,TRUE,TRUE,1,0.75,0.75,0.25,1,76.25,23.75,Grade E,Grade E,Critical penalty burden,50,26.25
solid,NA,NA,NA,NA,1,TRUE,TRUE,TRUE,TRUE,TRUE,TRUE,1,1,0.75,0.25,1,82.5,17.5,Grade E,Grade E,Critical penalty burden,50,32.5
solid,NA,NA,NA,NA,1,TRUE,TRUE,TRUE,TRUE,TRUE,TRUE,1,0,1,0.25,1,63.75,36.25,Grade E,Grade E,Critical penalty burden,50,13.75
solid,NA,NA,NA,NA,1,TRUE,TRUE,TRUE,TRUE,TRUE,TRUE,1,0.25,1,0.25,1,70,30,Grade E,Grade E,Critical penalty burden,50,20
solid,NA,NA,NA,NA,1,TRUE,TRUE,TRUE,TRUE,TRUE,TRUE,1,0.5,1,0.25,1,76.25,23.75,Grade E,Grade E,Critical penalty burden,50,26.25
solid,NA,NA,NA,NA,1,TRUE,TRUE,TRUE,TRUE,TRUE,TRUE,1,0.75,1,0.25,1,82.5,17.5,Grade E,Grade E,Critical penalty burden,50,32.5
solid,NA,NA,NA,NA,1,TRUE,TRUE,TRUE,TRUE,TRUE,TRUE,1,1,1,0.25,1,88.75,11.25,Grade E,Grade E,Critical penalty burden,50,38.75
solid,NA,NA,NA,NA,1,TRUE,TRUE,TRUE,TRUE,TRUE,TRUE,1,0,0,0.5,1,42.5,57.5,Grade D,Grade D,Score-based certification,35,7.5
solid,NA,NA,NA,NA,1,TRUE,TRUE,TRUE,TRUE,TRUE,TRUE,1,0.25,0,0.5,1,48.75,51.25,Grade D,Grade D,Score-based certification,50,1.25
solid,NA,NA,NA,NA,1,TRUE,TRUE,TRUE,TRUE,TRUE,TRUE,1,0.5,0,0.5,1,55,45,Grade E,Grade E,Critical penalty burden,50,5
solid,NA,NA,NA,NA,1,TRUE,TRUE,TRUE,TRUE,TRUE,TRUE,1,0.75,0,0.5,1,61.25,38.75,Grade E,Grade E,Critical penalty burden,50,11.25
solid,NA,NA,NA,NA,1,TRUE,TRUE,TRUE,TRUE,TRUE,TRUE,1,1,0,0.5,1,67.5,32.5,Grade E,Grade E,Critical penalty burden,50,17.5
solid,NA,NA,NA,NA,1,TRUE,TRUE,TRUE,TRUE,TRUE,TRUE,1,0,0.25,0.5,1,48.75,51.25,Grade D,Grade D,Score-based certification,50,1.25
solid,NA,NA,NA,NA,1,TRUE,TRUE,TRUE,TRUE,TRUE,TRUE,1,0.25,0.25,0.5,1,55,45,Grade E,Grade E,Critical penalty burden,50,5
solid,NA,NA,NA,NA,1,TRUE,TRUE,TRUE,TRUE,TRUE,TRUE,1,0.5,0.25,0.5,1,61.25,38.75,Grade E,Grade E,Critical penalty burden,50,11.25
solid,NA,NA,NA,NA,1,TRUE,TRUE,TRUE,TRUE,TRUE,TRUE,1,0.75,0.25,0.5,1,67.5,32.5,Grade E,Grade E,Critical penalty burden,50,17.5
solid,NA,NA,NA,NA,1,TRUE,TRUE,TRUE,TRUE,TRUE,TRUE,1,1,0.25,0.5,1,73.75,26.25,Grade E,Grade E,Critical penalty burden,50,23.75
solid,NA,NA,NA,NA,1,TRUE,TRUE,TRUE,TRUE,TRUE,TRUE,1,0,0.5,0.5,1,55,45,Grade E,Grade E,Critical penalty burden,50,5
solid,NA,NA,NA,NA,1,TRUE,TRUE,TRUE,TRUE,TRUE,TRUE,1,0.25,0.5,0.5,1,61.25,38.75,Grade E,Grade E,Critical penalty burden,50,11.25
solid,NA,NA,NA,NA,1,TRUE,TRUE,TRUE,TRUE,TRUE,TRUE,1,0.5,0.5,0.5,1,67.5,32.5,Grade E,Grade E,Critical penalty burden,50,17.5
solid,NA,NA,NA,NA,1,TRUE,TRUE,TRUE,TRUE,TRUE,TRUE,1,0.75,0.5,0.5,1,73.75,26.25,Grade E,Grade E,Critical penalty burden,50,23.75
solid,NA,NA,NA,NA,1,TRUE,TRUE,TRUE,TRUE,TRUE,TRUE,1,1,0.5,0.5,1,80,20,Grade E,Grade E,Critical penalty burden,50,30
solid,NA,NA,NA,NA,1,TRUE,TRUE,TRUE,TRUE,TRUE,TRUE,1,0,0.75,0.5,1,61.25,38.75,Grade E,Grade E,Critical penalty burden,50,11.25
solid,NA,NA,NA,NA,1,TRUE,TRUE,TRUE,TRUE,TRUE,TRUE,1,0.25,0.75,0.5,1,67.5,32.5,Grade E,Grade E,Critical penalty burden,50,17.5
solid,NA,NA,NA,NA,1,TRUE,TRUE,TRUE,TRUE,TRUE,TRUE,1,0.5,0.75,0.5,1,73.75,26.25,Grade E,Grade E,Critical penalty burden,50,23.75
solid,NA,NA,NA,NA,1,TRUE,TRUE,TRUE,TRUE,TRUE,TRUE,1,0.75,0.75,0.5,1,80,20,Grade E,Grade E,Critical penalty burden,50,30
solid,NA,NA,NA,NA,1,TRUE,TRUE,TRUE,TRUE,TRUE,TRUE,1,1,0.75,0.5,1,86.25,13.75,Grade E,Grade E,Critical penalty burden,50,36.25
solid,NA,NA,NA,NA,1,TRUE,TRUE,TRUE,TRUE,TRUE,TRUE,1,0,1,0.5,1,67.5,32.5,Grade E,Grade E,Critical penalty burden,50,17.5
solid,NA,NA,NA,NA,1,TRUE,TRUE,TRUE,TRUE,TRUE,TRUE,1,0.25,1,0.5,1,73.75,26.25,Grade E,Grade E,Critical penalty burden,50,23.75
solid,NA,NA,NA,NA,1,TRUE,TRUE,TRUE,TRUE,TRUE,TRUE,1,0.5,1,0.5,1,80,20,Grade E,Grade E,Critical penalty burden,50,30
solid,NA,NA,NA,NA,1,TRUE,TRUE,TRUE,TRUE,TRUE,TRUE,1,0.75,1,0.5,1,86.25,13.75,Grade E,Grade E,Critical penalty burden,50,36.25
solid,NA,NA,NA,NA,1,TRUE,TRUE,TRUE,TRUE,TRUE,TRUE,1,1,1,0.5,1,92.5,7.5,Grade E,Grade E,Critical penalty burden,50,42.5
solid,NA,NA,NA,NA,1,TRUE,TRUE,TRUE,TRUE,TRUE,TRUE,1,0,0,0.75,1,46.25,53.75,Grade D,Grade D,Score-based certification,50,3.75
solid,NA,NA,NA,NA,1,TRUE,TRUE,TRUE,TRUE,TRUE,TRUE,1,0.25,0,0.75,1,52.5,47.5,Grade E,Grade E,Critical penalty burden,50,2.5
solid,NA,NA,NA,NA,1,TRUE,TRUE,TRUE,TRUE,TRUE,TRUE,1,0.5,0,0.75,1,58.75,41.25,Grade E,Grade E,Critical penalty burden,50,8.75
solid,NA,NA,NA,NA,1,TRUE,TRUE,TRUE,TRUE,TRUE,TRUE,1,0.75,0,0.75,1,65,35,Grade E,Grade E,Critical penalty burden,50,15
solid,NA,NA,NA,NA,1,TRUE,TRUE,TRUE,TRUE,TRUE,TRUE,1,1,0,0.75,1,71.25,28.75,Grade E,Grade E,Critical penalty burden,50,21.25
solid,NA,NA,NA,NA,1,TRUE,TRUE,TRUE,TRUE,TRUE,TRUE,1,0,0.25,0.75,1,52.5,47.5,Grade E,Grade E,Critical penalty burden,50,2.5
solid,NA,NA,NA,NA,1,TRUE,TRUE,TRUE,TRUE,TRUE,TRUE,1,0.25,0.25,0.75,1,58.75,41.25,Grade E,Grade E,Critical penalty burden,50,8.75
solid,NA,NA,NA,NA,1,TRUE,TRUE,TRUE,TRUE,TRUE,TRUE,1,0.5,0.25,0.75,1,65,35,Grade E,Grade E,Critical penalty burden,50,15
solid,NA,NA,NA,NA,1,TRUE,TRUE,TRUE,TRUE,TRUE,TRUE,1,0.75,0.25,0.75,1,71.25,28.75,Grade E,Grade E,Critical penalty burden,50,21.25
solid,NA,NA,NA,NA,1,TRUE,TRUE,TRUE,TRUE,TRUE,TRUE,1,1,0.25,0.75,1,77.5,22.5,Grade E,Grade E,Critical penalty burden,50,27.5
solid,NA,NA,NA,NA,1,TRUE,TRUE,TRUE,TRUE,TRUE,TRUE,1,0,0.5,0.75,1,58.75,41.25,Grade E,Grade E,Critical penalty burden,50,8.75
solid,NA,NA,NA,NA,1,TRUE,TRUE,TRUE,TRUE,TRUE,TRUE,1,0.25,0.5,0.75,1,65,35,Grade E,Grade E,Critical penalty burden,50,15
solid,NA,NA,NA,NA,1,TRUE,TRUE,TRUE,TRUE,TRUE,TRUE,1,0.5,0.5,0.75,1,71.25,28.75,Grade E,Grade E,Critical penalty burden,50,21.25
solid,NA,NA,NA,NA,1,TRUE,TRUE,TRUE,TRUE,TRUE,TRUE,1,0.75,0.5,0.75,1,77.5,22.5,Grade E,Grade E,Critical penalty burden,50,27.5
solid,NA,NA,NA,NA,1,TRUE,TRUE,TRUE,TRUE,TRUE,TRUE,1,1,0.5,0.75,1,83.75,16.25,Grade E,Grade E,Critical penalty burden,50,33.75
solid,NA,NA,NA,NA,1,TRUE,TRUE,TRUE,TRUE,TRUE,TRUE,1,0,0.75,0.75,1,65,35,Grade E,Grade E,Critical penalty burden,50,15
solid,NA,NA,NA,NA,1,TRUE,TRUE,TRUE,TRUE,TRUE,TRUE,1,0.25,0.75,0.75,1,71.25,28.75,Grade E,Grade E,Critical penalty burden,50,21.25
solid,NA,NA,NA,NA,1,TRUE,TRUE,TRUE,TRUE,TRUE,TRUE,1,0.5,0.75,0.75,1,77.5,22.5,Grade E,Grade E,Critical penalty burden,50,27.5
solid,NA,NA,NA,NA,1,TRUE,TRUE,TRUE,TRUE,TRUE,TRUE,1,0.75,0.75,0.75,1,83.75,16.25,Grade E,Grade E,Critical penalty burden,50,33.75
solid,NA,NA,NA,NA,1,TRUE,TRUE,TRUE,TRUE,TRUE,TRUE,1,1,0.75,0.75,1,90,10,Grade E,Grade E,Critical penalty burden,50,40
solid,NA,NA,NA,NA,1,TRUE,TRUE,TRUE,TRUE,TRUE,TRUE,1,0,1,0.75,1,71.25,28.75,Grade E,Grade E,Critical penalty burden,50,21.25
solid,NA,NA,NA,NA,1,TRUE,TRUE,TRUE,TRUE,TRUE,TRUE,1,0.25,1,0.75,1,77.5,22.5,Grade E,Grade E,Critical penalty burden,50,27.5
solid,NA,NA,NA,NA,1,TRUE,TRUE,TRUE,TRUE,TRUE,TRUE,1,0.5,1,0.75,1,83.75,16.25,Grade E,Grade E,Critical penalty burden,50,33.75
solid,NA,NA,NA,NA,1,TRUE,TRUE,TRUE,TRUE,TRUE,TRUE,1,0.75,1,0.75,1,90,10,Grade E,Grade E,Critical penalty burden,50,40
solid,NA,NA,NA,NA,1,TRUE,TRUE,TRUE,TRUE,TRUE,TRUE,1,1,1,0.75,1,96.25,3.75,Grade E,Grade E,Critical penalty burden,50,46.25
solid,NA,NA,NA,NA,1,TRUE,TRUE,TRUE,TRUE,TRUE,TRUE,1,0,0,1,1,50,50,Grade D,Grade D,Score-based certification,50,0
solid,NA,NA,NA,NA,1,TRUE,TRUE,TRUE,TRUE,TRUE,TRUE,1,0.25,0,1,1,56.25,43.75,Grade E,Grade E,Critical penalty burden,50,6.25
solid,NA,NA,NA,NA,1,TRUE,TRUE,TRUE,TRUE,TRUE,TRUE,1,0.5,0,1,1,62.5,37.5,Grade E,Grade E,Critical penalty burden,50,12.5
solid,NA,NA,NA,NA,1,TRUE,TRUE,TRUE,TRUE,TRUE,TRUE,1,0.75,0,1,1,68.75,31.25,Grade E,Grade E,Critical penalty burden,50,18.75
solid,NA,NA,NA,NA,1,TRUE,TRUE,TRUE,TRUE,TRUE,TRUE,1,1,0,1,1,75,25,Grade E,Grade E,Critical penalty burden,50,25
solid,NA,NA,NA,NA,1,TRUE,TRUE,TRUE,TRUE,TRUE,TRUE,1,0,0.25,1,1,56.25,43.75,Grade E,Grade E,Critical penalty burden,50,6.25
solid,NA,NA,NA,NA,1,TRUE,TRUE,TRUE,TRUE,TRUE,TRUE,1,0.25,0.25,1,1,62.5,37.5,Grade E,Grade E,Critical penalty burden,50,12.5
solid,NA,NA,NA,NA,1,TRUE,TRUE,TRUE,TRUE,TRUE,TRUE,1,0.5,0.25,1,1,68.75,31.25,Grade E,Grade E,Critical penalty burden,50,18.75
solid,NA,NA,NA,NA,1,TRUE,TRUE,TRUE,TRUE,TRUE,TRUE,1,0.75,0.25,1,1,75,25,Grade E,Grade E,Critical penalty burden,50,25
solid,NA,NA,NA,NA,1,TRUE,TRUE,TRUE,TRUE,TRUE,TRUE,1,1,0.25,1,1,81.25,18.75,Grade E,Grade E,Critical penalty burden,50,31.25
solid,NA,NA,NA,NA,1,TRUE,TRUE,TRUE,TRUE,TRUE,TRUE,1,0,0.5,1,1,62.5,37.5,Grade E,Grade E,Critical penalty burden,50,12.5
solid,NA,NA,NA,NA,1,TRUE,TRUE,TRUE,TRUE,TRUE,TRUE,1,0.25,0.5,1,1,68.75,31.25,Grade E,Grade E,Critical penalty burden,50,18.75
solid,NA,NA,NA,NA,1,TRUE,TRUE,TRUE,TRUE,TRUE,TRUE,1,0.5,0.5,1,1,75,25,Grade E,Grade E,Critical penalty burden,50,25
solid,NA,NA,NA,NA,1,TRUE,TRUE,TRUE,TRUE,TRUE,TRUE,1,0.75,0.5,1,1,81.25,18.75,Grade E,Grade E,Critical penalty burden,50,31.25
solid,NA,NA,NA,NA,1,TRUE,TRUE,TRUE,TRUE,TRUE,TRUE,1,1,0.5,1,1,87.5,12.5,Grade E,Grade E,Critical penalty burden,50,37.5
solid,NA,NA,NA,NA,1,TRUE,TRUE,TRUE,TRUE,TRUE,TRUE,1,0,0.75,1,1,68.75,31.25,Grade E,Grade E,Critical penalty burden,50,18.75
solid,NA,NA,NA,NA,1,TRUE,TRUE,TRUE,TRUE,TRUE,TRUE,1,0.25,0.75,1,1,75,25,Grade E,Grade E,Critical penalty burden,50,25
solid,NA,NA,NA,NA,1,TRUE,TRUE,TRUE,TRUE,TRUE,TRUE,1,0.5,0.75,1,1,81.25,18.75,Grade E,Grade E,Critical penalty burden,50,31.25
solid,NA,NA,NA,NA,1,TRUE,TRUE,TRUE,TRUE,TRUE,TRUE,1,0.75,0.75,1,1,87.5,12.5,Grade E,Grade E,Critical penalty burden,50,37.5
solid,NA,NA,NA,NA,1,TRUE,TRUE,TRUE,TRUE,TRUE,TRUE,1,1,0.75,1,1,93.75,6.25,Grade E,Grade E,Critical penalty burden,50,43.75
solid,NA,NA,NA,NA,1,TRUE,TRUE,TRUE,TRUE,TRUE,TRUE,1,0,1,1,1,75,25,Grade E,Grade E,Critical penalty burden,50,25
solid,NA,NA,NA,NA,1,TRUE,TRUE,TRUE,TRUE,TRUE,TRUE,1,0.25,1,1,1,81.25,18.75,Grade E,Grade E,Critical penalty burden,50,31.25
solid,NA,NA,NA,NA,1,TRUE,TRUE,TRUE,TRUE,TRUE,TRUE,1,0.5,1,1,1,87.5,12.5,Grade E,Grade E,Critical penalty burden,50,37.5
solid,NA,NA,NA,NA,1,TRUE,TRUE,TRUE,TRUE,TRUE,TRUE,1,0.75,1,1,1,93.75,6.25,Grade E,Grade E,Critical penalty burden,50,43.75
solid,NA,NA,NA,NA,1,TRUE,TRUE,TRUE,TRUE,TRUE,TRUE,1,1,1,1,1,100,0,Grade E,Grade E,Critical penalty burden,50,50
