"n_records","repetition","timing_region","protocol_version","random_order","implementation","workers","inner_loops","elapsed_sec","throughput_profiles_sec","measurement_block_sec","minimum_block_sec","calibration_floor_passed","calibration_attempts","read_sec","initialization_sec","classification_sec","write_sec","internal_total_sec","process_overhead_sec","cuda_host_prepare_sec","cuda_device_setup_sec","cuda_h2d_sec","cuda_kernel_sec","cuda_d2h_sec","cuda_device_teardown_sec","cuda_host_finalize_sec","cuda_disk_write_sec","equivalence_passed","max_abs_pbio_diff","max_abs_rcs_diff","identical_final_grade","identical_grade_route","language_family","is_timing_outlier","cpp_sequential_elapsed_sec","cuda_speedup_vs_cpp_sequential"
10000,1,"compute","2.4.0",5,"cpp_cuda",1,171857,3.20052942988e-06,3124483064.15821,0.55003338623,0.5,TRUE,3,NA,NA,3.20052942988e-06,NA,NA,NA,NA,NA,NA,3.20052942988e-06,NA,NA,NA,NA,TRUE,0,0,TRUE,TRUE,"CUDA",FALSE,0.00015051034323,47.0267018402775
10000,1,"end_to_end","2.4.0",5,"cpp_cuda",1,1,0.234999999999999,42553.1914893618,NA,NA,NA,NA,0.003017455,0.154445119,0.000133407995105,0.001271948,0.158867929995,0.0761320700049994,0.000709039,0.153450143,0.000285937,0.000133407995105,8.2162e-05,9.2704e-05,0.000161581,0.000935501,TRUE,0,0,TRUE,TRUE,"CUDA",FALSE,0.0069999999999979,0.0297872340425444
10000,10,"compute","2.4.0",4,"cpp_cuda",1,170197,3.23232285429e-06,3093750361.82658,0.550131652832,0.5,TRUE,3,NA,NA,3.23232285429e-06,NA,NA,NA,NA,NA,NA,3.23232285429e-06,NA,NA,NA,NA,TRUE,0,0,TRUE,TRUE,"CUDA",FALSE,0.000151013185311,46.719709669649
10000,10,"end_to_end","2.4.0",4,"cpp_cuda",1,1,0.223999999999251,44642.8571430065,NA,NA,NA,NA,0.003073752,0.154736948,0.00013811199367,0.001287959,0.159236770994,0.0647632290052506,0.000715041,0.153771559,0.000250348,0.00013811199367,8.2032e-05,9.2807e-05,0.000166869,0.000946251,TRUE,0,0,TRUE,TRUE,"CUDA",FALSE,0.00700000000051659,0.0312500000024107
10000,11,"compute","2.4.0",9,"cpp_cuda",1,171462,3.2080282024e-06,3117179578.57065,0.550054931641,0.5,TRUE,3,NA,NA,3.2080282024e-06,NA,NA,NA,NA,NA,NA,3.2080282024e-06,NA,NA,NA,NA,TRUE,0,0,TRUE,TRUE,"CUDA",FALSE,0.000150475372373,46.905875783893
10000,11,"end_to_end","2.4.0",9,"cpp_cuda",1,1,0.221999999999753,45045.0450450952,NA,NA,NA,NA,0.003066055,0.154097129,0.00012160000205,0.001324585,0.158609369002,0.0633906309977526,0.000732305,0.153108308,0.000256516,0.00012160000205,8.1174e-05,0.000109781,0.000165674,0.000967956,TRUE,0,0,TRUE,TRUE,"CUDA",FALSE,0.00700000000051659,0.0315315315338936
10000,12,"compute","2.4.0",13,"cpp_cuda",1,169641,3.24216270326e-06,3084360939.0562,0.550003723145,0.5,TRUE,3,NA,NA,3.24216270326e-06,NA,NA,NA,NA,NA,NA,3.24216270326e-06,NA,NA,NA,NA,TRUE,0,0,TRUE,TRUE,"CUDA",FALSE,0.000150547412633,46.4342559001201
10000,12,"end_to_end","2.4.0",13,"cpp_cuda",1,1,0.222999999999956,44843.049327363,NA,NA,NA,NA,0.003029716,0.153675413,0.000129759997129,0.001329811,0.158164699997,0.0648353000029563,0.000693265,0.152732808,0.00024934,0.000129759997129,8.1996e-05,9.3664e-05,0.000185676,0.000968475,TRUE,0,0,TRUE,TRUE,"CUDA",FALSE,0.00800000000072032,0.0358744394651206
10000,13,"compute","2.4.0",3,"cpp_cuda",1,171503,3.2073267646e-06,3117861301.30933,0.550066162109,0.5,TRUE,3,NA,NA,3.2073267646e-06,NA,NA,NA,NA,NA,NA,3.2073267646e-06,NA,NA,NA,NA,TRUE,0,0,TRUE,TRUE,"CUDA",FALSE,0.000150205166776,46.8318876747604
10000,13,"end_to_end","2.4.0",3,"cpp_cuda",1,1,0.222999999999956,44843.049327363,NA,NA,NA,NA,0.002991572,0.155082021,0.000134463995695,0.001312205,0.159520261996,0.0634797380039563,0.000683362,0.154150158,0.000248501,0.000134463995695,8.1453e-05,8.9857e-05,0.000165526,0.000975369,TRUE,0,0,TRUE,TRUE,"CUDA",FALSE,0.0069999999996071,0.0313901345273923
10000,14,"compute","2.4.0",13,"cpp_cuda",1,169715,3.24121332546e-06,3085264373.51382,0.550082519531,0.5,TRUE,3,NA,NA,3.24121332546e-06,NA,NA,NA,NA,NA,NA,3.24121332546e-06,NA,NA,NA,NA,TRUE,0,0,TRUE,TRUE,"CUDA",FALSE,0.000151029038793,46.596451275408
10000,14,"end_to_end","2.4.0",13,"cpp_cuda",1,1,0.234999999999673,42553.191489421,NA,NA,NA,NA,0.003070326,0.155809184,0.00011948800087,0.00131262,0.160311618001,0.0746883819986726,0.000703354,0.154839911,0.000265919,0.00011948800087,8.1566e-05,9.0429e-05,0.000164773,0.000975852,TRUE,0,0,TRUE,TRUE,"CUDA",FALSE,0.00799999999981083,0.0340425531907318
10000,15,"compute","2.4.0",2,"cpp_cuda",1,169720,3.24095528895e-06,3085510014.31426,0.550054931641,0.5,TRUE,3,NA,NA,3.24095528895e-06,NA,NA,NA,NA,NA,NA,3.24095528895e-06,NA,NA,NA,NA,TRUE,0,0,TRUE,TRUE,"CUDA",FALSE,0.000150421305094,46.4126443233758
10000,15,"end_to_end","2.4.0",2,"cpp_cuda",1,1,0.225999999999658,44247.7876106864,NA,NA,NA,NA,0.003029722,0.155503238,0.000120480000973,0.00129947,0.159952910001,0.066047089998658,0.000684535,0.154532083,0.00028662,0.000120480000973,8.1544e-05,9.2151e-05,0.000158662,0.000967113,TRUE,0,0,TRUE,TRUE,"CUDA",FALSE,0.00799999999981083,0.0353982300877121
10000,16,"compute","2.4.0",14,"cpp_cuda",1,170859,3.21918823542e-06,3106373181.27976,0.550027282715,0.5,TRUE,3,NA,NA,3.21918823542e-06,NA,NA,NA,NA,NA,NA,3.21918823542e-06,NA,NA,NA,NA,TRUE,0,0,TRUE,TRUE,"CUDA",FALSE,0.000150617330223,46.7873635240685
10000,16,"end_to_end","2.4.0",14,"cpp_cuda",1,1,0.228000000000065,43859.6491227944,NA,NA,NA,NA,0.003043929,0.155990806,0.000119327999651,0.00132973,0.160483793,0.0675162070000655,0.000743746,0.154987658,0.000259402,0.000119327999651,8.3045e-05,9.1427e-05,0.000187508,0.00096775,TRUE,0,0,TRUE,TRUE,"CUDA",FALSE,0.00700000000051659,0.0307017543882219
10000,17,"compute","2.4.0",13,"cpp_cuda",1,172511,3.18878803777e-06,3135987679.81871,0.550101013184,0.5,TRUE,3,NA,NA,3.18878803777e-06,NA,NA,NA,NA,NA,NA,3.18878803777e-06,NA,NA,NA,NA,TRUE,0,0,TRUE,TRUE,"CUDA",FALSE,0.000150555040979,47.2138753644745
10000,17,"end_to_end","2.4.0",13,"cpp_cuda",1,1,0.234999999999673,42553.191489421,NA,NA,NA,NA,0.003062713,0.155581507,0.000128639996052,0.001303447,0.160076306996,0.0749236930036726,0.000719466,0.154592745,0.000269296,0.000128639996052,8.3661e-05,9.2388e-05,0.000161968,0.00096543,TRUE,0,0,TRUE,TRUE,"CUDA",FALSE,0.00799999999981083,0.0340425531907318
10000,18,"compute","2.4.0",2,"cpp_cuda",1,171940,3.20003270354e-06,3124968063.27561,0.550213623047,0.5,TRUE,3,NA,NA,3.20003270354e-06,NA,NA,NA,NA,NA,NA,3.20003270354e-06,NA,NA,NA,NA,TRUE,0,0,TRUE,TRUE,"CUDA",FALSE,0.000150775005775,47.116707778707
10000,18,"end_to_end","2.4.0",2,"cpp_cuda",1,1,0.226999999999862,44052.8634361502,NA,NA,NA,NA,0.003056749,0.155498451,0.000129567995667,0.001321072,0.160005839996,0.0669941600038618,0.000684346,0.154563349,0.000250756,0.000129567995667,8.1983e-05,0.000111498,0.000160754,0.000966837,TRUE,0,0,TRUE,TRUE,"CUDA",FALSE,0.0069999999996071,0.0308370044035743
10000,19,"compute","2.4.0",4,"cpp_cuda",1,171329,3.20935896554e-06,3115887037.68368,0.549856262207,0.5,TRUE,3,NA,NA,3.20935896554e-06,NA,NA,NA,NA,NA,NA,3.20935896554e-06,NA,NA,NA,NA,TRUE,0,0,TRUE,TRUE,"CUDA",FALSE,0.000150837176706,46.9991603699029
10000,19,"end_to_end","2.4.0",4,"cpp_cuda",1,1,0.225000000000364,44444.4444443726,NA,NA,NA,NA,0.003054273,0.155412674,0.000148671999574,0.001369423,0.159985042,0.0650149580003638,0.000690006,0.154458943,0.000263725,0.000148671999574,8.2463e-05,0.000132904,0.000164383,0.000989673,TRUE,0,0,TRUE,TRUE,"CUDA",FALSE,0.0069999999996071,0.0311111111093146
10000,2,"compute","2.4.0",5,"cpp_cuda",1,172042,3.1979151615e-06,3127037302.4247,0.550175720215,0.5,TRUE,3,NA,NA,3.1979151615e-06,NA,NA,NA,NA,NA,NA,3.1979151615e-06,NA,NA,NA,NA,TRUE,0,0,TRUE,TRUE,"CUDA",FALSE,0.000150829467215,47.1649370286148
10000,2,"end_to_end","2.4.0",5,"cpp_cuda",1,1,0.228999999999985,43668.1222707452,NA,NA,NA,NA,0.003049273,0.153646165,0.000143360003829,0.001280262,0.158119060004,0.070880939995985,0.00070666,0.152687245,0.00025226,0.000143360003829,8.158e-05,8.9141e-05,0.000158522,0.000951019,TRUE,0,0,TRUE,TRUE,"CUDA",FALSE,0.00699999999994816,0.0305676855892953
10000,20,"compute","2.4.0",19,"cpp_cuda",1,171424,3.20824335955e-06,3116970528.50836,0.549969909668,0.5,TRUE,3,NA,NA,3.20824335955e-06,NA,NA,NA,NA,NA,NA,3.20824335955e-06,NA,NA,NA,NA,TRUE,0,0,TRUE,TRUE,"CUDA",FALSE,0.000150617039675,46.9468873758149
10000,20,"end_to_end","2.4.0",19,"cpp_cuda",1,1,0.236000000000786,42372.8813557911,NA,NA,NA,NA,0.003100335,0.156714587,0.000129344001412,0.001340539,0.161284805001,0.0747151949997858,0.000670908,0.155794578,0.000249101,0.000129344001412,9.9967e-05,9.2438e-05,0.000171401,0.000976733,TRUE,0,0,TRUE,TRUE,"CUDA",FALSE,0.0069999999996071,0.0296610169473889
10000,21,"compute","2.4.0",16,"cpp_cuda",1,171700,3.20398702827e-06,3121111262.86286,0.550124572754,0.5,TRUE,3,NA,NA,3.20398702827e-06,NA,NA,NA,NA,NA,NA,3.20398702827e-06,NA,NA,NA,NA,TRUE,0,0,TRUE,TRUE,"CUDA",FALSE,0.00015051628619,46.9778076071899
10000,21,"end_to_end","2.4.0",16,"cpp_cuda",1,1,0.23700000000099,42194.092826828,NA,NA,NA,NA,0.003102264,0.157178832,0.000130208000541,0.001332432,0.161743736001,0.0752562639999895,0.000762802,0.156135996,0.000280034,0.000130208000541,8.452e-05,9.5619e-05,0.000170538,0.000981755,TRUE,0,0,TRUE,TRUE,"CUDA",FALSE,0.0069999999996071,0.0295358649771218
10000,22,"compute","2.4.0",16,"cpp_cuda",1,170999,3.21633703987e-06,3109126896.85164,0.54999041748,0.5,TRUE,3,NA,NA,3.21633703987e-06,NA,NA,NA,NA,NA,NA,3.21633703987e-06,NA,NA,NA,NA,TRUE,0,0,TRUE,TRUE,"CUDA",FALSE,0.00015092466506,46.9243935536371
10000,22,"end_to_end","2.4.0",16,"cpp_cuda",1,1,0.227000000000771,44052.8634359737,NA,NA,NA,NA,0.003080002,0.156416588,0.00013011200726,0.001346683,0.160973385007,0.0660266149937712,0.000705281,0.155453396,0.000257911,0.00013011200726,9.1421e-05,0.00011222,0.000163965,0.000979077,TRUE,0,0,TRUE,TRUE,"CUDA",FALSE,0.00799999999981083,0.0352422907479456
10000,23,"compute","2.4.0",2,"cpp_cuda",1,172309,3.19357797075e-06,3131284124.44915,0.550282226563,0.5,TRUE,3,NA,NA,3.19357797075e-06,NA,NA,NA,NA,NA,NA,3.19357797075e-06,NA,NA,NA,NA,TRUE,0,0,TRUE,TRUE,"CUDA",FALSE,0.000150956341986,47.2687197145678
10000,23,"end_to_end","2.4.0",2,"cpp_cuda",1,1,0.226000000000568,44247.7876105084,NA,NA,NA,NA,0.003080942,0.156616165,0.000118911996484,0.001328301,0.161144319996,0.0648556800045675,0.000700381,0.155663082,0.000252702,0.000118911996484,8.1484e-05,0.000102774,0.000186212,0.000957831,TRUE,0,0,TRUE,TRUE,"CUDA",FALSE,0.00799999999981083,0.0353982300875696
10000,24,"compute","2.4.0",2,"cpp_cuda",1,171949,3.19941866961e-06,3125567808.61036,0.55013684082,0.5,TRUE,3,NA,NA,3.19941866961e-06,NA,NA,NA,NA,NA,NA,3.19941866961e-06,NA,NA,NA,NA,TRUE,0,0,TRUE,TRUE,"CUDA",FALSE,0.000150802662437,47.1343947165822
10000,24,"end_to_end","2.4.0",2,"cpp_cuda",1,1,0.22400000000016,44642.8571428252,NA,NA,NA,NA,0.003097196,0.156713622,0.00012950399518,0.001311347,0.161251668995,0.0627483310051601,0.000761271,0.155695837,0.000256514,0.00012950399518,8.2881e-05,9.3277e-05,0.000172341,0.000962848,TRUE,0,0,TRUE,TRUE,"CUDA",FALSE,0.00799999999981083,0.0357142857134157
10000,25,"compute","2.4.0",16,"cpp_cuda",1,171057,3.2156832197e-06,3109759051.74295,0.550065124512,0.5,TRUE,3,NA,NA,3.2156832197e-06,NA,NA,NA,NA,NA,NA,3.2156832197e-06,NA,NA,NA,NA,TRUE,0,0,TRUE,TRUE,"CUDA",FALSE,0.000151197969087,47.0189252973449
10000,25,"end_to_end","2.4.0",16,"cpp_cuda",1,1,0.235000000000582,42553.1914892563,NA,NA,NA,NA,0.003053111,0.155582664,0.000120448000729,0.001315913,0.160072136001,0.0749278639995821,0.000749406,0.154571618,0.00026164,0.000120448000729,8.0927e-05,9.3892e-05,0.000193516,0.000947578,TRUE,0,0,TRUE,TRUE,"CUDA",FALSE,0.0069999999996071,0.0297872340408075
10000,26,"compute","2.4.0",13,"cpp_cuda",1,171285,3.21101436898e-06,3114280676.10192,0.549998596191,0.5,TRUE,3,NA,NA,3.21101436898e-06,NA,NA,NA,NA,NA,NA,3.21101436898e-06,NA,NA,NA,NA,TRUE,0,0,TRUE,TRUE,"CUDA",FALSE,0.000150999944952,47.0256210656467
10000,26,"end_to_end","2.4.0",13,"cpp_cuda",1,1,0.23399999999998,42735.0427350463,NA,NA,NA,NA,0.003001057,0.156126503,0.000130912005901,0.001357091,0.160615563006,0.0733844369939805,0.000676506,0.155197736,0.000252261,0.000130912005901,8.4422e-05,9.6491e-05,0.000215911,0.000960267,TRUE,0,0,TRUE,TRUE,"CUDA",FALSE,0.0080000000000382,0.0341880341882004
10000,27,"compute","2.4.0",11,"cpp_cuda",1,171538,3.20633219753e-06,3118828425.73315,0.5500078125,0.5,TRUE,3,NA,NA,3.20633219753e-06,NA,NA,NA,NA,NA,NA,3.20633219753e-06,NA,NA,NA,NA,TRUE,0,0,TRUE,TRUE,"CUDA",FALSE,0.000150653815537,46.9863402341954
10000,27,"end_to_end","2.4.0",11,"cpp_cuda",1,1,0.223999999999933,44642.8571428706,NA,NA,NA,NA,0.00302916,0.155907632,0.000125119999051,0.00131503,0.160376941999,0.0636230580009327,0.000756014,0.154854118,0.0002975,0.000125119999051,8.1949e-05,9.4884e-05,0.000162378,0.000975819,TRUE,0,0,TRUE,TRUE,"CUDA",FALSE,0.00699999999994816,0.0312499999997779
10000,28,"compute","2.4.0",7,"cpp_cuda",1,171134,3.21376985595e-06,3111610491.17625,0.549985290527,0.5,TRUE,3,NA,NA,3.21376985595e-06,NA,NA,NA,NA,NA,NA,3.21376985595e-06,NA,NA,NA,NA,TRUE,0,0,TRUE,TRUE,"CUDA",FALSE,0.000150397624184,46.7978825258917
10000,28,"end_to_end","2.4.0",7,"cpp_cuda",1,1,0.229000000000042,43668.1222707344,NA,NA,NA,NA,0.003000438,0.153329221,0.000115520000458,0.001344969,0.157790148,0.0712098520000418,0.000671318,0.152410404,0.000247499,0.000115520000458,8.2463e-05,0.00011642,0.000160339,0.000985747,TRUE,0,0,TRUE,TRUE,"CUDA",FALSE,0.00700000000006185,0.0305676855897841
10000,29,"compute","2.4.0",13,"cpp_cuda",1,171311,3.21018642458e-06,3115083885.2944,0.549940246582,0.5,TRUE,3,NA,NA,3.21018642458e-06,NA,NA,NA,NA,NA,NA,3.21018642458e-06,NA,NA,NA,NA,TRUE,0,0,TRUE,TRUE,"CUDA",FALSE,0.000150561015573,46.9010193365011
10000,29,"end_to_end","2.4.0",13,"cpp_cuda",1,1,0.225999999999999,44247.7876106196,NA,NA,NA,NA,0.002993209,0.154972451,0.000122688002884,0.001322107,0.159410455003,0.0665895449969991,0.000680113,0.154012559,0.000279779,0.000122688002884,8.2366e-05,9.5945e-05,0.000168981,0.000974815,TRUE,0,0,TRUE,TRUE,"CUDA",FALSE,0.007000000000005,0.0309734513274559
10000,3,"compute","2.4.0",17,"cpp_cuda",1,170496,3.22637221477e-06,3099456396.94671,0.550083557129,0.5,TRUE,3,NA,NA,3.22637221477e-06,NA,NA,NA,NA,NA,NA,3.22637221477e-06,NA,NA,NA,NA,TRUE,0,0,TRUE,TRUE,"CUDA",FALSE,0.000150701791014,46.7093630189669
10000,3,"end_to_end","2.4.0",17,"cpp_cuda",1,1,0.22300000000007,44843.0493273402,NA,NA,NA,NA,0.003044373,0.154132072,0.000129695996642,0.001424996,0.158731136997,0.06426886300307,0.000708694,0.153171699,0.000251679,0.000129695996642,9.9068e-05,9.0353e-05,0.000165312,0.001070263,TRUE,0,0,TRUE,TRUE,"CUDA",FALSE,0.00699999999994816,0.0313901345289057
10000,30,"compute","2.4.0",1,"cpp_cuda",1,172118,3.19593217219e-06,3128977544.33491,0.550077453613,0.5,TRUE,3,NA,NA,3.19593217219e-06,NA,NA,NA,NA,NA,NA,3.19593217219e-06,NA,NA,NA,NA,TRUE,0,0,TRUE,TRUE,"CUDA",FALSE,0.000150575690121,47.1147953111341
10000,30,"end_to_end","2.4.0",1,"cpp_cuda",1,1,0.225999999999999,44247.7876106196,NA,NA,NA,NA,0.00304212,0.154066503,0.000123776003718,0.001332735,0.158565134004,0.0674348659959991,0.000760252,0.153049947,0.000256304,0.000123776003718,8.1961e-05,9.5383e-05,0.000201025,0.000954366,TRUE,0,0,TRUE,TRUE,"CUDA",FALSE,0.00699999999994816,0.0309734513272044
10000,4,"compute","2.4.0",15,"cpp_cuda",1,173308,3.17398801353e-06,3150610511.87725,0.550077514648,0.5,TRUE,3,NA,NA,3.17398801353e-06,NA,NA,NA,NA,NA,NA,3.17398801353e-06,NA,NA,NA,NA,TRUE,0,0,TRUE,TRUE,"CUDA",FALSE,0.000151094031161,47.6038442857755
10000,4,"end_to_end","2.4.0",15,"cpp_cuda",1,1,0.224999999999909,44444.4444444624,NA,NA,NA,NA,0.003037299,0.15596277,0.000114207997918,0.001288777,0.160403053998,0.064596946001909,0.000725509,0.154974521,0.00026274,0.000114207997918,8.1305e-05,8.9123e-05,0.00018883,0.000929519,TRUE,0,0,TRUE,TRUE,"CUDA",FALSE,0.00700000000006185,0.0311111111113986
10000,5,"compute","2.4.0",15,"cpp_cuda",1,173099,3.1778671877e-06,3146764609.5171,0.550085632324,0.5,TRUE,3,NA,NA,3.1778671877e-06,NA,NA,NA,NA,NA,NA,3.1778671877e-06,NA,NA,NA,NA,TRUE,0,0,TRUE,TRUE,"CUDA",FALSE,0.000151287674689,47.6066700567481
10000,5,"end_to_end","2.4.0",15,"cpp_cuda",1,1,0.229000000000042,43668.1222707344,NA,NA,NA,NA,0.003106899,0.154099459,0.000117760002613,0.001310724,0.158634842003,0.0703651579970418,0.000699963,0.153126912,0.000272584,0.000117760002613,8.7211e-05,9.2366e-05,0.000159786,0.000971361,TRUE,0,0,TRUE,TRUE,"CUDA",FALSE,0.00700000000006185,0.0305676855897841
10000,6,"compute","2.4.0",12,"cpp_cuda",1,172132,3.19427411517e-06,3130601707.75851,0.549836791992,0.5,TRUE,3,NA,NA,3.19427411517e-06,NA,NA,NA,NA,NA,NA,3.19427411517e-06,NA,NA,NA,NA,TRUE,0,0,TRUE,TRUE,"CUDA",FALSE,0.000150517786734,47.1211240197491
10000,6,"end_to_end","2.4.0",12,"cpp_cuda",1,1,0.222999999999956,44843.049327363,NA,NA,NA,NA,0.003086993,0.155043523,0.000120095998049,0.001309064,0.159559675998,0.0634403240019563,0.000668173,0.154125387,0.000249963,0.000120095998049,8.0544e-05,9.3526e-05,0.000163125,0.000971869,TRUE,0,0,TRUE,TRUE,"CUDA",FALSE,0.00700000000006185,0.0313901345294315
10000,7,"compute","2.4.0",15,"cpp_cuda",1,173294,3.17395456689e-06,3150643712.52122,0.550027282715,0.5,TRUE,3,NA,NA,3.17395456689e-06,NA,NA,NA,NA,NA,NA,3.17395456689e-06,NA,NA,NA,NA,TRUE,0,0,TRUE,TRUE,"CUDA",FALSE,0.000150656767823,47.4665798290305
10000,7,"end_to_end","2.4.0",15,"cpp_cuda",1,1,0.225000000000364,44444.4444443726,NA,NA,NA,NA,0.00304092,0.158097117,0.00011817599833,0.001291162,0.162547374998,0.0624526250023638,0.000703369,0.157130852,0.000262896,0.00011817599833,8.2021e-05,9.2217e-05,0.00016494,0.000951984,TRUE,0,0,TRUE,TRUE,"CUDA",FALSE,0.00700000000006185,0.0311111111113357
10000,8,"compute","2.4.0",11,"cpp_cuda",1,171657,3.20641811152e-06,3118744858.6546,0.55040411377,0.5,TRUE,3,NA,NA,3.20641811152e-06,NA,NA,NA,NA,NA,NA,3.20641811152e-06,NA,NA,NA,NA,TRUE,0,0,TRUE,TRUE,"CUDA",FALSE,0.000150589473431,46.9650146030435
10000,8,"end_to_end","2.4.0",11,"cpp_cuda",1,1,0.226000000000113,44247.7876105974,NA,NA,NA,NA,0.003046852,0.155259019,0.000135775998235,0.001296252,0.159737898998,0.0662621010021128,0.000700292,0.154292877,0.00026585,0.000135775998235,8.1969e-05,9.6527e-05,0.000162651,0.000955105,TRUE,0,0,TRUE,TRUE,"CUDA",FALSE,0.00700000000006185,0.0309734513276918
10000,9,"compute","2.4.0",6,"cpp_cuda",1,171445,3.20758765623e-06,3117607707.642,0.549924865723,0.5,TRUE,3,NA,NA,3.20758765623e-06,NA,NA,NA,NA,NA,NA,3.20758765623e-06,NA,NA,NA,NA,TRUE,0,0,TRUE,TRUE,"CUDA",FALSE,0.000151044044463,47.089607721127
10000,9,"end_to_end","2.4.0",6,"cpp_cuda",1,1,0.22400000000016,44642.8571428252,NA,NA,NA,NA,0.003012295,0.153791036,0.000132320001721,0.001312673,0.158248324002,0.0657516759981601,0.000667832,0.152869572,0.000253632,0.000132320001721,9.0883e-05,9.1033e-05,0.000159524,0.000971233,TRUE,0,0,TRUE,TRUE,"CUDA",FALSE,0.00700000000006185,0.0312500000002538
100000,1,"compute","2.4.0",17,"cpp_cuda",1,44876,1.91226003429e-05,5229414316.40226,0.858145812988,0.5,TRUE,3,NA,NA,1.91226003429e-05,NA,NA,NA,NA,NA,NA,1.91226003429e-05,NA,NA,NA,NA,TRUE,0,0,TRUE,TRUE,"CUDA",FALSE,0.00163657483333,85.5832786327954
100000,1,"end_to_end","2.4.0",17,"cpp_cuda",1,1,0.278999999999996,358422.939068105,NA,NA,NA,NA,0.030515893,0.161839719,0.000202335998416,0.011128225,0.203686172998,0.0753138270019964,0.006766616,0.153110128,0.001962975,0.000202335998416,0.000607781,0.000350438,0.001589252,0.008580754,TRUE,0,0,TRUE,TRUE,"CUDA",FALSE,0.0450000000000017,0.161290322580654
100000,10,"compute","2.4.0",15,"cpp_cuda",1,46706,1.91774509992e-05,5214457333.46791,0.895702026367,0.5,TRUE,3,NA,NA,1.91774509992e-05,NA,NA,NA,NA,NA,NA,1.91774509992e-05,NA,NA,NA,NA,TRUE,0,0,TRUE,TRUE,"CUDA",FALSE,0.00162647988427,84.8120996026974
100000,10,"end_to_end","2.4.0",15,"cpp_cuda",1,1,0.270999999999731,369003.690037267,NA,NA,NA,NA,0.029787451,0.162142308,0.000188288003206,0.011141151,0.203259198003,0.0677408019967308,0.006629899,0.153543745,0.001968664,0.000188288003206,0.000607499,0.000345297,0.001572785,0.00861557,TRUE,0,0,TRUE,TRUE,"CUDA",FALSE,0.0440000000007785,0.16236162361927
100000,11,"compute","2.4.0",8,"cpp_cuda",1,44876,1.91992465501e-05,5208537727.72032,0.861585388184,0.5,TRUE,3,NA,NA,1.91992465501e-05,NA,NA,NA,NA,NA,NA,1.91992465501e-05,NA,NA,NA,NA,TRUE,0,0,TRUE,TRUE,"CUDA",FALSE,0.0016314094273,84.9725755145065
100000,11,"end_to_end","2.4.0",8,"cpp_cuda",1,1,0.271999999999935,367647.058823618,NA,NA,NA,NA,0.03025446,0.162975301,0.000188703998923,0.011091948,0.204510412999,0.0674895870009345,0.006677024,0.154313281,0.001984996,0.000188703998923,0.000624245,0.000349823,0.00159887,0.00851901,TRUE,0,0,TRUE,TRUE,"CUDA",FALSE,0.0450000000000728,0.165441176470895
100000,12,"compute","2.4.0",15,"cpp_cuda",1,46770,1.91764748349e-05,5214722771.57041,0.896883728027,0.5,TRUE,3,NA,NA,1.91764748349e-05,NA,NA,NA,NA,NA,NA,1.91764748349e-05,NA,NA,NA,NA,TRUE,0,0,TRUE,TRUE,"CUDA",FALSE,0.00163437337463,85.2280405393144
100000,12,"end_to_end","2.4.0",15,"cpp_cuda",1,1,0.271999999999935,367647.058823618,NA,NA,NA,NA,0.030089515,0.162751532,0.000197152003646,0.011154421,0.204192620004,0.0678073799959345,0.006730812,0.154020936,0.001999784,0.000197152003646,0.000631763,0.000347816,0.001599441,0.008575401,TRUE,0,0,TRUE,TRUE,"CUDA",FALSE,0.043999999999869,0.16176470588191
100000,13,"compute","2.4.0",6,"cpp_cuda",1,46706,1.91860235728e-05,5212127443.73826,0.896102416992,0.5,TRUE,3,NA,NA,1.91860235728e-05,NA,NA,NA,NA,NA,NA,1.91860235728e-05,NA,NA,NA,NA,TRUE,0,0,TRUE,TRUE,"CUDA",FALSE,0.0016496764209,85.9832374666079
100000,13,"end_to_end","2.4.0",6,"cpp_cuda",1,1,0.280000000000655,357142.857142022,NA,NA,NA,NA,0.030158589,0.167759722,0.000188416004181,0.011193737,0.209300464004,0.0706995359966548,0.006757442,0.159026077,0.001976203,0.000188416004181,0.000614209,0.000348238,0.001613089,0.008618201,TRUE,0,0,TRUE,TRUE,"CUDA",FALSE,0.045999999999367,0.164285714283069
100000,14,"compute","2.4.0",18,"cpp_cuda",1,44760,1.91850145764e-05,5212401564.86577,0.858721252441,0.5,TRUE,3,NA,NA,1.91850145764e-05,NA,NA,NA,NA,NA,NA,1.91850145764e-05,NA,NA,NA,NA,TRUE,0,0,TRUE,TRUE,"CUDA",FALSE,0.00163997106344,85.4818773740924
100000,14,"end_to_end","2.4.0",18,"cpp_cuda",1,1,0.277000000000044,361010.830324853,NA,NA,NA,NA,0.030870261,0.164512127,0.000212191998959,0.011247958,0.206842537999,0.0701574620010437,0.007020674,0.155501388,0.001990065,0.000212191998959,0.000614527,0.000384714,0.001643886,0.008604831,TRUE,0,0,TRUE,TRUE,"CUDA",FALSE,0.043999999999869,0.158844765342462
100000,15,"compute","2.4.0",19,"cpp_cuda",1,44876,1.92025093931e-05,5207652705.84546,0.861731811523,0.5,TRUE,3,NA,NA,1.92025093931e-05,NA,NA,NA,NA,NA,NA,1.92025093931e-05,NA,NA,NA,NA,TRUE,0,0,TRUE,TRUE,"CUDA",FALSE,0.00165312888024,86.089210862931
100000,15,"end_to_end","2.4.0",19,"cpp_cuda",1,1,0.280000000000655,357142.857142022,NA,NA,NA,NA,0.030669345,0.167387914,0.000190495997667,0.011263105,0.209510859998,0.0704891400026548,0.006859403,0.158590316,0.001938195,0.000190495997667,0.000608677,0.000350041,0.001609729,0.008694658,TRUE,0,0,TRUE,TRUE,"CUDA",FALSE,0.0450000000000728,0.16071428571417
100000,16,"compute","2.4.0",4,"cpp_cuda",1,44936,1.92066088719e-05,5206541178.97428,0.86306817627,0.5,TRUE,3,NA,NA,1.92066088719e-05,NA,NA,NA,NA,NA,NA,1.92066088719e-05,NA,NA,NA,NA,TRUE,0,0,TRUE,TRUE,"CUDA",FALSE,0.00164047944543,85.4122378589218
100000,16,"end_to_end","2.4.0",4,"cpp_cuda",1,1,0.274000000000342,364963.50364918,NA,NA,NA,NA,0.030690675,0.1638474,0.000208095997572,0.011181336,0.205927506998,0.068072493002342,0.006909835,0.154953794,0.001983771,0.000208095997572,0.000618642,0.000362507,0.001572094,0.008628093,TRUE,0,0,TRUE,TRUE,"CUDA",FALSE,0.0450000000000728,0.164233576642396
100000,17,"compute","2.4.0",2,"cpp_cuda",1,46706,1.91741186725e-05,5215363569.40476,0.895546386719,0.5,TRUE,3,NA,NA,1.91741186725e-05,NA,NA,NA,NA,NA,NA,1.91741186725e-05,NA,NA,NA,NA,TRUE,0,0,TRUE,TRUE,"CUDA",FALSE,0.00166331346828,86.7478446696779
100000,17,"end_to_end","2.4.0",2,"cpp_cuda",1,1,0.282000000000153,354609.929077822,NA,NA,NA,NA,0.03112005,0.163825021,0.000202207997441,0.011207809,0.206355087997,0.0756449120031528,0.006990937,0.154852262,0.001981822,0.000202207997441,0.000618121,0.000348224,0.001650743,0.008590721,TRUE,0,0,TRUE,TRUE,"CUDA",FALSE,0.0460000000002765,0.163120567376779
100000,18,"compute","2.4.0",1,"cpp_cuda",1,48830,1.92002627099e-05,5208262069.68711,0.937548828125,0.5,TRUE,3,NA,NA,1.92002627099e-05,NA,NA,NA,NA,NA,NA,1.92002627099e-05,NA,NA,NA,NA,TRUE,0,0,TRUE,TRUE,"CUDA",FALSE,0.00164410961721,85.6295375772264
100000,18,"end_to_end","2.4.0",1,"cpp_cuda",1,1,0.283000000001266,353356.890457783,NA,NA,NA,NA,0.030887513,0.165419122,0.00018656000495,0.011272427,0.207765622005,0.075234377996266,0.007015049,0.156397478,0.002006595,0.00018656000495,0.000630882,0.000349955,0.001653461,0.008638129,TRUE,0,0,TRUE,TRUE,"CUDA",FALSE,0.0450000000000728,0.15901060070626
100000,19,"compute","2.4.0",5,"cpp_cuda",1,46706,1.91758946066e-05,5214880559.76183,0.895629333496,0.5,TRUE,3,NA,NA,1.91758946066e-05,NA,NA,NA,NA,NA,NA,1.91758946066e-05,NA,NA,NA,NA,TRUE,0,0,TRUE,TRUE,"CUDA",FALSE,0.00166861735045,87.0164018254299
100000,19,"end_to_end","2.4.0",5,"cpp_cuda",1,1,0.273999999999432,364963.503650391,NA,NA,NA,NA,0.030677343,0.164771238,0.000195999994874,0.011243392,0.206887972995,0.0671120270044325,0.006895511,0.155891022,0.001984705,0.000195999994874,0.000614237,0.000362391,0.001637052,0.008629712,TRUE,0,0,TRUE,TRUE,"CUDA",FALSE,0.043999999999869,0.160583941605694
100000,2,"compute","2.4.0",2,"cpp_cuda",1,48830,1.9181094696e-05,5213466779.91501,0.936612854004,0.5,TRUE,3,NA,NA,1.9181094696e-05,NA,NA,NA,NA,NA,NA,1.9181094696e-05,NA,NA,NA,NA,TRUE,0,0,TRUE,TRUE,"CUDA",FALSE,0.00162780296755,84.86496695569
100000,2,"end_to_end","2.4.0",2,"cpp_cuda",1,1,0.275000000000091,363636.363636243,NA,NA,NA,NA,0.030516597,0.166346955,0.000189280003309,0.011143549,0.208196381003,0.0668036189970909,0.006805359,0.157559513,0.001982083,0.000189280003309,0.000634322,0.000345791,0.001591298,0.008572138,TRUE,0,0,TRUE,TRUE,"CUDA",FALSE,0.0439999999999827,0.159999999999884
100000,20,"compute","2.4.0",15,"cpp_cuda",1,46706,1.9173899131e-05,5215423285.41417,0.895536132812,0.5,TRUE,3,NA,NA,1.9173899131e-05,NA,NA,NA,NA,NA,NA,1.9173899131e-05,NA,NA,NA,NA,TRUE,0,0,TRUE,TRUE,"CUDA",FALSE,0.00164773066867,85.9361289747258
100000,20,"end_to_end","2.4.0",15,"cpp_cuda",1,1,0.27599999999984,362318.84057992,NA,NA,NA,NA,0.030714636,0.163966866,0.000186240002513,0.011547429,0.206415171003,0.0695848289968399,0.006969948,0.155016367,0.001980551,0.000186240002513,0.000626463,0.000345652,0.001629375,0.008945939,TRUE,0,0,TRUE,TRUE,"CUDA",FALSE,0.0450000000000728,0.163043478261228
100000,21,"compute","2.4.0",19,"cpp_cuda",1,46770,1.91605354849e-05,5219060817.94049,0.896138244629,0.5,TRUE,3,NA,NA,1.91605354849e-05,NA,NA,NA,NA,NA,NA,1.91605354849e-05,NA,NA,NA,NA,TRUE,0,0,TRUE,TRUE,"CUDA",FALSE,0.00165317183133,86.2800433021733
100000,21,"end_to_end","2.4.0",19,"cpp_cuda",1,1,0.274999999999636,363636.363636845,NA,NA,NA,NA,0.031040887,0.164578971,0.000190592005849,0.011234675,0.207045125006,0.0679548749936362,0.007044691,0.155567431,0.001966849,0.000190592005849,0.000620075,0.00034941,0.001660202,0.008604988,TRUE,0,0,TRUE,TRUE,"CUDA",FALSE,0.0450000000000728,0.163636363636845
100000,22,"compute","2.4.0",18,"cpp_cuda",1,46706,1.91587272438e-05,5219553403.91211,0.894827514648,0.5,TRUE,3,NA,NA,1.91587272438e-05,NA,NA,NA,NA,NA,NA,1.91587272438e-05,NA,NA,NA,NA,TRUE,0,0,TRUE,TRUE,"CUDA",FALSE,0.0016710977439,87.223839174431
100000,22,"end_to_end","2.4.0",18,"cpp_cuda",1,1,0.279000000000451,358422.939067521,NA,NA,NA,NA,0.031217643,0.166829335,0.000192576006055,0.01114253,0.209382084006,0.0696179159944511,0.007052803,0.157750525,0.002026007,0.000192576006055,0.000633609,0.000349319,0.001624284,0.008535318,TRUE,0,0,TRUE,TRUE,"CUDA",FALSE,0.0460000000002765,0.164874551972051
100000,23,"compute","2.4.0",2,"cpp_cuda",1,46706,1.91596916583e-05,5219290674.58034,0.894872558594,0.5,TRUE,3,NA,NA,1.91596916583e-05,NA,NA,NA,NA,NA,NA,1.91596916583e-05,NA,NA,NA,NA,TRUE,0,0,TRUE,TRUE,"CUDA",FALSE,0.001670304,87.1780209091425
100000,23,"end_to_end","2.4.0",2,"cpp_cuda",1,1,0.279000000000451,358422.939067521,NA,NA,NA,NA,0.030723782,0.165479484,0.000192064002156,0.011272481,0.207667811002,0.0713321889984511,0.006843002,0.156651214,0.001985268,0.000192064002156,0.000649874,0.000373061,0.001663017,0.008586529,TRUE,0,0,TRUE,TRUE,"CUDA",FALSE,0.0459999999984575,0.164874551965531
100000,24,"compute","2.4.0",6,"cpp_cuda",1,46516,1.9168806195e-05,5216808964.6649,0.891656188965,0.5,TRUE,3,NA,NA,1.9168806195e-05,NA,NA,NA,NA,NA,NA,1.9168806195e-05,NA,NA,NA,NA,TRUE,0,0,TRUE,TRUE,"CUDA",FALSE,0.00163129613947,85.1016032441033
100000,24,"end_to_end","2.4.0",6,"cpp_cuda",1,1,0.280000000000655,357142.857142022,NA,NA,NA,NA,0.031135177,0.166841742,0.000190592005849,0.011352591,0.209520102006,0.0704798979946548,0.006987875,0.157860183,0.001993684,0.000190592005849,0.000618954,0.00035896,0.001660948,0.008713729,TRUE,0,0,TRUE,TRUE,"CUDA",FALSE,0.043999999999869,0.157142857142022
100000,25,"compute","2.4.0",4,"cpp_cuda",1,46706,1.91708294701e-05,5216258386.5224,0.89539276123,0.5,TRUE,3,NA,NA,1.91708294701e-05,NA,NA,NA,NA,NA,NA,1.91708294701e-05,NA,NA,NA,NA,TRUE,0,0,TRUE,TRUE,"CUDA",FALSE,0.00167279973112,87.2575562642712
100000,25,"end_to_end","2.4.0",4,"cpp_cuda",1,1,0.270000000000437,370370.370369772,NA,NA,NA,NA,0.030318538,0.163835487,0.000189280003309,0.011614263,0.205957568003,0.0640424319974366,0.006809982,0.155051666,0.001973839,0.000189280003309,0.000614653,0.000353632,0.001599982,0.009045996,TRUE,0,0,TRUE,TRUE,"CUDA",FALSE,0.0450000000000728,0.166666666666667
100000,26,"compute","2.4.0",6,"cpp_cuda",1,46706,1.91214117193e-05,5229739386.81871,0.893084655762,0.5,TRUE,3,NA,NA,1.91214117193e-05,NA,NA,NA,NA,NA,NA,1.91214117193e-05,NA,NA,NA,NA,TRUE,0,0,TRUE,TRUE,"CUDA",FALSE,0.0016357069494,85.5432105857025
100000,26,"end_to_end","2.4.0",6,"cpp_cuda",1,1,0.269999999999982,370370.370370395,NA,NA,NA,NA,0.030101805,0.163094367,0.000190784007311,0.011231211,0.204618167007,0.0653818329929818,0.006831304,0.154297159,0.001965904,0.000190784007311,0.000628737,0.00039859,0.001622434,0.00858145,TRUE,0,0,TRUE,TRUE,"CUDA",FALSE,0.0449999999999591,0.166666666666526
100000,27,"compute","2.4.0",13,"cpp_cuda",1,46706,1.91341059236e-05,5226269803.21354,0.89367755127,0.5,TRUE,3,NA,NA,1.91341059236e-05,NA,NA,NA,NA,NA,NA,1.91341059236e-05,NA,NA,NA,NA,TRUE,0,0,TRUE,TRUE,"CUDA",FALSE,0.00164820852994,86.139824694244
100000,27,"end_to_end","2.4.0",13,"cpp_cuda",1,1,0.266999999999939,374531.835206078,NA,NA,NA,NA,0.030657965,0.162391892,0.000189439997077,0.011138779,0.204378075997,0.0626219240029391,0.006899484,0.15352378,0.001968628,0.000189439997077,0.000636131,0.00035113,0.001651403,0.008500115,TRUE,0,0,TRUE,TRUE,"CUDA",FALSE,0.0450000000000728,0.168539325843008
100000,28,"compute","2.4.0",15,"cpp_cuda",1,46706,1.91586396885e-05,5219577257.35743,0.894823425293,0.5,TRUE,3,NA,NA,1.91586396885e-05,NA,NA,NA,NA,NA,NA,1.91586396885e-05,NA,NA,NA,NA,TRUE,0,0,TRUE,TRUE,"CUDA",FALSE,0.00166969016514,87.1507681279811
100000,28,"end_to_end","2.4.0",15,"cpp_cuda",1,1,0.278999999999996,358422.939068105,NA,NA,NA,NA,0.0320854,0.167753653,0.000189888000488,0.011727756,0.211756697,0.0672433029999964,0.007452311,0.158108759,0.002192583,0.000189888000488,0.000600517,0.000359822,0.001753273,0.009014144,TRUE,0,0,TRUE,TRUE,"CUDA",FALSE,0.0480000000000018,0.172043010752697
100000,29,"compute","2.4.0",4,"cpp_cuda",1,46706,1.91225734598e-05,5229421668.07322,0.893138916016,0.5,TRUE,3,NA,NA,1.91225734598e-05,NA,NA,NA,NA,NA,NA,1.91225734598e-05,NA,NA,NA,NA,TRUE,0,0,TRUE,TRUE,"CUDA",FALSE,0.00164684140413,86.1202812263755
100000,29,"end_to_end","2.4.0",4,"cpp_cuda",1,1,0.281999999999982,354609.929078037,NA,NA,NA,NA,0.030594297,0.16339878,0.000200064003468,0.011205589,0.205398730003,0.0766012699969823,0.00705414,0.154343953,0.002000687,0.000200064003468,0.000606721,0.000377552,0.001608665,0.008612651,TRUE,0,0,TRUE,TRUE,"CUDA",FALSE,0.0459999999999923,0.16312056737587
100000,3,"compute","2.4.0",1,"cpp_cuda",1,48830,1.91753274174e-05,5215034811.30958,0.936331237793,0.5,TRUE,3,NA,NA,1.91753274174e-05,NA,NA,NA,NA,NA,NA,1.91753274174e-05,NA,NA,NA,NA,TRUE,0,0,TRUE,TRUE,"CUDA",FALSE,0.0016206134759,84.5155569249592
100000,3,"end_to_end","2.4.0",1,"cpp_cuda",1,1,0.27800000000002,359712.230215801,NA,NA,NA,NA,0.030279371,0.162805922,0.000179936006665,0.011125904,0.204391133007,0.07360886699302,0.006754444,0.154074153,0.001977325,0.000179936006665,0.000620984,0.000347954,0.001615891,0.008541075,TRUE,0,0,TRUE,TRUE,"CUDA",FALSE,0.0460000000000491,0.165467625899445
100000,30,"compute","2.4.0",12,"cpp_cuda",1,46706,1.91077975315e-05,5233465543.85171,0.892448791504,0.5,TRUE,3,NA,NA,1.91077975315e-05,NA,NA,NA,NA,NA,NA,1.91077975315e-05,NA,NA,NA,NA,TRUE,0,0,TRUE,TRUE,"CUDA",FALSE,0.00163431382789,85.5312510610271
100000,30,"end_to_end","2.4.0",12,"cpp_cuda",1,1,0.271999999999935,367647.058823618,NA,NA,NA,NA,0.030044395,0.16246002,0.000201248005033,0.011174238,0.203879901005,0.0681200989949345,0.006825069,0.153673522,0.001961429,0.000201248005033,0.000632412,0.000351158,0.001636423,0.008554245,TRUE,0,0,TRUE,TRUE,"CUDA",FALSE,0.0450000000000728,0.165441176470895
100000,4,"compute","2.4.0",18,"cpp_cuda",1,48830,1.91584468156e-05,5219629804.15374,0.935506958008,0.5,TRUE,3,NA,NA,1.91584468156e-05,NA,NA,NA,NA,NA,NA,1.91584468156e-05,NA,NA,NA,NA,TRUE,0,0,TRUE,TRUE,"CUDA",FALSE,0.00161648721068,84.3746482289867
100000,4,"end_to_end","2.4.0",18,"cpp_cuda",1,1,0.278999999999996,358422.939068105,NA,NA,NA,NA,0.03004666,0.164584541,0.000185855999589,0.011154384,0.205971441,0.0730285589999964,0.006647975,0.155927954,0.002008612,0.000185855999589,0.000628133,0.000349056,0.001589549,0.008587646,TRUE,0,0,TRUE,TRUE,"CUDA",FALSE,0.0429999999998927,0.154121863798901
100000,5,"compute","2.4.0",13,"cpp_cuda",1,48830,1.9175286169e-05,5215046029.49115,0.936329223633,0.5,TRUE,3,NA,NA,1.9175286169e-05,NA,NA,NA,NA,NA,NA,1.9175286169e-05,NA,NA,NA,NA,TRUE,0,0,TRUE,TRUE,"CUDA",FALSE,0.00162197929882,84.5869670222808
100000,5,"end_to_end","2.4.0",13,"cpp_cuda",1,1,0.271999999999935,367647.058823618,NA,NA,NA,NA,0.03075461,0.16222796,0.000206016004086,0.011197737,0.204386323004,0.0676136769959345,0.006846263,0.153397282,0.001984415,0.000206016004086,0.000611886,0.000354049,0.001612218,0.008619584,TRUE,0,0,TRUE,TRUE,"CUDA",FALSE,0.0440000000000964,0.161764705882746
100000,6,"compute","2.4.0",15,"cpp_cuda",1,46706,1.91555922432e-05,5220407635.03403,0.894681091309,0.5,TRUE,3,NA,NA,1.91555922432e-05,NA,NA,NA,NA,NA,NA,1.91555922432e-05,NA,NA,NA,NA,TRUE,0,0,TRUE,TRUE,"CUDA",FALSE,0.00161896028446,84.5163262981186
100000,6,"end_to_end","2.4.0",15,"cpp_cuda",1,1,0.278999999999996,358422.939068105,NA,NA,NA,NA,0.030619563,0.163299532,0.000201248005033,0.011178216,0.205298559005,0.0737014409949964,0.006867838,0.154448647,0.001983047,0.000201248005033,0.000611771,0.00037124,0.001624432,0.008570773,TRUE,0,0,TRUE,TRUE,"CUDA",FALSE,0.0440000000003238,0.157706093191127
100000,7,"compute","2.4.0",3,"cpp_cuda",1,46706,1.91957801025e-05,5209478305.44153,0.896558105469,0.5,TRUE,3,NA,NA,1.91957801025e-05,NA,NA,NA,NA,NA,NA,1.91957801025e-05,NA,NA,NA,NA,TRUE,0,0,TRUE,TRUE,"CUDA",FALSE,0.00162135327988,84.4640473699133
100000,7,"end_to_end","2.4.0",3,"cpp_cuda",1,1,0.269999999999982,370370.370370395,NA,NA,NA,NA,0.030733078,0.162485097,0.000202463999391,0.011152013,0.204572651999,0.0654273480009818,0.006856264,0.153652235,0.001976598,0.000202463999391,0.000595761,0.000361879,0.001562393,0.00863198,TRUE,0,0,TRUE,TRUE,"CUDA",FALSE,0.0440000000003238,0.162962962964173
100000,8,"compute","2.4.0",19,"cpp_cuda",1,28815,1.90984267566e-05,5236033379.84068,0.550321166992,0.5,TRUE,3,NA,NA,1.90984267566e-05,NA,NA,NA,NA,NA,NA,1.90984267566e-05,NA,NA,NA,NA,TRUE,0,0,TRUE,TRUE,"CUDA",FALSE,0.00161731462832,84.6831337958814
100000,8,"end_to_end","2.4.0",19,"cpp_cuda",1,1,0.2800000000002,357142.857142602,NA,NA,NA,NA,0.030223532,0.162856073,0.000207872003317,0.011090637,0.204378114003,0.0756218859972001,0.006829142,0.154037953,0.001988978,0.000207872003317,0.000606331,0.000349184,0.00158361,0.008551512,TRUE,0,0,TRUE,TRUE,"CUDA",FALSE,0.0430000000001201,0.153571428571748
100000,9,"compute","2.4.0",19,"cpp_cuda",1,46898,1.91907972571e-05,5210830934.23871,0.900010009766,0.5,TRUE,3,NA,NA,1.91907972571e-05,NA,NA,NA,NA,NA,NA,1.91907972571e-05,NA,NA,NA,NA,TRUE,0,0,TRUE,TRUE,"CUDA",FALSE,0.00161864383086,84.3447934535993
100000,9,"end_to_end","2.4.0",19,"cpp_cuda",1,1,0.279999999999745,357142.857143182,NA,NA,NA,NA,0.030471437,0.162940113,0.000191072002053,0.011119119,0.204721741002,0.0752782589977453,0.006820538,0.154153855,0.00196572,0.000191072002053,0.000618472,0.000350027,0.001572183,0.008578437,TRUE,0,0,TRUE,TRUE,"CUDA",FALSE,0.043999999999869,0.157142857142532
1000000,1,"compute","2.4.0",4,"cpp_cuda",1,860,0.000632024720658,1582216592.66571,0.543541259766,0.5,TRUE,2,NA,NA,0.000632024720658,NA,NA,NA,NA,NA,NA,0.000632024720658,NA,NA,NA,NA,TRUE,0,0,TRUE,TRUE,"CUDA",FALSE,0.018431538,29.1626852519486
1000000,1,"end_to_end","2.4.0",4,"cpp_cuda",1,1,0.761000000000024,1314060.44678051,NA,NA,NA,NA,0.332279266,0.244667202,0.000709024012089,0.10845603,0.686111522012,0.0748884779880241,0.071160877,0.15459795,0.018908375,0.000709024012089,0.005239416,0.001234675,0.015900377,0.086081562,TRUE,0,0,TRUE,TRUE,"CUDA",FALSE,0.451999999999998,0.593955321944788
1000000,10,"compute","2.4.0",14,"cpp_cuda",1,857,0.000634473696055,1576109468.71045,0.54374395752,0.5,TRUE,2,NA,NA,0.000634473696055,NA,NA,NA,NA,NA,NA,0.000634473696055,NA,NA,NA,NA,TRUE,0,0,TRUE,TRUE,"CUDA",FALSE,0.0184278577333,29.0443210615032
1000000,10,"end_to_end","2.4.0",14,"cpp_cuda",1,1,0.764999999999418,1307189.54248465,NA,NA,NA,NA,0.333992755,0.246132528,0.000704128026962,0.105998969,0.686828380027,0.0781716199724179,0.071128953,0.156185637,0.018817938,0.000704128026962,0.005218829,0.00123438,0.015754371,0.083791389,TRUE,0,0,TRUE,TRUE,"CUDA",FALSE,0.451000000000022,0.589542483660608
1000000,11,"compute","2.4.0",5,"cpp_cuda",1,856,0.000634774751752,1575361964.60235,0.5433671875,0.5,TRUE,2,NA,NA,0.000634774751752,NA,NA,NA,NA,NA,NA,0.000634774751752,NA,NA,NA,NA,TRUE,0,0,TRUE,TRUE,"CUDA",FALSE,0.0185657859667,29.2478330548873
1000000,11,"end_to_end","2.4.0",5,"cpp_cuda",1,1,0.77599999999984,1288659.7938147,NA,NA,NA,NA,0.333863414,0.246236925,0.000706239998341,0.106673068,0.687479646998,0.0885203530018399,0.072318334,0.155044619,0.018873972,0.000706239998341,0.005200367,0.001238034,0.015953477,0.08428119,TRUE,0,0,TRUE,TRUE,"CUDA",FALSE,0.456999999999425,0.588917525772576
1000000,12,"compute","2.4.0",3,"cpp_cuda",1,857,0.000634492854115,1576061879.20716,0.543760375977,0.5,TRUE,2,NA,NA,0.000634492854115,NA,NA,NA,NA,NA,NA,0.000634492854115,NA,NA,NA,NA,TRUE,0,0,TRUE,TRUE,"CUDA",FALSE,0.0188234440667,29.666912628914
1000000,12,"end_to_end","2.4.0",3,"cpp_cuda",1,1,0.768000000000029,1302083.33333328,NA,NA,NA,NA,0.333891853,0.247638846,0.000707584023476,0.106213747,0.688452030023,0.0795479699770291,0.073718417,0.155134955,0.018785474,0.000707584023476,0.005177888,0.001238277,0.015773851,0.084023731,TRUE,0,0,TRUE,TRUE,"CUDA",FALSE,0.460000000000036,0.598958333333358
1000000,13,"compute","2.4.0",16,"cpp_cuda",1,865,0.00063259051549,1580801443.45099,0.547190795898,0.5,TRUE,2,NA,NA,0.00063259051549,NA,NA,NA,NA,NA,NA,0.00063259051549,NA,NA,NA,NA,TRUE,0,0,TRUE,TRUE,"CUDA",FALSE,0.0187252884333,29.6009629843968
1000000,13,"end_to_end","2.4.0",16,"cpp_cuda",1,1,0.761000000000422,1314060.44677982,NA,NA,NA,NA,0.330207704,0.244418951,0.000724799990654,0.10635413,0.681705584991,0.079294415009422,0.071509711,0.154144447,0.018764793,0.000724799990654,0.005186991,0.001240037,0.015778426,0.084148676,TRUE,0,0,TRUE,TRUE,"CUDA",FALSE,0.457000000000335,0.600525624178819
1000000,14,"compute","2.4.0",5,"cpp_cuda",1,861,0.000634311512095,1576512456.31221,0.546142211914,0.5,TRUE,2,NA,NA,0.000634311512095,NA,NA,NA,NA,NA,NA,0.000634311512095,NA,NA,NA,NA,TRUE,0,0,TRUE,TRUE,"CUDA",FALSE,0.0186919361,29.4680700942419
1000000,14,"end_to_end","2.4.0",5,"cpp_cuda",1,1,0.770999999999731,1297016.86121965,NA,NA,NA,NA,0.333429531,0.247849681,0.000767072021961,0.1076071,0.689653384022,0.0813466159777307,0.07266638,0.156319521,0.01886378,0.000767072021961,0.005195585,0.001240665,0.015779887,0.085390963,TRUE,0,0,TRUE,TRUE,"CUDA",FALSE,0.454999999999927,0.590142671854845
1000000,15,"compute","2.4.0",12,"cpp_cuda",1,854,0.0006340046867,1577275406.59835,0.541440002441,0.5,TRUE,2,NA,NA,0.0006340046867,NA,NA,NA,NA,NA,NA,0.0006340046867,NA,NA,NA,NA,TRUE,0,0,TRUE,TRUE,"CUDA",FALSE,0.0186792298333,29.4622898302622
1000000,15,"end_to_end","2.4.0",12,"cpp_cuda",1,1,0.771999999999935,1295336.78756488,NA,NA,NA,NA,0.333931484,0.250504006,0.000721087992191,0.106196461,0.691353038992,0.0806469610079346,0.072141522,0.159378584,0.0189839,0.000721087992191,0.005234079,0.001241645,0.015909359,0.083811378,TRUE,0,0,TRUE,TRUE,"CUDA",FALSE,0.460000000000036,0.59585492227989
1000000,16,"compute","2.4.0",16,"cpp_cuda",1,863,0.000634646242215,1575680959.69475,0.547699707031,0.5,TRUE,2,NA,NA,0.000634646242215,NA,NA,NA,NA,NA,NA,0.000634646242215,NA,NA,NA,NA,TRUE,0,0,TRUE,TRUE,"CUDA",FALSE,0.0190837293448,30.0698689685694
1000000,16,"end_to_end","2.4.0",16,"cpp_cuda",1,1,0.774000000000342,1291989.66408212,NA,NA,NA,NA,0.33882827,0.248542461,0.000712512016296,0.106213784,0.694297027016,0.0797029729843419,0.072314462,0.157614347,0.018613652,0.000712512016296,0.005139522,0.001248554,0.015825675,0.084000033,TRUE,0,0,TRUE,TRUE,"CUDA",FALSE,0.465000000000146,0.600775193798373
1000000,17,"compute","2.4.0",10,"cpp_cuda",1,854,0.000632830796253,1580201225.8585,0.5404375,0.5,TRUE,2,NA,NA,0.000632830796253,NA,NA,NA,NA,NA,NA,0.000632830796253,NA,NA,NA,NA,TRUE,0,0,TRUE,TRUE,"CUDA",FALSE,0.0188922761724,29.8535979668838
1000000,17,"end_to_end","2.4.0",10,"cpp_cuda",1,1,0.765000000000327,1307189.5424831,NA,NA,NA,NA,0.33510257,0.245042606,0.000708927989006,0.10631245,0.687166553989,0.0778334460113275,0.072322961,0.153945296,0.018774349,0.000708927989006,0.005188139,0.001242369,0.015921015,0.083960927,TRUE,0,0,TRUE,TRUE,"CUDA",FALSE,0.46100000000024,0.602614379085023
1000000,18,"compute","2.4.0",18,"cpp_cuda",1,853,0.000634242497184,1576684004.05199,0.541008850098,0.5,TRUE,2,NA,NA,0.000634242497184,NA,NA,NA,NA,NA,NA,0.000634242497184,NA,NA,NA,NA,TRUE,0,0,TRUE,TRUE,"CUDA",FALSE,0.0187014638333,29.4862988783209
1000000,18,"end_to_end","2.4.0",18,"cpp_cuda",1,1,0.766999999999825,1303780.96479821,NA,NA,NA,NA,0.336883034,0.24599686,0.000706239998341,0.106546015,0.690132148998,0.0768678510018254,0.071992446,0.155281739,0.018722675,0.000706239998341,0.005141159,0.00123928,0.015807872,0.084357704,TRUE,0,0,TRUE,TRUE,"CUDA",FALSE,0.46100000000115,0.601043024773475
1000000,19,"compute","2.4.0",10,"cpp_cuda",1,856,0.000633217214424,1579236914.63385,0.542033935547,0.5,TRUE,2,NA,NA,0.000633217214424,NA,NA,NA,NA,NA,NA,0.000633217214424,NA,NA,NA,NA,TRUE,0,0,TRUE,TRUE,"CUDA",FALSE,0.0189678461333,29.9547228048023
1000000,19,"end_to_end","2.4.0",10,"cpp_cuda",1,1,0.772999999999229,1293661.06080336,NA,NA,NA,NA,0.330714311,0.248464444,0.000734143972397,0.106749346,0.686662244972,0.0863377550272287,0.071457058,0.158237377,0.018770009,0.000734143972397,0.005170345,0.001243582,0.01631029,0.084025129,TRUE,0,0,TRUE,TRUE,"CUDA",FALSE,0.460000000000946,0.59508408797077
1000000,2,"compute","2.4.0",13,"cpp_cuda",1,838,0.00063478587294,1575334364.9072,0.531950561523,0.5,TRUE,2,NA,NA,0.00063478587294,NA,NA,NA,NA,NA,NA,0.00063478587294,NA,NA,NA,NA,TRUE,0,0,TRUE,TRUE,"CUDA",FALSE,0.0185144876,29.1665085649283
1000000,2,"end_to_end","2.4.0",13,"cpp_cuda",1,1,0.759999999999991,1315789.47368423,NA,NA,NA,NA,0.330908301,0.244291915,0.000707520008087,0.106270067,0.682177803008,0.0778221969919909,0.071916836,0.153570267,0.018804812,0.000707520008087,0.005161592,0.001234594,0.015778458,0.084095423,TRUE,0,0,TRUE,TRUE,"CUDA",FALSE,0.453999999999951,0.597368421052574
1000000,20,"compute","2.4.0",1,"cpp_cuda",1,852,0.000633886059685,1577570581.8439,0.540070922852,0.5,TRUE,2,NA,NA,0.000633886059685,NA,NA,NA,NA,NA,NA,0.000633886059685,NA,NA,NA,NA,TRUE,0,0,TRUE,TRUE,"CUDA",FALSE,0.0186357511333,29.3992127584581
1000000,20,"end_to_end","2.4.0",1,"cpp_cuda",1,1,0.774999999999636,1290322.58064577,NA,NA,NA,NA,0.335821761,0.246172909,0.000718016028404,0.10667913,0.689391816028,0.0856081839716362,0.072508685,0.15487699,0.018787234,0.000718016028404,0.005173539,0.001237183,0.015875752,0.084392656,TRUE,0,0,TRUE,TRUE,"CUDA",FALSE,0.453999999999724,0.585806451612822
1000000,21,"compute","2.4.0",6,"cpp_cuda",1,856,0.000634998428487,1574807046.97598,0.543558654785,0.5,TRUE,2,NA,NA,0.000634998428487,NA,NA,NA,NA,NA,NA,0.000634998428487,NA,NA,NA,NA,TRUE,0,0,TRUE,TRUE,"CUDA",FALSE,0.0192062533103,30.2461430590662
1000000,21,"end_to_end","2.4.0",6,"cpp_cuda",1,1,0.784999999999854,1273885.35031871,NA,NA,NA,NA,0.338120016,0.251761981,0.000716319978237,0.10664748,0.697245796978,0.0877542030218544,0.073085226,0.159893457,0.018783298,0.000716319978237,0.005271377,0.001247747,0.016022838,0.084105518,TRUE,0,0,TRUE,TRUE,"CUDA",FALSE,0.460000000000946,0.585987261147811
1000000,22,"compute","2.4.0",11,"cpp_cuda",1,860,0.000635356175622,1573920327.47777,0.546406311035,0.5,TRUE,2,NA,NA,0.000635356175622,NA,NA,NA,NA,NA,NA,0.000635356175622,NA,NA,NA,NA,TRUE,0,0,TRUE,TRUE,"CUDA",FALSE,0.0192290787241,30.2650378825312
1000000,22,"end_to_end","2.4.0",11,"cpp_cuda",1,1,0.777000000000044,1287001.28700121,NA,NA,NA,NA,0.335293755,0.246978976,0.000724287986755,0.106498935,0.689495953987,0.0875040460130436,0.072578205,0.155403065,0.018997706,0.000724287986755,0.005187869,0.0012371,0.015921643,0.084152323,TRUE,0,0,TRUE,TRUE,"CUDA",FALSE,0.462999999999738,0.595881595881225
1000000,23,"compute","2.4.0",13,"cpp_cuda",1,867,0.000632892261052,1580047760.95348,0.548717590332,0.5,TRUE,2,NA,NA,0.000632892261052,NA,NA,NA,NA,NA,NA,0.000632892261052,NA,NA,NA,NA,TRUE,0,0,TRUE,TRUE,"CUDA",FALSE,0.0190709914138,30.1330772825378
1000000,23,"end_to_end","2.4.0",13,"cpp_cuda",1,1,0.77599999999984,1288659.7938147,NA,NA,NA,NA,0.335425309,0.25299022,0.000750015974045,0.106677688,0.695843232974,0.08015676702584,0.073731333,0.159957748,0.019301139,0.000750015974045,0.005247764,0.001264423,0.015891887,0.084273614,TRUE,0,0,TRUE,TRUE,"CUDA",FALSE,0.460000000000946,0.59278350515598
1000000,24,"compute","2.4.0",5,"cpp_cuda",1,855,0.000633882364195,1577579778.97043,0.541969421387,0.5,TRUE,2,NA,NA,0.000633882364195,NA,NA,NA,NA,NA,NA,0.000633882364195,NA,NA,NA,NA,TRUE,0,0,TRUE,TRUE,"CUDA",FALSE,0.0189968986,29.9691230945116
1000000,24,"end_to_end","2.4.0",5,"cpp_cuda",1,1,0.766999999999825,1303780.96479821,NA,NA,NA,NA,0.335691749,0.247340063,0.000724352002144,0.107507244,0.691263408002,0.0757365919978253,0.073157701,0.155304983,0.018877379,0.000724352002144,0.005169395,0.001245751,0.016016903,0.085075195,TRUE,0,0,TRUE,TRUE,"CUDA",FALSE,0.459000000000742,0.598435462843346
1000000,25,"compute","2.4.0",1,"cpp_cuda",1,854,0.00063479842961,1575303203.90737,0.542117858887,0.5,TRUE,2,NA,NA,0.00063479842961,NA,NA,NA,NA,NA,NA,0.00063479842961,NA,NA,NA,NA,TRUE,0,0,TRUE,TRUE,"CUDA",FALSE,0.0197801185,31.1596840467174
1000000,25,"end_to_end","2.4.0",1,"cpp_cuda",1,1,0.770000000000437,1298701.29870056,NA,NA,NA,NA,0.337727754,0.246128902,0.00071369600296,0.107173353,0.691743705003,0.0782562949974366,0.073005709,0.154351378,0.018771815,0.00071369600296,0.005173512,0.001243077,0.016133512,0.084623252,TRUE,0,0,TRUE,TRUE,"CUDA",FALSE,0.456999999999994,0.593506493506149
1000000,26,"compute","2.4.0",11,"cpp_cuda",1,861,0.000635168981608,1574384185.87191,0.546880493164,0.5,TRUE,2,NA,NA,0.000635168981608,NA,NA,NA,NA,NA,NA,0.000635168981608,NA,NA,NA,NA,TRUE,0,0,TRUE,TRUE,"CUDA",FALSE,0.0185110832333,29.1435567058661
1000000,26,"end_to_end","2.4.0",11,"cpp_cuda",1,1,0.80699999999996,1239157.37298643,NA,NA,NA,NA,0.36360807,0.252752869,0.000803520023823,0.11373467,0.730899129024,0.0761008709759595,0.076198304,0.156511233,0.020043332,0.000803520023823,0.00556125,0.001236181,0.01696816,0.089969079,TRUE,0,0,TRUE,TRUE,"CUDA",TRUE,0.456000000000017,0.565055762081834
1000000,27,"compute","2.4.0",1,"cpp_cuda",1,864,0.000634548116613,1575924620.71695,0.548249572754,0.5,TRUE,2,NA,NA,0.000634548116613,NA,NA,NA,NA,NA,NA,0.000634548116613,NA,NA,NA,NA,TRUE,0,0,TRUE,TRUE,"CUDA",FALSE,0.0189135907667,29.8063933554074
1000000,27,"end_to_end","2.4.0",1,"cpp_cuda",1,1,0.786999999999921,1270648.03049568,NA,NA,NA,NA,0.340251739,0.248635815,0.000752448022366,0.107795274,0.697435276022,0.0895647239779209,0.072447917,0.157157206,0.019030692,0.000752448022366,0.00527863,0.001274008,0.016619016,0.08462362,TRUE,0,0,TRUE,TRUE,"CUDA",FALSE,0.461000000000013,0.585768742058525
1000000,28,"compute","2.4.0",10,"cpp_cuda",1,860,0.000635397906636,1573816957.14788,0.546442199707,0.5,TRUE,2,NA,NA,0.000635397906636,NA,NA,NA,NA,NA,NA,0.000635397906636,NA,NA,NA,NA,TRUE,0,0,TRUE,TRUE,"CUDA",FALSE,0.0188883793,29.7268516353809
1000000,28,"end_to_end","2.4.0",10,"cpp_cuda",1,1,0.76700000000001,1303780.9647979,NA,NA,NA,NA,0.336207566,0.24853548,0.000743839979172,0.106456417,0.691943302979,0.0750566970210101,0.072174742,0.157522869,0.018837869,0.000743839979172,0.005176181,0.001274954,0.016000972,0.08400431,TRUE,0,0,TRUE,TRUE,"CUDA",FALSE,0.463999999999942,0.604954367666149
1000000,29,"compute","2.4.0",6,"cpp_cuda",1,861,0.000635305796766,1574045137.14571,0.546998291016,0.5,TRUE,2,NA,NA,0.000635305796766,NA,NA,NA,NA,NA,NA,0.000635305796766,NA,NA,NA,NA,TRUE,0,0,TRUE,TRUE,"CUDA",FALSE,0.0189422787241,29.8160017121282
1000000,29,"end_to_end","2.4.0",6,"cpp_cuda",1,1,0.76600000000002,1305483.02872059,NA,NA,NA,NA,0.340834768,0.24515249,0.000730336010456,0.10647244,0.69319003401,0.0728099659900195,0.073090494,0.153351141,0.018710855,0.000730336010456,0.005164294,0.001238264,0.015985317,0.084084565,TRUE,0,0,TRUE,TRUE,"CUDA",FALSE,0.468999999999994,0.61227154046995
1000000,3,"compute","2.4.0",18,"cpp_cuda",1,861,0.000634636182264,1575705936.64011,0.54642175293,0.5,TRUE,2,NA,NA,0.000634636182264,NA,NA,NA,NA,NA,NA,0.000634636182264,NA,NA,NA,NA,TRUE,0,0,TRUE,TRUE,"CUDA",FALSE,0.0183960252,28.9867261182211
1000000,3,"end_to_end","2.4.0",18,"cpp_cuda",1,1,0.763999999999896,1308900.52356039,NA,NA,NA,NA,0.332539157,0.244626486,0.000707008004189,0.106891151,0.684763802004,0.0792361979958963,0.07171565,0.1541145,0.018796336,0.000707008004189,0.00518871,0.001243217,0.015725798,0.084733426,TRUE,0,0,TRUE,TRUE,"CUDA",FALSE,0.454999999999927,0.595549738219881
1000000,30,"compute","2.4.0",9,"cpp_cuda",1,859,0.000635698986831,1573071564.86919,0.546065429688,0.5,TRUE,2,NA,NA,0.000635698986831,NA,NA,NA,NA,NA,NA,0.000635698986831,NA,NA,NA,NA,TRUE,0,0,TRUE,TRUE,"CUDA",FALSE,0.0187846426333,29.5495871826737
1000000,30,"end_to_end","2.4.0",9,"cpp_cuda",1,1,0.770999999999958,1297016.86121927,NA,NA,NA,NA,0.340886961,0.245132422,0.000745887994766,0.10689269,0.693657960995,0.0773420390049582,0.072625696,0.153726417,0.018780309,0.000745887994766,0.005249591,0.001274551,0.01603254,0.084336008,TRUE,0,0,TRUE,TRUE,"CUDA",FALSE,0.467999999999961,0.607003891050566
1000000,4,"compute","2.4.0",14,"cpp_cuda",1,848,0.000634246034442,1576675210.71659,0.537840637207,0.5,TRUE,2,NA,NA,0.000634246034442,NA,NA,NA,NA,NA,NA,0.000634246034442,NA,NA,NA,NA,TRUE,0,0,TRUE,TRUE,"CUDA",FALSE,0.0184151206,29.0346641523764
1000000,4,"end_to_end","2.4.0",14,"cpp_cuda",1,1,0.758000000000038,1319261.21372025,NA,NA,NA,NA,0.330704565,0.244889215,0.000728735983372,0.106233808,0.682556323983,0.0754436760170382,0.07227063,0.153830298,0.018788287,0.000728735983372,0.005183701,0.001233771,0.015868096,0.08394824,TRUE,0,0,TRUE,TRUE,"CUDA",FALSE,0.452999999999975,0.597625329815241
1000000,5,"compute","2.4.0",12,"cpp_cuda",1,856,0.000634143080667,1576931185.54284,0.542826477051,0.5,TRUE,2,NA,NA,0.000634143080667,NA,NA,NA,NA,NA,NA,0.000634143080667,NA,NA,NA,NA,TRUE,0,0,TRUE,TRUE,"CUDA",FALSE,0.0184944233333,29.1644329129119
1000000,5,"end_to_end","2.4.0",12,"cpp_cuda",1,1,0.773999999999887,1291989.66408288,NA,NA,NA,NA,0.332770349,0.246199455,0.000729376018047,0.106568928,0.686268108018,0.0877318919818872,0.071483574,0.155606028,0.019109853,0.000729376018047,0.00516325,0.001253478,0.015951226,0.084200974,TRUE,0,0,TRUE,TRUE,"CUDA",FALSE,0.453999999999724,0.586563307493269
1000000,6,"compute","2.4.0",2,"cpp_cuda",1,850,0.000633970444623,1577360598.56018,0.53887487793,0.5,TRUE,2,NA,NA,0.000633970444623,NA,NA,NA,NA,NA,NA,0.000633970444623,NA,NA,NA,NA,TRUE,0,0,TRUE,TRUE,"CUDA",FALSE,0.0185516008333,29.2625641946637
1000000,6,"end_to_end","2.4.0",2,"cpp_cuda",1,1,0.776000000000295,1288659.79381394,NA,NA,NA,NA,0.333618098,0.249387833,0.00070288002491,0.106727942,0.690436753025,0.0855632469752947,0.071643372,0.158842539,0.018901922,0.00070288002491,0.005232031,0.001247495,0.015876245,0.084372171,TRUE,0,0,TRUE,TRUE,"CUDA",FALSE,0.456000000000131,0.587628865979327
1000000,7,"compute","2.4.0",4,"cpp_cuda",1,859,0.000634317347001,1576497954.41969,0.544878601074,0.5,TRUE,2,NA,NA,0.000634317347001,NA,NA,NA,NA,NA,NA,0.000634317347001,NA,NA,NA,NA,TRUE,0,0,TRUE,TRUE,"CUDA",FALSE,0.0184584284333,29.0996746668997
1000000,7,"end_to_end","2.4.0",4,"cpp_cuda",1,1,0.766999999999825,1303780.96479821,NA,NA,NA,NA,0.334265648,0.248063309,0.000722464025021,0.106470956,0.689522377025,0.0774776229748254,0.072310558,0.157034386,0.018718365,0.000722464025021,0.005152431,0.001246888,0.015819306,0.084252331,TRUE,0,0,TRUE,TRUE,"CUDA",FALSE,0.456000000000131,0.594524119948155
1000000,8,"compute","2.4.0",16,"cpp_cuda",1,856,0.000633596402462,1578291789.717,0.542358520508,0.5,TRUE,2,NA,NA,0.000633596402462,NA,NA,NA,NA,NA,NA,0.000633596402462,NA,NA,NA,NA,TRUE,0,0,TRUE,TRUE,"CUDA",FALSE,0.0183663974667,28.9875343283716
1000000,8,"end_to_end","2.4.0",16,"cpp_cuda",1,1,0.756999999999607,1321003.96301257,NA,NA,NA,NA,0.330180474,0.243136402,0.000711583971977,0.106163778,0.680192237972,0.0768077620276071,0.071166891,0.153317582,0.018651929,0.000711583971977,0.005109583,0.001236739,0.015870935,0.083946521,TRUE,0,0,TRUE,TRUE,"CUDA",FALSE,0.454999999999927,0.601056803170625
1000000,9,"compute","2.4.0",5,"cpp_cuda",1,854,0.000634993899343,1574818279.41128,0.542284790039,0.5,TRUE,2,NA,NA,0.000634993899343,NA,NA,NA,NA,NA,NA,0.000634993899343,NA,NA,NA,NA,TRUE,0,0,TRUE,TRUE,"CUDA",FALSE,0.0184122071,28.9958803053861
1000000,9,"end_to_end","2.4.0",5,"cpp_cuda",1,1,0.766999999999825,1303780.96479821,NA,NA,NA,NA,0.331076706,0.246396624,0.000711968004704,0.106619344,0.684804642005,0.0821953579948254,0.072609284,0.155030152,0.018757188,0.000711968004704,0.005193774,0.001234404,0.015829657,0.084361509,TRUE,0,0,TRUE,TRUE,"CUDA",FALSE,0.453999999999724,0.591916558018028
2000000,1,"compute","2.4.0",14,"cpp_cuda",1,434,0.00126029623708,1586928486.45953,0.546968566895,0.5,TRUE,2,NA,NA,0.00126029623708,NA,NA,NA,NA,NA,NA,0.00126029623708,NA,NA,NA,NA,TRUE,0,0,TRUE,TRUE,"CUDA",FALSE,0.0369282368667,29.3012355192455
2000000,1,"end_to_end","2.4.0",14,"cpp_cuda",1,1,1.30000000000001,1538461.53846152,NA,NA,NA,NA,0.663157877,0.335442257,0.00137257599831,0.213393135,1.213365845,0.0866341550000114,0.144575125,0.153864125,0.037003007,0.00137257599831,0.010161252,0.001302893,0.032233933,0.169695057,TRUE,0,0,TRUE,TRUE,"CUDA",FALSE,0.900999999999954,0.693076923076882
2000000,10,"compute","2.4.0",15,"cpp_cuda",1,431,0.00126415279238,1582087238.2322,0.544849853516,0.5,TRUE,2,NA,NA,0.00126415279238,NA,NA,NA,NA,NA,NA,0.00126415279238,NA,NA,NA,NA,TRUE,0,0,TRUE,TRUE,"CUDA",FALSE,0.0372046450667,29.4304970814924
2000000,10,"end_to_end","2.4.0",15,"cpp_cuda",1,1,1.30299999999988,1534919.41673076,NA,NA,NA,NA,0.665712387,0.333391597,0.0013559679985,0.213120019,1.213579971,0.0894200289998837,0.143048248,0.152956115,0.037387234,0.0013559679985,0.010231043,0.002371394,0.031512324,0.169005258,TRUE,0,0,TRUE,TRUE,"CUDA",FALSE,0.90900000000056,0.697620874904562
2000000,11,"compute","2.4.0",19,"cpp_cuda",1,432,0.00126384113453,1582477374.21821,0.545979370117,0.5,TRUE,2,NA,NA,0.00126384113453,NA,NA,NA,NA,NA,NA,0.00126384113453,NA,NA,NA,NA,TRUE,0,0,TRUE,TRUE,"CUDA",FALSE,0.0374062686,29.5972868567146
2000000,11,"end_to_end","2.4.0",19,"cpp_cuda",1,1,1.30200000000059,1536098.31029116,NA,NA,NA,NA,0.666516091,0.337777773,0.0013575040102,0.21283772,1.21848908801,0.0835109119905892,0.143510532,0.156845634,0.037421607,0.0013575040102,0.010286105,0.002357577,0.031958062,0.168235976,TRUE,0,0,TRUE,TRUE,"CUDA",FALSE,0.909999999999854,0.698924731182367
2000000,12,"compute","2.4.0",4,"cpp_cuda",1,432,0.00126375113593,1582590071.04923,0.545940490723,0.5,TRUE,2,NA,NA,0.00126375113593,NA,NA,NA,NA,NA,NA,0.00126375113593,NA,NA,NA,NA,TRUE,0,0,TRUE,TRUE,"CUDA",FALSE,0.0372229809333,29.4543600199476
2000000,12,"end_to_end","2.4.0",4,"cpp_cuda",1,1,1.32200000000012,1512859.30408459,NA,NA,NA,NA,0.672480544,0.336204347,0.00135135996342,0.213106605,1.22314285596,0.0988571440401165,0.144810269,0.154042926,0.037351152,0.00135135996342,0.010296292,0.002363496,0.032338282,0.168108535,TRUE,0,0,TRUE,TRUE,"CUDA",FALSE,0.915999999999258,0.692889561270178
2000000,13,"compute","2.4.0",9,"cpp_cuda",1,432,0.00126445742007,1581706088.52078,0.546245605469,0.5,TRUE,2,NA,NA,0.00126445742007,NA,NA,NA,NA,NA,NA,0.00126445742007,NA,NA,NA,NA,TRUE,0,0,TRUE,TRUE,"CUDA",FALSE,0.0373262120667,29.5195484436586
2000000,13,"end_to_end","2.4.0",9,"cpp_cuda",1,1,1.30299999999988,1534919.41673076,NA,NA,NA,NA,0.667040724,0.33302058,0.00135199999809,0.212574067,1.213987371,0.0890126289998836,0.142952414,0.152781987,0.037286179,0.00135199999809,0.010326698,0.001307109,0.032298613,0.168641647,TRUE,0,0,TRUE,TRUE,"CUDA",FALSE,0.908999999999651,0.697620874903864
2000000,14,"compute","2.4.0",10,"cpp_cuda",1,431,0.00126263243638,1583992254.89094,0.544194580078,0.5,TRUE,2,NA,NA,0.00126263243638,NA,NA,NA,NA,NA,NA,0.00126263243638,NA,NA,NA,NA,TRUE,0,0,TRUE,TRUE,"CUDA",FALSE,0.0376142946,29.7903756597931
2000000,14,"end_to_end","2.4.0",10,"cpp_cuda",1,1,1.3159999999998,1519756.838906,NA,NA,NA,NA,0.672242,0.339185591,0.0013660479784,0.213336807,1.22613044598,0.0898695540198036,0.14373529,0.157831151,0.03761915,0.0013660479784,0.010325342,0.002358146,0.031819059,0.16883426,TRUE,0,0,TRUE,TRUE,"CUDA",FALSE,0.913000000000466,0.693768996960946
2000000,15,"compute","2.4.0",11,"cpp_cuda",1,432,0.00126376060203,1582578216.78201,0.545944580078,0.5,TRUE,2,NA,NA,0.00126376060203,NA,NA,NA,NA,NA,NA,0.00126376060203,NA,NA,NA,NA,TRUE,0,0,TRUE,TRUE,"CUDA",FALSE,0.0373747133333,29.5742035898764
2000000,15,"end_to_end","2.4.0",11,"cpp_cuda",1,1,1.32500000000073,1509433.96226332,NA,NA,NA,NA,0.67073723,0.337131337,0.00140115201473,0.215041001,1.22431072001,0.100689279990728,0.142598553,0.157330024,0.03720276,0.00140115201473,0.010235875,0.001333663,0.032950756,0.170520707,TRUE,0,0,TRUE,TRUE,"CUDA",FALSE,0.914999999999964,0.690566037735441
2000000,16,"compute","2.4.0",16,"cpp_cuda",1,429,0.00126290231985,1583653754.18548,0.541785095215,0.5,TRUE,2,NA,NA,0.00126290231985,NA,NA,NA,NA,NA,NA,0.00126290231985,NA,NA,NA,NA,TRUE,0,0,TRUE,TRUE,"CUDA",FALSE,0.0377090500667,29.8590393524488
2000000,16,"end_to_end","2.4.0",16,"cpp_cuda",1,1,1.31600000000071,1519756.83890495,NA,NA,NA,NA,0.671379023,0.335202658,0.00138755202293,0.212085363,1.22005459602,0.0959454039807131,0.143184107,0.154588396,0.037430155,0.00138755202293,0.01022334,0.001309283,0.032101026,0.168451714,TRUE,0,0,TRUE,TRUE,"CUDA",FALSE,0.918000000000575,0.697568389057811
2000000,17,"compute","2.4.0",5,"cpp_cuda",1,435,0.00126573935322,1580104146.17517,0.550596618652,0.5,TRUE,2,NA,NA,0.00126573935322,NA,NA,NA,NA,NA,NA,0.00126573935322,NA,NA,NA,NA,TRUE,0,0,TRUE,TRUE,"CUDA",FALSE,0.0374636791333,29.5982573647518
2000000,17,"end_to_end","2.4.0",5,"cpp_cuda",1,1,1.30799999999999,1529051.98776759,NA,NA,NA,NA,0.669469209,0.338491121,0.00138390398026,0.212576836,1.22192106998,0.0860789300199927,0.143567485,0.15730823,0.037615406,0.00138390398026,0.010278655,0.00132532,0.032277737,0.168695124,TRUE,0,0,TRUE,TRUE,"CUDA",FALSE,0.908999999999651,0.694954128440105
2000000,18,"compute","2.4.0",2,"cpp_cuda",1,431,0.00126176038419,1585087014.19083,0.543818725586,0.5,TRUE,2,NA,NA,0.00126176038419,NA,NA,NA,NA,NA,NA,0.00126176038419,NA,NA,NA,NA,TRUE,0,0,TRUE,TRUE,"CUDA",FALSE,0.0373023834,29.5637617628538
2000000,18,"end_to_end","2.4.0",2,"cpp_cuda",1,1,1.31900000000132,1516300.22744351,NA,NA,NA,NA,0.666172049,0.336173159,0.00139769601822,0.214528562,1.21827146602,0.100728533981324,0.142785107,0.155757376,0.037630676,0.00139769601822,0.010304758,0.002381765,0.033040573,0.168801466,TRUE,0,0,TRUE,TRUE,"CUDA",FALSE,0.911000000000058,0.690674753600566
2000000,19,"compute","2.4.0",8,"cpp_cuda",1,431,0.00126329546793,1583160907.9364,0.54448034668,0.5,TRUE,2,NA,NA,0.00126329546793,NA,NA,NA,NA,NA,NA,0.00126329546793,NA,NA,NA,NA,TRUE,0,0,TRUE,TRUE,"CUDA",FALSE,0.0374225852,29.6229869812797
2000000,19,"end_to_end","2.4.0",8,"cpp_cuda",1,1,1.30199999999968,1536098.31029224,NA,NA,NA,NA,0.669211899,0.335539585,0.00138127994537,0.213400125,1.21953288895,0.08246711104968,0.143178886,0.154851585,0.037509114,0.00138127994537,0.01023295,0.002356484,0.031936135,0.168874556,TRUE,0,0,TRUE,TRUE,"CUDA",FALSE,0.913000000000466,0.701228878648764
2000000,2,"compute","2.4.0",17,"cpp_cuda",1,431,0.00126193867482,1584863068.15605,0.543895568848,0.5,TRUE,2,NA,NA,0.00126193867482,NA,NA,NA,NA,NA,NA,0.00126193867482,NA,NA,NA,NA,TRUE,0,0,TRUE,TRUE,"CUDA",FALSE,0.0371032926667,29.4018191272189
2000000,2,"end_to_end","2.4.0",17,"cpp_cuda",1,1,1.30099999999993,1537279.01614151,NA,NA,NA,NA,0.668594195,0.334526194,0.00135894405842,0.21103645,1.21551578306,0.0854842169399308,0.143126167,0.154018896,0.037381131,0.00135894405842,0.010231382,0.001297193,0.031759141,0.167748734,TRUE,0,0,TRUE,TRUE,"CUDA",FALSE,0.90300000000002,0.694081475787908
2000000,20,"compute","2.4.0",7,"cpp_cuda",1,432,0.00126390287611,1582400070.29301,0.54600604248,0.5,TRUE,2,NA,NA,0.00126390287611,NA,NA,NA,NA,NA,NA,0.00126390287611,NA,NA,NA,NA,TRUE,0,0,TRUE,TRUE,"CUDA",FALSE,0.0376314210667,29.7739816705859
2000000,20,"end_to_end","2.4.0",7,"cpp_cuda",1,1,1.32200000000012,1512859.30408459,NA,NA,NA,NA,0.67419783,0.336238924,0.00136073601246,0.212804233,1.22460172301,0.0973982769901165,0.143473841,0.155357465,0.037407618,0.00136073601246,0.010239642,0.002355284,0.031987962,0.168221345,TRUE,0,0,TRUE,TRUE,"CUDA",FALSE,0.911000000000058,0.689107413010571
2000000,21,"compute","2.4.0",9,"cpp_cuda",1,430,0.00126398272847,1582300101.85418,0.543512573242,0.5,TRUE,2,NA,NA,0.00126398272847,NA,NA,NA,NA,NA,NA,0.00126398272847,NA,NA,NA,NA,TRUE,0,0,TRUE,TRUE,"CUDA",FALSE,0.0374731656667,29.6468969256089
2000000,21,"end_to_end","2.4.0",9,"cpp_cuda",1,1,1.31700000000092,1518602.88534442,NA,NA,NA,NA,0.667368554,0.340141866,0.00135779201984,0.212276933,1.22114514502,0.0958548549809168,0.1431157,0.159571708,0.037454458,0.00135779201984,0.010271638,0.002361713,0.031832864,0.167810718,TRUE,0,0,TRUE,TRUE,"CUDA",FALSE,0.912000000000262,0.692482915717255
2000000,22,"compute","2.4.0",12,"cpp_cuda",1,431,0.00125583261016,1592568933.00867,0.54126385498,0.5,TRUE,2,NA,NA,0.00125583261016,NA,NA,NA,NA,NA,NA,0.00125583261016,NA,NA,NA,NA,TRUE,0,0,TRUE,TRUE,"CUDA",TRUE,0.0370964287333,29.5393099631118
2000000,22,"end_to_end","2.4.0",12,"cpp_cuda",1,1,1.32099999999991,1514004.54201373,NA,NA,NA,NA,0.673868981,0.340586997,0.00137033605576,0.211829543,1.22765585706,0.0933441429399127,0.145041953,0.158131747,0.037413297,0.00137033605576,0.010274184,0.001296442,0.031903079,0.168355838,TRUE,0,0,TRUE,TRUE,"CUDA",FALSE,0.906999999999243,0.686601059802653
2000000,23,"compute","2.4.0",12,"cpp_cuda",1,431,0.00126362316017,1582750350.76987,0.544621582031,0.5,TRUE,2,NA,NA,0.00126362316017,NA,NA,NA,NA,NA,NA,0.00126362316017,NA,NA,NA,NA,TRUE,0,0,TRUE,TRUE,"CUDA",FALSE,0.037584545,29.743475891138
2000000,23,"end_to_end","2.4.0",12,"cpp_cuda",1,1,1.3130000000001,1523229.2460014,NA,NA,NA,NA,0.67193112,0.34099375,0.00135520005226,0.213162191,1.22744226105,0.0855577389501019,0.14443541,0.159102658,0.037455682,0.00135520005226,0.010256559,0.002373748,0.031878131,0.168653753,TRUE,0,0,TRUE,TRUE,"CUDA",FALSE,0.924000000000888,0.703731911653326
2000000,24,"compute","2.4.0",8,"cpp_cuda",1,432,0.00126323883622,1583231881.93344,0.545719177246,0.5,TRUE,2,NA,NA,0.00126323883622,NA,NA,NA,NA,NA,NA,0.00126323883622,NA,NA,NA,NA,TRUE,0,0,TRUE,TRUE,"CUDA",FALSE,0.0372342104667,29.4751945547496
2000000,24,"end_to_end","2.4.0",8,"cpp_cuda",1,1,1.31099999999969,1525553.01296756,NA,NA,NA,NA,0.673334582,0.337498258,0.00136796796322,0.212936546,1.22513735396,0.0858626460396945,0.144439778,0.155389504,0.037668976,0.00136796796322,0.010302596,0.001302523,0.032154968,0.169176459,TRUE,0,0,TRUE,TRUE,"CUDA",FALSE,0.907999999999447,0.692601067886851
2000000,25,"compute","2.4.0",11,"cpp_cuda",1,429,0.00126831595325,1576894144.45596,0.544107543945,0.5,TRUE,2,NA,NA,0.00126831595325,NA,NA,NA,NA,NA,NA,0.00126831595325,NA,NA,NA,NA,TRUE,0,0,TRUE,TRUE,"CUDA",TRUE,0.0373848792,29.4759985508366
2000000,25,"end_to_end","2.4.0",11,"cpp_cuda",1,1,1.31700000000001,1518602.88534547,NA,NA,NA,NA,0.67992047,0.335458721,0.00134985601902,0.213021329,1.22975037602,0.0872496239800074,0.142837844,0.155392943,0.037227934,0.00134985601902,0.010228635,0.002358212,0.032428037,0.168006445,TRUE,0,0,TRUE,TRUE,"CUDA",FALSE,0.921000000000021,0.699316628701605
2000000,26,"compute","2.4.0",7,"cpp_cuda",1,431,0.00126634354381,1579350255.92082,0.545794067383,0.5,TRUE,2,NA,NA,0.00126634354381,NA,NA,NA,NA,NA,NA,0.00126634354381,NA,NA,NA,NA,TRUE,0,0,TRUE,TRUE,"CUDA",FALSE,0.0371828048667,29.3623361910383
2000000,26,"end_to_end","2.4.0",7,"cpp_cuda",1,1,1.31400000000002,1522070.01522068,NA,NA,NA,NA,0.676156156,0.334534933,0.00135968005657,0.214064198,1.22611496706,0.0878850329400214,0.144676971,0.152609318,0.037248644,0.00135968005657,0.010250364,0.002363917,0.031943909,0.169506008,TRUE,0,0,TRUE,TRUE,"CUDA",FALSE,0.91500000000002,0.696347031963475
2000000,27,"compute","2.4.0",10,"cpp_cuda",1,432,0.00126337658917,1583059253.38852,0.545778686523,0.5,TRUE,2,NA,NA,0.00126337658917,NA,NA,NA,NA,NA,NA,0.00126337658917,NA,NA,NA,NA,TRUE,0,0,TRUE,TRUE,"CUDA",FALSE,0.040225741,31.8398657572301
2000000,27,"end_to_end","2.4.0",10,"cpp_cuda",1,1,1.31200000000001,1524390.24390243,NA,NA,NA,NA,0.679632439,0.334411147,0.00135446405411,0.211611512,1.22700956205,0.0849904379500119,0.144182199,0.153025548,0.0372034,0.00135446405411,0.010220967,0.00129651,0.032041928,0.168052107,TRUE,0,0,TRUE,TRUE,"CUDA",FALSE,0.920999999999935,0.701981707317018
2000000,28,"compute","2.4.0",14,"cpp_cuda",1,429,0.00126611527307,1579635000.4929,0.543163452148,0.5,TRUE,2,NA,NA,0.00126611527307,NA,NA,NA,NA,NA,NA,0.00126611527307,NA,NA,NA,NA,TRUE,0,0,TRUE,TRUE,"CUDA",FALSE,0.037173881,29.360581765879
2000000,28,"end_to_end","2.4.0",14,"cpp_cuda",1,1,1.31399999999999,1522070.01522071,NA,NA,NA,NA,0.679863569,0.333922248,0.00137299203873,0.215317817,1.23047662604,0.083523373959993,0.143815362,0.152700193,0.037406693,0.00137299203873,0.010283913,0.002401306,0.033551016,0.169081582,TRUE,0,0,TRUE,TRUE,"CUDA",FALSE,0.923000000000002,0.70243531202436
2000000,29,"compute","2.4.0",11,"cpp_cuda",1,432,0.0012665125529,1579139500.37092,0.547133422852,0.5,TRUE,2,NA,NA,0.0012665125529,NA,NA,NA,NA,NA,NA,0.0012665125529,NA,NA,NA,NA,TRUE,0,0,TRUE,TRUE,"CUDA",FALSE,0.0378734225333,29.903708768286
2000000,29,"end_to_end","2.4.0",11,"cpp_cuda",1,1,1.33600000000001,1497005.98802394,NA,NA,NA,NA,0.684590143,0.340329535,0.00142483198643,0.215449132,1.24179364199,0.0942063580100128,0.143908237,0.159057544,0.037363754,0.00142483198643,0.010242366,0.002391967,0.032420812,0.170393987,TRUE,0,0,TRUE,TRUE,"CUDA",FALSE,0.925000000000011,0.692365269461081
2000000,3,"compute","2.4.0",11,"cpp_cuda",1,434,0.00126475560061,1581333183.29279,0.548903930664,0.5,TRUE,2,NA,NA,0.00126475560061,NA,NA,NA,NA,NA,NA,0.00126475560061,NA,NA,NA,NA,TRUE,0,0,TRUE,TRUE,"CUDA",FALSE,0.0370510972667,29.2950647926208
2000000,3,"end_to_end","2.4.0",11,"cpp_cuda",1,1,1.30999999999995,1526717.55725197,NA,NA,NA,NA,0.666580195,0.333915138,0.00135168004036,0.211347744,1.21319475704,0.0968052429599455,0.142970467,0.153587955,0.037356716,0.00135168004036,0.010238441,0.001293439,0.031676427,0.168139437,TRUE,0,0,TRUE,TRUE,"CUDA",FALSE,0.909000000000106,0.6938931297711
2000000,30,"compute","2.4.0",8,"cpp_cuda",1,432,0.00126695350364,1578589896.35684,0.547323913574,0.5,TRUE,2,NA,NA,0.00126695350364,NA,NA,NA,NA,NA,NA,0.00126695350364,NA,NA,NA,NA,TRUE,0,0,TRUE,TRUE,"CUDA",FALSE,0.0374296329333,29.5430201864263
2000000,30,"end_to_end","2.4.0",8,"cpp_cuda",1,1,1.32500000000005,1509433.9622641,NA,NA,NA,NA,0.679302182,0.333368551,0.00142857599258,0.214836772,1.22893608099,0.0960639190100454,0.142661516,0.153402133,0.037304902,0.00142857599258,0.01028796,0.002419917,0.032897533,0.169231362,TRUE,0,0,TRUE,TRUE,"CUDA",FALSE,0.927999999999997,0.700377358490537
2000000,4,"compute","2.4.0",14,"cpp_cuda",1,428,0.00126340548792,1583023042.97624,0.540737548828,0.5,TRUE,2,NA,NA,0.00126340548792,NA,NA,NA,NA,NA,NA,0.00126340548792,NA,NA,NA,NA,TRUE,0,0,TRUE,TRUE,"CUDA",FALSE,0.0369860488,29.2748837595219
2000000,4,"end_to_end","2.4.0",14,"cpp_cuda",1,1,1.30400000000009,1533742.33128824,NA,NA,NA,NA,0.66874688,0.335870679,0.00137366402149,0.213400164,1.21939138702,0.0846086129800874,0.142689363,0.155734142,0.037447174,0.00137366402149,0.01030975,0.001363306,0.032416953,0.169310155,TRUE,0,0,TRUE,TRUE,"CUDA",FALSE,0.913999999999987,0.700920245398715
2000000,5,"compute","2.4.0",10,"cpp_cuda",1,429,0.00126145582933,1585469703.73292,0.541164550781,0.5,TRUE,2,NA,NA,0.00126145582933,NA,NA,NA,NA,NA,NA,0.00126145582933,NA,NA,NA,NA,TRUE,0,0,TRUE,TRUE,"CUDA",FALSE,0.0371553632,29.4543513423965
2000000,5,"end_to_end","2.4.0",10,"cpp_cuda",1,1,1.30700000000024,1530221.88217263,NA,NA,NA,NA,0.66353052,0.33436601,0.00135545599461,0.212522001,1.21177398699,0.0952260130102438,0.142747389,0.154275186,0.037343435,0.00135545599461,0.010198081,0.001291422,0.031991434,0.169041064,TRUE,0,0,TRUE,TRUE,"CUDA",FALSE,0.907999999999902,0.694720734506301
2000000,6,"compute","2.4.0",1,"cpp_cuda",1,433,0.00126372233825,1582626135.0809,0.547191772461,0.5,TRUE,2,NA,NA,0.00126372233825,NA,NA,NA,NA,NA,NA,0.00126372233825,NA,NA,NA,NA,TRUE,0,0,TRUE,TRUE,"CUDA",FALSE,0.0370511144667,29.3190310444368
2000000,6,"end_to_end","2.4.0",1,"cpp_cuda",1,1,1.31500000000005,1520912.54752845,NA,NA,NA,NA,0.665447847,0.337281715,0.00135542404652,0.213408449,1.21749343505,0.0975065649500546,0.142735315,0.157190786,0.037355614,0.00135542404652,0.010213854,0.002370099,0.032118322,0.168706174,TRUE,0,0,TRUE,TRUE,"CUDA",FALSE,0.91399999999976,0.695057034220323
2000000,7,"compute","2.4.0",7,"cpp_cuda",1,431,0.00126094795103,1586108291.27904,0.543468566895,0.5,TRUE,2,NA,NA,0.00126094795103,NA,NA,NA,NA,NA,NA,0.00126094795103,NA,NA,NA,NA,TRUE,0,0,TRUE,TRUE,"CUDA",FALSE,0.0373398871333,29.6125522887753
2000000,7,"end_to_end","2.4.0",7,"cpp_cuda",1,1,1.30999999999995,1526717.55725197,NA,NA,NA,NA,0.665749102,0.33550435,0.00137225604057,0.212514794,1.21514050204,0.0948594979599455,0.141800038,0.15627702,0.037427292,0.00137225604057,0.01020486,0.00235473,0.031766551,0.168188653,TRUE,0,0,TRUE,TRUE,"CUDA",FALSE,0.911999999999807,0.696183206106749
2000000,8,"compute","2.4.0",17,"cpp_cuda",1,433,0.00126414338215,1582099015.22285,0.547374084473,0.5,TRUE,2,NA,NA,0.00126414338215,NA,NA,NA,NA,NA,NA,0.00126414338215,NA,NA,NA,NA,TRUE,0,0,TRUE,TRUE,"CUDA",FALSE,0.0369771648667,29.2507680606696
2000000,8,"end_to_end","2.4.0",17,"cpp_cuda",1,1,1.30099999999993,1537279.01614151,NA,NA,NA,NA,0.663073373,0.333400076,0.00136393594742,0.213565287,1.21140267195,0.0895973280499309,0.142065066,0.154485343,0.036849667,0.00136393594742,0.010138477,0.001302401,0.031696919,0.17042749,TRUE,0,0,TRUE,TRUE,"CUDA",FALSE,0.908000000000357,0.697924673328521
2000000,9,"compute","2.4.0",13,"cpp_cuda",1,428,0.00126380021995,1582528605.731,0.540906494141,0.5,TRUE,2,NA,NA,0.00126380021995,NA,NA,NA,NA,NA,NA,0.00126380021995,NA,NA,NA,NA,TRUE,0,0,TRUE,TRUE,"CUDA",FALSE,0.0369221434667,29.2151741104783
2000000,9,"end_to_end","2.4.0",13,"cpp_cuda",1,1,1.3119999999999,1524390.24390256,NA,NA,NA,NA,0.668128783,0.334935878,0.00135676801205,0.211787365,1.21620879401,0.0957912059898982,0.14203304,0.155849478,0.03705336,0.00135676801205,0.010133916,0.002348398,0.031403922,0.167901129,TRUE,0,0,TRUE,TRUE,"CUDA",FALSE,0.907000000000153,0.691310975609925
50000,1,"compute","2.4.0",13,"cpp_cuda",1,76730,1.0637722167e-05,4700254360.38444,0.816232421875,0.5,TRUE,3,NA,NA,1.0637722167e-05,NA,NA,NA,NA,NA,NA,1.0637722167e-05,NA,NA,NA,NA,TRUE,0,0,TRUE,TRUE,"CUDA",FALSE,0.000799176527653,75.1266591763582
50000,1,"end_to_end","2.4.0",13,"cpp_cuda",1,1,0.241,207468.87966805,NA,NA,NA,NA,0.015249143,0.156931305,0.000145631998777,0.005755065,0.178081144999,0.0629188550009997,0.003512357,0.152386608,0.00103234,0.000145631998777,0.000368242,0.000252926,0.000786057,0.00434784,TRUE,0,0,TRUE,TRUE,"CUDA",FALSE,0.0240000000000009,0.0995850622406676
50000,10,"compute","2.4.0",6,"cpp_cuda",1,76730,1.06513880602e-05,4694223862.4119,0.817281005859,0.5,TRUE,3,NA,NA,1.06513880602e-05,NA,NA,NA,NA,NA,NA,1.06513880602e-05,NA,NA,NA,NA,TRUE,0,0,TRUE,TRUE,"CUDA",FALSE,0.000796921642547,74.8185718183322
50000,10,"end_to_end","2.4.0",6,"cpp_cuda",1,1,0.242000000000189,206611.570247772,NA,NA,NA,NA,0.015174969,0.157349376,0.00016672000289,0.005719982,0.178411047003,0.0635889529971892,0.003522495,0.152804518,0.001022363,0.00016672000289,0.000341145,0.000252673,0.000809428,0.004316736,TRUE,0,0,TRUE,TRUE,"CUDA",FALSE,0.024000000000342,0.099173553720344
50000,11,"compute","2.4.0",8,"cpp_cuda",1,76730,1.06154486702e-05,4710116505.99013,0.814523376465,0.5,TRUE,3,NA,NA,1.06154486702e-05,NA,NA,NA,NA,NA,NA,1.06154486702e-05,NA,NA,NA,NA,TRUE,0,0,TRUE,TRUE,"CUDA",FALSE,0.000799928229197,75.3551031189649
50000,11,"end_to_end","2.4.0",8,"cpp_cuda",1,1,0.261000000000422,191570.881225744,NA,NA,NA,NA,0.015444274,0.162922561,0.000175359994173,0.005781718,0.184323912994,0.076676087006422,0.003616976,0.158260438,0.001045147,0.000175359994173,0.000349523,0.000266892,0.000826534,0.004338769,TRUE,0,0,TRUE,TRUE,"CUDA",TRUE,0.0239999999994325,0.0919540229861827
50000,12,"compute","2.4.0",2,"cpp_cuda",1,72066,1.06044946402e-05,4714981872.91809,0.764223510742,0.5,TRUE,3,NA,NA,1.06044946402e-05,NA,NA,NA,NA,NA,NA,1.06044946402e-05,NA,NA,NA,NA,TRUE,0,0,TRUE,TRUE,"CUDA",FALSE,0.00079684234877,75.1419446004804
50000,12,"end_to_end","2.4.0",2,"cpp_cuda",1,1,0.244999999999891,204081.632653152,NA,NA,NA,NA,0.015120953,0.160321084,0.000163839995861,0.005729374,0.181335250996,0.0636647490038909,0.003444063,0.155813089,0.001063932,0.000163839995861,0.000345262,0.000255003,0.000800188,0.004328921,TRUE,0,0,TRUE,TRUE,"CUDA",FALSE,0.0239999999994325,0.0979591836711966
50000,13,"compute","2.4.0",6,"cpp_cuda",1,71616,1.05999502569e-05,4717003267.77031,0.759126037598,0.5,TRUE,3,NA,NA,1.05999502569e-05,NA,NA,NA,NA,NA,NA,1.05999502569e-05,NA,NA,NA,NA,TRUE,0,0,TRUE,TRUE,"CUDA",FALSE,0.000801029184211,75.5691455900534
50000,13,"end_to_end","2.4.0",6,"cpp_cuda",1,1,0.244999999999891,204081.632653152,NA,NA,NA,NA,0.01533411,0.159753013,0.000171103999019,0.005753943,0.181012169999,0.0639878300008909,0.003579804,0.155128248,0.001044961,0.000171103999019,0.000356611,0.000254848,0.000818711,0.004323773,TRUE,0,0,TRUE,TRUE,"CUDA",FALSE,0.0229999999992287,0.0938775510173018
50000,14,"compute","2.4.0",9,"cpp_cuda",1,76730,1.06179034401e-05,4709027566.70097,0.814711730957,0.5,TRUE,3,NA,NA,1.06179034401e-05,NA,NA,NA,NA,NA,NA,1.06179034401e-05,NA,NA,NA,NA,TRUE,0,0,TRUE,TRUE,"CUDA",FALSE,0.000801878374631,75.521347425575
50000,14,"end_to_end","2.4.0",9,"cpp_cuda",1,1,0.247999999999593,201612.903226138,NA,NA,NA,NA,0.015216937,0.159878866,0.000154719993472,0.005762241,0.181012763993,0.0669872360065925,0.003317889,0.155513187,0.00104779,0.000154719993472,0.000345559,0.000269332,0.000803661,0.004343689,TRUE,0,0,TRUE,TRUE,"CUDA",FALSE,0.024000000000342,0.096774193549925
50000,15,"compute","2.4.0",5,"cpp_cuda",1,76730,1.06311031974e-05,4703180758.53391,0.81572454834,0.5,TRUE,3,NA,NA,1.06311031974e-05,NA,NA,NA,NA,NA,NA,1.06311031974e-05,NA,NA,NA,NA,TRUE,0,0,TRUE,TRUE,"CUDA",FALSE,0.000799100170118,75.166250884803
50000,15,"end_to_end","2.4.0",5,"cpp_cuda",1,1,0.242999999999483,205761.316872865,NA,NA,NA,NA,0.015096611,0.158116234,0.00014380800724,0.005762662,0.179119315007,0.0638806849924834,0.00331378,0.153767025,0.001035429,0.00014380800724,0.000368268,0.000249849,0.00081345,0.004331095,TRUE,0,0,TRUE,TRUE,"CUDA",FALSE,0.0239999999994325,0.0987654320966402
50000,16,"compute","2.4.0",7,"cpp_cuda",1,71616,1.06119031454e-05,4711690194.95563,0.759982055664,0.5,TRUE,3,NA,NA,1.06119031454e-05,NA,NA,NA,NA,NA,NA,1.06119031454e-05,NA,NA,NA,NA,TRUE,0,0,TRUE,TRUE,"CUDA",FALSE,0.000796436836826,75.0512726994908
50000,16,"end_to_end","2.4.0",7,"cpp_cuda",1,1,0.259000000000015,193050.193050182,NA,NA,NA,NA,0.015370522,0.162475435,0.000151935994625,0.005727068,0.183724960995,0.0752750390050146,0.003392863,0.158041468,0.001041104,0.000151935994625,0.000352928,0.000257801,0.00077422,0.004342119,TRUE,0,0,TRUE,TRUE,"CUDA",FALSE,0.024000000000342,0.0926640926654078
50000,17,"compute","2.4.0",2,"cpp_cuda",1,71766,1.06173471919e-05,4709274275.04162,0.761964538574,0.5,TRUE,3,NA,NA,1.06173471919e-05,NA,NA,NA,NA,NA,NA,1.06173471919e-05,NA,NA,NA,NA,TRUE,0,0,TRUE,TRUE,"CUDA",FALSE,0.000798368495509,75.1947243580842
50000,17,"end_to_end","2.4.0",2,"cpp_cuda",1,1,0.246000000000095,203252.032520247,NA,NA,NA,NA,0.015363199,0.159450878,0.000183520004153,0.005750458,0.180748055004,0.0652519449960946,0.003485423,0.154899469,0.001065986,0.000183520004153,0.000347162,0.000254958,0.000824956,0.004323382,TRUE,0,0,TRUE,TRUE,"CUDA",FALSE,0.0239999999994325,0.0975609756074115
50000,18,"compute","2.4.0",19,"cpp_cuda",1,71916,1.06355830595e-05,4701199710.4699,0.764868591309,0.5,TRUE,3,NA,NA,1.06355830595e-05,NA,NA,NA,NA,NA,NA,1.06355830595e-05,NA,NA,NA,NA,TRUE,0,0,TRUE,TRUE,"CUDA",FALSE,0.000797981579251,75.0294153867023
50000,18,"end_to_end","2.4.0",19,"cpp_cuda",1,1,0.247999999999593,201612.903226138,NA,NA,NA,NA,0.015181462,0.159732032,0.000154272004962,0.00574741,0.180815176005,0.0671848239945926,0.003347276,0.155326505,0.001058251,0.000154272004962,0.000353996,0.000272741,0.000784806,0.004335867,TRUE,0,0,TRUE,TRUE,"CUDA",FALSE,0.0239999999994325,0.0967741935462576
50000,19,"compute","2.4.0",7,"cpp_cuda",1,76730,1.06274862698e-05,4704781425.32015,0.815447021484,0.5,TRUE,3,NA,NA,1.06274862698e-05,NA,NA,NA,NA,NA,NA,1.06274862698e-05,NA,NA,NA,NA,TRUE,0,0,TRUE,TRUE,"CUDA",FALSE,0.000800251494815,75.300167367806
50000,19,"end_to_end","2.4.0",7,"cpp_cuda",1,1,0.247999999999593,201612.903226138,NA,NA,NA,NA,0.015577947,0.159352659,0.000149951994419,0.005851045,0.180931602994,0.0670683970055926,0.003475233,0.154848062,0.001029364,0.000149951994419,0.000368098,0.000253942,0.000852442,0.004376563,TRUE,0,0,TRUE,TRUE,"CUDA",FALSE,0.0239999999994325,0.0967741935462576
50000,2,"compute","2.4.0",14,"cpp_cuda",1,71616,1.05980914868e-05,4717830569.99228,0.758992919922,0.5,TRUE,3,NA,NA,1.05980914868e-05,NA,NA,NA,NA,NA,NA,1.05980914868e-05,NA,NA,NA,NA,TRUE,0,0,TRUE,TRUE,"CUDA",FALSE,0.000798704782609,75.3630767958356
50000,2,"end_to_end","2.4.0",14,"cpp_cuda",1,1,0.245999999999981,203252.032520341,NA,NA,NA,NA,0.01509606,0.159258408,0.000149279996753,0.005708763,0.180212510997,0.0657874890029809,0.003406986,0.154820876,0.001030546,0.000149279996753,0.000345421,0.00025206,0.000806935,0.004304347,TRUE,0,0,TRUE,TRUE,"CUDA",FALSE,0.0230000000000246,0.0934959349594568
50000,20,"compute","2.4.0",6,"cpp_cuda",1,71616,1.0599490891e-05,4717207695.55591,0.759093139648,0.5,TRUE,3,NA,NA,1.0599490891e-05,NA,NA,NA,NA,NA,NA,1.0599490891e-05,NA,NA,NA,NA,TRUE,0,0,TRUE,TRUE,"CUDA",FALSE,0.000799116477239,75.3919679215469
50000,20,"end_to_end","2.4.0",6,"cpp_cuda",1,1,0.244999999998981,204081.63265391,NA,NA,NA,NA,0.015311763,0.158896691,0.000151391997933,0.005744119,0.180103964998,0.0648960350009814,0.003391129,0.154466567,0.001038995,0.000151391997933,0.000345384,0.000255586,0.000810246,0.004332903,TRUE,0,0,TRUE,TRUE,"CUDA",FALSE,0.0240000000012515,0.097959183678985
50000,21,"compute","2.4.0",3,"cpp_cuda",1,71766,1.06065317071e-05,4714076323.98158,0.761188354492,0.5,TRUE,3,NA,NA,1.06065317071e-05,NA,NA,NA,NA,NA,NA,1.06065317071e-05,NA,NA,NA,NA,TRUE,0,0,TRUE,TRUE,"CUDA",FALSE,0.00079922608432,75.3522552320283
50000,21,"end_to_end","2.4.0",3,"cpp_cuda",1,1,0.245999999999185,203252.032520999,NA,NA,NA,NA,0.015538374,0.159408622,0.000177952006459,0.005763826,0.180888774006,0.0651112259931851,0.003515071,0.154838791,0.00105476,0.000177952006459,0.000345026,0.000254066,0.000817077,0.004347657,TRUE,0,0,TRUE,TRUE,"CUDA",FALSE,0.0239999999994325,0.0975609756077724
50000,22,"compute","2.4.0",13,"cpp_cuda",1,71616,1.06487794046e-05,4695373817.05938,0.76262298584,0.5,TRUE,3,NA,NA,1.06487794046e-05,NA,NA,NA,NA,NA,NA,1.06487794046e-05,NA,NA,NA,NA,TRUE,0,0,TRUE,TRUE,"CUDA",FALSE,0.000801713289747,75.2868717893321
50000,22,"end_to_end","2.4.0",13,"cpp_cuda",1,1,0.260000000000218,192307.692307531,NA,NA,NA,NA,0.015259293,0.159325727,0.00018147200346,0.005783376,0.180549868003,0.0794501319972183,0.003400218,0.154881667,0.001043842,0.00018147200346,0.000358041,0.00025537,0.000828944,0.004341021,TRUE,0,0,TRUE,TRUE,"CUDA",TRUE,0.0239999999994325,0.0923076923054322
50000,23,"compute","2.4.0",1,"cpp_cuda",1,71616,1.06094298989e-05,4712788573.60508,0.759804931641,0.5,TRUE,3,NA,NA,1.06094298989e-05,NA,NA,NA,NA,NA,NA,1.06094298989e-05,NA,NA,NA,NA,TRUE,0,0,TRUE,TRUE,"CUDA",FALSE,0.000799787818584,75.3846178546241
50000,23,"end_to_end","2.4.0",1,"cpp_cuda",1,1,0.247999999999593,201612.903226138,NA,NA,NA,NA,0.01528526,0.160845148,0.000171839997172,0.005836493,0.182138740997,0.0658612590025925,0.0034767,0.156340456,0.001027992,0.000171839997172,0.000340535,0.000252151,0.000812782,0.004431025,TRUE,0,0,TRUE,TRUE,"CUDA",FALSE,0.0239999999994325,0.0967741935462576
50000,24,"compute","2.4.0",16,"cpp_cuda",1,71616,1.06253142438e-05,4705743176.41246,0.760942504883,0.5,TRUE,3,NA,NA,1.06253142438e-05,NA,NA,NA,NA,NA,NA,1.06253142438e-05,NA,NA,NA,NA,TRUE,0,0,TRUE,TRUE,"CUDA",FALSE,0.000799599334828,75.2541822746161
50000,24,"end_to_end","2.4.0",16,"cpp_cuda",1,1,0.243999999998778,204918.032787912,NA,NA,NA,NA,0.015193047,0.158904147,0.000159424006939,0.005757698,0.180014316007,0.0639856839917776,0.00328326,0.154574617,0.00104627,0.000159424006939,0.000344906,0.000255838,0.000804498,0.004352456,TRUE,0,0,TRUE,TRUE,"CUDA",FALSE,0.0239999999994325,0.0983606557358717
50000,25,"compute","2.4.0",6,"cpp_cuda",1,76730,1.06197990061e-05,4708187035.48721,0.814857177734,0.5,TRUE,3,NA,NA,1.06197990061e-05,NA,NA,NA,NA,NA,NA,1.06197990061e-05,NA,NA,NA,NA,TRUE,0,0,TRUE,TRUE,"CUDA",FALSE,0.00079926466766,75.2617509239961
50000,25,"end_to_end","2.4.0",6,"cpp_cuda",1,1,0.248999999999796,200803.21285157,NA,NA,NA,NA,0.015311378,0.160756988,0.00015654399991,0.005794334,0.182019244,0.0669807559997963,0.003654471,0.156059625,0.001042892,0.00015654399991,0.000382562,0.000252873,0.000835596,0.004323303,TRUE,0,0,TRUE,TRUE,"CUDA",FALSE,0.0239999999994325,0.0963855421664745
50000,26,"compute","2.4.0",9,"cpp_cuda",1,71616,1.06139340712e-05,4710788635.44769,0.760127502441,0.5,TRUE,3,NA,NA,1.06139340712e-05,NA,NA,NA,NA,NA,NA,1.06139340712e-05,NA,NA,NA,NA,TRUE,0,0,TRUE,TRUE,"CUDA",FALSE,0.000800592104012,75.4284037041777
50000,26,"end_to_end","2.4.0",9,"cpp_cuda",1,1,0.240000000000009,208333.333333325,NA,NA,NA,NA,0.014833878,0.156882384,0.000149407997727,0.00576213,0.177627799998,0.0623722000020091,0.003419788,0.152425529,0.001037067,0.000149407997727,0.000364531,0.000264389,0.000811201,0.004322009,TRUE,0,0,TRUE,TRUE,"CUDA",FALSE,0.0240000000000009,0.1
50000,27,"compute","2.4.0",4,"cpp_cuda",1,71616,1.06321212114e-05,4702730434.11026,0.761429992676,0.5,TRUE,3,NA,NA,1.06321212114e-05,NA,NA,NA,NA,NA,NA,1.06321212114e-05,NA,NA,NA,NA,TRUE,0,0,TRUE,TRUE,"CUDA",FALSE,0.000799583276878,75.2044922155956
50000,27,"end_to_end","2.4.0",4,"cpp_cuda",1,1,0.25100000000009,199203.187250925,NA,NA,NA,NA,0.014946223,0.158465279,0.000160543993115,0.00577267,0.179344715993,0.07165528400709,0.003352996,0.154071363,0.00104092,0.000160543993115,0.000342835,0.000284342,0.000811123,0.00433437,TRUE,0,0,TRUE,TRUE,"CUDA",FALSE,0.0240000000000009,0.0956175298804474
50000,28,"compute","2.4.0",16,"cpp_cuda",1,76730,1.06205467325e-05,4707855561.42743,0.814914550781,0.5,TRUE,3,NA,NA,1.06205467325e-05,NA,NA,NA,NA,NA,NA,1.06205467325e-05,NA,NA,NA,NA,TRUE,0,0,TRUE,TRUE,"CUDA",FALSE,0.000798442952802,75.1790819166286
50000,28,"end_to_end","2.4.0",16,"cpp_cuda",1,1,0.250999999999976,199203.187251015,NA,NA,NA,NA,0.014946383,0.157794767,0.00017497600615,0.005777107,0.178693233006,0.0723067669939763,0.003378932,0.15337118,0.001044655,0.00017497600615,0.000349024,0.000265018,0.000818229,0.004344836,TRUE,0,0,TRUE,TRUE,"CUDA",FALSE,0.0239999999998872,0.0956175298800378
50000,29,"compute","2.4.0",7,"cpp_cuda",1,67140,1.06504538601e-05,4694635614.29208,0.715071472168,0.5,TRUE,3,NA,NA,1.06504538601e-05,NA,NA,NA,NA,NA,NA,1.06504538601e-05,NA,NA,NA,NA,TRUE,0,0,TRUE,TRUE,"CUDA",FALSE,0.000796732668239,74.8073911876953
50000,29,"end_to_end","2.4.0",7,"cpp_cuda",1,1,0.240999999999985,207468.879668062,NA,NA,NA,NA,0.015237595,0.159239957,0.000159007996321,0.00588005,0.180516609996,0.0604833900039854,0.003571433,0.154599155,0.001069369,0.000159007996321,0.000367378,0.000259079,0.000872433,0.00438116,TRUE,0,0,TRUE,TRUE,"CUDA",FALSE,0.0240000000000009,0.0995850622406738
50000,3,"compute","2.4.0",11,"cpp_cuda",1,71766,1.0607687502e-05,4713562686.54906,0.76127130127,0.5,TRUE,3,NA,NA,1.0607687502e-05,NA,NA,NA,NA,NA,NA,1.0607687502e-05,NA,NA,NA,NA,TRUE,0,0,TRUE,TRUE,"CUDA",FALSE,0.000798375874251,75.2638946142099
50000,3,"end_to_end","2.4.0",11,"cpp_cuda",1,1,0.257000000000062,194552.529182833,NA,NA,NA,NA,0.015453358,0.162828649,0.000146175995469,0.005748773,0.184176955995,0.0728230440050618,0.003519864,0.158266568,0.001042217,0.000146175995469,0.000341794,0.00025952,0.00080141,0.004346049,TRUE,0,0,TRUE,TRUE,"CUDA",FALSE,0.0229999999999109,0.0894941634237562
50000,30,"compute","2.4.0",3,"cpp_cuda",1,71616,1.06390705058e-05,4699658675.32713,0.76192767334,0.5,TRUE,3,NA,NA,1.06390705058e-05,NA,NA,NA,NA,NA,NA,1.06390705058e-05,NA,NA,NA,NA,TRUE,0,0,TRUE,TRUE,"CUDA",FALSE,0.00079843579476,75.047514190711
50000,30,"end_to_end","2.4.0",3,"cpp_cuda",1,1,0.252999999999929,197628.458498079,NA,NA,NA,NA,0.015047652,0.158713959,0.000162527993321,0.005795531,0.179719669993,0.0732803300069291,0.003459441,0.154210546,0.001043972,0.000162527993321,0.000355999,0.000259914,0.000866431,0.004313187,TRUE,0,0,TRUE,TRUE,"CUDA",FALSE,0.0240000000000009,0.0948616600790816
50000,4,"compute","2.4.0",1,"cpp_cuda",1,71616,1.05909129357e-05,4721028329.0555,0.758478820801,0.5,TRUE,3,NA,NA,1.05909129357e-05,NA,NA,NA,NA,NA,NA,1.05909129357e-05,NA,NA,NA,NA,TRUE,0,0,TRUE,TRUE,"CUDA",FALSE,0.000797243674627,75.2761994614874
50000,4,"end_to_end","2.4.0",1,"cpp_cuda",1,1,0.245000000000118,204081.632652963,NA,NA,NA,NA,0.015211687,0.157095588,0.000155903995037,0.00577755,0.178240728995,0.0667592710051182,0.003406025,0.15264179,0.001047773,0.000155903995037,0.000364025,0.000252805,0.000795621,0.004365099,TRUE,0,0,TRUE,TRUE,"CUDA",FALSE,0.0230000000001382,0.093877551020927
50000,5,"compute","2.4.0",1,"cpp_cuda",1,71616,1.06093156966e-05,4712839303.67193,0.75979675293,0.5,TRUE,3,NA,NA,1.06093156966e-05,NA,NA,NA,NA,NA,NA,1.06093156966e-05,NA,NA,NA,NA,TRUE,0,0,TRUE,TRUE,"CUDA",FALSE,0.000799434884211,75.3521628607204
50000,5,"end_to_end","2.4.0",1,"cpp_cuda",1,1,0.242999999999938,205761.31687248,NA,NA,NA,NA,0.015032743,0.158037449,0.000150560006499,0.005757657,0.178978409006,0.0640215909939381,0.003262078,0.153733726,0.001041645,0.000150560006499,0.000370256,0.000259716,0.00080581,0.004321875,TRUE,0,0,TRUE,TRUE,"CUDA",FALSE,0.0229999999999109,0.0946502057609744
50000,6,"compute","2.4.0",3,"cpp_cuda",1,71616,1.06138053805e-05,4710845753.00971,0.760118286133,0.5,TRUE,3,NA,NA,1.06138053805e-05,NA,NA,NA,NA,NA,NA,1.06138053805e-05,NA,NA,NA,NA,TRUE,0,0,TRUE,TRUE,"CUDA",FALSE,0.000796957931298,75.0869177196517
50000,6,"end_to_end","2.4.0",3,"cpp_cuda",1,1,0.252999999999702,197628.458498257,NA,NA,NA,NA,0.014940753,0.156689853,0.00015180799365,0.005712918,0.177495331994,0.0755046680057017,0.003269184,0.15238197,0.001038699,0.00015180799365,0.000360712,0.000250534,0.000775337,0.004326335,TRUE,0,0,TRUE,TRUE,"CUDA",FALSE,0.0239999999998872,0.0948616600787173
50000,7,"compute","2.4.0",19,"cpp_cuda",1,76730,1.06245637732e-05,4706075568.59161,0.81522277832,0.5,TRUE,3,NA,NA,1.06245637732e-05,NA,NA,NA,NA,NA,NA,1.06245637732e-05,NA,NA,NA,NA,TRUE,0,0,TRUE,TRUE,"CUDA",FALSE,0.000797742002994,75.084683006588
50000,7,"end_to_end","2.4.0",19,"cpp_cuda",1,1,0.246999999999844,202429.149797699,NA,NA,NA,NA,0.015040042,0.160584959,0.000181344002485,0.005878852,0.181685197002,0.0653148029978436,0.003334057,0.156213052,0.00103785,0.000181344002485,0.000366186,0.000267478,0.000797791,0.004447397,TRUE,0,0,TRUE,TRUE,"CUDA",FALSE,0.0229999999996835,0.09311740890566
50000,8,"compute","2.4.0",4,"cpp_cuda",1,71616,1.06215396025e-05,4707415485.06127,0.760672180176,0.5,TRUE,3,NA,NA,1.06215396025e-05,NA,NA,NA,NA,NA,NA,1.06215396025e-05,NA,NA,NA,NA,TRUE,0,0,TRUE,TRUE,"CUDA",FALSE,0.000798042921944,75.1343921700545
50000,8,"end_to_end","2.4.0",4,"cpp_cuda",1,1,0.246999999999844,202429.149797699,NA,NA,NA,NA,0.015084156,0.158309845,0.000151904001832,0.005748926,0.179294831002,0.0677051689978436,0.003324271,0.153934871,0.001050703,0.000151904001832,0.000355085,0.000252889,0.000811,0.004329952,TRUE,0,0,TRUE,TRUE,"CUDA",FALSE,0.024000000000342,0.09716599190428
50000,9,"compute","2.4.0",8,"cpp_cuda",1,76730,1.06446354544e-05,4697201723.27107,0.816762878418,0.5,TRUE,3,NA,NA,1.06446354544e-05,NA,NA,NA,NA,NA,NA,1.06446354544e-05,NA,NA,NA,NA,TRUE,0,0,TRUE,TRUE,"CUDA",FALSE,0.000801557150972,75.3015126169185
50000,9,"end_to_end","2.4.0",8,"cpp_cuda",1,1,0.246000000000095,203252.032520247,NA,NA,NA,NA,0.015274105,0.160299538,0.000166912004352,0.005742667,0.181483222004,0.0645167779960946,0.003415741,0.155841734,0.001042063,0.000166912004352,0.000342685,0.000264719,0.000806681,0.004328582,TRUE,0,0,TRUE,TRUE,"CUDA",FALSE,0.0239999999998872,0.0975609756092599
500000,1,"compute","2.4.0",11,"cpp_cuda",1,1926,0.000285949611961,1748559812.93723,0.550738952637,0.5,TRUE,2,NA,NA,0.000285949611961,NA,NA,NA,NA,NA,NA,0.000285949611961,NA,NA,NA,NA,TRUE,0,0,TRUE,TRUE,"CUDA",FALSE,0.00911149631148,31.8639925719595
500000,1,"end_to_end","2.4.0",11,"cpp_cuda",1,1,0.501000000000005,998003.992015959,NA,NA,NA,NA,0.163749483,0.199187548,0.000345216006041,0.053526889,0.416809136006,0.0841908639940048,0.035784226,0.15398078,0.009422542,0.000345216006041,0.002662315,0.001081318,0.007867705,0.041915551,TRUE,0,0,TRUE,TRUE,"CUDA",FALSE,0.224999999999994,0.449101796407169
500000,10,"compute","2.4.0",16,"cpp_cuda",1,1940,0.000285799447286,1749478540.80225,0.554450927734,0.5,TRUE,2,NA,NA,0.000285799447286,NA,NA,NA,NA,NA,NA,0.000285799447286,NA,NA,NA,NA,TRUE,0,0,TRUE,TRUE,"CUDA",FALSE,0.00903419985246,31.6102775503952
500000,10,"end_to_end","2.4.0",16,"cpp_cuda",1,1,0.488000000000284,1024590.16393383,NA,NA,NA,NA,0.163391642,0.198994468,0.000356768012047,0.053661432,0.416404310012,0.0715956899882838,0.035501441,0.154055836,0.009437191,0.000356768012047,0.002660931,0.001100395,0.007974297,0.041925809,TRUE,0,0,TRUE,TRUE,"CUDA",FALSE,0.226999999999862,0.465163934425676
500000,11,"compute","2.4.0",9,"cpp_cuda",1,1933,0.000285791356639,1749528067.88898,0.552434692383,0.5,TRUE,2,NA,NA,0.000285791356639,NA,NA,NA,NA,NA,NA,0.000285791356639,NA,NA,NA,NA,TRUE,0,0,TRUE,TRUE,"CUDA",FALSE,0.00918945113333,32.1544053725101
500000,11,"end_to_end","2.4.0",9,"cpp_cuda",1,1,0.506000000000313,988142.292489508,NA,NA,NA,NA,0.165683422,0.201301353,0.0003534719944,0.054398586,0.421736832994,0.0842631670063129,0.036442661,0.155370894,0.009487798,0.0003534719944,0.002683961,0.00109761,0.008355585,0.04226143,TRUE,0,0,TRUE,TRUE,"CUDA",FALSE,0.227000000000771,0.44861660079176
500000,12,"compute","2.4.0",19,"cpp_cuda",1,1933,0.000285870831801,1749041680.29307,0.552588317871,0.5,TRUE,2,NA,NA,0.000285870831801,NA,NA,NA,NA,NA,NA,0.000285870831801,NA,NA,NA,NA,TRUE,0,0,TRUE,TRUE,"CUDA",FALSE,0.00897237227419,31.3861061573285
500000,12,"end_to_end","2.4.0",19,"cpp_cuda",1,1,0.494999999999891,1010101.01010123,NA,NA,NA,NA,0.163464552,0.202527001,0.000354784011841,0.053717702,0.420064039012,0.0749359609878908,0.035955527,0.15709446,0.009477014,0.000354784011841,0.002693318,0.001086524,0.008010591,0.041927269,TRUE,0,0,TRUE,TRUE,"CUDA",FALSE,0.228000000000065,0.460606060606293
500000,13,"compute","2.4.0",9,"cpp_cuda",1,1933,0.000285797671709,1749489409.79863,0.552446899414,0.5,TRUE,2,NA,NA,0.000285797671709,NA,NA,NA,NA,NA,NA,0.000285797671709,NA,NA,NA,NA,TRUE,0,0,TRUE,TRUE,"CUDA",FALSE,0.00914645640984,32.0032572523997
500000,13,"end_to_end","2.4.0",9,"cpp_cuda",1,1,0.497000000000298,1006036.21730322,NA,NA,NA,NA,0.164936042,0.205098941,0.0003534719944,0.053488012,0.423876466994,0.0731235330062983,0.035957129,0.159663865,0.009477947,0.0003534719944,0.002641046,0.00109029,0.007925196,0.04183148,TRUE,0,0,TRUE,TRUE,"CUDA",FALSE,0.229000000000269,0.460764587525416
500000,14,"compute","2.4.0",5,"cpp_cuda",1,1926,0.000285764066354,1749695146.69702,0.550381591797,0.5,TRUE,2,NA,NA,0.000285764066354,NA,NA,NA,NA,NA,NA,0.000285764066354,NA,NA,NA,NA,TRUE,0,0,TRUE,TRUE,"CUDA",FALSE,0.00906120886885,31.7087063620697
500000,14,"end_to_end","2.4.0",5,"cpp_cuda",1,1,0.497000000000298,1006036.21730322,NA,NA,NA,NA,0.163308634,0.199200455,0.000349247992039,0.053592399,0.416450735992,0.0805492640082983,0.036040059,0.15372449,0.009435906,0.000349247992039,0.002676191,0.00108894,0.007959681,0.041867587,TRUE,0,0,TRUE,TRUE,"CUDA",FALSE,0.225000000000364,0.452716297787181
500000,15,"compute","2.4.0",7,"cpp_cuda",1,1919,0.000285851809058,1749158074.76506,0.548549621582,0.5,TRUE,2,NA,NA,0.000285851809058,NA,NA,NA,NA,NA,NA,0.000285851809058,NA,NA,NA,NA,TRUE,0,0,TRUE,TRUE,"CUDA",FALSE,0.00925641338333,32.38186042563
500000,15,"end_to_end","2.4.0",7,"cpp_cuda",1,1,0.501000000000204,998003.992015562,NA,NA,NA,NA,0.163329945,0.206140539,0.000387519985437,0.055499205,0.425357208985,0.0756427910152037,0.036556843,0.159929169,0.009654527,0.000387519985437,0.002702162,0.001103932,0.008438805,0.043254306,TRUE,0,0,TRUE,TRUE,"CUDA",FALSE,0.226999999999862,0.45309381237479
500000,16,"compute","2.4.0",19,"cpp_cuda",1,1940,0.000285832167163,1749278273.90004,0.554514404297,0.5,TRUE,2,NA,NA,0.000285832167163,NA,NA,NA,NA,NA,NA,0.000285832167163,NA,NA,NA,NA,TRUE,0,0,TRUE,TRUE,"CUDA",FALSE,0.00915914088525,32.0437723163148
500000,16,"end_to_end","2.4.0",19,"cpp_cuda",1,1,0.503999999999905,992063.492063678,NA,NA,NA,NA,0.164819709,0.203685515,0.000348224014044,0.053892755,0.422746203014,0.0812537969859054,0.036021385,0.158177599,0.009486531,0.000348224014044,0.002666059,0.001086408,0.007960429,0.042179859,TRUE,0,0,TRUE,TRUE,"CUDA",FALSE,0.228000000000065,0.452380952381167
500000,17,"compute","2.4.0",2,"cpp_cuda",1,1919,0.000285744019509,1749817899.45827,0.548342773438,0.5,TRUE,2,NA,NA,0.000285744019509,NA,NA,NA,NA,NA,NA,0.000285744019509,NA,NA,NA,NA,TRUE,0,0,TRUE,TRUE,"CUDA",FALSE,0.00930714768333,32.5716272183847
500000,17,"end_to_end","2.4.0",2,"cpp_cuda",1,1,0.498999999999796,1002004.00801644,NA,NA,NA,NA,0.165224339,0.202385468,0.000358752012253,0.054150508,0.422119067012,0.0768809329877962,0.036283309,0.156617309,0.00948485,0.000358752012253,0.002710465,0.001086551,0.008085593,0.042267899,TRUE,0,0,TRUE,TRUE,"CUDA",FALSE,0.228000000000065,0.456913827655628
500000,18,"compute","2.4.0",12,"cpp_cuda",1,1912,0.000285698128545,1750098968.25854,0.546254821777,0.5,TRUE,2,NA,NA,0.000285698128545,NA,NA,NA,NA,NA,NA,0.000285698128545,NA,NA,NA,NA,TRUE,0,0,TRUE,TRUE,"CUDA",FALSE,0.00916853770492,32.09169675564
500000,18,"end_to_end","2.4.0",12,"cpp_cuda",1,1,0.503000000000611,994035.785287063,NA,NA,NA,NA,0.163888143,0.201296709,0.00035356798768,0.054584943,0.420123362988,0.0828766370126112,0.03624227,0.155516929,0.00953751,0.00035356798768,0.002667315,0.001090852,0.008089033,0.042737743,TRUE,0,0,TRUE,TRUE,"CUDA",FALSE,0.22899999999936,0.455268389660202
500000,19,"compute","2.4.0",8,"cpp_cuda",1,1926,0.000285814041661,1749389208.08182,0.550477844238,0.5,TRUE,2,NA,NA,0.000285814041661,NA,NA,NA,NA,NA,NA,0.000285814041661,NA,NA,NA,NA,TRUE,0,0,TRUE,TRUE,"CUDA",FALSE,0.0090616665082,31.704763193363
500000,19,"end_to_end","2.4.0",8,"cpp_cuda",1,1,0.490999999999985,1018329.93890023,NA,NA,NA,NA,0.163898731,0.199117774,0.000351392000914,0.053637744,0.417005641001,0.0739943589989854,0.035764289,0.153887894,0.009465591,0.000351392000914,0.002679445,0.001094905,0.008020305,0.041843089,TRUE,0,0,TRUE,TRUE,"CUDA",FALSE,0.225000000000364,0.458248472505847
500000,2,"compute","2.4.0",5,"cpp_cuda",1,1926,0.000285882650754,1748969371.4581,0.550609985352,0.5,TRUE,2,NA,NA,0.000285882650754,NA,NA,NA,NA,NA,NA,0.000285882650754,NA,NA,NA,NA,TRUE,0,0,TRUE,TRUE,"CUDA",FALSE,0.00902116795161,31.5554928842907
500000,2,"end_to_end","2.4.0",5,"cpp_cuda",1,1,0.48700000000008,1026694.04517437,NA,NA,NA,NA,0.161243361,0.200089184,0.000346047997475,0.053510894,0.415189486997,0.0718105130030801,0.035629864,0.155028735,0.009430585,0.000346047997475,0.002654724,0.001095262,0.00788886,0.041872048,TRUE,0,0,TRUE,TRUE,"CUDA",FALSE,0.228000000000065,0.468172484599646
500000,20,"compute","2.4.0",19,"cpp_cuda",1,1933,0.000285845382067,1749197403.10097,0.552539123535,0.5,TRUE,2,NA,NA,0.000285845382067,NA,NA,NA,NA,NA,NA,0.000285845382067,NA,NA,NA,NA,TRUE,0,0,TRUE,TRUE,"CUDA",FALSE,0.00917167609836,32.086144026669
500000,20,"end_to_end","2.4.0",19,"cpp_cuda",1,1,0.4950000000008,1010101.01009938,NA,NA,NA,NA,0.162601423,0.203551046,0.000352447986603,0.053718212,0.420223128987,0.0747768710138004,0.03587161,0.15815494,0.009524496,0.000352447986603,0.002662366,0.001087572,0.007994412,0.041973862,TRUE,0,0,TRUE,TRUE,"CUDA",FALSE,0.226000000000568,0.456565656566066
500000,21,"compute","2.4.0",13,"cpp_cuda",1,1940,0.00028581105655,1749407479.31678,0.554473449707,0.5,TRUE,2,NA,NA,0.00028581105655,NA,NA,NA,NA,NA,NA,0.00028581105655,NA,NA,NA,NA,TRUE,0,0,TRUE,TRUE,"CUDA",FALSE,0.0093693420678,32.7815941793733
500000,21,"end_to_end","2.4.0",13,"cpp_cuda",1,1,0.496000000001004,1008064.51612699,NA,NA,NA,NA,0.163184407,0.202311332,0.00034627199173,0.053653495,0.419495505992,0.0765044940090041,0.035881387,0.156979267,0.009450678,0.00034627199173,0.002664031,0.001081541,0.007906652,0.042001271,TRUE,0,0,TRUE,TRUE,"CUDA",FALSE,0.229999999999563,0.463709677417535
500000,22,"compute","2.4.0",19,"cpp_cuda",1,1933,0.000285863411593,1749087080.48261,0.552573974609,0.5,TRUE,2,NA,NA,0.000285863411593,NA,NA,NA,NA,NA,NA,0.000285863411593,NA,NA,NA,NA,TRUE,0,0,TRUE,TRUE,"CUDA",FALSE,0.00910567796721,31.8532473829644
500000,22,"end_to_end","2.4.0",19,"cpp_cuda",1,1,0.509000000000015,982318.271119815,NA,NA,NA,NA,0.16693293,0.202986147,0.000352160006762,0.053812187,0.424083424007,0.0849165759930146,0.03672352,0.156686728,0.009575899,0.000352160006762,0.002669104,0.001096851,0.008017554,0.042028678,TRUE,0,0,TRUE,TRUE,"CUDA",FALSE,0.226000000000568,0.444007858547272
500000,23,"compute","2.4.0",6,"cpp_cuda",1,1932,0.000285804132497,1749449861.4545,0.552173583984,0.5,TRUE,2,NA,NA,0.000285804132497,NA,NA,NA,NA,NA,NA,0.000285804132497,NA,NA,NA,NA,TRUE,0,0,TRUE,TRUE,"CUDA",FALSE,0.00942282894828,32.9695335961558
500000,23,"end_to_end","2.4.0",6,"cpp_cuda",1,1,0.493999999998778,1012145.74899036,NA,NA,NA,NA,0.165796683,0.201302487,0.000372640013695,0.053762602,0.421234412014,0.0727655879847776,0.036286642,0.155572946,0.009442899,0.000372640013695,0.002652579,0.001111541,0.008012612,0.04198587,TRUE,0,0,TRUE,TRUE,"CUDA",FALSE,0.229999999999563,0.46558704453468
500000,24,"compute","2.4.0",7,"cpp_cuda",1,1919,0.00028573015222,1749902823.04901,0.548316162109,0.5,TRUE,2,NA,NA,0.00028573015222,NA,NA,NA,NA,NA,NA,0.00028573015222,NA,NA,NA,NA,TRUE,0,0,TRUE,TRUE,"CUDA",FALSE,0.00938789867797,32.8558207981555
500000,24,"end_to_end","2.4.0",7,"cpp_cuda",1,1,0.492999999998574,1014198.78296439,NA,NA,NA,NA,0.163480414,0.200825698,0.000358624011278,0.053806429,0.418471165011,0.0745288349875739,0.036018723,0.155406122,0.009400853,0.000358624011278,0.002655781,0.001093841,0.008049381,0.042007426,TRUE,0,0,TRUE,TRUE,"CUDA",FALSE,0.228000000000975,0.462474645033741
500000,25,"compute","2.4.0",13,"cpp_cuda",1,1940,0.000285878635682,1748993935.16128,0.554604553223,0.5,TRUE,2,NA,NA,0.000285878635682,NA,NA,NA,NA,NA,NA,0.000285878635682,NA,NA,NA,NA,TRUE,0,0,TRUE,TRUE,"CUDA",FALSE,0.00931228433898,32.5742576627468
500000,25,"end_to_end","2.4.0",13,"cpp_cuda",1,1,0.488999999999578,1022494.88752644,NA,NA,NA,NA,0.165112525,0.200805063,0.000349343985319,0.053670728,0.419937659985,0.069062340014578,0.036086488,0.155281513,0.009437062,0.000349343985319,0.002648655,0.001087724,0.007932171,0.042002178,TRUE,0,0,TRUE,TRUE,"CUDA",FALSE,0.228000000000975,0.466257668714053
500000,26,"compute","2.4.0",3,"cpp_cuda",1,1933,0.000285934392985,1748652880.75447,0.552711181641,0.5,TRUE,2,NA,NA,0.000285934392985,NA,NA,NA,NA,NA,NA,0.000285934392985,NA,NA,NA,NA,TRUE,0,0,TRUE,TRUE,"CUDA",FALSE,0.00900884064516,31.5066702928339
500000,26,"end_to_end","2.4.0",3,"cpp_cuda",1,1,0.495000000000005,1010101.010101,NA,NA,NA,NA,0.165272681,0.196949722,0.000350944012403,0.053643029,0.416216376012,0.0787836239880045,0.035686047,0.151823661,0.009440014,0.000350944012403,0.002662216,0.001085656,0.007935633,0.041959524,TRUE,0,0,TRUE,TRUE,"CUDA",FALSE,0.225999999999999,0.45656565656565
500000,27,"compute","2.4.0",9,"cpp_cuda",1,1947,0.000285677070794,1750227971.08049,0.556213256836,0.5,TRUE,2,NA,NA,0.000285677070794,NA,NA,NA,NA,NA,NA,0.000285677070794,NA,NA,NA,NA,TRUE,0,0,TRUE,TRUE,"CUDA",FALSE,0.00947224162712,33.1571644892368
500000,27,"end_to_end","2.4.0",9,"cpp_cuda",1,1,0.495999999999981,1008064.51612907,NA,NA,NA,NA,0.169400092,0.19948601,0.000352223992348,0.053710529,0.422948854992,0.0730511450079809,0.03625144,0.153808216,0.009426354,0.000352223992348,0.002650146,0.001086481,0.007963268,0.042010634,TRUE,0,0,TRUE,TRUE,"CUDA",FALSE,0.233000000000061,0.46975806451627
500000,28,"compute","2.4.0",18,"cpp_cuda",1,1947,0.000285642368217,1750440605.57625,0.556145690918,0.5,TRUE,2,NA,NA,0.000285642368217,NA,NA,NA,NA,NA,NA,0.000285642368217,NA,NA,NA,NA,TRUE,0,0,TRUE,TRUE,"CUDA",FALSE,0.00905183427869,31.689396552732
500000,28,"end_to_end","2.4.0",18,"cpp_cuda",1,1,0.486000000000104,1028806.58436192,NA,NA,NA,NA,0.164136995,0.200998636,0.000348320007324,0.053559144,0.419043095007,0.0669569049931037,0.035998113,0.155579519,0.009421004,0.000348320007324,0.002672027,0.001084282,0.008034185,0.04176865,TRUE,0,0,TRUE,TRUE,"CUDA",FALSE,0.230999999999995,0.475308641975197
500000,29,"compute","2.4.0",6,"cpp_cuda",1,1933,0.000286211435128,1746960249.07736,0.553246704102,0.5,TRUE,2,NA,NA,0.000286211435128,NA,NA,NA,NA,NA,NA,0.000286211435128,NA,NA,NA,NA,TRUE,0,0,TRUE,TRUE,"CUDA",TRUE,0.0095196895614,33.261038494645
500000,29,"end_to_end","2.4.0",6,"cpp_cuda",1,1,0.492999999999995,1014198.78296147,NA,NA,NA,NA,0.170268666,0.200091782,0.000389824002981,0.054221496,0.424971768003,0.068028231996995,0.036316209,0.154343752,0.009431821,0.000389824002981,0.002658303,0.001126173,0.007963144,0.042473876,TRUE,0,0,TRUE,TRUE,"CUDA",FALSE,0.233000000000004,0.472616632860054
500000,3,"compute","2.4.0",13,"cpp_cuda",1,1926,0.000285792777595,1749519369.27026,0.550436889648,0.5,TRUE,2,NA,NA,0.000285792777595,NA,NA,NA,NA,NA,NA,0.000285792777595,NA,NA,NA,NA,TRUE,0,0,TRUE,TRUE,"CUDA",FALSE,0.00897802690164,31.4144639244973
500000,3,"end_to_end","2.4.0",13,"cpp_cuda",1,1,0.490000000000009,1020408.16326529,NA,NA,NA,NA,0.162684633,0.200461378,0.000347391992807,0.053449672,0.416943074993,0.0730569250070091,0.036223132,0.154788334,0.009449912,0.000347391992807,0.002657389,0.001079777,0.007881481,0.041831025,TRUE,0,0,TRUE,TRUE,"CUDA",FALSE,0.228000000000065,0.465306122449104
500000,30,"compute","2.4.0",12,"cpp_cuda",1,1933,0.000286188669298,1747099216.84343,0.553202697754,0.5,TRUE,2,NA,NA,0.000286188669298,NA,NA,NA,NA,NA,NA,0.000286188669298,NA,NA,NA,NA,TRUE,0,0,TRUE,TRUE,"CUDA",TRUE,0.0095669985,33.4289911737846
500000,30,"end_to_end","2.4.0",12,"cpp_cuda",1,1,0.5,1e+06,NA,NA,NA,NA,0.171570093,0.203254258,0.000356415987015,0.053867058,0.429047824987,0.070952175013,0.036671078,0.157211539,0.009371641,0.000356415987015,0.002666089,0.001091181,0.007968399,0.042141389,TRUE,0,0,TRUE,TRUE,"CUDA",FALSE,0.23700000000008,0.47400000000016
500000,4,"compute","2.4.0",18,"cpp_cuda",1,1926,0.000285840629665,1749226485.35301,0.550529052734,0.5,TRUE,2,NA,NA,0.000285840629665,NA,NA,NA,NA,NA,NA,0.000285840629665,NA,NA,NA,NA,TRUE,0,0,TRUE,TRUE,"CUDA",FALSE,0.0090089346129,31.5173340593963
500000,4,"end_to_end","2.4.0",18,"cpp_cuda",1,1,0.489000000000033,1022494.88752549,NA,NA,NA,NA,0.163018767,0.200123992,0.000339359998703,0.053567918,0.417050036999,0.0719499630010327,0.035755292,0.154905478,0.009463222,0.000339359998703,0.002666849,0.001093239,0.007918614,0.041889216,TRUE,0,0,TRUE,TRUE,"CUDA",FALSE,0.226999999999862,0.464212678936292
500000,5,"compute","2.4.0",7,"cpp_cuda",1,1919,0.000285776588555,1749618478.29523,0.548405273438,0.5,TRUE,2,NA,NA,0.000285776588555,NA,NA,NA,NA,NA,NA,0.000285776588555,NA,NA,NA,NA,TRUE,0,0,TRUE,TRUE,"CUDA",FALSE,0.00900670481967,31.5165943620906
500000,5,"end_to_end","2.4.0",7,"cpp_cuda",1,1,0.498000000000047,1004016.06425693,NA,NA,NA,NA,0.164813473,0.199214867,0.000364127993584,0.053691228,0.418083695994,0.0799163040060473,0.035568815,0.154178485,0.009467567,0.000364127993584,0.002691483,0.001087007,0.007915887,0.041996851,TRUE,0,0,TRUE,TRUE,"CUDA",FALSE,0.225999999999658,0.453815261043447
500000,6,"compute","2.4.0",7,"cpp_cuda",1,1926,0.000285854446554,1749141935.79125,0.550555664063,0.5,TRUE,2,NA,NA,0.000285854446554,NA,NA,NA,NA,NA,NA,0.000285854446554,NA,NA,NA,NA,TRUE,0,0,TRUE,TRUE,"CUDA",FALSE,0.00898407096721,31.4288305657433
500000,6,"end_to_end","2.4.0",7,"cpp_cuda",1,1,0.493999999999687,1012145.7489885,NA,NA,NA,NA,0.162501835,0.202927695,0.000346495985985,0.05329006,0.419066085986,0.0749339140136872,0.03554634,0.158039909,0.009341446,0.000346495985985,0.002636938,0.001082892,0.00782007,0.04175016,TRUE,0,0,TRUE,TRUE,"CUDA",FALSE,0.22400000000016,0.45344129554717
500000,7,"compute","2.4.0",3,"cpp_cuda",1,1926,0.000285799147308,1749480377.0746,0.550449157715,0.5,TRUE,2,NA,NA,0.000285799147308,NA,NA,NA,NA,NA,NA,0.000285799147308,NA,NA,NA,NA,TRUE,0,0,TRUE,TRUE,"CUDA",FALSE,0.00909940037097,31.8384447843148
500000,7,"end_to_end","2.4.0",3,"cpp_cuda",1,1,0.494000000000142,1012145.74898756,NA,NA,NA,NA,0.165452563,0.199924229,0.000341951996088,0.053956772,0.419675515996,0.0743244840041419,0.036433613,0.154028079,0.009462537,0.000341951996088,0.00269968,0.001082579,0.007945674,0.042228839,TRUE,0,0,TRUE,TRUE,"CUDA",FALSE,0.226999999999862,0.459514170040074
500000,8,"compute","2.4.0",9,"cpp_cuda",1,1925,0.000285769930753,1749659240.50339,0.550107116699,0.5,TRUE,2,NA,NA,0.000285769930753,NA,NA,NA,NA,NA,NA,0.000285769930753,NA,NA,NA,NA,TRUE,0,0,TRUE,TRUE,"CUDA",FALSE,0.00899138329508,31.4637137342891
500000,8,"end_to_end","2.4.0",9,"cpp_cuda",1,1,0.492999999999938,1014198.78296159,NA,NA,NA,NA,0.161664503,0.199165295,0.000357183992863,0.054108582,0.415295563993,0.0777044360069382,0.035498548,0.154185345,0.009481402,0.000357183992863,0.002649475,0.001090094,0.007877529,0.042491484,TRUE,0,0,TRUE,TRUE,"CUDA",FALSE,0.223999999999705,0.454361054766193
500000,9,"compute","2.4.0",15,"cpp_cuda",1,1933,0.000285841687751,1749220010.32808,0.552531982422,0.5,TRUE,2,NA,NA,0.000285841687751,NA,NA,NA,NA,NA,NA,0.000285841687751,NA,NA,NA,NA,TRUE,0,0,TRUE,TRUE,"CUDA",FALSE,0.00902867504918,31.586278125551
500000,9,"end_to_end","2.4.0",15,"cpp_cuda",1,1,0.492999999999938,1014198.78296159,NA,NA,NA,NA,0.164266006,0.202703882,0.00034828799963,0.054665694,0.42198387,0.0710161299999382,0.035631032,0.157672542,0.009400308,0.00034828799963,0.002782503,0.001126839,0.008022473,0.042733879,TRUE,0,0,TRUE,TRUE,"CUDA",FALSE,0.226000000000113,0.458417849898867
5000000,1,"compute","2.4.0",10,"cpp_cuda",1,175,0.00312151471819,1601786456.70434,0.546265075684,0.5,TRUE,2,NA,NA,0.00312151471819,NA,NA,NA,NA,NA,NA,0.00312151471819,NA,NA,NA,NA,TRUE,0,0,TRUE,TRUE,"CUDA",FALSE,0.0920199048333,29.4792474618404
5000000,1,"end_to_end","2.4.0",10,"cpp_cuda",1,1,2.99100000000004,1671681.71180205,NA,NA,NA,NA,1.666770959,0.670593137,0.00328486394882,0.530911274,2.87156023395,0.119439766050042,0.357329681,0.220236713,0.093026743,0.00328486394882,0.025411879,0.002539215,0.080927027,0.422033153,TRUE,0,0,TRUE,TRUE,"CUDA",FALSE,2.25299999999999,0.753259779338001
5000000,10,"compute","2.4.0",5,"cpp_cuda",1,174,0.00312378245387,1600623626.59269,0.543538146973,0.5,TRUE,2,NA,NA,0.00312378245387,NA,NA,NA,NA,NA,NA,0.00312378245387,NA,NA,NA,NA,TRUE,0,0,TRUE,TRUE,"CUDA",FALSE,0.0924545125,29.5969754185218
5000000,10,"end_to_end","2.4.0",5,"cpp_cuda",1,1,3.0010000000002,1666111.29623448,NA,NA,NA,NA,1.671513848,0.664863729,0.00326470398903,0.533730452,2.87337273299,0.127627267010204,0.358194212,0.213402004,0.093267513,0.00326470398903,0.025387478,0.002531365,0.08115083,0.424660779,TRUE,0,0,TRUE,TRUE,"CUDA",FALSE,2.25799999999981,0.752415861379427
5000000,11,"compute","2.4.0",10,"cpp_cuda",1,175,0.00313111711775,1596874154.48483,0.547945495605,0.5,TRUE,2,NA,NA,0.00313111711775,NA,NA,NA,NA,NA,NA,0.00313111711775,NA,NA,NA,NA,TRUE,0,0,TRUE,TRUE,"CUDA",FALSE,0.0926955995,29.6046414152053
5000000,11,"end_to_end","2.4.0",10,"cpp_cuda",1,1,2.98199999999997,1676727.02883972,NA,NA,NA,NA,1.666724113,0.661774267,0.00327920007706,0.528904372,2.86068195208,0.121318047919971,0.356130293,0.212581805,0.093062169,0.00327920007706,0.025495593,0.002550951,0.080837635,0.420020193,TRUE,0,0,TRUE,TRUE,"CUDA",FALSE,2.26900000000023,0.760898725687543
5000000,12,"compute","2.4.0",16,"cpp_cuda",1,175,0.00313422398158,1595291220.2144,0.548489196777,0.5,TRUE,2,NA,NA,0.00313422398158,NA,NA,NA,NA,NA,NA,0.00313422398158,NA,NA,NA,NA,TRUE,0,0,TRUE,TRUE,"CUDA",FALSE,0.0925396188333,29.5255282893502
5000000,12,"end_to_end","2.4.0",16,"cpp_cuda",1,1,3.01000000000022,1661129.56810619,NA,NA,NA,NA,1.671683502,0.678796766,0.00326316809654,0.53120641,2.8849498461,0.125050153900218,0.358680599,0.226992317,0.09312385,0.00326316809654,0.025436129,0.002534634,0.081188842,0.422046805,TRUE,0,0,TRUE,TRUE,"CUDA",FALSE,2.27899999999954,0.757142857142649
5000000,13,"compute","2.4.0",1,"cpp_cuda",1,175,0.00312806849888,1598430469.72604,0.547411987305,0.5,TRUE,2,NA,NA,0.00312806849888,NA,NA,NA,NA,NA,NA,0.00312806849888,NA,NA,NA,NA,TRUE,0,0,TRUE,TRUE,"CUDA",FALSE,0.0934928988333,29.8883796396322
5000000,13,"end_to_end","2.4.0",1,"cpp_cuda",1,1,3.00399999999991,1664447.4034621,NA,NA,NA,NA,1.663534342,0.67659483,0.00329484796524,0.532570415,2.87599443497,0.128005565029905,0.354746513,0.229076531,0.092771786,0.00329484796524,0.025541123,0.002555162,0.081630519,0.422843611,TRUE,0,0,TRUE,TRUE,"CUDA",FALSE,2.27999999999975,0.758988015978635
5000000,14,"compute","2.4.0",4,"cpp_cuda",1,174,0.00312539497463,1599797798.54606,0.543818725586,0.5,TRUE,2,NA,NA,0.00312539497463,NA,NA,NA,NA,NA,NA,0.00312539497463,NA,NA,NA,NA,TRUE,0,0,TRUE,TRUE,"CUDA",FALSE,0.0936123413333,29.9521635163512
5000000,14,"end_to_end","2.4.0",4,"cpp_cuda",1,1,2.99300000000039,1670564.65085177,NA,NA,NA,NA,1.664870253,0.656892599,0.00328131198883,0.53211749,2.85716165399,0.135838346010393,0.357539619,0.206167393,0.093185587,0.00328131198883,0.025453158,0.002525582,0.08184708,0.42229167,TRUE,0,0,TRUE,TRUE,"CUDA",FALSE,2.27599999999984,0.760441029067672
5000000,15,"compute","2.4.0",10,"cpp_cuda",1,175,0.00313231654576,1596262678.74112,0.548155395508,0.5,TRUE,2,NA,NA,0.00313231654576,NA,NA,NA,NA,NA,NA,0.00313231654576,NA,NA,NA,NA,TRUE,0,0,TRUE,TRUE,"CUDA",FALSE,0.0927569863333,29.6129030952694
5000000,15,"end_to_end","2.4.0",10,"cpp_cuda",1,1,2.9989999999998,1667222.40746927,NA,NA,NA,NA,1.66723528,0.662897445,0.00325948810577,0.532766425,2.86615863811,0.132841361889796,0.356681735,0.213009214,0.093206496,0.00325948810577,0.02545686,0.002520243,0.083031005,0.421758317,TRUE,0,0,TRUE,TRUE,"CUDA",FALSE,2.25799999999981,0.752917639213058
5000000,16,"compute","2.4.0",3,"cpp_cuda",1,176,0.00312130321156,1601894997.41073,0.549349365234,0.5,TRUE,2,NA,NA,0.00312130321156,NA,NA,NA,NA,NA,NA,0.00312130321156,NA,NA,NA,NA,TRUE,0,0,TRUE,TRUE,"CUDA",FALSE,0.0938574431667,30.0699537356997
5000000,16,"end_to_end","2.4.0",3,"cpp_cuda",1,1,2.98700000000008,1673920.32139266,NA,NA,NA,NA,1.666731779,0.656146093,0.00328060793877,0.532635596,2.85879407594,0.12820592406008,0.354842642,0.209446469,0.091856982,0.00328060793877,0.025090844,0.00252249,0.081714077,0.423308185,TRUE,0,0,TRUE,TRUE,"CUDA",FALSE,2.28099999999995,0.763642450619313
5000000,17,"compute","2.4.0",16,"cpp_cuda",1,174,0.00312518906867,1599903202.69739,0.543782897949,0.5,TRUE,2,NA,NA,0.00312518906867,NA,NA,NA,NA,NA,NA,0.00312518906867,NA,NA,NA,NA,TRUE,0,0,TRUE,TRUE,"CUDA",FALSE,0.092463764,29.5866144314111
5000000,17,"end_to_end","2.4.0",16,"cpp_cuda",1,1,2.99299999999948,1670564.65085228,NA,NA,NA,NA,1.671971812,0.66223564,0.00328115200996,0.53030375,2.86779235401,0.125207645989483,0.35700335,0.212053428,0.093178862,0.00328115200996,0.025518625,0.002553366,0.080791569,0.42144019,TRUE,0,0,TRUE,TRUE,"CUDA",FALSE,2.26400000000012,0.756431673905952
5000000,18,"compute","2.4.0",16,"cpp_cuda",1,175,0.00312987618583,1597507282.44033,0.54772833252,0.5,TRUE,2,NA,NA,0.00312987618583,NA,NA,NA,NA,NA,NA,0.00312987618583,NA,NA,NA,NA,TRUE,0,0,TRUE,TRUE,"CUDA",FALSE,0.0937717933333,29.9602245474873
5000000,18,"end_to_end","2.4.0",16,"cpp_cuda",1,1,2.99099999999999,1671681.71180208,NA,NA,NA,NA,1.671814034,0.662634941,0.00328867197037,0.529868417,2.86760606397,0.123393936029986,0.35756377,0.211886087,0.093185084,0.00328867197037,0.025456157,0.00251813,0.080892168,0.421001962,TRUE,0,0,TRUE,TRUE,"CUDA",FALSE,2.28199999999924,0.762955533266215
5000000,19,"compute","2.4.0",18,"cpp_cuda",1,176,0.00312964075262,1597627457.98035,0.550816772461,0.5,TRUE,2,NA,NA,0.00312964075262,NA,NA,NA,NA,NA,NA,0.00312964075262,NA,NA,NA,NA,TRUE,0,0,TRUE,TRUE,"CUDA",FALSE,0.0932082568333,29.7824140854729
5000000,19,"end_to_end","2.4.0",18,"cpp_cuda",1,1,3.0010000000002,1666111.29623448,NA,NA,NA,NA,1.670284801,0.675286046,0.00329894399643,0.527871057,2.876740848,0.124259152000204,0.359016703,0.22165082,0.094618523,0.00329894399643,0.025734634,0.002512734,0.080507423,0.419116266,TRUE,0,0,TRUE,TRUE,"CUDA",FALSE,2.27599999999984,0.758413862045881
5000000,2,"compute","2.4.0",2,"cpp_cuda",1,176,0.00312282180786,1601116012.2602,0.549616638184,0.5,TRUE,2,NA,NA,0.00312282180786,NA,NA,NA,NA,NA,NA,0.00312282180786,NA,NA,NA,NA,TRUE,0,0,TRUE,TRUE,"CUDA",FALSE,0.0923354268333,29.5679460803354
5000000,2,"end_to_end","2.4.0",2,"cpp_cuda",1,1,2.97499999999991,1680672.26890761,NA,NA,NA,NA,1.664933896,0.655619959,0.00327267193794,0.529147436,2.85297396294,0.122026037059909,0.35609389,0.206444906,0.093081163,0.00327267193794,0.025475997,0.002508511,0.081031725,0.420131203,TRUE,0,0,TRUE,TRUE,"CUDA",FALSE,2.25999999999999,0.759663865546238
5000000,20,"compute","2.4.0",9,"cpp_cuda",1,175,0.00312897530692,1597967228.74165,0.547570678711,0.5,TRUE,2,NA,NA,0.00312897530692,NA,NA,NA,NA,NA,NA,0.00312897530692,NA,NA,NA,NA,TRUE,0,0,TRUE,TRUE,"CUDA",FALSE,0.092674065,29.6180237648547
5000000,20,"end_to_end","2.4.0",9,"cpp_cuda",1,1,3.0049999999992,1663893.51081575,NA,NA,NA,NA,1.669221827,0.675714966,0.00332947206497,0.534758393,2.88302465806,0.1219753419392,0.359998834,0.22217275,0.093543382,0.00332947206497,0.025558131,0.002593155,0.083181934,0.423425173,TRUE,0,0,TRUE,TRUE,"CUDA",FALSE,2.27599999999984,0.757404326123276
5000000,21,"compute","2.4.0",6,"cpp_cuda",1,177,0.00312720933472,1598869619.7876,0.553516052246,0.5,TRUE,2,NA,NA,0.00312720933472,NA,NA,NA,NA,NA,NA,0.00312720933472,NA,NA,NA,NA,TRUE,0,0,TRUE,TRUE,"CUDA",FALSE,0.0929133601667,29.711269768584
5000000,21,"end_to_end","2.4.0",6,"cpp_cuda",1,1,3.00400000000081,1664447.4034616,NA,NA,NA,NA,1.67367963,0.65920993,0.00327411198616,0.532211566,2.86837523799,0.135624762010815,0.358029793,0.207940703,0.093239434,0.00327411198616,0.025482059,0.002554219,0.082517647,0.421657641,TRUE,0,0,TRUE,TRUE,"CUDA",FALSE,2.26100000000042,0.752663115845476
5000000,22,"compute","2.4.0",10,"cpp_cuda",1,174,0.00312181108847,1601634390.51993,0.543195129395,0.5,TRUE,2,NA,NA,0.00312181108847,NA,NA,NA,NA,NA,NA,0.00312181108847,NA,NA,NA,NA,TRUE,0,0,TRUE,TRUE,"CUDA",FALSE,0.0938268773333,30.0552706984216
5000000,22,"end_to_end","2.4.0",10,"cpp_cuda",1,1,3.00699999999961,1662786.83072852,NA,NA,NA,NA,1.67651685,0.661415507,0.00331244802475,0.529715097,2.87095990202,0.136040097979607,0.362522284,0.205510658,0.093382565,0.00331244802475,0.025424472,0.002548322,0.081353662,0.420388641,TRUE,0,0,TRUE,TRUE,"CUDA",FALSE,2.28600000000006,0.760226139009098
5000000,23,"compute","2.4.0",7,"cpp_cuda",1,174,0.0031236354784,1600698940.2493,0.543512573242,0.5,TRUE,2,NA,NA,0.0031236354784,NA,NA,NA,NA,NA,NA,0.0031236354784,NA,NA,NA,NA,TRUE,0,0,TRUE,TRUE,"CUDA",FALSE,0.0941447053333,30.1394660114192
5000000,23,"end_to_end","2.4.0",7,"cpp_cuda",1,1,2.9950000000008,1669449.08180256,NA,NA,NA,NA,1.673131101,0.657348129,0.00328131198883,0.531553141,2.86531368299,0.1296863170108,0.356570333,0.207386994,0.093390802,0.00328131198883,0.025478667,0.002536652,0.082297705,0.421240117,TRUE,0,0,TRUE,TRUE,"CUDA",FALSE,2.29600000000028,0.766611018363829
5000000,24,"compute","2.4.0",5,"cpp_cuda",1,175,0.003129496024,1597701342.85366,0.547661804199,0.5,TRUE,2,NA,NA,0.003129496024,NA,NA,NA,NA,NA,NA,0.003129496024,NA,NA,NA,NA,TRUE,0,0,TRUE,TRUE,"CUDA",FALSE,0.0928771106667,29.677976886511
5000000,24,"end_to_end","2.4.0",5,"cpp_cuda",1,1,2.99399999999878,1670006.6800274,NA,NA,NA,NA,1.667954994,0.659778897,0.00329427194595,0.534578716,2.86560687895,0.128393121048778,0.358222068,0.207759233,0.093797596,0.00329427194595,0.025622499,0.002556019,0.083159639,0.423240559,TRUE,0,0,TRUE,TRUE,"CUDA",FALSE,2.27400000000125,0.759519038076879
5000000,25,"compute","2.4.0",19,"cpp_cuda",1,176,0.00313275874745,1596037359.74559,0.551365539551,0.5,TRUE,2,NA,NA,0.00313275874745,NA,NA,NA,NA,NA,NA,0.00313275874745,NA,NA,NA,NA,TRUE,0,0,TRUE,TRUE,"CUDA",FALSE,0.0925743313333,29.5504182722827
5000000,25,"end_to_end","2.4.0",19,"cpp_cuda",1,1,2.99399999999997,1670006.68002674,NA,NA,NA,NA,1.687094457,0.650500079,0.0032527680397,0.52882055,2.86966785404,0.124332145959972,0.358595086,0.199231882,0.092673111,0.0032527680397,0.025378643,0.002545809,0.080897728,0.41999837,TRUE,0,0,TRUE,TRUE,"CUDA",FALSE,2.28900000000002,0.764529058116247
5000000,26,"compute","2.4.0",15,"cpp_cuda",1,175,0.00313309465681,1595866243.34255,0.548291564941,0.5,TRUE,2,NA,NA,0.00313309465681,NA,NA,NA,NA,NA,NA,0.00313309465681,NA,NA,NA,NA,TRUE,0,0,TRUE,TRUE,"CUDA",FALSE,0.0920060793333,29.3658792380621
5000000,26,"end_to_end","2.4.0",15,"cpp_cuda",1,1,3.00400000000002,1664447.40346204,NA,NA,NA,NA,1.69279441,0.653676192,0.00329929590225,0.531355621,2.8811255189,0.122874481100019,0.357660335,0.202988758,0.093027099,0.00329929590225,0.025341528,0.002579785,0.082252552,0.421181756,TRUE,0,0,TRUE,TRUE,"CUDA",FALSE,2.28300000000002,0.759986684420774
5000000,27,"compute","2.4.0",13,"cpp_cuda",1,176,0.00312854697488,1598186007.80056,0.550624267578,0.5,TRUE,2,NA,NA,0.00312854697488,NA,NA,NA,NA,NA,NA,0.00312854697488,NA,NA,NA,NA,TRUE,0,0,TRUE,TRUE,"CUDA",FALSE,0.0925536426667,29.5835873361787
5000000,27,"end_to_end","2.4.0",13,"cpp_cuda",1,1,2.99800000000005,1667778.51901265,NA,NA,NA,NA,1.693489946,0.649617809,0.00328115200996,0.530800545,2.87718945201,0.120810547990047,0.355714696,0.201394732,0.092508381,0.00328115200996,0.025319074,0.002535181,0.0801862,0.42276009,TRUE,0,0,TRUE,TRUE,"CUDA",FALSE,2.28700000000003,0.762841894596395
5000000,28,"compute","2.4.0",17,"cpp_cuda",1,174,0.00313565870263,1594561294.50769,0.545604614258,0.5,TRUE,2,NA,NA,0.00313565870263,NA,NA,NA,NA,NA,NA,0.00313565870263,NA,NA,NA,NA,TRUE,0,0,TRUE,TRUE,"CUDA",FALSE,0.0929944871667,29.6570819677224
5000000,28,"end_to_end","2.4.0",17,"cpp_cuda",1,1,3.01599999999996,1657824.93368702,NA,NA,NA,NA,1.698174033,0.659064663,0.00332188796997,0.531947968,2.89250855197,0.123491448029963,0.357617512,0.208404044,0.093043107,0.00332188796997,0.025413735,0.002574567,0.081829736,0.42212993,TRUE,0,0,TRUE,TRUE,"CUDA",FALSE,2.30200000000002,0.763262599469513
5000000,29,"compute","2.4.0",11,"cpp_cuda",1,175,0.00313145647321,1596701101.47646,0.548004882813,0.5,TRUE,2,NA,NA,0.00313145647321,NA,NA,NA,NA,NA,NA,0.00313145647321,NA,NA,NA,NA,TRUE,0,0,TRUE,TRUE,"CUDA",FALSE,0.0931624126667,29.7505053842249
5000000,29,"end_to_end","2.4.0",11,"cpp_cuda",1,1,3.03400000000011,1647989.45286744,NA,NA,NA,NA,1.699554955,0.680310669,0.00332992005348,0.533985035,2.91718057905,0.116819420950105,0.360232558,0.227136702,0.092941409,0.00332992005348,0.02541794,0.002557668,0.081133742,0.424875685,TRUE,0,0,TRUE,TRUE,"CUDA",FALSE,2.28800000000001,0.754119973632145
5000000,3,"compute","2.4.0",18,"cpp_cuda",1,174,0.00312810226967,1598413213.17397,0.544289794922,0.5,TRUE,2,NA,NA,0.00312810226967,NA,NA,NA,NA,NA,NA,0.00312810226967,NA,NA,NA,NA,TRUE,0,0,TRUE,TRUE,"CUDA",FALSE,0.0923721688333,29.5297790385366
5000000,3,"end_to_end","2.4.0",18,"cpp_cuda",1,1,2.96600000000012,1685772.08361423,NA,NA,NA,NA,1.662257088,0.651848313,0.00328716802597,0.528793869,2.84618643803,0.119813561970122,0.354990632,0.204344283,0.092513398,0.00328716802597,0.025206427,0.00253169,0.080626374,0.420429378,TRUE,0,0,TRUE,TRUE,"CUDA",FALSE,2.26199999999994,0.762643290627056
5000000,30,"compute","2.4.0",19,"cpp_cuda",1,174,0.00313924258879,1592740878.91602,0.546228210449,0.5,TRUE,2,NA,NA,0.00313924258879,NA,NA,NA,NA,NA,NA,0.00313924258879,NA,NA,NA,NA,TRUE,0,0,TRUE,TRUE,"CUDA",FALSE,0.0921823535,29.3645205468275
5000000,30,"end_to_end","2.4.0",19,"cpp_cuda",1,1,3.02800000000002,1651254.95376485,NA,NA,NA,NA,1.705531092,0.67334867,0.00333904004097,0.530186073,2.91240487504,0.11559512496002,0.360858914,0.219283876,0.09320588,0.00333904004097,0.025443339,0.002599544,0.082387984,0.419755206,TRUE,0,0,TRUE,TRUE,"CUDA",FALSE,2.28999999999996,0.756274768824288
5000000,4,"compute","2.4.0",8,"cpp_cuda",1,175,0.00312428257533,1600367405.77855,0.546749450684,0.5,TRUE,2,NA,NA,0.00312428257533,NA,NA,NA,NA,NA,NA,0.00312428257533,NA,NA,NA,NA,TRUE,0,0,TRUE,TRUE,"CUDA",FALSE,0.0923049503333,29.5443667810842
5000000,4,"end_to_end","2.4.0",8,"cpp_cuda",1,1,2.97699999999986,1679543.1642594,NA,NA,NA,NA,1.665674701,0.655744422,0.00333139204979,0.530926021,2.85567653605,0.121323463949862,0.35579355,0.206748854,0.093202018,0.00333139204979,0.025439541,0.002559606,0.081387864,0.42153901,TRUE,0,0,TRUE,TRUE,"CUDA",FALSE,2.26099999999997,0.759489418878091
5000000,5,"compute","2.4.0",12,"cpp_cuda",1,175,0.00313434709821,1595228557.44198,0.548510742187,0.5,TRUE,2,NA,NA,0.00313434709821,NA,NA,NA,NA,NA,NA,0.00313434709821,NA,NA,NA,NA,TRUE,0,0,TRUE,TRUE,"CUDA",FALSE,0.0922706155,29.4385441716698
5000000,5,"end_to_end","2.4.0",12,"cpp_cuda",1,1,2.99099999999999,1671681.71180208,NA,NA,NA,NA,1.668525068,0.656544955,0.00331177592278,0.533162081,2.86154387992,0.129456120079985,0.357025837,0.206274508,0.09324461,0.00331177592278,0.025394486,0.002567133,0.081288418,0.423912044,TRUE,0,0,TRUE,TRUE,"CUDA",FALSE,2.26200000000017,0.756268806419317
5000000,6,"compute","2.4.0",9,"cpp_cuda",1,176,0.00312733667547,1598804516.06591,0.550411254883,0.5,TRUE,2,NA,NA,0.00312733667547,NA,NA,NA,NA,NA,NA,0.00312733667547,NA,NA,NA,NA,TRUE,0,0,TRUE,TRUE,"CUDA",FALSE,0.0929164178333,29.7110376897095
5000000,6,"end_to_end","2.4.0",9,"cpp_cuda",1,1,3.00900000000001,1661681.62180125,NA,NA,NA,NA,1.673445004,0.668347879,0.00326857590675,0.53377024,2.87883169891,0.130168301090015,0.355388,0.2196634,0.093296479,0.00326857590675,0.025571344,0.00252018,0.080904567,0.424774149,TRUE,0,0,TRUE,TRUE,"CUDA",FALSE,2.26700000000028,0.753406447324783
5000000,7,"compute","2.4.0",1,"cpp_cuda",1,175,0.00313105259487,1596907061.92292,0.547934204102,0.5,TRUE,2,NA,NA,0.00313105259487,NA,NA,NA,NA,NA,NA,0.00313105259487,NA,NA,NA,NA,TRUE,0,0,TRUE,TRUE,"CUDA",FALSE,0.0928853276667,29.6658471399956
5000000,7,"end_to_end","2.4.0",1,"cpp_cuda",1,1,2.98799999999983,1673360.10709514,NA,NA,NA,NA,1.667741551,0.656377796,0.00330758404732,0.531845239,2.85927217005,0.128727829949829,0.358399839,0.204662152,0.093315805,0.00330758404732,0.025443562,0.002563795,0.080510118,0.423327764,TRUE,0,0,TRUE,TRUE,"CUDA",FALSE,2.27399999999989,0.761044176706834
5000000,8,"compute","2.4.0",7,"cpp_cuda",1,176,0.0031285237399,1598197877.239,0.550620178223,0.5,TRUE,2,NA,NA,0.0031285237399,NA,NA,NA,NA,NA,NA,0.0031285237399,NA,NA,NA,NA,TRUE,0,0,TRUE,TRUE,"CUDA",FALSE,0.092480982,29.5605818234757
5000000,8,"end_to_end","2.4.0",7,"cpp_cuda",1,1,3.0029999999997,1665001.66500183,NA,NA,NA,NA,1.666957992,0.669395605,0.00332547211647,0.53128112,2.87096018912,0.132039810879702,0.357382567,0.218835317,0.093177721,0.00332547211647,0.025455004,0.002580326,0.081193471,0.422052319,TRUE,0,0,TRUE,TRUE,"CUDA",FALSE,2.26399999999967,0.753912753912719
5000000,9,"compute","2.4.0",17,"cpp_cuda",1,175,0.00312912737165,1597889573.0804,0.547597290039,0.5,TRUE,2,NA,NA,0.00312912737165,NA,NA,NA,NA,NA,NA,0.00312912737165,NA,NA,NA,NA,TRUE,0,0,TRUE,TRUE,"CUDA",FALSE,0.0922561403333,29.4830249382444
5000000,9,"end_to_end","2.4.0",17,"cpp_cuda",1,1,2.98999999999978,1672240.80267571,NA,NA,NA,NA,1.671786859,0.658781664,0.00330947208405,0.532479279,2.86635727408,0.123642725919782,0.356278809,0.208922019,0.093580836,0.00330947208405,0.025511344,0.002570794,0.081471195,0.422925946,TRUE,0,0,TRUE,TRUE,"CUDA",FALSE,2.26000000000022,0.755852842809494
